benchmark_set,family,xi_true,theta_true,phi,method,ci_method,n_obs,n_rep,n_success,n_cover,theta_hat_mean,theta_hat_sd,bias,mae,mape,mape_sd,ape_median,ape_q25,ape_q75,interval_width_mean,interval_width_median,interval_width_q25,interval_width_q75,interval_score_mean,interval_score_sd,n_score,interval_score_median,interval_score_q25,interval_score_q75,coverage,selected_level,stable_level_lo,stable_level_hi,selected_threshold_quantile,selected_run_k,block_scheme,base_path,regression,ci_variant,interval_score_mcse,interval_score_lo,interval_score_hi,n_failed,failure_rate,theta_hat_se,coverage_lo,coverage_hi,scenario,method_label
universal,frechet_max_ar,0.01,0.1,0.9989469496904544,bb_disjoint_fgls,log_wald,365.0,100,100,0,0.1892515241602494,0.0296830433110866,0.0892515241602493,0.0892515241602493,0.8925152416024937,0.2968304331108667,0.8947821789990875,0.6848605618228216,1.0996601922417113,0.069893930773733,0.06724319538319,0.0608991007770944,0.078911946446523,2.3736078528428934,1.0642524289929762,100,2.3958731473320425,1.605501865410608,3.2060693057832257,0.0,,10.0,15.0,,,disjoint,bb,FGLS,bootstrap_cov,0.1064252428992976,2.2671826099435957,2.480033095742191,0,0.0,0.0029683043311086,0.0,0.0369948074760019,universal_frechet_max_ar_xi0.01_theta0.10,BB-disjoint-FGLS
universal,frechet_max_ar,0.01,0.1,0.9989469496904544,bb_disjoint_ols,log_wald,365.0,100,100,0,0.1832331020668021,0.028917007782048,0.0832331020668021,0.0832331020668021,0.8323310206680213,0.2891700778204807,0.786720553710633,0.6184033134983323,1.0325228647830071,0.0161292129685577,0.0162402004906985,0.0100780068169437,0.0212255974975963,3.03160878061023,1.1343728504431942,100,2.785896998283216,2.272054082343287,3.781299973297994,0.0,,10.0,15.0,,,disjoint,bb,OLS,ols,0.1134372850443194,2.9181714955659106,3.1450460656545496,0,0.0,0.0028917007782048,0.0,0.0369948074760019,universal_frechet_max_ar_xi0.01_theta0.10,BB-disjoint-OLS
universal,frechet_max_ar,0.01,0.1,0.9989469496904544,bb_sliding_fgls,log_wald,365.0,100,100,0,0.1817624501745407,0.0246348786896096,0.0817624501745407,0.0817624501745407,0.8176245017454069,0.246348786896096,0.7687814720901806,0.6587309772378898,0.9753213473393616,0.0724890490530146,0.0691754825378628,0.0604403143554657,0.0834439498177429,2.038218320672602,0.774008431739608,100,1.8633946889581567,1.5334930554367725,2.482012783838616,0.0,,12.0,16.0,,,sliding,bb,FGLS,bootstrap_cov,0.0774008431739608,1.960817477498641,2.1156191638465627,0,0.0,0.0024634878689609,0.0,0.0369948074760019,universal_frechet_max_ar_xi0.01_theta0.10,BB-sliding-FGLS
universal,frechet_max_ar,0.01,0.1,0.9989469496904544,bb_sliding_ols,log_wald,365.0,100,100,0,0.1750909798819922,0.0255222948293736,0.0750909798819922,0.0750909798819922,0.7509097988199223,0.2552229482937366,0.7098821884031845,0.5880525792490774,0.8987476532226499,0.0118177870471236,0.0126213767099047,0.0101891637253218,0.0143502777022367,2.7838128776693565,1.0659795081308927,100,2.595480366402268,2.1166064586844784,3.351463613610856,0.0,,12.0,16.0,,,sliding,bb,OLS,ols,0.1065979508130892,2.677214926856267,2.890410828482446,0,0.0,0.0025522294829373,0.0,0.0369948074760019,universal_frechet_max_ar_xi0.01_theta0.10,BB-sliding-OLS
universal,frechet_max_ar,0.01,0.1,0.9989469496904544,northrop_disjoint_fgls,log_wald,365.0,100,100,2,0.186979787606103,0.0288949724867773,0.086979787606103,0.086979787606103,0.8697978760610304,0.2889497248677736,0.8286241839076816,0.6655486960194019,1.0561684391880106,0.0711296350916113,0.0682996183386822,0.0611042575282018,0.0786903281803235,2.2657110584681828,1.0193770223771546,100,2.227933300685536,1.5292444466595894,2.997999219853846,0.02,,11.0,16.0,,,disjoint,northrop,FGLS,bootstrap_cov,0.1019377022377154,2.1637733562304673,2.3676487607058982,0,0.0,0.0028894972486777,0.0055018522349681,0.0700131629419936,universal_frechet_max_ar_xi0.01_theta0.10,Northrop-disjoint-FGLS
universal,frechet_max_ar,0.01,0.1,0.9989469496904544,northrop_disjoint_ols,log_wald,365.0,100,100,0,0.1829067902922468,0.0284627114179701,0.0829067902922468,0.0829067902922468,0.8290679029224686,0.2846271141797018,0.7741859113106726,0.6496223308796467,0.9978436828126336,0.0167476639951564,0.016090080961762,0.0105218777693417,0.0222673526422455,3.0072797157694113,1.109170413005821,100,2.845832872851912,2.3199752809169514,3.6018413614346754,0.0,,11.0,16.0,,,disjoint,northrop,OLS,ols,0.1109170413005821,2.896362674468829,3.1181967570699936,0,0.0,0.002846271141797,0.0,0.0369948074760019,universal_frechet_max_ar_xi0.01_theta0.10,Northrop-disjoint-OLS
universal,frechet_max_ar,0.01,0.1,0.9989469496904544,northrop_sliding_fgls,log_wald,365.0,100,100,0,0.1837770940635628,0.025235922355988,0.0837770940635628,0.0837770940635628,0.8377709406356288,0.2523592235598806,0.7831189492862602,0.6531798935207994,1.0050401903891406,0.0713844068032119,0.0692193133616479,0.0607046118748026,0.0813122999500933,2.1340629714505086,0.8132241205990719,100,1.9905449377080928,1.5380399862694474,2.6744166666690674,0.0,,12.0,16.0,,,sliding,northrop,FGLS,bootstrap_cov,0.0813224120599071,2.0527405593906014,2.215385383510416,0,0.0,0.0025235922355988,0.0,0.0369948074760019,universal_frechet_max_ar_xi0.01_theta0.10,Northrop-sliding-FGLS
universal,frechet_max_ar,0.01,0.1,0.9989469496904544,northrop_sliding_ols,log_wald,365.0,100,100,0,0.1766803940046448,0.0260550830949871,0.0766803940046448,0.0766803940046448,0.7668039400464487,0.2605508309498718,0.7280049894880966,0.5822677858696561,0.9050956601996908,0.0122020510593857,0.0130072502921208,0.0097628277084805,0.0156873209630282,2.840536472676898,1.081754080122488,100,2.723111118404678,2.1174900319157093,3.3677207951377226,0.0,,12.0,16.0,,,sliding,northrop,OLS,ols,0.1081754080122488,2.732361064664649,2.948711880689147,0,0.0,0.0026055083094987,0.0,0.0369948074760019,universal_frechet_max_ar_xi0.01_theta0.10,Northrop-sliding-OLS
universal,frechet_max_ar,0.01,0.15,0.9983761306100158,bb_disjoint_fgls,log_wald,365.0,100,100,11,0.2370098589656197,0.0365851946847912,0.0870098589656197,0.0870098589656197,0.5800657264374651,0.2439012978986082,0.5781485724459376,0.3835853797519411,0.7545547892359692,0.0955308779118522,0.093987692035348,0.0809612742627651,0.1069819076304507,1.8970311644245357,1.2665742913909366,100,1.933448241744908,0.8056397322059348,2.898336957305402,0.11,,11.0,16.0,,,disjoint,bb,FGLS,bootstrap_cov,0.1266574291390936,1.770373735285442,2.0236885935636293,0,0.0,0.0036585194684791,0.0625413195522512,0.1863146302790302,universal_frechet_max_ar_xi0.01_theta0.15,BB-disjoint-FGLS
universal,frechet_max_ar,0.01,0.15,0.9983761306100158,bb_disjoint_ols,log_wald,365.0,100,100,0,0.232228788175051,0.0374663007889208,0.082228788175051,0.082228788175051,0.5481919211670071,0.2497753385928058,0.5265158785562116,0.3422131173814007,0.7130436614991753,0.0203026376106312,0.0196030770434795,0.0133558944566262,0.0269583470657358,2.913958477125842,1.444528117077239,100,2.825674439440488,1.7315726522417263,3.921483496393011,0.0,,11.0,16.0,,,disjoint,bb,OLS,ols,0.1444528117077239,2.769505665418118,3.058411288833566,0,0.0,0.003746630078892,0.0,0.0369948074760019,universal_frechet_max_ar_xi0.01_theta0.15,BB-disjoint-OLS
universal,frechet_max_ar,0.01,0.15,0.9983761306100158,bb_sliding_fgls,log_wald,365.0,100,100,5,0.2319113945834786,0.0321745792500923,0.0819113945834786,0.0819113945834786,0.5460759638898576,0.2144971950006154,0.5255249698259234,0.4024097553698892,0.6550366736617073,0.0976066722113824,0.0960839455291401,0.0850421774464121,0.1095333495191319,1.6393971336157278,1.07747685541243,100,1.520681625226354,0.882654924017783,2.192220906515553,0.05,,12.0,19.0,,,sliding,bb,FGLS,bootstrap_cov,0.1077476855412429,1.5316494480744849,1.7471448191569707,0,0.0,0.0032174579250092,0.0215433614563135,0.1117519652720881,universal_frechet_max_ar_xi0.01_theta0.15,BB-sliding-FGLS
universal,frechet_max_ar,0.01,0.15,0.9983761306100158,bb_sliding_ols,log_wald,365.0,100,100,0,0.2249380266913463,0.0329442650087547,0.0749380266913463,0.0749380266913463,0.4995868446089757,0.2196284333916981,0.4798089482753255,0.3532903553655571,0.6219061666941244,0.0106904966908954,0.0121071809188373,0.0059268228186703,0.0151575953623859,2.797960905255571,1.3679379738011834,100,2.7496416194025928,1.9184499369709127,3.4734859608110495,0.0,,12.0,19.0,,,sliding,bb,OLS,ols,0.1367937973801183,2.661167107875453,2.9347547026356895,0,0.0,0.0032944265008754,0.0,0.0369948074760019,universal_frechet_max_ar_xi0.01_theta0.15,BB-sliding-OLS
universal,frechet_max_ar,0.01,0.15,0.9983761306100158,northrop_disjoint_fgls,log_wald,365.0,100,100,4,0.2373017445332321,0.0341999184538623,0.0873017445332321,0.0873017445332321,0.5820116302215478,0.2279994563590823,0.5861490737937786,0.4146345825616194,0.7287078586653755,0.0940392604390885,0.0938858043117367,0.0798179670573769,0.1015946895072885,1.9135115357042023,1.2066561669258786,100,1.9557574008259109,0.979136093706126,2.6695225939504503,0.04,,10.0,15.0,,,disjoint,northrop,FGLS,bootstrap_cov,0.1206656166925878,1.7928459190116146,2.0341771523967904,0,0.0,0.0034199918453862,0.015663050551848,0.0983721723260737,universal_frechet_max_ar_xi0.01_theta0.15,Northrop-disjoint-FGLS
universal,frechet_max_ar,0.01,0.15,0.9983761306100158,northrop_disjoint_ols,log_wald,365.0,100,100,0,0.2326413354249477,0.0350256217229472,0.0826413354249477,0.0826413354249477,0.5509422361663181,0.233504144819648,0.5337466305182468,0.3807410195337093,0.6791934179787925,0.0229147745348693,0.0224343527069568,0.0158753471867894,0.0292573844427193,2.8838818067627305,1.372769282290355,100,2.705653288386076,1.8732486794168643,3.734408523229382,0.0,,10.0,15.0,,,disjoint,northrop,OLS,ols,0.1372769282290355,2.746604878533695,3.021158734991766,0,0.0,0.0035025621722947,0.0,0.0369948074760019,universal_frechet_max_ar_xi0.01_theta0.15,Northrop-disjoint-OLS
universal,frechet_max_ar,0.01,0.15,0.9983761306100158,northrop_sliding_fgls,log_wald,365.0,100,100,4,0.2314563781440493,0.032055961287288,0.0814563781440492,0.0814563781440492,0.5430425209603286,0.2137064085819205,0.5164815821935188,0.4051980399137569,0.6679861514718233,0.0963012757707228,0.0962840993672687,0.0821036340218105,0.1056405580866818,1.6505949604686003,1.100405694969734,100,1.4705945281061366,0.8170836204067469,2.225388116592179,0.04,,12.0,18.5,,,sliding,northrop,FGLS,bootstrap_cov,0.1100405694969734,1.540554390971627,1.760635529965574,0,0.0,0.0032055961287288,0.015663050551848,0.0983721723260737,universal_frechet_max_ar_xi0.01_theta0.15,Northrop-sliding-FGLS
universal,frechet_max_ar,0.01,0.15,0.9983761306100158,northrop_sliding_ols,log_wald,365.0,100,100,0,0.224903456455367,0.0321369666236483,0.074903456455367,0.074903456455367,0.4993563763691135,0.2142464441576555,0.4741081018196881,0.3558798912062878,0.6102104872215393,0.0108103805896933,0.0107551514220097,0.0044713236009349,0.0157434696173742,2.7945299012061935,1.3248645365700895,100,2.6727625272298363,1.886040620469063,3.469600272169354,0.0,,12.0,18.5,,,sliding,northrop,OLS,ols,0.1324864536570089,2.6620434475491845,2.9270163548632024,0,0.0,0.0032136966623648,0.0,0.0369948074760019,universal_frechet_max_ar_xi0.01_theta0.15,Northrop-sliding-OLS
universal,frechet_max_ar,0.01,0.25,0.9971273133589336,bb_disjoint_fgls,log_wald,365.0,100,100,28,0.3352280763095521,0.0455072300198392,0.0852280763095521,0.0854269138436618,0.3417076553746475,0.1805162646607379,0.3356401623707794,0.212149311305636,0.4582509041985546,0.1310797616864667,0.1293403064990626,0.1118521232230733,0.1452655136893203,1.4150828759206633,1.324847501147165,100,1.1555345994099984,0.1507395872184192,2.017871311262714,0.28,,9.0,14.0,,,disjoint,bb,FGLS,bootstrap_cov,0.1324847501147165,1.282598125805947,1.54756762603538,0,0.0,0.0045507230019839,0.2013955916759837,0.3748821236134572,universal_frechet_max_ar_xi0.01_theta0.25,BB-disjoint-FGLS
universal,frechet_max_ar,0.01,0.25,0.9971273133589336,bb_disjoint_ols,log_wald,365.0,100,100,4,0.3311961553190559,0.0450385534964535,0.0811961553190559,0.0812826921321343,0.3251307685285372,0.1795224275746174,0.2963336700170176,0.2063055224932051,0.435142392456148,0.0282571891116478,0.0276389092813166,0.0181779162627143,0.0368282865652974,2.739899476776992,1.714775994680774,100,2.6611650722694566,1.3973543660970495,3.711333625230116,0.04,,9.0,14.0,,,disjoint,bb,OLS,ols,0.1714775994680774,2.5684218773089147,2.9113770762450693,0,0.0,0.0045038553496453,0.015663050551848,0.0983721723260737,universal_frechet_max_ar_xi0.01_theta0.25,BB-disjoint-OLS
universal,frechet_max_ar,0.01,0.25,0.9971273133589336,bb_sliding_fgls,log_wald,365.0,100,100,37,0.3295875700536548,0.0501408591287213,0.0795875700536548,0.0800190217855375,0.3200760871421503,0.1977694671067502,0.3089784512625271,0.153007394185097,0.4280581776230041,0.1358919860535344,0.1347594879896065,0.1194393677694985,0.1480360439424158,1.2310039215939974,1.4268442771713283,100,0.6364879495973412,0.1339622250912039,1.80182021134382,0.37,,12.0,16.0,,,sliding,bb,FGLS,bootstrap_cov,0.1426844277171328,1.0883194938768646,1.3736883493111305,0,0.0,0.0050140859128721,0.2818221256950916,0.4677965242486688,universal_frechet_max_ar_xi0.01_theta0.25,BB-sliding-FGLS
universal,frechet_max_ar,0.01,0.25,0.9971273133589336,bb_sliding_ols,log_wald,365.0,100,100,5,0.3247777074327653,0.0519485581322114,0.0747777074327653,0.0757660963479582,0.3030643853918331,0.2019248920547363,0.2881876746288162,0.1360477020796848,0.4104167410658175,0.0088536881904498,0.0071610535279794,0.0028831635429499,0.0132082000983292,2.871220781334332,2.0525334936893347,100,2.7911907183848057,1.2141385724527731,4.02211639939953,0.05,,12.0,16.0,,,sliding,bb,OLS,ols,0.2052533493689334,2.6659674319653988,3.0764741307032653,0,0.0,0.0051948558132211,0.0215433614563135,0.1117519652720881,universal_frechet_max_ar_xi0.01_theta0.25,BB-sliding-OLS
universal,frechet_max_ar,0.01,0.25,0.9971273133589336,northrop_disjoint_fgls,log_wald,365.0,100,100,31,0.3372445164960231,0.0478154849055228,0.0872445164960231,0.0875448383035815,0.3501793532143263,0.1890311004632347,0.3590556220590167,0.2128963957390174,0.4670951461254527,0.1305760741967689,0.1272948144436095,0.11286772135021,0.1448170613239881,1.5111283180162065,1.3978990381866367,100,1.1731507605559717,0.1403798319535191,2.263640207825439,0.31,,9.0,14.0,,,disjoint,northrop,FGLS,bootstrap_cov,0.1397899038186636,1.3713384141975429,1.65091822183487,0,0.0,0.0047815484905522,0.2277956320613237,0.4062623947795569,universal_frechet_max_ar_xi0.01_theta0.25,Northrop-disjoint-FGLS
universal,frechet_max_ar,0.01,0.25,0.9971273133589336,northrop_disjoint_ols,log_wald,365.0,100,100,5,0.3325108920667177,0.0476080030097653,0.0825108920667177,0.0828009002945635,0.3312036011782542,0.1883866623826488,0.3222138401085396,0.1985326806441406,0.4396934905103157,0.0286050309597224,0.0286750774927236,0.0190791134104297,0.0365355507115321,2.795252265772029,1.7861016720073952,100,2.6667267064918185,1.4409632270565305,3.877177366004541,0.05,,9.0,14.0,,,disjoint,northrop,OLS,ols,0.1786101672007395,2.6166420985712895,2.9738624329727683,0,0.0,0.0047608003009765,0.0215433614563135,0.1117519652720881,universal_frechet_max_ar_xi0.01_theta0.25,Northrop-disjoint-OLS
universal,frechet_max_ar,0.01,0.25,0.9971273133589336,northrop_sliding_fgls,log_wald,365.0,100,100,37,0.3300533145419151,0.0518951695144979,0.0800533145419151,0.0805253420940255,0.3221013683761021,0.2046087167998511,0.3090838885650621,0.1642599089894946,0.4251983781151059,0.1354096949213364,0.1340939551734852,0.1193430073721568,0.1479265116219128,1.278132010151091,1.4765381184593345,100,0.7135137944277301,0.1326141332784964,1.9233673301144616,0.37,,12.0,16.0,,,sliding,northrop,FGLS,bootstrap_cov,0.1476538118459334,1.1304781983051573,1.425785821997024,0,0.0,0.0051895169514497,0.2818221256950916,0.4677965242486688,universal_frechet_max_ar_xi0.01_theta0.25,Northrop-sliding-FGLS
universal,frechet_max_ar,0.01,0.25,0.9971273133589336,northrop_sliding_ols,log_wald,365.0,100,100,5,0.3247054281728044,0.0521212927076565,0.0747054281728043,0.0754531950357156,0.3018127801428626,0.2040867005051828,0.2795333360592285,0.1417269889526882,0.4252114952872699,0.0095872284714063,0.0062143070798256,0.0027546515433476,0.0143526127725661,2.848746815976731,2.0551061118446214,100,2.638866891036866,1.1568454417005387,4.028839719391263,0.05,,12.0,16.0,,,sliding,northrop,OLS,ols,0.2055106111844621,2.643236204792269,3.054257427161193,0,0.0,0.0052121292707656,0.0215433614563135,0.1117519652720881,universal_frechet_max_ar_xi0.01_theta0.25,Northrop-sliding-OLS
universal,frechet_max_ar,0.01,0.4,0.9949047687155308,bb_disjoint_fgls,log_wald,365.0,100,100,58,0.4810064530891808,0.0596754100876746,0.0810064530891807,0.0845208358075479,0.2113020895188699,0.1363257198530762,0.2084622007656899,0.1022597935019824,0.2960132937377047,0.1996376711493549,0.1897437923972864,0.1657164952004424,0.229967156037597,0.8656689179524096,1.1435761329695562,100,0.2567904484958045,0.1827474438355218,1.131005135247818,0.58,,10.0,14.0,,,disjoint,bb,FGLS,bootstrap_cov,0.1143576132969556,0.751311304655454,0.9800265312493652,0,0.0,0.0059675410087674,0.4820630799889527,0.672017750814887,universal_frechet_max_ar_xi0.01_theta0.40,BB-disjoint-FGLS
universal,frechet_max_ar,0.01,0.4,0.9949047687155308,bb_disjoint_ols,log_wald,365.0,100,100,11,0.4801105256907208,0.0599511060765793,0.0801105256907208,0.0837510980137428,0.2093777450343572,0.1367378712453971,0.2003815977637786,0.1060547344282928,0.2899225819794926,0.0422821660012431,0.0385089744459803,0.0267733640865861,0.0564532730097297,2.608343836044386,2.068542422964234,100,2.3129293504880017,1.1181080818998892,3.8811508076956542,0.11,,10.0,14.0,,,disjoint,bb,OLS,ols,0.2068542422964234,2.4014895937479617,2.815198078340809,0,0.0,0.0059951106076579,0.0625413195522512,0.1863146302790302,universal_frechet_max_ar_xi0.01_theta0.40,BB-disjoint-OLS
universal,frechet_max_ar,0.01,0.4,0.9949047687155308,bb_sliding_fgls,log_wald,365.0,100,100,55,0.4764135858146766,0.0607664492187081,0.0764135858146765,0.0802821340464078,0.2007053351160194,0.1387500747828282,0.194772987169739,0.0865491155911113,0.2852601431249678,0.1845174334815043,0.1789359091099754,0.1592967296240206,0.2023518939150279,0.9730648874700156,1.283722401948995,100,0.2356428685357826,0.1752374690672153,1.4620933643025542,0.55,,11.0,16.0,,,sliding,bb,FGLS,bootstrap_cov,0.1283722401948995,0.844692647275116,1.101437127664915,0,0.0,0.0060766449218708,0.4524442703164344,0.6438562489359654,universal_frechet_max_ar_xi0.01_theta0.40,BB-sliding-FGLS
universal,frechet_max_ar,0.01,0.4,0.9949047687155308,bb_sliding_ols,log_wald,365.0,100,100,6,0.4730848041638137,0.0636428169652317,0.0730848041638136,0.0781399438520379,0.1953498596300949,0.1431394443600224,0.1840646041434507,0.0746163851625871,0.2753527768103494,0.0106808612409574,0.0070293479031652,0.0029117883703833,0.0146664043169014,2.9366022678031776,2.284398752399786,100,2.8745249767316885,0.9846645955617688,4.353126428447044,0.06,,11.0,16.0,,,sliding,bb,OLS,ols,0.2284398752399786,2.708162392563199,3.165042143043156,0,0.0,0.0063642816965231,0.0277857452666566,0.124769685312225,universal_frechet_max_ar_xi0.01_theta0.40,BB-sliding-OLS
universal,frechet_max_ar,0.01,0.4,0.9949047687155308,northrop_disjoint_fgls,log_wald,365.0,100,100,55,0.4824066095122129,0.0581523185432087,0.0824066095122129,0.0849335476590891,0.2123338691477227,0.1358897216052325,0.2189027265842477,0.1143127227981273,0.2931030848510603,0.200363579174711,0.190544358682937,0.1649957178687052,0.2281241831623287,0.8663881253066396,1.1081900633111077,100,0.2643695299533238,0.1814086288720974,1.1868206426012484,0.55,,10.0,15.0,,,disjoint,northrop,FGLS,bootstrap_cov,0.1108190063311107,0.7555691189755288,0.9772071316377504,0,0.0,0.0058152318543208,0.4524442703164344,0.6438562489359654,universal_frechet_max_ar_xi0.01_theta0.40,Northrop-disjoint-FGLS
universal,frechet_max_ar,0.01,0.4,0.9949047687155308,northrop_disjoint_ols,log_wald,365.0,100,100,15,0.4812557289400905,0.0584486638969884,0.0812557289400905,0.0837715924433042,0.2094289811082605,0.1368591040151102,0.2091145148663589,0.115545734274137,0.2835891253286809,0.0471573423119682,0.0457779831195409,0.0296519863390356,0.0631538539486457,2.5424837147221826,2.0215513899073247,100,2.3324499447144227,0.9099980885693266,3.7905429625112346,0.15,,10.0,15.0,,,disjoint,northrop,OLS,ols,0.2021551389907324,2.34032857573145,2.744638853712915,0,0.0,0.0058448663896988,0.0930590319116229,0.2328373333215783,universal_frechet_max_ar_xi0.01_theta0.40,Northrop-disjoint-OLS
universal,frechet_max_ar,0.01,0.4,0.9949047687155308,northrop_sliding_fgls,log_wald,365.0,100,100,54,0.4792409490598917,0.0610009549292897,0.0792409490598916,0.0829406497072942,0.2073516242682355,0.1395311859014217,0.1925292808038272,0.0950589891673262,0.2914699032389132,0.1844235192774502,0.1755893279202223,0.1576434329749519,0.2013983137862977,1.000277555063512,1.310487708904532,100,0.2486155700190001,0.1720779100352833,1.4263458331002448,0.54,,11.0,16.0,,,sliding,northrop,FGLS,bootstrap_cov,0.1310487708904532,0.8692287841730587,1.1313263259539652,0,0.0,0.0061000954929289,0.4426468539352385,0.6343935614666815,universal_frechet_max_ar_xi0.01_theta0.40,Northrop-sliding-FGLS
universal,frechet_max_ar,0.01,0.4,0.9949047687155308,northrop_sliding_ols,log_wald,365.0,100,100,6,0.4755988587090721,0.0634537842232013,0.0755988587090721,0.0802623724683366,0.2006559311708416,0.1434437979194485,0.1841752219454417,0.0806342154391941,0.2925402149438869,0.0109665695081409,0.0062792817483487,0.0029838093399523,0.0148493589799571,3.012444486247617,2.296106487255839,100,2.687523610219007,0.957907244487979,4.373358104247891,0.06,,11.0,16.0,,,sliding,northrop,OLS,ols,0.2296106487255839,2.782833837522033,3.242055134973201,0,0.0,0.0063453784223201,0.0277857452666566,0.124769685312225,universal_frechet_max_ar_xi0.01_theta0.40,Northrop-sliding-OLS
universal,frechet_max_ar,0.01,0.6,0.9908789441918076,bb_disjoint_fgls,log_wald,365.0,100,100,86,0.6500246500689529,0.0687063006854425,0.0500246500689529,0.0648216407977819,0.1080360679963032,0.0913480949624375,0.0900683782362826,0.039246061335076,0.1554498977715089,0.2421163100731387,0.2381460176728615,0.2117642020323557,0.2755639340937164,0.5298488838981383,0.9851639361175925,100,0.2426652052350391,0.212933464987099,0.2865207215528365,0.86,,9.0,14.0,,,disjoint,bb,FGLS,bootstrap_cov,0.0985163936117592,0.4313324902863791,0.6283652775098976,0,0.0,0.0068706300685442,0.7786263961619276,0.914737342455351,universal_frechet_max_ar_xi0.01_theta0.60,BB-disjoint-FGLS
universal,frechet_max_ar,0.01,0.6,0.9908789441918076,bb_disjoint_ols,log_wald,365.0,100,100,27,0.6478100927244327,0.0704400325236806,0.0478100927244326,0.0657082713884942,0.1095137856474903,0.0898996859201565,0.0928005064535126,0.0475879818374772,0.1469136107772697,0.0584011160924256,0.0546984507426949,0.0366794358138197,0.0719109516043359,1.7140393728640229,1.9176326908706112,100,1.281381206818847,0.1124517892302214,2.4982730726285824,0.27,,9.0,14.0,,,disjoint,bb,OLS,ols,0.1917632690870611,1.5222761037769617,1.905802641951084,0,0.0,0.007044003252368,0.1926946091766482,0.3643230022623127,universal_frechet_max_ar_xi0.01_theta0.60,BB-disjoint-OLS
universal,frechet_max_ar,0.01,0.6,0.9908789441918076,bb_sliding_fgls,log_wald,365.0,100,100,83,0.6416220432089181,0.0721578434115375,0.0416220432089182,0.0642850388377562,0.1071417313962604,0.0879131274066855,0.0951609710738617,0.0400455465564246,0.1491763247513288,0.2278076539987159,0.2206665031636137,0.1989508691639636,0.251898664835839,0.5223049062330472,1.0801886968481087,100,0.2383614123889392,0.2065882833994429,0.2779296313299347,0.83,,10.0,16.0,,,sliding,bb,FGLS,bootstrap_cov,0.1080188696848108,0.4142860365482362,0.630323775917858,0,0.0,0.0072157843411537,0.7445181876635703,0.8910652394022684,universal_frechet_max_ar_xi0.01_theta0.60,BB-sliding-FGLS
universal,frechet_max_ar,0.01,0.6,0.9908789441918076,bb_sliding_ols,log_wald,365.0,100,100,4,0.6393677866394537,0.074871990327786,0.0393677866394537,0.0650164857153657,0.1083608095256095,0.0897751899254619,0.0995715630254262,0.0395645581320603,0.1485254800955252,0.0108121004134764,0.0079775526911475,0.0041386049844424,0.0141856008932701,2.4027666174626137,2.1238881971917163,100,2.2024969463507267,0.8000466068715557,3.3336744455418357,0.04,,10.0,16.0,,,sliding,bb,OLS,ols,0.2123888197191716,2.190377797743442,2.615155437181785,0,0.0,0.0074871990327786,0.015663050551848,0.0983721723260737,universal_frechet_max_ar_xi0.01_theta0.60,BB-sliding-OLS
universal,frechet_max_ar,0.01,0.6,0.9908789441918076,northrop_disjoint_fgls,log_wald,365.0,100,100,86,0.6519612823775486,0.0709560543606491,0.0519612823775486,0.0687690703178075,0.1146151171963459,0.0910594191233698,0.1013537526376638,0.0397955624237527,0.1544864399577967,0.2476688274393892,0.2463819613610628,0.2184116802674985,0.2756485279129657,0.5405810369897545,0.9519210907497152,100,0.2524055267884702,0.2190364530113586,0.2930980891315907,0.86,,10.0,15.0,,,disjoint,northrop,FGLS,bootstrap_cov,0.0951921090749715,0.4453889279147829,0.635773146064726,0,0.0,0.0070956054360649,0.7786263961619276,0.914737342455351,universal_frechet_max_ar_xi0.01_theta0.60,Northrop-disjoint-FGLS
universal,frechet_max_ar,0.01,0.6,0.9908789441918076,northrop_disjoint_ols,log_wald,365.0,100,100,30,0.6497049236764033,0.0728321963241736,0.0497049236764033,0.069193445044309,0.1153224084071817,0.0907372554884444,0.1064554424890774,0.0422970196837344,0.1527854276409568,0.0638109981522623,0.0602315106515802,0.0418557155932785,0.077165988455696,1.7839279655401388,1.9396653950415397,100,1.409428908946078,0.1037727320722193,2.670563068015884,0.3,,10.0,15.0,,,disjoint,northrop,OLS,ols,0.1939665395041539,1.589961426035985,1.9778945050442929,0,0.0,0.0072832196324173,0.2189475386622811,0.3958503843281195,universal_frechet_max_ar_xi0.01_theta0.60,Northrop-disjoint-OLS
universal,frechet_max_ar,0.01,0.6,0.9908789441918076,northrop_sliding_fgls,log_wald,365.0,100,100,84,0.6440908324264939,0.0753671945896538,0.0440908324264938,0.0668296333354426,0.1113827222257376,0.0932818143708655,0.0925724814155086,0.0438934892089338,0.1534264805235248,0.2330101915326368,0.226266859465341,0.202171832981502,0.261790120216416,0.5581307059566492,1.1488639282122024,100,0.242676634405674,0.213001122816632,0.2737765464054324,0.84,,11.0,16.0,,,sliding,northrop,FGLS,bootstrap_cov,0.1148863928212202,0.4432443131354289,0.6730170987778694,0,0.0,0.0075367194589653,0.7557955544110557,0.8990479765052628,universal_frechet_max_ar_xi0.01_theta0.60,Northrop-sliding-FGLS
universal,frechet_max_ar,0.01,0.6,0.9908789441918076,northrop_sliding_ols,log_wald,365.0,100,100,4,0.6415283833574431,0.0776831581008251,0.0415283833574431,0.0673729453896787,0.1122882423161312,0.0941590932235732,0.0927736578067522,0.0475254631536114,0.1577414168569786,0.0111888937858456,0.0074654041556143,0.0042254713812696,0.0148861585342809,2.4871409738089163,2.2321168748328715,100,2.081883600506897,0.9348011134933102,3.587801346536398,0.04,,11.0,16.0,,,sliding,northrop,OLS,ols,0.2232116874832871,2.263929286325629,2.7103526612922035,0,0.0,0.0077683158100825,0.015663050551848,0.0983721723260737,universal_frechet_max_ar_xi0.01_theta0.60,Northrop-sliding-OLS
universal,frechet_max_ar,0.01,0.8,0.9840344433634576,bb_disjoint_fgls,log_wald,365.0,100,100,64,0.8388229325232901,0.1047023008603869,0.03882293252329,0.0950048481965801,0.1187560602457251,0.0725422747291571,0.1050628083312586,0.0585967787581787,0.1772932378729333,0.2176081653869256,0.2271382166935757,0.1835563061342225,0.259403907880436,1.0434564422956665,1.4040215393130218,100,0.2779888166215853,0.2425161344639506,1.2174649463765068,0.64,,10.0,15.0,,,disjoint,bb,FGLS,mixed,0.1404021539313021,0.903054288364364,1.1838585962269683,0,0.0,0.0104702300860386,0.542352199811621,0.7272892540950986,universal_frechet_max_ar_xi0.01_theta0.80,BB-disjoint-FGLS
universal,frechet_max_ar,0.01,0.8,0.9840344433634576,bb_disjoint_ols,log_wald,365.0,100,100,18,0.8373327962757356,0.1051699293187277,0.0373327962757355,0.0951042441618905,0.1188803052023631,0.0721581468562683,0.1081850570248513,0.06634888322402,0.1834362665769964,0.064788863880025,0.0647936157177676,0.0417335476929857,0.0835302151089907,2.725243463709627,2.3891691477156525,100,2.017490903139959,0.6170695501378444,4.266881486565108,0.18,,10.0,15.0,,,disjoint,bb,OLS,mixed,0.2389169147715652,2.486326548938062,2.9641603784811927,0,0.0,0.0105169929318727,0.1170013165425103,0.2666753602421308,universal_frechet_max_ar_xi0.01_theta0.80,BB-disjoint-OLS
universal,frechet_max_ar,0.01,0.8,0.9840344433634576,bb_sliding_fgls,log_wald,365.0,100,100,69,0.8363932800361195,0.097247024370295,0.0363932800361195,0.0867855357898861,0.1084819197373576,0.0705671862773347,0.0888157531718412,0.0501006513552685,0.1562237102388166,0.216833337164383,0.2276777577486716,0.180688352096655,0.2594911668580393,0.9334592122004493,1.331566979418903,100,0.267414098742873,0.2383915319107865,0.7326393926199231,0.69,,10.0,16.0,,,sliding,bb,FGLS,mixed,0.1331566979418902,0.8003025142585589,1.0666159101423396,0,0.0,0.0097247024370295,0.5937376052204429,0.7722043679386762,universal_frechet_max_ar_xi0.01_theta0.80,BB-sliding-FGLS
universal,frechet_max_ar,0.01,0.8,0.9840344433634576,bb_sliding_ols,log_wald,365.0,100,100,2,0.831878540046325,0.0991705601361456,0.0318785400463249,0.0882597786288781,0.1103247232860977,0.0683834903414014,0.0988833175091496,0.0561156721948872,0.1596830252860324,0.0123139777857721,0.0069680282374317,0.0044832712267831,0.0143362437360882,3.303296942030982,2.1751600279662258,100,2.8450283355709045,1.5976059467112669,4.517873620431442,0.02,,10.0,16.0,,,sliding,bb,OLS,mixed,0.2175160027966226,3.0857809392343594,3.520812944827605,0,0.0,0.0099170560136145,0.0055018522349681,0.0700131629419936,universal_frechet_max_ar_xi0.01_theta0.80,BB-sliding-OLS
universal,frechet_max_ar,0.01,0.8,0.9840344433634576,northrop_disjoint_fgls,log_wald,365.0,100,100,64,0.8412826766808479,0.1059080971902097,0.0412826766808478,0.0966474039139199,0.1208092548923998,0.0739819212340305,0.1047204094207639,0.0605802391566448,0.1911140541520908,0.217472393255542,0.2297816532470926,0.1743867643131699,0.2655339407716738,1.1156627170867264,1.449880716995388,100,0.2835336569812067,0.2396643929750628,1.5099525291275335,0.64,,9.0,15.0,,,disjoint,northrop,FGLS,mixed,0.1449880716995388,0.9706746453871876,1.2606507887862652,0,0.0,0.0105908097190209,0.542352199811621,0.7272892540950986,universal_frechet_max_ar_xi0.01_theta0.80,Northrop-disjoint-FGLS
universal,frechet_max_ar,0.01,0.8,0.9840344433634576,northrop_disjoint_ols,log_wald,365.0,100,100,17,0.8393211708012093,0.1057710432736248,0.0393211708012092,0.0962778014122321,0.1203472517652902,0.0727392634962935,0.1006320400091939,0.0608183346873622,0.1861501926567139,0.0652563005907501,0.066999896300338,0.042025357556426,0.0831674667238862,2.7389020183476807,2.4881673025648827,100,1.9402714275474384,0.43546931015257,4.353654569753518,0.17,,9.0,15.0,,,disjoint,northrop,OLS,mixed,0.2488167302564882,2.4900852880911923,2.987718748604169,0,0.0,0.0105771043273624,0.1089347605977315,0.2554818123364297,universal_frechet_max_ar_xi0.01_theta0.80,Northrop-disjoint-OLS
universal,frechet_max_ar,0.01,0.8,0.9840344433634576,northrop_sliding_fgls,log_wald,365.0,100,100,71,0.8390980127791272,0.0985963888678496,0.0390980127791271,0.0889491823690333,0.1111864779612917,0.071517782475155,0.0948035047486715,0.052553074173176,0.1602808360959841,0.2179499636594409,0.2314458584583072,0.1811016813238488,0.2653867148113141,0.9993488510482532,1.4248715095321822,100,0.2725091663132069,0.2364624614199148,1.0568529208861404,0.71,,10.0,16.0,,,sliding,northrop,FGLS,mixed,0.1424871509532182,0.8568617000950349,1.1418360020014713,0,0.0,0.0098596388867849,0.6146092505999207,0.7898529302601586,universal_frechet_max_ar_xi0.01_theta0.80,Northrop-sliding-FGLS
universal,frechet_max_ar,0.01,0.8,0.9840344433634576,northrop_sliding_ols,log_wald,365.0,100,100,1,0.8342144816641608,0.1005040123717215,0.0342144816641607,0.0899574489010018,0.1124468111262523,0.069702810697003,0.1013897002568281,0.0559072675508177,0.1608586144916856,0.012697708025254,0.0079376019829439,0.0048185182247183,0.0162291508127916,3.3612767055075654,2.2267238381089856,100,2.967616689369706,1.4934460206630726,4.782338645101371,0.01,,10.0,16.0,,,sliding,northrop,OLS,mixed,0.2226723838108985,3.138604321696667,3.583949089318464,0,0.0,0.0100504012371721,0.0017673865655472,0.0544875247609346,universal_frechet_max_ar_xi0.01_theta0.80,Northrop-sliding-OLS
universal,frechet_max_ar,0.01,1.0,0.0,bb_disjoint_fgls,log_wald,365.0,100,100,90,0.9714051619921878,0.0478560879914801,-0.0285948380078121,0.0285948380078121,0.0285948380078121,0.0478560879914801,0.0021407340183249,0.0,0.0464794704932609,0.0854591472127224,0.0645035107902758,0.0442452837075805,0.1198917730810021,0.2233465075509704,0.6209768139609554,100,0.0645035107902758,0.0442452837075805,0.1198917730810021,0.9,,9.0,12.5,,,disjoint,bb,FGLS,mixed,0.0620976813960955,0.1612488261548748,0.2854441889470659,0,0.0,0.004785608799148,0.8256326956323347,0.944771458386864,universal_frechet_max_ar_xi0.01_theta1.00,BB-disjoint-FGLS
universal,frechet_max_ar,0.01,1.0,0.0,bb_disjoint_ols,log_wald,365.0,100,100,69,0.9696602409029618,0.0498630745161789,-0.0303397590970382,0.0303397590970382,0.0303397590970382,0.0498630745161789,0.0022022652706415,0.0,0.0489319793887669,0.0288974790282682,0.0065028520602786,0.0,0.0444908332925662,0.6740478646263003,1.4572152316862188,100,0.0065028520602786,0.0,0.4488846300890863,0.69,,9.0,12.5,,,disjoint,bb,OLS,mixed,0.1457215231686218,0.5283263414576784,0.8197693877949221,0,0.0,0.0049863074516178,0.5937376052204429,0.7722043679386762,universal_frechet_max_ar_xi0.01_theta1.00,BB-disjoint-OLS
universal,frechet_max_ar,0.01,1.0,0.0,bb_sliding_fgls,log_wald,365.0,100,96,86,0.9693078684661056,0.0536817164827857,-0.0306921315338942,0.0306921315338942,0.0306921315338942,0.0536817164827857,0.0,0.0,0.0458446495760707,0.0809172018383535,0.0498046120543952,0.0274689403099902,0.11859779581906,0.2452170472871937,0.6316958243885931,96,0.0498046120543952,0.0274689403099902,0.11859779581906,0.86,,8.0,11.0,,,sliding,bb,FGLS,mixed,0.0644721850999509,0.1807448621872427,0.3096892323871446,4,0.04,0.0054788672458157,0.7786263961619276,0.914737342455351,universal_frechet_max_ar_xi0.01_theta1.00,BB-sliding-FGLS
universal,frechet_max_ar,0.01,1.0,0.0,bb_sliding_ols,log_wald,365.0,100,100,65,0.9679596858257916,0.05573019613429,-0.0320403141742082,0.0320403141742082,0.0320403141742082,0.05573019613429,0.0,0.0,0.048195949573593,0.005022227345272,0.0,0.0,0.0063208833060771,1.1856067812476647,2.1123776792720177,100,0.0,0.0,1.6933028178648684,0.65,,8.0,11.0,,,sliding,bb,OLS,mixed,0.2112377679272017,0.974369013320463,1.3968445491748664,0,0.0,0.005573019613429,0.5525426042919797,0.7363589534652197,universal_frechet_max_ar_xi0.01_theta1.00,BB-sliding-OLS
universal,frechet_max_ar,0.01,1.0,0.0,northrop_disjoint_fgls,log_wald,365.0,100,100,91,0.9730047973373662,0.0466213955157928,-0.0269952026626337,0.0269952026626337,0.0269952026626337,0.0466213955157928,0.0010235328801539,0.0,0.0416258238727608,0.0848085983697845,0.0633245270522899,0.0414094655374651,0.1232167672409373,0.2115613652511243,0.6003485460134844,100,0.0633245270522899,0.0414094655374651,0.1232167672409373,0.91,,9.0,13.0,,,disjoint,northrop,FGLS,mixed,0.0600348546013484,0.1515265106497758,0.2715962198524727,0,0.0,0.0046621395515792,0.8377362530335634,0.9519280048361152,universal_frechet_max_ar_xi0.01_theta1.00,Northrop-disjoint-FGLS
universal,frechet_max_ar,0.01,1.0,0.0,northrop_disjoint_ols,log_wald,365.0,100,100,69,0.9712212008748669,0.0482596126368169,-0.0287787991251332,0.0287787991251332,0.0287787991251332,0.0482596126368169,0.0015457956988858,0.0,0.0458983083720425,0.0271943396019999,0.0045657600610024,0.0,0.0422345478603203,0.6441863762079025,1.4619021028370007,100,0.0045657600610024,0.0,0.3445723629684987,0.69,,9.0,13.0,,,disjoint,northrop,OLS,mixed,0.1461902102837,0.4979961659242025,0.7903765864916026,0,0.0,0.0048259612636816,0.5937376052204429,0.7722043679386762,universal_frechet_max_ar_xi0.01_theta1.00,Northrop-disjoint-OLS
universal,frechet_max_ar,0.01,1.0,0.0,northrop_sliding_fgls,log_wald,365.0,100,96,85,0.9713318301137932,0.053968095736795,-0.0286681698862067,0.0286681698862067,0.0286681698862067,0.053968095736795,0.0,0.0,0.0363089547781434,0.0772969380806109,0.0482497512091751,0.0276649221572225,0.1085905725108961,0.2551435260918911,0.6548279696993372,96,0.0482497512091751,0.0276649221572225,0.1085905725108961,0.85,,8.0,11.0,,,sliding,northrop,FGLS,mixed,0.0668330997944191,0.188310426297472,0.3219766258863104,4,0.04,0.0055080957060341,0.7671626666784216,0.906940968088377,universal_frechet_max_ar_xi0.01_theta1.00,Northrop-sliding-FGLS
universal,frechet_max_ar,0.01,1.0,0.0,northrop_sliding_ols,log_wald,365.0,100,100,66,0.9693862685929814,0.0551068023933792,-0.0306137314070185,0.0306137314070185,0.0306137314070185,0.0551068023933792,0.0,0.0,0.0427435821467163,0.0060126461318203,0.0,0.0,0.0077104338966844,1.10957637296901,2.087234024015224,100,0.0,0.0,1.3741804603357235,0.66,,8.0,11.0,,,sliding,northrop,OLS,mixed,0.2087234024015224,0.9008529705674876,1.3182997753705323,0,0.0,0.0055106802393379,0.5627754565831095,0.74538620502457,universal_frechet_max_ar_xi0.01_theta1.00,Northrop-sliding-OLS
universal,frechet_max_ar,0.5,0.1,0.9486832980505138,bb_disjoint_fgls,log_wald,365.0,100,100,0,0.1923940879655466,0.0305719059429707,0.0923940879655466,0.0923940879655466,0.923940879655466,0.3057190594297076,0.9107230440672944,0.7035119961406232,1.0993788350702725,0.073168482805551,0.06903608333431,0.0605172991177561,0.0809381495900033,2.4487717318760365,1.0766241574364597,100,2.4645196379885137,1.59840938470848,3.167877215023099,0.0,,10.0,15.0,,,disjoint,bb,FGLS,bootstrap_cov,0.1076624157436459,2.3411093161323904,2.5564341476196826,0,0.0,0.003057190594297,0.0,0.0369948074760019,universal_frechet_max_ar_xi0.50_theta0.10,BB-disjoint-FGLS
universal,frechet_max_ar,0.5,0.1,0.9486832980505138,bb_disjoint_ols,log_wald,365.0,100,100,0,0.1866839701712244,0.0299857088618131,0.0866839701712244,0.0866839701712244,0.8668397017122448,0.2998570886181317,0.8209744614946952,0.6661296380697482,1.0106622856771212,0.0172922352345063,0.0160925332326613,0.0110939439224238,0.0233545843456287,3.1484540198884856,1.1789081039827027,100,2.9353925976271,2.307331389816711,3.6181716308940497,0.0,,10.0,15.0,,,disjoint,bb,OLS,ols,0.1178908103982702,3.0305632094902153,3.266344830286756,0,0.0,0.0029985708861813,0.0,0.0369948074760019,universal_frechet_max_ar_xi0.50_theta0.10,BB-disjoint-OLS
universal,frechet_max_ar,0.5,0.1,0.9486832980505138,bb_sliding_fgls,log_wald,365.0,100,100,0,0.1851644656585464,0.0271156947906598,0.0851644656585464,0.0851644656585464,0.8516446565854641,0.2711569479065986,0.8132420995954592,0.6747317590920425,0.990670337481178,0.0752541566896478,0.0732899593491903,0.0633988345775254,0.0836623450020867,2.1299527659768476,0.8515549210232027,100,1.9906691821737543,1.615946573043532,2.5212835142370538,0.0,,12.0,16.0,,,sliding,bb,FGLS,bootstrap_cov,0.0851554921023202,2.0447972738745275,2.2151082580791677,0,0.0,0.0027115694790659,0.0,0.0369948074760019,universal_frechet_max_ar_xi0.50_theta0.10,BB-sliding-FGLS
universal,frechet_max_ar,0.5,0.1,0.9486832980505138,bb_sliding_ols,log_wald,365.0,100,100,0,0.1784471819749833,0.0273657564061941,0.0784471819749833,0.0784471819749833,0.784471819749833,0.2736575640619413,0.7404567317161775,0.5965566812239017,0.9061954417205448,0.011587074006082,0.0129921353328104,0.0088144511385076,0.0144308322213218,2.9222711743077383,1.1313822984017234,100,2.757354031958032,2.136957149201992,3.420350049094512,0.0,,12.0,16.0,,,sliding,bb,OLS,ols,0.1131382298401723,2.809132944467566,3.0354094041479107,0,0.0,0.0027365756406194,0.0,0.0369948074760019,universal_frechet_max_ar_xi0.50_theta0.10,BB-sliding-OLS
universal,frechet_max_ar,0.5,0.1,0.9486832980505138,northrop_disjoint_fgls,log_wald,365.0,100,100,0,0.1924719489972202,0.0285001059558499,0.0924719489972202,0.0924719489972202,0.9247194899722028,0.2850010595584999,0.9149883988349676,0.726427337311437,1.1013885349134034,0.0724367585120217,0.0678593142540736,0.0611281516014438,0.079741470371467,2.46232509383085,1.001221141097958,100,2.4315546962157413,1.7953706110495058,3.269406254347744,0.0,,10.0,15.0,,,disjoint,northrop,FGLS,bootstrap_cov,0.1001221141097958,2.3622029797210544,2.5624472079406457,0,0.0,0.0028500105955849,0.0,0.0369948074760019,universal_frechet_max_ar_xi0.50_theta0.10,Northrop-disjoint-FGLS
universal,frechet_max_ar,0.5,0.1,0.9486832980505138,northrop_disjoint_ols,log_wald,365.0,100,100,0,0.1872096917994669,0.0280642620831069,0.0872096917994669,0.0872096917994669,0.8720969179946689,0.2806426208310694,0.8615265368885388,0.6827544314313062,1.0549569293710324,0.0177195034197423,0.016663121554096,0.0110262615879688,0.0232978762130931,3.162042402357226,1.1138863353475663,100,3.068450314506123,2.396347649630173,3.741706282278188,0.0,,10.0,15.0,,,disjoint,northrop,OLS,ols,0.1113886335347566,3.0506537688224693,3.2734310358919823,0,0.0,0.0028064262083106,0.0,0.0369948074760019,universal_frechet_max_ar_xi0.50_theta0.10,Northrop-disjoint-OLS
universal,frechet_max_ar,0.5,0.1,0.9486832980505138,northrop_sliding_fgls,log_wald,365.0,100,100,0,0.185680448324116,0.024936289889643,0.085680448324116,0.085680448324116,0.8568044832411603,0.2493628988964303,0.8281356806635988,0.6882074407132128,0.978976224972192,0.0739950237942452,0.070963128650816,0.0629089074040868,0.0819877974097589,2.169687936548081,0.7889536296441918,100,2.0921686919909854,1.641508882895142,2.6130561389762867,0.0,,12.0,16.0,,,sliding,northrop,FGLS,bootstrap_cov,0.0788953629644191,2.090792573583662,2.2485832995125,0,0.0,0.0024936289889643,0.0,0.0369948074760019,universal_frechet_max_ar_xi0.50_theta0.10,Northrop-sliding-FGLS
universal,frechet_max_ar,0.5,0.1,0.9486832980505138,northrop_sliding_ols,log_wald,365.0,100,100,0,0.1788167684039595,0.0252074908965421,0.0788167684039595,0.0788167684039595,0.7881676840395956,0.252074908965421,0.7497136974534596,0.6230655062165851,0.9110914204037316,0.0119448860896035,0.0125097221587184,0.0090058527606382,0.0158791856868483,2.930677502449048,1.0484915296933883,100,2.700318322680741,2.23015587194602,3.4758910305849544,0.0,,12.0,16.0,,,sliding,northrop,OLS,ols,0.1048491529693388,2.825828349479709,3.0355266554183866,0,0.0,0.0025207490896542,0.0,0.0369948074760019,universal_frechet_max_ar_xi0.50_theta0.10,Northrop-sliding-OLS
universal,frechet_max_ar,0.5,0.15,0.9219544457292888,bb_disjoint_fgls,log_wald,365.0,100,100,6,0.2450537485965094,0.0316048708493039,0.0950537485965094,0.0950537485965094,0.6336916573100632,0.2106991389953599,0.6463272828503224,0.5039296651716776,0.8052742396335352,0.0954426359981453,0.0915876950193297,0.0816214578440539,0.105113880847483,2.199021071869906,1.1057369682258609,100,2.1889688764565416,1.4230842462339393,3.012905452188314,0.06,,9.0,15.0,,,disjoint,bb,FGLS,bootstrap_cov,0.110573696822586,2.0884473750473203,2.309594768692492,0,0.0,0.0031604870849303,0.0277857452666566,0.124769685312225,universal_frechet_max_ar_xi0.50_theta0.15,BB-disjoint-FGLS
universal,frechet_max_ar,0.5,0.15,0.9219544457292888,bb_disjoint_ols,log_wald,365.0,100,100,0,0.2378233061921965,0.0319166903378106,0.0878233061921965,0.0878233061921965,0.5854887079479767,0.2127779355854045,0.5696953858039127,0.4468776477699893,0.7302198127941141,0.0232070207058172,0.0229247845178844,0.0157448949490199,0.0299722519617081,3.0853387311678513,1.242314799007023,100,3.0364425175459995,2.2717082580234655,3.966518503607954,0.0,,9.0,15.0,,,disjoint,bb,OLS,ols,0.1242314799007023,2.961107251267149,3.2095702110685536,0,0.0,0.003191669033781,0.0,0.0369948074760019,universal_frechet_max_ar_xi0.50_theta0.15,BB-disjoint-OLS
universal,frechet_max_ar,0.5,0.15,0.9219544457292888,bb_sliding_fgls,log_wald,365.0,100,100,7,0.2322154612706014,0.0311705402274689,0.0822154612706013,0.0822154612706013,0.5481030751373427,0.2078036015164595,0.5422406908142964,0.4020505396581125,0.6824299987018576,0.1001714515212896,0.0975284914997662,0.0876561845930627,0.1125904775697649,1.6243314645500992,1.034916603082639,100,1.5645835127712235,0.8286279340511112,2.228428962163985,0.07,,12.0,16.0,,,sliding,bb,FGLS,bootstrap_cov,0.1034916603082639,1.5208398042418354,1.727823124858363,0,0.0,0.0031170540227468,0.034318824364064,0.1374967100652975,universal_frechet_max_ar_xi0.50_theta0.15,BB-sliding-FGLS
universal,frechet_max_ar,0.5,0.15,0.9219544457292888,bb_sliding_ols,log_wald,365.0,100,100,1,0.2258519651803902,0.0312068184606234,0.0758519651803902,0.0758519651803902,0.5056797678692685,0.2080454564041561,0.5061867359302723,0.3563864565172681,0.6465359494566785,0.0102554928538437,0.0101750855818697,0.0037950001797662,0.014939740092032,2.84450436957417,1.2869798880706,100,2.8708662966409246,1.890211684762773,3.62311653035012,0.01,,12.0,16.0,,,sliding,bb,OLS,ols,0.12869798880706,2.71580638076711,2.97320235838123,0,0.0,0.0031206818460623,0.0017673865655472,0.0544875247609346,universal_frechet_max_ar_xi0.50_theta0.15,BB-sliding-OLS
universal,frechet_max_ar,0.5,0.15,0.9219544457292888,northrop_disjoint_fgls,log_wald,365.0,100,100,7,0.2438133456147762,0.0307560664805719,0.0938133456147762,0.0938133456147762,0.6254223040985085,0.2050404432038126,0.6532550583102507,0.5039339182637115,0.7777996589720578,0.0943024752861721,0.0924156547071147,0.0827610768202857,0.1046620623487739,2.1601467613696568,1.082484072338593,100,2.2393392199493745,1.4249427915437514,2.8902600378944303,0.07,,9.0,14.0,,,disjoint,northrop,FGLS,bootstrap_cov,0.1082484072338592,2.0518983541357976,2.268395168603516,0,0.0,0.0030756066480571,0.034318824364064,0.1374967100652975,universal_frechet_max_ar_xi0.50_theta0.15,Northrop-disjoint-FGLS
universal,frechet_max_ar,0.5,0.15,0.9219544457292888,northrop_disjoint_ols,log_wald,365.0,100,100,0,0.2378770683830967,0.0306558322518726,0.0878770683830967,0.0878770683830967,0.5858471225539784,0.2043722150124842,0.6113627547708034,0.4561751938463328,0.7124672101797549,0.0243618100958924,0.0227079477120005,0.0160660665608036,0.0318462330786655,3.0669922939823597,1.1946699763013275,100,3.0441168655270725,2.24578783661475,3.8127966252258862,0.0,,9.0,14.0,,,disjoint,northrop,OLS,ols,0.1194669976301327,2.947525296352227,3.1864592916124925,0,0.0,0.0030655832251872,0.0,0.0369948074760019,universal_frechet_max_ar_xi0.50_theta0.15,Northrop-disjoint-OLS
universal,frechet_max_ar,0.5,0.15,0.9219544457292888,northrop_sliding_fgls,log_wald,365.0,100,100,7,0.2321796150809462,0.0318350770469668,0.0821796150809462,0.0821796150809462,0.5478641005396417,0.2122338469797789,0.5211293065643998,0.4055450744784694,0.6842783995462303,0.0976344708782593,0.0964893308657613,0.0859223294547042,0.1079871950230925,1.656416275635907,1.1059067087839325,100,1.457599859139805,0.9285981639512072,2.327789517648325,0.07,,12.0,16.0,,,sliding,northrop,FGLS,bootstrap_cov,0.1105906708783932,1.5458256047575138,1.7670069465143003,0,0.0,0.0031835077046966,0.034318824364064,0.1374967100652975,universal_frechet_max_ar_xi0.50_theta0.15,Northrop-sliding-FGLS
universal,frechet_max_ar,0.5,0.15,0.9219544457292888,northrop_sliding_ols,log_wald,365.0,100,100,0,0.2256064552213306,0.0306605183314442,0.0756064552213306,0.0756064552213306,0.5040430348088711,0.2044034555429616,0.4925245468048887,0.3572451153588882,0.6404005411725946,0.0106299894914808,0.0103907251351536,0.0040094150232535,0.0170484461894194,2.8260357301019834,1.2461779372866173,100,2.7325170286726723,1.913563999890328,3.614492037806424,0.0,,12.0,16.0,,,sliding,northrop,OLS,ols,0.1246177937286617,2.7014179363733217,2.950653523830645,0,0.0,0.0030660518331444,0.0,0.0369948074760019,universal_frechet_max_ar_xi0.50_theta0.15,Northrop-sliding-OLS
universal,frechet_max_ar,0.5,0.25,0.8660254037844386,bb_disjoint_fgls,log_wald,365.0,100,100,25,0.3390892108310971,0.0454114076742953,0.0890892108310971,0.0892147419795589,0.3568589679182357,0.1806471548233611,0.3474964985785406,0.236442330284223,0.4681243017275355,0.1400787101709386,0.134676629239345,0.1180037758865473,0.1592770687894693,1.4537000785249856,1.2816505832281138,100,1.3244424095478686,0.1876421605331825,1.975689371867756,0.25,,10.0,14.0,,,disjoint,bb,FGLS,bootstrap_cov,0.1281650583228114,1.3255350202021745,1.581865136847797,0,0.0,0.0045411407674295,0.1754509400372426,0.3430464637007583,universal_frechet_max_ar_xi0.50_theta0.25,BB-disjoint-FGLS
universal,frechet_max_ar,0.5,0.25,0.8660254037844386,bb_disjoint_ols,log_wald,365.0,100,100,7,0.3365739271668284,0.0466314263561919,0.0865739271668283,0.0867106795336866,0.3468427181347466,0.1854962416637504,0.3384115433857251,0.2233014991507845,0.4720530792681856,0.0290659036203514,0.0282065981685781,0.0175952757314487,0.0365598212506256,2.955717557126889,1.7537503648844954,100,2.8383685592682,1.813389818458216,4.081509656059753,0.07,,10.0,14.0,,,disjoint,bb,OLS,ols,0.1753750364884495,2.7803425206384396,3.1310925936153384,0,0.0,0.0046631426356191,0.034318824364064,0.1374967100652975,universal_frechet_max_ar_xi0.50_theta0.25,BB-disjoint-OLS
universal,frechet_max_ar,0.5,0.25,0.8660254037844386,bb_sliding_fgls,log_wald,365.0,100,100,33,0.3340749928159678,0.0468818166089628,0.0840749928159678,0.0840749928159678,0.3362999712638714,0.1875272664358514,0.3297066623582179,0.2087093098048711,0.4467736404825078,0.1402244371256387,0.132612116333368,0.1229586221907755,0.153348438779818,1.2797478917534264,1.4222826563977864,100,0.7515498889674564,0.1419157161108146,2.11268681248674,0.33,,12.0,16.0,,,sliding,bb,FGLS,bootstrap_cov,0.1422282656397786,1.1375196261136478,1.421976157393205,0,0.0,0.0046881816608962,0.2456298379389545,0.4269483966028862,universal_frechet_max_ar_xi0.50_theta0.25,BB-sliding-FGLS
universal,frechet_max_ar,0.5,0.25,0.8660254037844386,bb_sliding_ols,log_wald,365.0,100,100,7,0.3290242442836237,0.0484176964131465,0.0790242442836237,0.0793070524828662,0.3172282099314651,0.1917933738240423,0.296926598141912,0.1872768600229784,0.4196923157146013,0.008338838555926,0.0059486819860708,0.002669349496051,0.0130406142442905,3.0261421513758906,1.9487513304645327,100,2.7990271625776497,1.6130563803963447,4.052171345003753,0.07,,12.0,16.0,,,sliding,bb,OLS,ols,0.1948751330464532,2.8312670183294375,3.2210172844223437,0,0.0,0.0048417696413146,0.034318824364064,0.1374967100652975,universal_frechet_max_ar_xi0.50_theta0.25,BB-sliding-OLS
universal,frechet_max_ar,0.5,0.25,0.8660254037844386,northrop_disjoint_fgls,log_wald,365.0,100,100,22,0.3416427862901931,0.0436201892424787,0.0916427862901931,0.0918337813742503,0.3673351254970012,0.1728501693908154,0.3405418385119326,0.2545329125315205,0.480889130706343,0.139607029218392,0.135775433432664,0.1182627510556519,0.1557218273953428,1.5069331224520537,1.2718312913457213,100,1.3722023390181,0.217241602088883,2.345138658851329,0.22,,10.0,14.0,,,disjoint,northrop,FGLS,bootstrap_cov,0.1271831291345721,1.3797499933174815,1.634116251586626,0,0.0,0.0043620189242478,0.150011745036558,0.3107053471500031,universal_frechet_max_ar_xi0.50_theta0.25,Northrop-disjoint-FGLS
universal,frechet_max_ar,0.5,0.25,0.8660254037844386,northrop_disjoint_ols,log_wald,365.0,100,100,2,0.339098876595707,0.0447724650620972,0.0890988765957069,0.0893337826111475,0.3573351304445903,0.1771885025551801,0.3371382521848663,0.2441956075527769,0.4601296579598229,0.0303680670217626,0.0291787968030754,0.0187331420722757,0.0391526952031534,3.0208905509573665,1.677762775877308,100,2.8138339735883724,1.8362795535378191,4.1613852462099805,0.02,,10.0,14.0,,,disjoint,northrop,OLS,ols,0.1677762775877307,2.8531142733696355,3.1886668285450974,0,0.0,0.0044772465062097,0.0055018522349681,0.0700131629419936,universal_frechet_max_ar_xi0.50_theta0.25,Northrop-disjoint-OLS
universal,frechet_max_ar,0.5,0.25,0.8660254037844386,northrop_sliding_fgls,log_wald,365.0,100,100,33,0.3358993753095076,0.0444738720339952,0.0858993753095075,0.0858993753095075,0.3435975012380301,0.1778954881359808,0.3217540378548132,0.2171685505254662,0.4509137283003449,0.1373543320724481,0.1308126149445453,0.121891449559388,0.150676610439779,1.363248924548554,1.3692417484123869,100,1.007727427242192,0.1516395721540835,1.983579569970833,0.33,,11.0,16.0,,,sliding,northrop,FGLS,bootstrap_cov,0.1369241748412387,1.2263247497073153,1.5001730993897926,0,0.0,0.0044473872033995,0.2456298379389545,0.4269483966028862,universal_frechet_max_ar_xi0.50_theta0.25,Northrop-sliding-FGLS
universal,frechet_max_ar,0.5,0.25,0.8660254037844386,northrop_sliding_ols,log_wald,365.0,100,100,3,0.329860995005407,0.045933835844687,0.079860995005407,0.0800158264159372,0.3200633056637491,0.1826434025831896,0.3160943287048735,0.1939375364575363,0.4067615049891876,0.0090372269597524,0.0056091263247919,0.0026586028045477,0.0154222863216879,3.034472083726846,1.866147205837628,100,2.9346985280387408,1.7541453258451334,4.027988500919698,0.03,,11.0,16.0,,,sliding,northrop,OLS,ols,0.1866147205837627,2.847857363143083,3.221086804310609,0,0.0,0.0045933835844687,0.0102543382234148,0.0845207808040269,universal_frechet_max_ar_xi0.50_theta0.25,Northrop-sliding-OLS
universal,frechet_max_ar,0.5,0.4,0.7745966692414834,bb_disjoint_fgls,log_wald,365.0,100,100,64,0.4767922274519416,0.0612048620320583,0.0767922274519415,0.0821933651639872,0.2054834129099681,0.1341328233489366,0.1812386469939437,0.1192374744287136,0.2595859424184878,0.1895741190494894,0.1845561923656231,0.1634526796170859,0.2154538797230639,0.8423456837835601,1.275345084817399,100,0.2082506588819133,0.1690068870803688,1.1586516273583345,0.64,,10.0,14.5,,,disjoint,bb,FGLS,bootstrap_cov,0.1275345084817399,0.7148111753018203,0.9698801922653,0,0.0,0.0061204862032058,0.542352199811621,0.7272892540950986,universal_frechet_max_ar_xi0.50_theta0.40,BB-disjoint-FGLS
universal,frechet_max_ar,0.5,0.4,0.7745966692414834,bb_disjoint_ols,log_wald,365.0,100,100,9,0.4738112236283699,0.0639609546890787,0.0738112236283698,0.0805111683459784,0.2012779208649461,0.137990223279745,0.1689844130538943,0.1117750921144544,0.2662259580102875,0.0443849194577552,0.043175458746994,0.0305988356657637,0.0569598763954892,2.444934596088396,2.0588767067837006,100,1.8965903714158616,0.8473669095879548,3.265340100956054,0.09,,10.0,14.5,,,disjoint,bb,OLS,ols,0.20588767067837,2.239046925410026,2.650822266766766,0,0.0,0.0063960954689078,0.0480719951638848,0.1622637469664366,universal_frechet_max_ar_xi0.50_theta0.40,BB-disjoint-OLS
universal,frechet_max_ar,0.5,0.4,0.7745966692414834,bb_sliding_fgls,log_wald,365.0,100,100,57,0.473369790077327,0.0682643306062052,0.073369790077327,0.0806910719799325,0.2017276799498314,0.1483387733830187,0.1775683613133871,0.0900336501671836,0.2566899244208323,0.1834301105635277,0.1764214544070293,0.1570888916066888,0.2049787463852461,0.9951089346253243,1.474276323822128,100,0.2071206995694985,0.1730730845015524,1.184368645926797,0.57,,10.0,16.0,,,sliding,bb,FGLS,bootstrap_cov,0.1474276323822128,0.8476813022431116,1.1425365670075371,0,0.0,0.0068264330606205,0.4721521169586435,0.6626686099947162,universal_frechet_max_ar_xi0.50_theta0.40,BB-sliding-FGLS
universal,frechet_max_ar,0.5,0.4,0.7745966692414834,bb_sliding_ols,log_wald,365.0,100,100,3,0.4689081314418943,0.07057000903656,0.0689081314418943,0.0787956214079928,0.196989053519982,0.1480066529397986,0.1710167181422869,0.0902317318071222,0.2499476068867898,0.0092690806582657,0.0071497223909142,0.0036463062939332,0.0126192003387498,2.97842597020599,2.391225893639735,100,2.547888676741504,1.2178852470768804,3.8906156669056298,0.03,,10.0,16.0,,,sliding,bb,OLS,ols,0.2391225893639735,2.739303380842016,3.2175485595699636,0,0.0,0.007057000903656,0.0102543382234148,0.0845207808040269,universal_frechet_max_ar_xi0.50_theta0.40,BB-sliding-OLS
universal,frechet_max_ar,0.5,0.4,0.7745966692414834,northrop_disjoint_fgls,log_wald,365.0,100,100,62,0.4768948098804454,0.0612492134239659,0.0768948098804454,0.0810994203418025,0.2027485508545064,0.1387545451611871,0.1814196369821147,0.0956469875924937,0.2793180929579592,0.1933424144898231,0.1882576676494376,0.1659885359979528,0.2164351784908206,0.8550062852762202,1.249367527760436,100,0.217627025339958,0.1709674637736386,1.104730320069488,0.62,,10.0,15.0,,,disjoint,northrop,FGLS,bootstrap_cov,0.1249367527760435,0.7300695325001767,0.9799430380522638,0,0.0,0.0061249213423965,0.5220957382071033,0.7090255079986562,universal_frechet_max_ar_xi0.50_theta0.40,Northrop-disjoint-FGLS
universal,frechet_max_ar,0.5,0.4,0.7745966692414834,northrop_disjoint_ols,log_wald,365.0,100,100,13,0.4746174171956737,0.0635419971522837,0.0746174171956737,0.0804047247411627,0.2010118118529068,0.139896442948217,0.1741330868682064,0.0988933524006734,0.2730026984064405,0.0489711038152964,0.0477953109977443,0.0316844530045108,0.064248583257192,2.3600514415910525,2.0494730016126423,100,1.9480567014593,0.8511132703410772,3.3489380220687437,0.13,,10.0,15.0,,,disjoint,northrop,OLS,ols,0.2049473001612642,2.1551041414297885,2.564998741752317,0,0.0,0.0063541997152283,0.0775709385841426,0.2098052189480987,universal_frechet_max_ar_xi0.50_theta0.40,Northrop-disjoint-OLS
universal,frechet_max_ar,0.5,0.4,0.7745966692414834,northrop_sliding_fgls,log_wald,365.0,100,100,56,0.4728212760975381,0.0685380758175968,0.072821276097538,0.0807620907692663,0.2019052269231657,0.1471727688742577,0.1799624863990778,0.0823639147257575,0.2718470289251518,0.1837962594111101,0.1798308256929905,0.1564747590898933,0.210083316908664,0.966797437364464,1.4082090568560497,100,0.2178817831254898,0.1695672770016726,0.9984055671709158,0.56,,10.0,16.0,,,sliding,northrop,FGLS,bootstrap_cov,0.1408209056856049,0.825976531678859,1.107618343050069,0,0.0,0.0068538075817596,0.4622792771125631,0.6532813459903167,universal_frechet_max_ar_xi0.50_theta0.40,Northrop-sliding-FGLS
universal,frechet_max_ar,0.5,0.4,0.7745966692414834,northrop_sliding_ols,log_wald,365.0,100,100,2,0.4686884869633657,0.0706349041168617,0.0686884869633656,0.0789880115859138,0.1974700289647846,0.1469040574055435,0.170324205116996,0.0825001115495649,0.2612798951060292,0.0097831121281493,0.008325817094982,0.0037080809192722,0.0130237715406723,2.976936853709911,2.371082620904792,100,2.490510397050893,1.2688029777253955,3.983357776696271,0.02,,10.0,16.0,,,sliding,northrop,OLS,ols,0.2371082620904792,2.739828591619432,3.21404511580039,0,0.0,0.0070634904116861,0.0055018522349681,0.0700131629419936,universal_frechet_max_ar_xi0.50_theta0.40,Northrop-sliding-OLS
universal,frechet_max_ar,0.5,0.6,0.6324555320336759,bb_disjoint_fgls,log_wald,365.0,100,100,79,0.6552045909475775,0.0892748595449636,0.0552045909475775,0.0751250916382901,0.1252084860638169,0.1218781659847565,0.0899912958092242,0.0305694113319363,0.1695101619233541,0.2408378882207471,0.2412740856293742,0.2135392040299356,0.2676789136388324,0.8565968498060578,1.6068081977704798,100,0.2503492034598306,0.2167658179983125,0.2934836183510038,0.79,,10.0,14.0,,,disjoint,bb,FGLS,bootstrap_cov,0.1606808197770479,0.6959160300290098,1.0172776695831058,0,0.0,0.0089274859544963,0.7001985069803768,0.8583445046835422,universal_frechet_max_ar_xi0.50_theta0.60,BB-disjoint-FGLS
universal,frechet_max_ar,0.5,0.6,0.6324555320336759,bb_disjoint_ols,log_wald,365.0,100,100,28,0.6532052323336395,0.0899434205616781,0.0532052323336394,0.0756828792708845,0.1261381321181408,0.119761960480152,0.0871691014037231,0.0361128353085795,0.1720069496542343,0.0572973815152415,0.0507248863459335,0.0366460070277483,0.0700028455856082,2.1204404794809113,2.557421425062976,100,1.2325626328639832,0.0872623859416509,2.8325934186870008,0.28,,10.0,14.0,,,disjoint,bb,OLS,ols,0.2557421425062976,1.8646983369746135,2.376182621987209,0,0.0,0.0089943420561678,0.2013955916759837,0.3748821236134572,universal_frechet_max_ar_xi0.50_theta0.60,BB-disjoint-OLS
universal,frechet_max_ar,0.5,0.6,0.6324555320336759,bb_sliding_fgls,log_wald,365.0,100,100,82,0.6539847527120393,0.0853382863557256,0.0539847527120391,0.0724849195363542,0.1208081992272571,0.1168959609679697,0.0895956031719892,0.0378991236037334,0.1512031488814965,0.2300548207761613,0.2301979616739423,0.199272243399502,0.2557088260681922,0.8381489801170744,1.6052699917410482,100,0.2371172470345987,0.2056606756410712,0.2967356798238354,0.82,,10.5,16.0,,,sliding,bb,FGLS,bootstrap_cov,0.1605269991741048,0.6776219809429695,0.9986759792911792,0,0.0,0.0085338286355725,0.7333246397578691,0.8829986834574896,universal_frechet_max_ar_xi0.50_theta0.60,BB-sliding-FGLS
universal,frechet_max_ar,0.5,0.6,0.6324555320336759,bb_sliding_ols,log_wald,365.0,100,100,9,0.6520108097545051,0.087557060203981,0.0520108097545051,0.0733747631060168,0.1222912718433613,0.1173840961187408,0.0880871960161928,0.0403212417607416,0.1678592676922118,0.0109654708269638,0.008251978687627,0.0037817254272264,0.0147104179922716,2.7402167831136284,2.794900060497709,100,1.977268382769093,0.8129619268633121,3.5351566351178696,0.09,,10.5,16.0,,,sliding,bb,OLS,ols,0.2794900060497708,2.4607267770638575,3.0197067891633993,0,0.0,0.0087557060203981,0.0480719951638848,0.1622637469664366,universal_frechet_max_ar_xi0.50_theta0.60,BB-sliding-OLS
universal,frechet_max_ar,0.5,0.6,0.6324555320336759,northrop_disjoint_fgls,log_wald,365.0,100,100,77,0.6608140584914178,0.0905959296254458,0.0608140584914178,0.0777983554248324,0.129663925708054,0.1272531152496588,0.0823943657753119,0.0401096134572791,0.1714787684476151,0.2447366780968142,0.2477912210396233,0.2168790284485452,0.2724859664018076,0.8934263194217535,1.684350930154525,100,0.2541527795097429,0.2214733300157008,0.3225722490104747,0.77,,10.0,14.0,,,disjoint,northrop,FGLS,bootstrap_cov,0.1684350930154525,0.724991226406301,1.061861412437206,0,0.0,0.0090595929625445,0.6784543514317231,0.841568452531236,universal_frechet_max_ar_xi0.50_theta0.60,Northrop-disjoint-FGLS
universal,frechet_max_ar,0.5,0.6,0.6324555320336759,northrop_disjoint_ols,log_wald,365.0,100,100,27,0.6567689889568108,0.0917955343936223,0.0567689889568107,0.0771912619110805,0.1286521031851342,0.1254216583457799,0.0854011565274544,0.0448854439342879,0.1767266113110028,0.0632591850493681,0.0572653078937433,0.0412858292749228,0.0776410340280252,2.121444180563487,2.6965778398775977,100,0.9903710370944026,0.1148454332957776,2.8215836444492397,0.27,,10.0,14.0,,,disjoint,northrop,OLS,ols,0.2696577839877597,1.8517863965757275,2.391101964551247,0,0.0,0.0091795534393622,0.1926946091766482,0.3643230022623127,universal_frechet_max_ar_xi0.50_theta0.60,Northrop-disjoint-OLS
universal,frechet_max_ar,0.5,0.6,0.6324555320336759,northrop_sliding_fgls,log_wald,365.0,100,100,81,0.6576618608191179,0.0869425545536529,0.057661860819118,0.0758115451965508,0.1263525753275847,0.1191641946298474,0.0957445748576429,0.0441717267377754,0.1693466916867012,0.2309678433358419,0.2332026963677919,0.1997225630996711,0.2570931133733765,0.8613502081536697,1.647399295448258,100,0.2405895164208374,0.2025976736221306,0.2899477238524615,0.81,,10.0,16.0,,,sliding,northrop,FGLS,bootstrap_cov,0.1647399295448258,0.696610278608844,1.0260901376984954,0,0.0,0.0086942554553652,0.7222097592919214,0.8748534600729574,universal_frechet_max_ar_xi0.50_theta0.60,Northrop-sliding-FGLS
universal,frechet_max_ar,0.5,0.6,0.6324555320336759,northrop_sliding_ols,log_wald,365.0,100,100,10,0.6547957382554948,0.0886745146419505,0.0547957382554948,0.0750717099216385,0.1251195165360642,0.1202241307556097,0.0929076675785966,0.0412520340858727,0.1671388796375986,0.0121370525777476,0.010073474939933,0.0045974072261511,0.0161453317230062,2.7852085832626146,2.855921552575966,100,1.949657585039488,0.6840213673017768,3.592132425959922,0.1,,10.0,16.0,,,sliding,northrop,OLS,ols,0.2855921552575965,2.499616428005018,3.070800738520211,0,0.0,0.008867451464195,0.0552285416131361,0.1743673043676654,universal_frechet_max_ar_xi0.50_theta0.60,Northrop-sliding-OLS
universal,frechet_max_ar,0.5,0.8,0.4472135954999578,bb_disjoint_fgls,log_wald,365.0,100,100,70,0.8451670725771013,0.1020615872521409,0.0451670725771013,0.0933142134382583,0.1166427667978229,0.0758466930881572,0.1014196719787567,0.0549577132532655,0.1818905164771492,0.2127479609574979,0.2251020549064085,0.1739063496194212,0.2525228260309192,1.0634145474428538,1.485856373865115,100,0.2557198256051757,0.2330830747566591,1.2738139352360247,0.7,,10.0,15.0,,,disjoint,bb,FGLS,mixed,0.1485856373865114,0.9148289100563424,1.2120001848293651,0,0.0,0.010206158725214,0.6041496156718804,0.7810524613377188,universal_frechet_max_ar_xi0.50_theta0.80,BB-disjoint-FGLS
universal,frechet_max_ar,0.5,0.8,0.4472135954999578,bb_disjoint_ols,log_wald,365.0,100,100,24,0.8440581365655856,0.1024055549021097,0.0440581365655855,0.0931272947979119,0.1164091184973899,0.075904219484399,0.1034205250479676,0.0532251406725649,0.1810320465680029,0.06475240656952,0.0623240606975162,0.0388463486163098,0.0894226395042912,2.7245959229359893,2.5291972299571177,100,2.171229004355223,0.1453129638798761,4.397381527639261,0.24,,10.0,15.0,,,disjoint,bb,OLS,mixed,0.2529197229957117,2.4716761999402777,2.977515645931701,0,0.0,0.0102405554902109,0.1669121126545996,0.3323251872329213,universal_frechet_max_ar_xi0.50_theta0.80,BB-disjoint-OLS
universal,frechet_max_ar,0.5,0.8,0.4472135954999578,bb_sliding_fgls,log_wald,365.0,100,100,72,0.8319948506378513,0.0945044505992668,0.0319948506378512,0.0810545629449492,0.1013182036811865,0.0721207487891186,0.0800939932005583,0.0421262525223453,0.1543210694228945,0.2177029371329198,0.2287884632488232,0.1896493551498018,0.2590455848936669,0.9007126434639413,1.3725084682429516,100,0.2602841067709345,0.229290618740182,0.7386792381778978,0.72,,11.0,16.0,,,sliding,bb,FGLS,mixed,0.1372508468242951,0.7634617966396462,1.0379634902882364,0,0.0,0.0094504450599266,0.6251178763865427,0.7986044083240164,universal_frechet_max_ar_xi0.50_theta0.80,BB-sliding-FGLS
universal,frechet_max_ar,0.5,0.8,0.4472135954999578,bb_sliding_ols,log_wald,365.0,100,100,3,0.8305127975293689,0.0971943975668758,0.0305127975293688,0.0837680069992213,0.1047100087490267,0.0717986279101277,0.0848256525854852,0.0503920454849508,0.1593209061276748,0.0126946595499655,0.0084278580716267,0.0051285134241325,0.0160207169545111,3.123127947001647,2.3205688393712443,100,2.39480319650111,1.2063388785858875,4.9358408429601575,0.03,,11.0,16.0,,,sliding,bb,OLS,mixed,0.2320568839371244,2.8910710630645227,3.3551848309387715,0,0.0,0.0097194397566875,0.0102543382234148,0.0845207808040269,universal_frechet_max_ar_xi0.50_theta0.80,BB-sliding-OLS
universal,frechet_max_ar,0.5,0.8,0.4472135954999578,northrop_disjoint_fgls,log_wald,365.0,100,100,68,0.8463523127791143,0.1029737628164134,0.0463523127791142,0.0944725758961627,0.1180907198702034,0.0766344338306935,0.1025936924699693,0.0578545502147292,0.1798264509438547,0.2112382400815385,0.22418469799215,0.1712998581055702,0.252528846747904,1.0543096223162858,1.4927326158460643,100,0.2594365028607612,0.2356250073897486,1.3810591829978327,0.68,,10.0,15.0,,,disjoint,northrop,FGLS,mixed,0.1492732615846064,0.9050363607316794,1.2035828839008922,0,0.0,0.0102973762816413,0.5833719774632081,0.7633098918454312,universal_frechet_max_ar_xi0.50_theta0.80,Northrop-disjoint-FGLS
universal,frechet_max_ar,0.5,0.8,0.4472135954999578,northrop_disjoint_ols,log_wald,365.0,100,100,25,0.8445875496426736,0.1030879526748813,0.0445875496426735,0.0939990302882622,0.1174987878603278,0.0761391458514664,0.1008184725760368,0.051394838381936,0.1793073056844847,0.0673857113822822,0.0651236469440917,0.0359760088465773,0.0915237465109032,2.7238540970917775,2.5646575955629234,100,1.9068056173327497,0.1839322907898167,4.544148874116908,0.25,,10.0,15.0,,,disjoint,northrop,OLS,mixed,0.2564657595562923,2.467388337535485,2.98031985664807,0,0.0,0.0103087952674881,0.1754509400372426,0.3430464637007583,universal_frechet_max_ar_xi0.50_theta0.80,Northrop-disjoint-OLS
universal,frechet_max_ar,0.5,0.8,0.4472135954999578,northrop_sliding_fgls,log_wald,365.0,100,100,71,0.8360074010512184,0.0956487735171086,0.0360074010512184,0.0833965246069766,0.1042456557587208,0.0732406612547992,0.0825527335501865,0.0432429747028576,0.1624957348224445,0.2173328549137846,0.2286884511729844,0.191069026564809,0.2597461791418342,0.9190497276124976,1.4142502196946565,100,0.2614430333921712,0.2302713386684819,0.4958008047286354,0.71,,11.0,16.0,,,sliding,northrop,FGLS,mixed,0.1414250219694656,0.7776247056430321,1.0604747495819633,0,0.0,0.0095648773517108,0.6146092505999207,0.7898529302601586,universal_frechet_max_ar_xi0.50_theta0.80,Northrop-sliding-FGLS
universal,frechet_max_ar,0.5,0.8,0.4472135954999578,northrop_sliding_ols,log_wald,365.0,100,100,6,0.8330626555057337,0.0986700583763413,0.0330626555057336,0.0853047985156356,0.1066309981445446,0.073840502113332,0.0889649555653186,0.0430946274891165,0.165012960123865,0.0133572614019761,0.0097450767685404,0.0044776661219193,0.0178772510657781,3.180965672155243,2.3915661886078685,100,2.6447851557957787,1.0748532901923944,5.115016636447268,0.06,,11.0,16.0,,,sliding,northrop,OLS,mixed,0.2391566188607868,2.941809053294456,3.42012229101603,0,0.0,0.0098670058376341,0.0277857452666566,0.124769685312225,universal_frechet_max_ar_xi0.50_theta0.80,Northrop-sliding-OLS
universal,frechet_max_ar,0.5,1.0,0.0,bb_disjoint_fgls,log_wald,365.0,100,100,91,0.9686183752715812,0.0490576023958339,-0.0313816247284186,0.0313816247284186,0.0313816247284186,0.0490576023958339,0.0063260583212274,0.0,0.0431645696358748,0.0918874193198838,0.0744924321250705,0.0435416537867656,0.1218378754792806,0.2755717514068598,0.6785753229834249,100,0.0744924321250705,0.0435416537867656,0.1218378754792806,0.91,,9.5,13.5,,,disjoint,bb,FGLS,mixed,0.0678575322983424,0.2077142191085173,0.3434292837052023,0,0.0,0.0049057602395833,0.8377362530335634,0.9519280048361152,universal_frechet_max_ar_xi0.50_theta1.00,BB-disjoint-FGLS
universal,frechet_max_ar,0.5,1.0,0.0,bb_disjoint_ols,log_wald,365.0,100,100,69,0.9677470779710664,0.0498534280726421,-0.0322529220289337,0.0322529220289337,0.0322529220289337,0.0498534280726421,0.0058790991693344,0.0,0.0419833307705552,0.0328872676963569,0.0148641925465641,0.0,0.0582392291405225,0.6771222497074385,1.4469284839341483,100,0.0151146837690984,0.0,0.4141478746096491,0.69,,9.5,13.5,,,disjoint,bb,OLS,mixed,0.1446928483934148,0.5324294013140236,0.8218150981008534,0,0.0,0.0049853428072642,0.5937376052204429,0.7722043679386762,universal_frechet_max_ar_xi0.50_theta1.00,BB-disjoint-OLS
universal,frechet_max_ar,0.5,1.0,0.0,bb_sliding_fgls,log_wald,365.0,100,100,97,0.9752856047459112,0.0393657961617262,-0.0247143952540886,0.0247143952540886,0.0247143952540886,0.0393657961617263,0.0,0.0,0.0419557646699954,0.0788012309601491,0.0537628200778926,0.026662955919268,0.1230139332760708,0.1055758747904843,0.2052757263444898,100,0.0537628200778926,0.026662955919268,0.1230139332760708,0.97,,8.0,12.0,,,sliding,bb,FGLS,mixed,0.0205275726344489,0.0850483021560353,0.1261034474249333,0,0.0,0.0039365796161726,0.915479219195973,0.9897456617765852,universal_frechet_max_ar_xi0.50_theta1.00,BB-sliding-FGLS
universal,frechet_max_ar,0.5,1.0,0.0,bb_sliding_ols,log_wald,365.0,100,100,56,0.9719004235779176,0.0423794246337759,-0.0280995764220822,0.0280995764220822,0.0280995764220822,0.0423794246337759,0.0,0.0,0.0468588668593927,0.0066730387663215,0.0,0.0,0.0088298761412301,0.9966156081920609,1.5728817134265491,100,0.0,0.0,1.613007946706095,0.56,,8.0,12.0,,,sliding,bb,OLS,mixed,0.1572881713426549,0.8393274368494058,1.1539037795347156,0,0.0,0.0042379424633776,0.4622792771125631,0.6532813459903167,universal_frechet_max_ar_xi0.50_theta1.00,BB-sliding-OLS
universal,frechet_max_ar,0.5,1.0,0.0,northrop_disjoint_fgls,log_wald,365.0,100,100,91,0.96936753311578,0.0517133153685413,-0.03063246688422,0.03063246688422,0.03063246688422,0.0517133153685413,0.0017670134894521,0.0,0.041990567978302,0.0921828957048999,0.0737035550479814,0.0457045922434014,0.1230382430035375,0.277598009946125,0.7167167417396962,100,0.0737035550479814,0.0457045922434014,0.1230382430035375,0.91,,10.0,13.0,,,disjoint,northrop,FGLS,mixed,0.0716716741739696,0.2059263357721553,0.3492696841200946,0,0.0,0.0051713315368541,0.8377362530335634,0.9519280048361152,universal_frechet_max_ar_xi0.50_theta1.00,Northrop-disjoint-FGLS
universal,frechet_max_ar,0.5,1.0,0.0,northrop_disjoint_ols,log_wald,365.0,100,100,72,0.9688459748618452,0.0518044626894885,-0.0311540251381548,0.0311540251381548,0.0311540251381548,0.0518044626894885,0.003914139120651,0.0,0.0459607863551884,0.0312723460513279,0.0094804132826263,0.0,0.0558156847863978,0.6714724165137776,1.561563730951386,100,0.0114108900678173,0.0,0.3618030912929895,0.72,,10.0,13.0,,,disjoint,northrop,OLS,mixed,0.1561563730951386,0.515316043418639,0.8276287896089163,0,0.0,0.0051804462689488,0.6251178763865427,0.7986044083240164,universal_frechet_max_ar_xi0.50_theta1.00,Northrop-disjoint-OLS
universal,frechet_max_ar,0.5,1.0,0.0,northrop_sliding_fgls,log_wald,365.0,100,100,97,0.9753411538720488,0.0400997135618203,-0.0246588461279512,0.0246588461279512,0.0246588461279512,0.0400997135618203,0.0,0.0,0.0396772240946806,0.0790265377320593,0.0572831455852721,0.0259644514226057,0.1140742747018247,0.1082354505451254,0.2262753547318207,100,0.0572831455852721,0.0259644514226057,0.1140742747018247,0.97,,8.0,12.0,,,sliding,northrop,FGLS,mixed,0.022627535473182,0.0856079150719433,0.1308629860183075,0,0.0,0.004009971356182,0.915479219195973,0.9897456617765852,universal_frechet_max_ar_xi0.50_theta1.00,Northrop-sliding-FGLS
universal,frechet_max_ar,0.5,1.0,0.0,northrop_sliding_ols,log_wald,365.0,100,100,58,0.9719940350922164,0.04330273107569,-0.0280059649077834,0.0280059649077834,0.0280059649077834,0.04330273107569,0.0,0.0,0.0432705717180253,0.0071576447080264,0.0,0.0,0.0097331710738808,0.9838010470319122,1.6068061021204922,100,0.0,0.0,1.387759423844104,0.58,,8.0,12.0,,,sliding,northrop,OLS,mixed,0.1606806102120492,0.823120436819863,1.1444816572439611,0,0.0,0.004330273107569,0.4820630799889527,0.672017750814887,universal_frechet_max_ar_xi0.50_theta1.00,Northrop-sliding-OLS
universal,frechet_max_ar,1.0,0.1,0.9,bb_disjoint_fgls,log_wald,365.0,100,100,2,0.1861202316594146,0.0301911514194882,0.0861202316594146,0.0861202316594146,0.8612023165941461,0.3019115141948822,0.8537718339303573,0.6397403978542808,1.07948123296427,0.072598793275558,0.0705079502911455,0.0613506848748443,0.0807995870124053,2.2109657584423648,1.1094515858746217,100,2.025113103939913,1.3213007932904783,3.0755120464453056,0.02,,12.0,16.0,,,disjoint,bb,FGLS,bootstrap_cov,0.1109451585874621,2.1000205998549024,2.321910917029827,0,0.0,0.0030191151419488,0.0055018522349681,0.0700131629419936,universal_frechet_max_ar_xi1.00_theta0.10,BB-disjoint-FGLS
universal,frechet_max_ar,1.0,0.1,0.9,bb_disjoint_ols,log_wald,365.0,100,100,0,0.1823693744881741,0.0281625319947951,0.0823693744881741,0.0823693744881741,0.8236937448817409,0.2816253199479511,0.8229247488384599,0.6307565851969494,1.0306747915628192,0.0156192713115912,0.0145953455813954,0.0083388977632572,0.0213499512092619,3.006329264827293,1.0841056098380684,100,2.9335246542922047,2.267202780545526,3.7626162882984513,0.0,,12.0,16.0,,,disjoint,bb,OLS,ols,0.1084105609838068,2.8979187038434864,3.1147398258110996,0,0.0,0.0028162531994795,0.0,0.0369948074760019,universal_frechet_max_ar_xi1.00_theta0.10,BB-disjoint-OLS
universal,frechet_max_ar,1.0,0.1,0.9,bb_sliding_fgls,log_wald,365.0,100,100,0,0.1824515611704121,0.0238342221787305,0.0824515611704121,0.0824515611704121,0.8245156117041212,0.2383422217873058,0.8328934591281323,0.6384221163291147,0.9766528595390188,0.0728310008259755,0.0698373407198229,0.0618215288882163,0.0823238486392523,2.0601485092493292,0.7506344415981009,100,2.0781588109089455,1.510340342640297,2.476711656729959,0.0,,12.0,16.0,,,sliding,bb,FGLS,bootstrap_cov,0.07506344415981,1.985085065089519,2.135211953409139,0,0.0,0.002383422217873,0.0,0.0369948074760019,universal_frechet_max_ar_xi1.00_theta0.10,BB-sliding-FGLS
universal,frechet_max_ar,1.0,0.1,0.9,bb_sliding_ols,log_wald,365.0,100,100,0,0.1759705227804756,0.0245025953481897,0.0759705227804755,0.0759705227804755,0.7597052278047558,0.2450259534818975,0.7475300651619325,0.5820889472399933,0.9093842833158357,0.0114508641213367,0.0120863751643256,0.009715732681917,0.0141829762450654,2.8256678698816944,1.0206376592605588,100,2.7644251866610547,2.1094053250599756,3.4763155817234006,0.0,,12.0,16.0,,,sliding,bb,OLS,ols,0.1020637659260558,2.7236041039556387,2.92773163580775,0,0.0,0.0024502595348189,0.0,0.0369948074760019,universal_frechet_max_ar_xi1.00_theta0.10,BB-sliding-OLS
universal,frechet_max_ar,1.0,0.1,0.9,northrop_disjoint_fgls,log_wald,365.0,100,100,2,0.187949631131153,0.0285245689743519,0.087949631131153,0.087949631131153,0.8794963113115302,0.2852456897435196,0.8423135009326475,0.6840775795681567,1.0842869342978612,0.0718412131890852,0.0696140495085865,0.0614621184164169,0.0810826459073874,2.296052168578679,1.0479467085912242,100,2.2483522152991515,1.502749625313547,3.065573125628584,0.02,,11.0,16.0,,,disjoint,northrop,FGLS,bootstrap_cov,0.1047946708591224,2.191257497719557,2.400846839437802,0,0.0,0.0028524568974351,0.0055018522349681,0.0700131629419936,universal_frechet_max_ar_xi1.00_theta0.10,Northrop-disjoint-FGLS
universal,frechet_max_ar,1.0,0.1,0.9,northrop_disjoint_ols,log_wald,365.0,100,100,0,0.1833971150596679,0.0264543589479265,0.0833971150596679,0.0833971150596679,0.8339711505966796,0.2645435894792652,0.816731407332494,0.6607782433415987,1.0262952894885222,0.0168038371457295,0.0170295100921004,0.00945695188664,0.0219910575806469,3.025879852137281,1.01049656034181,100,3.049497869971259,2.3594659420033577,3.7550475200718503,0.0,,11.0,16.0,,,disjoint,northrop,OLS,ols,0.1010496560341809,2.9248301961031,3.126929508171462,0,0.0,0.0026454358947926,0.0,0.0369948074760019,universal_frechet_max_ar_xi1.00_theta0.10,Northrop-disjoint-OLS
universal,frechet_max_ar,1.0,0.1,0.9,northrop_sliding_fgls,log_wald,365.0,100,100,0,0.1828270580785196,0.0238673944605468,0.0828270580785196,0.0828270580785196,0.8282705807851964,0.238673944605468,0.8099936643468579,0.661826631388399,0.9561846196183398,0.0715716976562167,0.0698256968564427,0.0611497650920672,0.0800500361135628,2.094472627009646,0.7937811986337473,100,2.0096932032724664,1.6037035866094314,2.5550194904268784,0.0,,12.0,16.0,,,sliding,northrop,FGLS,bootstrap_cov,0.0793781198633747,2.015094507146271,2.173850746873021,0,0.0,0.0023867394460546,0.0,0.0369948074760019,universal_frechet_max_ar_xi1.00_theta0.10,Northrop-sliding-FGLS
universal,frechet_max_ar,1.0,0.1,0.9,northrop_sliding_ols,log_wald,365.0,100,100,0,0.1766707173438933,0.0241838779402422,0.0766707173438933,0.0766707173438933,0.7667071734389331,0.2418387794024221,0.7365450165149791,0.5826413775178979,0.917278147328174,0.01150633989875,0.0121128063477289,0.0084999228647886,0.0150751997472285,2.8527790280698797,1.0006717182240277,100,2.7414977752271588,2.142860643417923,3.470229669831919,0.0,,12.0,16.0,,,sliding,northrop,OLS,ols,0.1000671718224027,2.752711856247477,2.9528461998922824,0,0.0,0.0024183877940242,0.0,0.0369948074760019,universal_frechet_max_ar_xi1.00_theta0.10,Northrop-sliding-OLS
universal,frechet_max_ar,1.0,0.15,0.85,bb_disjoint_fgls,log_wald,365.0,100,100,9,0.2360510140042252,0.0338399914535475,0.0860510140042252,0.0860510140042252,0.573673426694835,0.2255999430236505,0.5457477021911534,0.4295141006188602,0.7313827640260697,0.0935538421341266,0.0911606525471856,0.08053170597226,0.1048944196609766,1.8982576017490775,1.1843819428547104,100,1.79436239454223,1.043893781752429,2.7146910061652747,0.09,,10.0,15.0,,,disjoint,bb,FGLS,bootstrap_cov,0.118438194285471,1.779819407463607,2.016695796034549,0,0.0,0.0033839991453547,0.0480719951638848,0.1622637469664366,universal_frechet_max_ar_xi1.00_theta0.15,BB-disjoint-FGLS
universal,frechet_max_ar,1.0,0.15,0.85,bb_disjoint_ols,log_wald,365.0,100,100,0,0.2319328982880871,0.0328262210259861,0.0819328982880871,0.0819328982880871,0.5462193219205811,0.2188414735065746,0.5368821262155128,0.4085754447564836,0.6944883773506594,0.0213643295681132,0.0190509971146378,0.0149437122193325,0.0271923582484058,2.882956468122876,1.234341180887353,100,2.8483439253552536,2.1161048786759276,3.759910264192831,0.0,,10.0,15.0,,,disjoint,bb,OLS,ols,0.1234341180887353,2.759522350034141,3.0063905862116114,0,0.0,0.0032826221025986,0.0,0.0369948074760019,universal_frechet_max_ar_xi1.00_theta0.15,BB-disjoint-OLS
universal,frechet_max_ar,1.0,0.15,0.85,bb_sliding_fgls,log_wald,365.0,100,100,6,0.2285665802970582,0.0299156624112539,0.0785665802970582,0.0785665802970582,0.523777201980388,0.1994377494083597,0.5026133998173431,0.3828161186616948,0.6217948062391037,0.0981556028156885,0.0989985696934155,0.0844444797627633,0.1121187860629863,1.5053114884447032,0.94673951677355,100,1.3856783428781188,0.7888542298696211,2.0120589772847643,0.06,,12.0,19.0,,,sliding,bb,FGLS,bootstrap_cov,0.094673951677355,1.4106375367673485,1.599985440122058,0,0.0,0.0029915662411253,0.0277857452666566,0.124769685312225,universal_frechet_max_ar_xi1.00_theta0.15,BB-sliding-FGLS
universal,frechet_max_ar,1.0,0.15,0.85,bb_sliding_ols,log_wald,365.0,100,100,1,0.2229566105370314,0.0320123974089004,0.0729566105370314,0.0729566105370314,0.4863774035802096,0.2134159827260031,0.4691011065882776,0.3349515095799837,0.585613490259299,0.0095807309810862,0.0093267604882672,0.0052847087573521,0.013907328916156,2.7396888768282843,1.3375767336143418,100,2.6568835594952183,1.762567266972955,3.3899955206757793,0.01,,12.0,19.0,,,sliding,bb,OLS,ols,0.1337576733614341,2.60593120346685,2.8734465501897186,0,0.0,0.00320123974089,0.0017673865655472,0.0544875247609346,universal_frechet_max_ar_xi1.00_theta0.15,BB-sliding-OLS
universal,frechet_max_ar,1.0,0.15,0.85,northrop_disjoint_fgls,log_wald,365.0,100,100,9,0.2341739103240988,0.0324252195490873,0.0841739103240988,0.0841739103240988,0.561159402160659,0.2161681303272492,0.5495059953377177,0.4187615022354192,0.7140094030815295,0.0938754819179986,0.0892584852793441,0.079833084939047,0.1049074034271721,1.821821507822606,1.1083361472496078,100,1.643913615237303,1.040539094707266,2.56992272243372,0.09,,10.0,16.0,,,disjoint,northrop,FGLS,bootstrap_cov,0.1108336147249607,1.7109878930976454,1.9326551225475668,0,0.0,0.0032425219549087,0.0480719951638848,0.1622637469664366,universal_frechet_max_ar_xi1.00_theta0.15,Northrop-disjoint-FGLS
universal,frechet_max_ar,1.0,0.15,0.85,northrop_disjoint_ols,log_wald,365.0,100,100,0,0.2292718433141456,0.0320471970336996,0.0792718433141456,0.0792718433141456,0.5284789554276379,0.2136479802246641,0.5152266729268876,0.3859217583726525,0.6684359600490299,0.0229444706837198,0.0213229853988552,0.0156848918308287,0.0307514258975955,2.7489699756664043,1.2068057539262926,100,2.7884705671700987,1.8687497706399152,3.585124640975118,0.0,,10.0,16.0,,,disjoint,northrop,OLS,ols,0.1206805753926292,2.628289400273775,2.8696505510590335,0,0.0,0.0032047197033699,0.0,0.0369948074760019,universal_frechet_max_ar_xi1.00_theta0.15,Northrop-disjoint-OLS
universal,frechet_max_ar,1.0,0.15,0.85,northrop_sliding_fgls,log_wald,365.0,100,100,6,0.2268692199740945,0.0304896560457421,0.0768692199740945,0.0768692199740945,0.5124614664939635,0.2032643736382809,0.496840418461453,0.3610522984471008,0.6236401250186177,0.0954412704571048,0.0954784393692597,0.0811357385356265,0.1083183644909579,1.475476251246259,1.0274834358279743,100,1.3486670299417876,0.6927219233262518,1.9795331008876256,0.06,,12.0,19.0,,,sliding,northrop,FGLS,bootstrap_cov,0.1027483435827974,1.3727279076634615,1.5782245948290563,0,0.0,0.0030489656045742,0.0277857452666566,0.124769685312225,universal_frechet_max_ar_xi1.00_theta0.15,Northrop-sliding-FGLS
universal,frechet_max_ar,1.0,0.15,0.85,northrop_sliding_ols,log_wald,365.0,100,100,1,0.221108771891882,0.0326645776958545,0.0711087718918821,0.0711087718918821,0.474058479279214,0.2177638513056969,0.4541458743176716,0.3341576771066969,0.5961642375612364,0.0097413001164952,0.0093157016998711,0.0050033733833158,0.0142419741973365,2.6640434372232056,1.3555614021945463,100,2.5647635323341653,1.7948514290623545,3.437308272146313,0.01,,12.0,19.0,,,sliding,northrop,OLS,ols,0.1355561402194546,2.528487297003751,2.79959957744266,0,0.0,0.0032664577695854,0.0017673865655472,0.0544875247609346,universal_frechet_max_ar_xi1.00_theta0.15,Northrop-sliding-OLS
universal,frechet_max_ar,1.0,0.25,0.75,bb_disjoint_fgls,log_wald,365.0,100,100,24,0.3324609265140377,0.038310184383786,0.0824609265140377,0.0828899542334418,0.3315598169337672,0.1494530588229305,0.3347476476245601,0.2372663061166068,0.4168048804862943,0.1343919173998787,0.128489852890615,0.1126168189065332,0.1484247367463158,1.2236450044213305,1.1062078377730398,100,0.9236989425012604,0.2493292977753394,1.7684404705734535,0.24,,9.0,14.0,,,disjoint,bb,FGLS,bootstrap_cov,0.1106207837773039,1.1130242206440266,1.3342657881986344,0,0.0,0.0038310184383786,0.1669121126545996,0.3323251872329213,universal_frechet_max_ar_xi1.00_theta0.25,BB-disjoint-FGLS
universal,frechet_max_ar,1.0,0.25,0.75,bb_disjoint_ols,log_wald,365.0,100,100,4,0.3288366808771256,0.0390316948471147,0.0788366808771256,0.0792867623836843,0.3171470495347373,0.152398734481176,0.3150935941868854,0.215980033025656,0.4080753056153942,0.0293752512264198,0.027281803002123,0.0214714526419812,0.0357146523248297,2.6405184411613396,1.4534469009717006,100,2.5873341237483407,1.5854864486565126,3.534182015719062,0.04,,9.0,14.0,,,disjoint,bb,OLS,ols,0.14534469009717,2.4951737510641694,2.78586313125851,0,0.0,0.0039031694847114,0.015663050551848,0.0983721723260737,universal_frechet_max_ar_xi1.00_theta0.25,BB-disjoint-OLS
universal,frechet_max_ar,1.0,0.25,0.75,bb_sliding_fgls,log_wald,365.0,100,100,34,0.3261370391919484,0.0401691292240086,0.0761370391919484,0.0768814616037067,0.3075258464148271,0.1548417479154216,0.2973376040077152,0.2064872414337676,0.4100424391053818,0.1359028415267368,0.1332880267838855,0.1210469594753588,0.1534768902083519,1.0790090412758928,1.116036107257518,100,0.6722330884652357,0.1440689127715737,1.6264350975398596,0.34,,12.0,16.0,,,sliding,bb,FGLS,bootstrap_cov,0.1116036107257518,0.967405430550141,1.190612652001645,0,0.0,0.0040169129224008,0.25461379497543,0.4372245434168906,universal_frechet_max_ar_xi1.00_theta0.25,BB-sliding-FGLS
universal,frechet_max_ar,1.0,0.25,0.75,bb_sliding_ols,log_wald,365.0,100,100,3,0.3207439848314291,0.0401862978942655,0.0707439848314291,0.0716999882043841,0.2867999528175365,0.1537471220068174,0.2835662581256289,0.1865185728048467,0.3833414243057361,0.0090715916936591,0.007337274797148,0.0032629207432182,0.0137528817056814,2.7005883601965683,1.556433824719767,100,2.691844855708366,1.63884938151051,3.6614034914915505,0.03,,12.0,16.0,,,sliding,bb,OLS,ols,0.1556433824719767,2.5449449777245916,2.856231742668545,0,0.0,0.0040186297894265,0.0102543382234148,0.0845207808040269,universal_frechet_max_ar_xi1.00_theta0.25,BB-sliding-OLS
universal,frechet_max_ar,1.0,0.25,0.75,northrop_disjoint_fgls,log_wald,365.0,100,100,26,0.3327222031425089,0.0406816159480489,0.0827222031425089,0.0829821637338661,0.3319286549354647,0.1605730813662913,0.3250858634397913,0.2410319904185464,0.4213521646872306,0.1338645061887272,0.1289594366879545,0.1153601289703259,0.1492430326744279,1.2615204512479337,1.1701121395102538,100,0.8837157309036359,0.1675841917567604,1.977858521366093,0.26,,9.0,14.0,,,disjoint,northrop,FGLS,bootstrap_cov,0.1170112139510253,1.1445092372969083,1.378531665198959,0,0.0,0.0040681615948048,0.1840457812698646,0.3537117263186163,universal_frechet_max_ar_xi1.00_theta0.25,Northrop-disjoint-FGLS
universal,frechet_max_ar,1.0,0.25,0.75,northrop_disjoint_ols,log_wald,365.0,100,100,5,0.3298170771104023,0.0411181267920562,0.0798170771104022,0.0800858906054664,0.3203435624218657,0.1623468924338364,0.3271067648828299,0.2237218730264777,0.4147148043975025,0.0320683372056284,0.0294924484272525,0.0220296705444224,0.0396634003203974,2.634504049374487,1.5250513663983247,100,2.720557143825218,1.6134010314284108,3.469707049798033,0.05,,9.0,14.0,,,disjoint,northrop,OLS,ols,0.1525051366398324,2.4819989127346544,2.7870091860143194,0,0.0,0.0041118126792056,0.0215433614563135,0.1117519652720881,universal_frechet_max_ar_xi1.00_theta0.25,Northrop-disjoint-OLS
universal,frechet_max_ar,1.0,0.25,0.75,northrop_sliding_fgls,log_wald,365.0,100,100,35,0.3259678969651729,0.0418746577497151,0.0759678969651729,0.0769086006958991,0.3076344027835964,0.160410614543325,0.2900624107239249,0.2131591856158681,0.4040853540870526,0.1336632993566461,0.1311911056680415,0.1205328079142242,0.1458007316009256,1.1037096104720667,1.1649269276945022,100,0.6525588884489262,0.1447249213774085,1.7370618093192205,0.35,,12.0,16.0,,,sliding,northrop,FGLS,bootstrap_cov,0.1164926927694502,0.9872169177026164,1.220202303241517,0,0.0,0.0041874657749715,0.2636410465347802,0.4474573957080203,universal_frechet_max_ar_xi1.00_theta0.25,Northrop-sliding-FGLS
universal,frechet_max_ar,1.0,0.25,0.75,northrop_sliding_ols,log_wald,365.0,100,100,1,0.3207998501508189,0.0414264962617831,0.070799850150819,0.072016092823523,0.2880643712940923,0.1570070680987318,0.2797523045158336,0.177535083372139,0.3754317260683505,0.0088031419920501,0.0049973935439027,0.0023797315875503,0.0138012655647512,2.7163029283528743,1.5833761634092949,100,2.734257240561713,1.7000730742253942,3.658995456500417,0.01,,12.0,16.0,,,sliding,northrop,OLS,ols,0.1583376163409294,2.557965312011945,2.8746405446938037,0,0.0,0.0041426496261783,0.0017673865655472,0.0544875247609346,universal_frechet_max_ar_xi1.00_theta0.25,Northrop-sliding-OLS
universal,frechet_max_ar,1.0,0.4,0.6,bb_disjoint_fgls,log_wald,365.0,100,100,64,0.4722317523406798,0.0613521691614242,0.0722317523406797,0.0748751637441667,0.1871879093604169,0.1451571700154796,0.1509544707963998,0.0731998501989725,0.2821379779456979,0.1942639913241619,0.1853527205663624,0.1642496601852616,0.2128512682815263,0.8318817390026478,1.2524842685192523,100,0.2261071511718731,0.1714785065171036,1.0355898501680283,0.64,,10.0,15.0,,,disjoint,bb,FGLS,bootstrap_cov,0.1252484268519252,0.7066333121507226,0.9571301658545732,0,0.0,0.0061352169161424,0.542352199811621,0.7272892540950986,universal_frechet_max_ar_xi1.00_theta0.40,BB-disjoint-FGLS
universal,frechet_max_ar,1.0,0.4,0.6,bb_disjoint_ols,log_wald,365.0,100,100,16,0.4696511563230611,0.0615129936717941,0.069651156323061,0.0729104264606773,0.1822760661516934,0.1439294158568137,0.1518535290095701,0.0730296714743334,0.2688854424998981,0.0406663216622536,0.0370436326979777,0.0266744807685152,0.0488223596349767,2.2367722106219414,2.0318107322508197,100,1.6910501462830887,0.6536078554576777,3.5110873963926608,0.16,,10.0,15.0,,,disjoint,bb,OLS,ols,0.2031810732250819,2.0335911373968596,2.4399532838470233,0,0.0,0.0061512993671794,0.1009520234947371,0.2442044455889441,universal_frechet_max_ar_xi1.00_theta0.40,BB-disjoint-OLS
universal,frechet_max_ar,1.0,0.4,0.6,bb_sliding_fgls,log_wald,365.0,100,100,63,0.470335972564246,0.0607505551267938,0.070335972564246,0.0740472184100824,0.185118046025206,0.140298251279163,0.1631303426349362,0.0836807590263774,0.2616930277730556,0.1844694305855201,0.1785745152533569,0.1580371355942339,0.2053811057107828,0.8519150916136582,1.3278507860883753,100,0.207989126754292,0.1726124861237748,0.9120389606778992,0.63,,11.0,16.0,,,sliding,bb,FGLS,bootstrap_cov,0.1327850786088375,0.7191300130048206,0.9847001702224958,0,0.0,0.0060750555126793,0.5322034757513312,0.7181778743049083,universal_frechet_max_ar_xi1.00_theta0.40,BB-sliding-FGLS
universal,frechet_max_ar,1.0,0.4,0.6,bb_sliding_ols,log_wald,365.0,100,100,4,0.4660296835669386,0.0627025772959312,0.0660296835669385,0.0702405267282401,0.1756013168206004,0.1447412482404736,0.1492758556340515,0.0699453071374389,0.2514044277940648,0.0091652184476459,0.0055977816550907,0.0032233629800589,0.01323860590968,2.640148249388011,2.304699540646899,100,2.0563082574551843,0.8609955137018134,3.915886757553258,0.04,,11.0,16.0,,,sliding,bb,OLS,ols,0.2304699540646899,2.4096782953233213,2.870618203452701,0,0.0,0.0062702577295931,0.015663050551848,0.0983721723260737,universal_frechet_max_ar_xi1.00_theta0.40,BB-sliding-OLS
universal,frechet_max_ar,1.0,0.4,0.6,northrop_disjoint_fgls,log_wald,365.0,100,100,65,0.4735371181947648,0.0616787535529046,0.0735371181947648,0.0762737808787098,0.1906844521967746,0.1455623902192169,0.1647738540272432,0.0802236437102502,0.2626018991344725,0.1971774878989472,0.1875536475096771,0.1689675301221122,0.2108924893414597,0.8218090202848012,1.2446753603604108,100,0.2161654909752308,0.1763032769441151,0.9985051791002424,0.65,,10.0,15.0,,,disjoint,northrop,FGLS,bootstrap_cov,0.124467536036041,0.6973414842487601,0.9462765563208424,0,0.0,0.0061678753552904,0.5525426042919797,0.7363589534652197,universal_frechet_max_ar_xi1.00_theta0.40,Northrop-disjoint-FGLS
universal,frechet_max_ar,1.0,0.4,0.6,northrop_disjoint_ols,log_wald,365.0,100,100,17,0.4712674590249943,0.0612912371596774,0.0712674590249943,0.074369220731148,0.18592305182787,0.1436210844592731,0.1608264244856502,0.0716386368352761,0.2636234095069852,0.0438556628605902,0.0404513167361353,0.0280624852948031,0.0523264309101924,2.2460693623760863,2.03650674078301,100,1.7754116177044703,0.4700274606506968,3.279616633213072,0.17,,10.0,15.0,,,disjoint,northrop,OLS,ols,0.203650674078301,2.0424186882977855,2.449720036454387,0,0.0,0.0061291237159677,0.1089347605977315,0.2554818123364297,universal_frechet_max_ar_xi1.00_theta0.40,Northrop-disjoint-OLS
universal,frechet_max_ar,1.0,0.4,0.6,northrop_sliding_fgls,log_wald,365.0,100,100,65,0.4713911863352127,0.0606578823442883,0.0713911863352127,0.0756731317021034,0.1891828292552587,0.1379152025083353,0.1676627697439306,0.085185976034181,0.2561301402556181,0.1835765195121787,0.1787892334712421,0.1588681821061562,0.2062236738166071,0.8621366405262723,1.3316820390646806,100,0.2100507657945033,0.1719746392811554,0.9336709659455976,0.65,,11.0,16.0,,,sliding,northrop,FGLS,bootstrap_cov,0.133168203906468,0.7289684366198041,0.9953048444327404,0,0.0,0.0060657882344288,0.5525426042919797,0.7363589534652197,universal_frechet_max_ar_xi1.00_theta0.40,Northrop-sliding-FGLS
universal,frechet_max_ar,1.0,0.4,0.6,northrop_sliding_ols,log_wald,365.0,100,100,2,0.4671405193847294,0.0626925929124553,0.0671405193847293,0.0719986922010819,0.1799967305027047,0.142468658138685,0.1546185930643943,0.0762545695924162,0.2397009218728995,0.0102880647068866,0.0066556976960795,0.0031086313021628,0.0136928722040833,2.688160908600222,2.2341390950594255,100,2.2254362743217864,1.112361670524383,3.6938456962575823,0.02,,11.0,16.0,,,sliding,northrop,OLS,ols,0.2234139095059425,2.4647469990942796,2.9115748181061645,0,0.0,0.0062692592912455,0.0055018522349681,0.0700131629419936,universal_frechet_max_ar_xi1.00_theta0.40,Northrop-sliding-OLS
universal,frechet_max_ar,1.0,0.6,0.4,bb_disjoint_fgls,log_wald,365.0,100,100,86,0.6468800345154261,0.0703541893594215,0.0468800345154261,0.0651940063775222,0.1086566772958704,0.0893877103687159,0.0832855053887282,0.0390813760377657,0.1607138478872304,0.2429659314744662,0.2425478945522269,0.2101213465343865,0.2686084490853905,0.4868790145834098,0.7846612639710402,100,0.249864979688088,0.2105896534109917,0.2939222850214186,0.86,,9.0,14.0,,,disjoint,bb,FGLS,bootstrap_cov,0.078466126397104,0.4084128881863058,0.5653451409805138,0,0.0,0.0070354189359421,0.7786263961619276,0.914737342455351,universal_frechet_max_ar_xi1.00_theta0.60,BB-disjoint-FGLS
universal,frechet_max_ar,1.0,0.6,0.4,bb_disjoint_ols,log_wald,365.0,100,100,31,0.6443544379526258,0.0706179883126735,0.0443544379526258,0.0638387801522706,0.106397966920451,0.0890931615174694,0.0780147323619766,0.038973496914294,0.1559850383411043,0.0584015392881612,0.0517889212744461,0.0374918351245971,0.0762694553530544,1.6010699464368927,1.8322961989430984,100,0.950197126437064,0.0742526582940193,2.6462014864624095,0.31,,9.0,14.0,,,disjoint,bb,OLS,ols,0.1832296198943098,1.4178403265425827,1.784299566331203,0,0.0,0.0070617988312673,0.2277956320613237,0.4062623947795569,universal_frechet_max_ar_xi1.00_theta0.60,BB-disjoint-OLS
universal,frechet_max_ar,1.0,0.6,0.4,bb_sliding_fgls,log_wald,365.0,100,100,82,0.644907954965108,0.0695153156978769,0.044907954965108,0.0623112715117566,0.103852119186261,0.0904857385186723,0.0846630120956829,0.0368437493749479,0.1503741934706829,0.2275079057091301,0.2284057858685956,0.1958959329690264,0.2520843102591582,0.51395125205549,0.8887082793288082,100,0.2363765589004412,0.2031579743220979,0.2853478408774418,0.82,,10.0,16.0,,,sliding,bb,FGLS,bootstrap_cov,0.0888708279328808,0.4250804241226091,0.6028220799883708,0,0.0,0.0069515315697876,0.7333246397578691,0.8829986834574896,universal_frechet_max_ar_xi1.00_theta0.60,BB-sliding-FGLS
universal,frechet_max_ar,1.0,0.6,0.4,bb_sliding_ols,log_wald,365.0,100,100,16,0.6406398812667972,0.071627040429582,0.0406398812667971,0.0617875707013432,0.1029792845022387,0.0904072443491541,0.0817399352583102,0.0271260712115547,0.1522719097669919,0.0112622389863175,0.0067199062389879,0.0032991585067947,0.0124876775843875,2.283573735945432,2.151900599984682,100,1.7124947614943602,0.4101071884397456,3.5423837604098876,0.16,,10.0,16.0,,,sliding,bb,OLS,ols,0.2151900599984681,2.068383675946964,2.4987637959439004,0,0.0,0.0071627040429582,0.1009520234947371,0.2442044455889441,universal_frechet_max_ar_xi1.00_theta0.60,BB-sliding-OLS
universal,frechet_max_ar,1.0,0.6,0.4,northrop_disjoint_fgls,log_wald,365.0,100,100,84,0.6477025097426835,0.0718484587713885,0.0477025097426834,0.0659909909119892,0.1099849848533154,0.0922243149901016,0.0798430954241229,0.0363789221549175,0.1653327754274343,0.2475251400610451,0.2459924533556801,0.2164383125066996,0.2676211224370478,0.4982270658919746,0.7819705997811849,100,0.2514334482445711,0.2164383125066996,0.2984979357262414,0.84,,9.0,14.0,,,disjoint,northrop,FGLS,bootstrap_cov,0.0781970599781184,0.4200300059138561,0.5764241258700931,0,0.0,0.0071848458771388,0.7557955544110557,0.8990479765052628,universal_frechet_max_ar_xi1.00_theta0.60,Northrop-disjoint-FGLS
universal,frechet_max_ar,1.0,0.6,0.4,northrop_disjoint_ols,log_wald,365.0,100,100,32,0.6447805470837769,0.0717787406776911,0.0447805470837769,0.0635356616039659,0.1058927693399432,0.0927988368830941,0.0723008668362859,0.0341775668166983,0.1608572202693006,0.0601911596926346,0.0526371681545429,0.0362757717389138,0.0786678819195151,1.6243649215607738,1.880936312089274,100,1.0472611916863128,0.0759615176013903,2.4888942050196134,0.32,,9.0,14.0,,,disjoint,northrop,OLS,ols,0.1880936312089274,1.4362712903518464,1.8124585527697012,0,0.0,0.0071778740677691,0.2366901081545688,0.4166280225367919,universal_frechet_max_ar_xi1.00_theta0.60,Northrop-disjoint-OLS
universal,frechet_max_ar,1.0,0.6,0.4,northrop_sliding_fgls,log_wald,365.0,100,100,84,0.6449711261509741,0.0697098709643839,0.0449711261509741,0.0622809254218109,0.1038015423696848,0.0910464164971037,0.0800492534380351,0.0259621782176183,0.1558159372293489,0.2327921605295144,0.2342629240463394,0.2054630593499027,0.2551085541221572,0.5043992385142215,0.8376401053773048,100,0.2418129013990184,0.2094089463114803,0.2834871305072589,0.84,,10.0,16.0,,,sliding,northrop,FGLS,bootstrap_cov,0.0837640105377304,0.420635227976491,0.588163249051952,0,0.0,0.0069709870964383,0.7557955544110557,0.8990479765052628,universal_frechet_max_ar_xi1.00_theta0.60,Northrop-sliding-FGLS
universal,frechet_max_ar,1.0,0.6,0.4,northrop_sliding_ols,log_wald,365.0,100,100,13,0.6412966634804133,0.071255775650539,0.0412966634804133,0.0619567268788766,0.1032612114647944,0.0901020452319522,0.0782735479759429,0.0262473658037944,0.1555245346222057,0.012461738852444,0.0076092022715976,0.004084659309936,0.0160051788327791,2.2694175025841137,2.152314599309966,100,1.722782561058323,0.4186254246118527,3.579066304304446,0.13,,10.0,16.0,,,sliding,northrop,OLS,ols,0.2152314599309966,2.054186042653117,2.4846489625151102,0,0.0,0.0071255775650539,0.0775709385841426,0.2098052189480987,universal_frechet_max_ar_xi1.00_theta0.60,Northrop-sliding-OLS
universal,frechet_max_ar,1.0,0.8,0.1999999999999999,bb_disjoint_fgls,log_wald,365.0,100,100,71,0.8428740548880397,0.0940398128339544,0.0428740548880395,0.0819682350941398,0.1024602938676748,0.0781982691975614,0.0826951027758415,0.0398221666842943,0.1491587692791165,0.220799812743308,0.2251576464941465,0.1966277484459554,0.262272587778797,0.9294151543034092,1.3944326626249854,100,0.2645870444400864,0.2276023136757166,0.4253895245569776,0.71,,10.0,16.0,,,disjoint,bb,FGLS,mixed,0.1394432662624985,0.7899718880409108,1.0688584205659075,0,0.0,0.0094039812833954,0.6146092505999207,0.7898529302601586,universal_frechet_max_ar_xi1.00_theta0.80,BB-disjoint-FGLS
universal,frechet_max_ar,1.0,0.8,0.1999999999999999,bb_disjoint_ols,log_wald,365.0,100,100,38,0.8398436174501823,0.0933665798079524,0.0398436174501823,0.0790750480942805,0.0988438101178506,0.0791047970281196,0.0822141090814212,0.0339833855747985,0.1465518893402856,0.0705164235105781,0.0701945279001227,0.0444003123290825,0.0941835885980333,2.1694887029484087,2.608151092444531,100,1.0513008791170115,0.1118713792958336,3.418322858159802,0.38,,10.0,16.0,,,disjoint,bb,OLS,mixed,0.2608151092444531,1.9086735937039556,2.4303038121928617,0,0.0,0.0093366579807952,0.2909744920013438,0.4779042617928966,universal_frechet_max_ar_xi1.00_theta0.80,BB-disjoint-OLS
universal,frechet_max_ar,1.0,0.8,0.1999999999999999,bb_sliding_fgls,log_wald,365.0,100,100,77,0.8328856373227395,0.089341912444074,0.0328856373227393,0.0726431025068158,0.0908038781335197,0.0764857296128268,0.0688692626308629,0.0322993782448483,0.1285790338531901,0.2164364649569419,0.2256212097062725,0.1986056190636808,0.2471347165024768,0.8812768582675379,1.4730004067725688,100,0.2455507430410777,0.2203203856231417,0.3158034826345531,0.77,,10.0,15.0,,,sliding,bb,FGLS,mixed,0.1473000406772568,0.733976817590281,1.0285768989447948,0,0.0,0.0089341912444074,0.6784543514317231,0.841568452531236,universal_frechet_max_ar_xi1.00_theta0.80,BB-sliding-FGLS
universal,frechet_max_ar,1.0,0.8,0.1999999999999999,bb_sliding_ols,log_wald,365.0,100,100,3,0.8310525591286289,0.0911001937142488,0.0310525591286288,0.0752075660814707,0.0940094576018384,0.0745814951775786,0.07817998245224,0.0354153934279946,0.1256068141050359,0.0147115314873687,0.0119293620098676,0.0048446239503956,0.0208596576542576,2.7311411035209443,2.4051965684290435,100,2.117750848930778,0.8947269264925718,3.9074280434232262,0.03,,10.0,15.0,,,sliding,bb,OLS,mixed,0.2405196568429043,2.49062144667804,2.9716607603638487,0,0.0,0.0091100193714248,0.0102543382234148,0.0845207808040269,universal_frechet_max_ar_xi1.00_theta0.80,BB-sliding-OLS
universal,frechet_max_ar,1.0,0.8,0.1999999999999999,northrop_disjoint_fgls,log_wald,365.0,100,100,70,0.8483432680472173,0.0953240739519172,0.0483432680472172,0.0841338173812173,0.1051672717265217,0.0819427983073034,0.0880659595982076,0.041273051263539,0.160468069227692,0.2186522773867971,0.2295101513943526,0.1881966406856985,0.2587013465479209,0.9739251816547,1.412497974360032,100,0.2659669390485984,0.2329395417886732,0.5807804949431385,0.7,,9.0,15.5,,,disjoint,northrop,FGLS,mixed,0.1412497974360032,0.8326753842186968,1.1151749790907033,0,0.0,0.0095324073951917,0.6041496156718804,0.7810524613377188,universal_frechet_max_ar_xi1.00_theta0.80,Northrop-disjoint-FGLS
universal,frechet_max_ar,1.0,0.8,0.1999999999999999,northrop_disjoint_ols,log_wald,365.0,100,100,38,0.8450045459394231,0.0942816295227268,0.0450045459394229,0.0810803377868037,0.1013504222335046,0.0819152388628067,0.0815374047028943,0.03368083863677,0.1541107704327031,0.0705623369084369,0.0727125831640327,0.0443912882370362,0.0947561041608939,2.284799614538747,2.697334063225046,100,1.2035735141996615,0.1068792196978548,3.700951622754598,0.38,,9.0,15.5,,,disjoint,northrop,OLS,mixed,0.2697334063225046,2.0150662082162425,2.5545330208612516,0,0.0,0.0094281629522726,0.2909744920013438,0.4779042617928966,universal_frechet_max_ar_xi1.00_theta0.80,Northrop-disjoint-OLS
universal,frechet_max_ar,1.0,0.8,0.1999999999999999,northrop_sliding_fgls,log_wald,365.0,100,100,76,0.8341625016413772,0.0895451099664333,0.0341625016413771,0.0722956217396345,0.0903695271745432,0.0782398201436164,0.0685991409045978,0.0284825495546675,0.1385972671568192,0.2195119799620711,0.2286380086803928,0.2018607176692239,0.252231394298778,0.8836544621330874,1.4531097604411458,100,0.2498101085391684,0.2263637629341036,0.3177710942895455,0.76,,10.0,15.0,,,sliding,northrop,FGLS,mixed,0.1453109760441145,0.7383434860889728,1.028965438177202,0,0.0,0.0089545109966433,0.6676748127670786,0.8330878873454004,universal_frechet_max_ar_xi1.00_theta0.80,Northrop-sliding-FGLS
universal,frechet_max_ar,1.0,0.8,0.1999999999999999,northrop_sliding_ols,log_wald,365.0,100,100,6,0.8316513890680882,0.0909409408769885,0.0316513890680881,0.0743837004805326,0.0929796256006658,0.0759662890525022,0.0711236349586027,0.0358687371172719,0.1277936286601367,0.0157516947491651,0.0120775289296884,0.0056178307256537,0.0229842050718276,2.6914921103095177,2.4467027269666803,100,2.13590254846162,0.7895892982092168,3.731949652865884,0.06,,10.0,15.0,,,sliding,northrop,OLS,mixed,0.244670272696668,2.4468218376128497,2.936162383006186,0,0.0,0.0090940940876988,0.0277857452666566,0.124769685312225,universal_frechet_max_ar_xi1.00_theta0.80,Northrop-sliding-OLS
universal,frechet_max_ar,1.0,1.0,0.0,bb_disjoint_fgls,log_wald,365.0,100,100,88,0.9679630909522676,0.0513744480200735,-0.0320369090477322,0.0320369090477322,0.0320369090477322,0.0513744480200735,0.0016323038569426,0.0,0.0557363809151446,0.0905351986262281,0.0667608834042568,0.0405394524033431,0.1304838844387023,0.2831335147490069,0.7132310526181027,100,0.0673465169988711,0.0405394524033431,0.1358102988563899,0.88,,9.0,14.0,,,disjoint,bb,FGLS,mixed,0.0713231052618102,0.2118104094871966,0.3544566200108171,0,0.0,0.0051374448020073,0.8018773199709163,0.9300066263473222,universal_frechet_max_ar_xi1.00_theta1.00,BB-disjoint-FGLS
universal,frechet_max_ar,1.0,1.0,0.0,bb_disjoint_ols,log_wald,365.0,100,100,68,0.9656553503965298,0.0535346335274722,-0.0343446496034701,0.0343446496034701,0.0343446496034701,0.0535346335274722,0.0017797557993623,0.0,0.0636377653910031,0.0309837270322802,0.0052588171581721,0.0,0.0568092259259647,0.7937184350836591,1.6567753821159434,100,0.0052588171581721,0.0,0.8573290510260534,0.68,,9.0,14.0,,,disjoint,bb,OLS,mixed,0.1656775382115943,0.6280408968720648,0.9593959732952536,0,0.0,0.0053534633527472,0.5833719774632081,0.7633098918454312,universal_frechet_max_ar_xi1.00_theta1.00,BB-disjoint-OLS
universal,frechet_max_ar,1.0,1.0,0.0,bb_sliding_fgls,log_wald,365.0,100,98,85,0.9661644901964426,0.0537266266853474,-0.0338355098035574,0.0338355098035574,0.0338355098035574,0.0537266266853474,0.0,0.0,0.0606809050316176,0.0837513485036641,0.0480897837286986,0.0244321954247296,0.146161726560528,0.2534088812916081,0.6166532593207255,98,0.0480897837286986,0.0244321954247296,0.146161726560528,0.85,,8.0,11.0,,,sliding,bb,FGLS,mixed,0.0622913859009245,0.1911174953906836,0.3157002671925326,2,0.02,0.005427208865641,0.7671626666784216,0.906940968088377,universal_frechet_max_ar_xi1.00_theta1.00,BB-sliding-FGLS
universal,frechet_max_ar,1.0,1.0,0.0,bb_sliding_ols,log_wald,365.0,100,100,59,0.9642889753629588,0.056347424840314,-0.0357110246370414,0.0357110246370414,0.0357110246370414,0.056347424840314,0.0,0.0,0.060139276346917,0.0056180407895839,0.0,0.0,0.0073222626964093,1.320817447113109,2.14129671546248,100,0.0,0.0,2.128942831476353,0.59,,8.0,11.0,,,sliding,bb,OLS,mixed,0.214129671546248,1.1066877755668614,1.5349471186593573,0,0.0,0.0056347424840314,0.4920125056109662,0.6813284290433533,universal_frechet_max_ar_xi1.00_theta1.00,BB-sliding-OLS
universal,frechet_max_ar,1.0,1.0,0.0,northrop_disjoint_fgls,log_wald,365.0,100,100,88,0.9684923918714852,0.05236780781451,-0.0315076081285148,0.0315076081285148,0.0315076081285148,0.05236780781451,4.55400820614793e-05,0.0,0.0499032188878607,0.0910177360201347,0.0664736036168643,0.0421120896315006,0.129097333222646,0.2827483018987311,0.7250570321617307,100,0.0682249066054447,0.0421120896315006,0.1342784637316544,0.88,,9.0,14.0,,,disjoint,northrop,FGLS,mixed,0.072505703216173,0.210242598682558,0.3552540051149042,0,0.0,0.005236780781451,0.8018773199709163,0.9300066263473222,universal_frechet_max_ar_xi1.00_theta1.00,Northrop-disjoint-FGLS
universal,frechet_max_ar,1.0,1.0,0.0,northrop_disjoint_ols,log_wald,365.0,100,100,70,0.9658845918912882,0.0545992038907711,-0.0341154081087118,0.0341154081087118,0.0341154081087118,0.054599203890771,4.317129789438434e-05,0.0,0.0635097494199933,0.0312963344979426,0.0001277762292705,0.0,0.0561889442590054,0.7842123759228545,1.6757681282008547,100,0.0001277762292705,0.0,0.8019962861251446,0.7,,9.0,14.0,,,disjoint,northrop,OLS,mixed,0.1675768128200854,0.6166355631027691,0.95178918874294,0,0.0,0.0054599203890771,0.6041496156718804,0.7810524613377188,universal_frechet_max_ar_xi1.00_theta1.00,Northrop-disjoint-OLS
universal,frechet_max_ar,1.0,1.0,0.0,northrop_sliding_fgls,log_wald,365.0,100,99,88,0.9667300451021272,0.0536626319865417,-0.0332699548978727,0.0332699548978727,0.0332699548978727,0.0536626319865417,0.0,0.0,0.0598406047292947,0.0835567301753309,0.0464290709008087,0.023197196653376,0.1410395998475608,0.2301915335730717,0.5553438533192171,99,0.0464290709008087,0.023197196653376,0.1410395998475608,0.88,,8.0,11.0,,,sliding,northrop,FGLS,mixed,0.0558141573057578,0.1743773762673139,0.2860056908788295,1,0.01,0.0053932974412813,0.8018773199709163,0.9300066263473222,universal_frechet_max_ar_xi1.00_theta1.00,Northrop-sliding-FGLS
universal,frechet_max_ar,1.0,1.0,0.0,northrop_sliding_ols,log_wald,365.0,100,100,63,0.9652152871317284,0.0560838970379949,-0.0347847128682714,0.0347847128682714,0.0347847128682714,0.0560838970379949,0.0,0.0,0.0608423285683683,0.0053466925979684,0.0,0.0,0.0068649362264956,1.289621913719286,2.12853897507116,100,0.0,0.0,2.216042242949377,0.63,,8.0,11.0,,,sliding,northrop,OLS,mixed,0.212853897507116,1.07676801621217,1.5024758112264018,0,0.0,0.0056083897037994,0.5322034757513312,0.7181778743049083,universal_frechet_max_ar_xi1.00_theta1.00,Northrop-sliding-OLS
universal,frechet_max_ar,5.0,0.1,0.5904900000000001,bb_disjoint_fgls,log_wald,365.0,100,100,1,0.1939073851125119,0.028509784456925,0.0939073851125119,0.0939073851125119,0.9390738511251194,0.2850978445692499,0.9443616977855164,0.7155786109236609,1.1348925722385363,0.0722762621241075,0.0717773202942605,0.0626574372370054,0.0801045037498728,2.522273345532859,1.0391181118826345,100,2.5448631473937975,1.684517669827558,3.282800372427715,0.01,,10.0,15.0,,,disjoint,bb,FGLS,bootstrap_cov,0.1039118111882634,2.418361534344596,2.6261851567211227,0,0.0,0.0028509784456925,0.0017673865655472,0.0544875247609346,universal_frechet_max_ar_xi5.00_theta0.10,BB-disjoint-FGLS
universal,frechet_max_ar,5.0,0.1,0.5904900000000001,bb_disjoint_ols,log_wald,365.0,100,100,0,0.1884975893439623,0.0268488672427908,0.0884975893439623,0.0884975893439623,0.8849758934396234,0.2684886724279083,0.8586144242685091,0.6991360250575,1.0862212809084666,0.0184964635888342,0.017933308056626,0.0133976360842498,0.0238275121608647,3.1988123895278617,1.0121253573163702,100,3.088238537652586,2.51189906625196,3.949094055268235,0.0,,10.0,15.0,,,disjoint,bb,OLS,ols,0.101212535731637,3.0975998537962246,3.300024925259499,0,0.0,0.002684886724279,0.0,0.0369948074760019,universal_frechet_max_ar_xi5.00_theta0.10,BB-disjoint-OLS
universal,frechet_max_ar,5.0,0.1,0.5904900000000001,bb_sliding_fgls,log_wald,365.0,100,100,0,0.1849687455383074,0.0237299845150571,0.0849687455383074,0.0849687455383074,0.849687455383074,0.2372998451505709,0.788661835838016,0.6859898737152669,1.0189468349229394,0.0741018189393622,0.0721839282599933,0.0638750519123056,0.0819607106608417,2.1392187299373107,0.7528730920675044,100,1.992744278845012,1.6024817530550144,2.655247079642149,0.0,,12.0,16.0,,,sliding,bb,FGLS,bootstrap_cov,0.0752873092067504,2.0639314207305604,2.214506039144061,0,0.0,0.0023729984515057,0.0,0.0369948074760019,universal_frechet_max_ar_xi5.00_theta0.10,BB-sliding-FGLS
universal,frechet_max_ar,5.0,0.1,0.5904900000000001,bb_sliding_ols,log_wald,365.0,100,100,0,0.1780933686582556,0.0246700831303499,0.0780933686582556,0.0780933686582556,0.780933686582556,0.2467008313034991,0.7296327380000913,0.6052540795837751,0.9408294511425483,0.0117678712058965,0.0128724101683799,0.0103519098663317,0.014365824769123,2.9047392935721903,1.03063170379949,100,2.6785822997815196,2.1720982195459517,3.6182172847449854,0.0,,12.0,16.0,,,sliding,bb,OLS,ols,0.1030631703799489,2.801676123192242,3.0078024639521392,0,0.0,0.0024670083130349,0.0,0.0369948074760019,universal_frechet_max_ar_xi5.00_theta0.10,BB-sliding-OLS
universal,frechet_max_ar,5.0,0.1,0.5904900000000001,northrop_disjoint_fgls,log_wald,365.0,100,100,0,0.196820477832091,0.0283805408729816,0.096820477832091,0.096820477832091,0.9682047783209108,0.2838054087298163,0.972414710023126,0.7651140680314813,1.1387052240771882,0.0724395136908571,0.0712393090682775,0.064309605955807,0.0798865077904266,2.632063235920972,1.0392162933572346,100,2.59582606774841,1.79895241135321,3.293766118898897,0.0,,10.0,15.0,,,disjoint,northrop,FGLS,bootstrap_cov,0.1039216293357234,2.5281416065852484,2.735984865256696,0,0.0,0.0028380540872981,0.0,0.0369948074760019,universal_frechet_max_ar_xi5.00_theta0.10,Northrop-disjoint-FGLS
universal,frechet_max_ar,5.0,0.1,0.5904900000000001,northrop_disjoint_ols,log_wald,365.0,100,100,0,0.1908096642492227,0.0274517160465208,0.0908096642492227,0.0908096642492227,0.9080966424922274,0.2745171604652081,0.9059427075483404,0.7084117783985844,1.090145730737473,0.0193679925520724,0.0186347432608574,0.0127981315042831,0.0243421331422936,3.276185960992842,1.0526498168976248,100,3.1923618797108837,2.527478266125602,3.9322830493529906,0.0,,10.0,15.0,,,disjoint,northrop,OLS,ols,0.1052649816897624,3.1709209793030797,3.3814509426826045,0,0.0,0.002745171604652,0.0,0.0369948074760019,universal_frechet_max_ar_xi5.00_theta0.10,Northrop-disjoint-OLS
universal,frechet_max_ar,5.0,0.1,0.5904900000000001,northrop_sliding_fgls,log_wald,365.0,100,100,0,0.1870976186591784,0.023333037180488,0.0870976186591784,0.0870976186591784,0.8709761865917846,0.2333303718048807,0.842535137676016,0.6921260104003649,1.0128887880614958,0.073677568597226,0.0709077646329475,0.0638416660477829,0.082307055135087,2.229347048265145,0.7584234121341965,100,2.173562921806436,1.648281270866863,2.680828723279769,0.0,,12.0,16.0,,,sliding,northrop,FGLS,bootstrap_cov,0.0758423412134196,2.1535047070517255,2.3051893894785644,0,0.0,0.0023333037180488,0.0,0.0369948074760019,universal_frechet_max_ar_xi5.00_theta0.10,Northrop-sliding-FGLS
universal,frechet_max_ar,5.0,0.1,0.5904900000000001,northrop_sliding_ols,log_wald,365.0,100,100,0,0.1801433907916654,0.0240020210549366,0.0801433907916654,0.0801433907916654,0.8014339079166547,0.2400202105493659,0.7699709435203712,0.6219147018938131,0.9550594497209546,0.0120346713451523,0.0133423081408233,0.0095095021248641,0.0154256338601236,2.9819771958899195,0.9976652924734308,100,2.856286115819743,2.2358855110829228,3.6745966815891737,0.0,,12.0,16.0,,,sliding,northrop,OLS,ols,0.099766529247343,2.8822106666425764,3.0817437251372626,0,0.0,0.0024002021054936,0.0,0.0369948074760019,universal_frechet_max_ar_xi5.00_theta0.10,Northrop-sliding-OLS
universal,frechet_max_ar,5.0,0.15,0.4437053124999999,bb_disjoint_fgls,log_wald,365.0,100,100,8,0.2423115273611448,0.0370891093739056,0.0923115273611448,0.0923391929475398,0.6155946196502657,0.2467965390521114,0.6154691917198202,0.4612542921022804,0.7588768236729648,0.0929095350407286,0.0889901239821218,0.0815229964499915,0.1013858177526067,2.1478428540191907,1.312366203145084,100,2.1558760147392366,1.0818455629413228,2.977076019011576,0.08,,9.0,16.0,,,disjoint,bb,FGLS,bootstrap_cov,0.1312366203145084,2.016606233704682,2.2790794743336993,0,0.0,0.0037089109373905,0.0410929694858109,0.1499826687940307,universal_frechet_max_ar_xi5.00_theta0.15,BB-disjoint-FGLS
universal,frechet_max_ar,5.0,0.15,0.4437053124999999,bb_disjoint_ols,log_wald,365.0,100,100,1,0.234699280350354,0.035797008041241,0.084699280350354,0.0847381054491718,0.5649207029944787,0.2380271611707763,0.559070782144913,0.3738378788554264,0.7029944721898711,0.0194092575892807,0.0190972353286775,0.011959888651953,0.0253238622267231,3.0310263033793876,1.3780582900146958,100,2.9383687217150207,2.0094272728933884,3.837826549831004,0.01,,9.0,16.0,,,disjoint,bb,OLS,ols,0.1378058290014696,2.893220474377918,3.168832132380857,0,0.0,0.0035797008041241,0.0017673865655472,0.0544875247609346,universal_frechet_max_ar_xi5.00_theta0.15,BB-disjoint-OLS
universal,frechet_max_ar,5.0,0.15,0.4437053124999999,bb_sliding_fgls,log_wald,365.0,100,100,5,0.2315407272205192,0.0327524718859473,0.0815407272205192,0.0815407272205192,0.5436048481367951,0.218349812572982,0.5237405091367896,0.384428183330365,0.7353638495528646,0.096334217391261,0.0968712420628257,0.0831892510048305,0.1058543347366669,1.659372737841558,1.074087907620396,100,1.4770627005646348,0.8500879388782018,2.5390329026087755,0.05,,12.0,16.0,,,sliding,bb,FGLS,bootstrap_cov,0.1074087907620396,1.5519639470795183,1.7667815286035975,0,0.0,0.0032752471885947,0.0215433614563135,0.1117519652720881,universal_frechet_max_ar_xi5.00_theta0.15,BB-sliding-FGLS
universal,frechet_max_ar,5.0,0.15,0.4437053124999999,bb_sliding_ols,log_wald,365.0,100,100,2,0.2244556123647274,0.0335165812229254,0.0744556123647274,0.0745044297235021,0.4966961981566811,0.2227121638316742,0.4661323329493316,0.3369852688770101,0.6384717132509861,0.0113423423124105,0.0119967978349177,0.0046841023909647,0.0162281389461791,2.7736866714672685,1.3770810394702162,100,2.5637840520871547,1.7616447007106326,3.5599902125725382,0.02,,12.0,16.0,,,sliding,bb,OLS,ols,0.1377081039470216,2.635978567520247,2.91139477541429,0,0.0,0.0033516581222925,0.0055018522349681,0.0700131629419936,universal_frechet_max_ar_xi5.00_theta0.15,BB-sliding-OLS
universal,frechet_max_ar,5.0,0.15,0.4437053124999999,northrop_disjoint_fgls,log_wald,365.0,100,100,8,0.2404711923436947,0.03699412344582,0.0904711923436947,0.0904711923436947,0.6031412822912985,0.2466274896388,0.5655933874908057,0.4416759542145765,0.7808444887631474,0.0937944948445642,0.0916682640315375,0.0814136817638106,0.1024113020911085,2.0547740900478897,1.3033747323261955,100,1.8355994373453235,0.9773650634164984,2.944068460491614,0.08,,10.0,15.0,,,disjoint,northrop,FGLS,bootstrap_cov,0.1303374732326195,1.92443661681527,2.18511156328051,0,0.0,0.003699412344582,0.0410929694858109,0.1499826687940307,universal_frechet_max_ar_xi5.00_theta0.15,Northrop-disjoint-FGLS
universal,frechet_max_ar,5.0,0.15,0.4437053124999999,northrop_disjoint_ols,log_wald,365.0,100,100,0,0.2352461177822367,0.0362050792794398,0.0852461177822367,0.0852461177822367,0.5683074518815784,0.2413671951962657,0.5495168169860698,0.4011949830039233,0.7206793107989085,0.0198341535721457,0.0194481199596829,0.0131782380658865,0.0257482466562182,3.043058879468237,1.4124966374824282,100,2.8159852440310664,2.091721247567905,3.9829515852142023,0.0,,10.0,15.0,,,disjoint,northrop,OLS,ols,0.1412496637482428,2.9018092157199944,3.18430854321648,0,0.0,0.0036205079279439,0.0,0.0369948074760019,universal_frechet_max_ar_xi5.00_theta0.15,Northrop-disjoint-OLS
universal,frechet_max_ar,5.0,0.15,0.4437053124999999,northrop_sliding_fgls,log_wald,365.0,100,100,7,0.2327083540019225,0.0329381338698457,0.0827083540019226,0.0827083540019226,0.551389026679484,0.219587559132305,0.5256325974209857,0.3995412727980573,0.7334108660828198,0.0940256887031,0.0923340300733797,0.0819943147855366,0.1043455420881317,1.733817835598528,1.113800996277426,100,1.4688433787790431,0.928250388191319,2.579099895536069,0.07,,12.0,17.5,,,sliding,northrop,FGLS,bootstrap_cov,0.1113800996277426,1.6224377359707856,1.8451979352262704,0,0.0,0.0032938133869845,0.034318824364064,0.1374967100652975,universal_frechet_max_ar_xi5.00_theta0.15,Northrop-sliding-FGLS
universal,frechet_max_ar,5.0,0.15,0.4437053124999999,northrop_sliding_ols,log_wald,365.0,100,100,2,0.225433944460971,0.0338217047206507,0.075433944460971,0.075433944460971,0.5028929630731406,0.2254780314710051,0.4834400632946121,0.3421520483257301,0.655859085665961,0.0119121796022322,0.0127848252140602,0.0053927870995991,0.0173781730380605,2.79829325969885,1.3903683812799206,100,2.637191675373914,1.8718284953955449,3.809469501075946,0.02,,12.0,17.5,,,sliding,northrop,OLS,ols,0.139036838127992,2.6592564215708583,2.937330097826842,0,0.0,0.003382170472065,0.0055018522349681,0.0700131629419936,universal_frechet_max_ar_xi5.00_theta0.15,Northrop-sliding-OLS
universal,frechet_max_ar,5.0,0.25,0.2373046875,bb_disjoint_fgls,log_wald,365.0,100,100,33,0.3309878344609336,0.0481145656837588,0.0809878344609336,0.0821501844448887,0.3286007377795551,0.1843246079569966,0.3228435305547853,0.1965298182865975,0.4301300512409251,0.1369617223613946,0.1317713019888295,0.1157278212280924,0.1518007487870256,1.2819680678189158,1.3137811413891487,100,0.9638648399234622,0.1476756830911464,1.9940318972867892,0.33,,10.0,14.5,,,disjoint,bb,FGLS,bootstrap_cov,0.1313781141389148,1.1505899536800008,1.4133461819578308,0,0.0,0.0048114565683758,0.2456298379389545,0.4269483966028862,universal_frechet_max_ar_xi5.00_theta0.25,BB-disjoint-FGLS
universal,frechet_max_ar,5.0,0.25,0.2373046875,bb_disjoint_ols,log_wald,365.0,100,100,4,0.3278185744705655,0.0485940768758947,0.0778185744705655,0.0790359877086539,0.3161439508346156,0.1862685643986806,0.2844861669569483,0.1829893355736838,0.4131863313661238,0.0264006385433846,0.0253836717530248,0.0167872747215386,0.0326659117120833,2.683931312033975,1.7731410694080525,100,2.3650797878541083,1.4556107942013,3.727843881784776,0.04,,10.0,14.5,,,disjoint,bb,OLS,ols,0.1773141069408052,2.50661720509317,2.86124541897478,0,0.0,0.0048594076875894,0.015663050551848,0.0983721723260737,universal_frechet_max_ar_xi5.00_theta0.25,BB-disjoint-OLS
universal,frechet_max_ar,5.0,0.25,0.2373046875,bb_sliding_fgls,log_wald,365.0,100,100,36,0.3273685717292491,0.0442681315383634,0.0773685717292491,0.0780946245303259,0.3123784981213037,0.1718442473606657,0.2792877947602197,0.1967335816592448,0.4333788097760981,0.1346342621141591,0.1309036673931123,0.1185282624635855,0.1492958331722536,1.1308928161238376,1.3309586278480177,100,0.5091839123213451,0.1379414221323431,1.7464262323922233,0.36,,11.0,16.0,,,sliding,bb,FGLS,bootstrap_cov,0.1330958627848017,0.9977969533390358,1.2639886789086394,0,0.0,0.0044268131538363,0.2727107459049014,0.4576478001883791,universal_frechet_max_ar_xi5.00_theta0.25,BB-sliding-FGLS
universal,frechet_max_ar,5.0,0.25,0.2373046875,bb_sliding_ols,log_wald,365.0,100,100,1,0.3212381781096413,0.0457734231165342,0.0712381781096413,0.072664559716829,0.290658238867316,0.1737986287543438,0.2571959733048736,0.1510171209722469,0.392164427651782,0.0097280919563096,0.0078986829879647,0.0033905662739117,0.0145144528955618,2.726058668854571,1.7860587185851922,100,2.407393578850056,1.300397661489903,3.802095257996414,0.01,,11.0,16.0,,,sliding,bb,OLS,ols,0.1786058718585192,2.5474527969960516,2.90466454071309,0,0.0,0.0045773423116534,0.0017673865655472,0.0544875247609346,universal_frechet_max_ar_xi5.00_theta0.25,BB-sliding-OLS
universal,frechet_max_ar,5.0,0.25,0.2373046875,northrop_disjoint_fgls,log_wald,365.0,100,100,36,0.3307124328625035,0.0462559362396507,0.0807124328625035,0.081682874071269,0.3267314962850762,0.1780078501537107,0.3012115958706505,0.186893350745908,0.407094334688003,0.1365110450367139,0.1288902071766068,0.1186873809379076,0.1459124171344897,1.2562413110569504,1.299796791600908,100,0.8218789114357504,0.1445094300252889,1.7403726934898174,0.36,,9.5,15.0,,,disjoint,northrop,FGLS,bootstrap_cov,0.1299796791600908,1.1262616318968597,1.386220990217041,0,0.0,0.004625593623965,0.2727107459049014,0.4576478001883791,universal_frechet_max_ar_xi5.00_theta0.25,Northrop-disjoint-FGLS
universal,frechet_max_ar,5.0,0.25,0.2373046875,northrop_disjoint_ols,log_wald,365.0,100,100,3,0.3276656025132819,0.0467737785426688,0.0776656025132819,0.0786452488668234,0.3145809954672939,0.1803600950284831,0.2947560168589903,0.1838075355649787,0.3881720769936002,0.029812665850795,0.0289549318591274,0.0189790271685942,0.0370709574898186,2.6076721343158034,1.70638183089185,100,2.4466505293656065,1.2556893480548028,3.489307048597146,0.03,,9.5,15.0,,,disjoint,northrop,OLS,ols,0.170638183089185,2.4370339512266184,2.7783103174049883,0,0.0,0.0046773778542668,0.0102543382234148,0.0845207808040269,universal_frechet_max_ar_xi5.00_theta0.25,Northrop-disjoint-OLS
universal,frechet_max_ar,5.0,0.25,0.2373046875,northrop_sliding_fgls,log_wald,365.0,100,100,34,0.3269183001843979,0.0433853209181402,0.0769183001843978,0.0774268723449674,0.3097074893798698,0.1698468735241377,0.2854248878231843,0.1997591663858816,0.410811895758584,0.1325398964539819,0.1279842050057618,0.1138827239205935,0.1447913208916318,1.1310103039817545,1.2635920909058176,100,0.5541598894004467,0.1393036572581972,1.966350481406046,0.34,,11.0,16.0,,,sliding,northrop,FGLS,bootstrap_cov,0.1263592090905817,1.0046510948911729,1.2573695130723364,0,0.0,0.004338532091814,0.25461379497543,0.4372245434168906,universal_frechet_max_ar_xi5.00_theta0.25,Northrop-sliding-FGLS
universal,frechet_max_ar,5.0,0.25,0.2373046875,northrop_sliding_ols,log_wald,365.0,100,100,3,0.3207530115552663,0.0447484563554558,0.0707530115552663,0.0717419341347746,0.2869677365390986,0.1725147867637124,0.2511965559643463,0.166350997065981,0.3894166891522716,0.0102186882232445,0.0084056129836803,0.003740559929327,0.0149715746891192,2.6854339010528814,1.7627572294464744,100,2.2592648550468484,1.364920447724434,3.77591962226162,0.03,,11.0,16.0,,,sliding,northrop,OLS,ols,0.1762757229446474,2.509158178108234,2.8617096239975286,0,0.0,0.0044748456355455,0.0102543382234148,0.0845207808040269,universal_frechet_max_ar_xi5.00_theta0.25,Northrop-sliding-OLS
universal,frechet_max_ar,5.0,0.4,0.0777599999999999,bb_disjoint_fgls,log_wald,365.0,100,100,69,0.4644663915190083,0.0595051334228277,0.0644663915190083,0.068243263089077,0.1706081577226926,0.1377173436759965,0.1373218813735795,0.0671371880945456,0.2466657770801499,0.1834262050361619,0.1751649051418494,0.1616320090285271,0.1983301706957718,0.7308601710385951,1.182242083036501,100,0.1916539744891351,0.1643536600704014,0.5780238740578212,0.69,,9.0,15.0,,,disjoint,bb,FGLS,bootstrap_cov,0.1182242083036501,0.612635962734945,0.8490843793422452,0,0.0,0.0059505133422827,0.5937376052204429,0.7722043679386762,universal_frechet_max_ar_xi5.00_theta0.40,BB-disjoint-FGLS
universal,frechet_max_ar,5.0,0.4,0.0777599999999999,bb_disjoint_ols,log_wald,365.0,100,100,19,0.4622991805825633,0.0606483385296207,0.0622991805825632,0.0667362975304826,0.1668407438262066,0.1391916882314983,0.1338886679391915,0.0641816185820004,0.2258460653405092,0.0381436927478447,0.0374506786854299,0.0255198315936949,0.0474276997607213,2.040329932018815,2.0489450295145923,100,1.4705740274239716,0.3175418650154165,3.028929532736484,0.19,,9.0,15.0,,,disjoint,bb,OLS,ols,0.2048945029514592,1.8354354290673556,2.245224434970274,0,0.0,0.006064833852962,0.1251465399270426,0.2777902407080785,universal_frechet_max_ar_xi5.00_theta0.40,BB-disjoint-OLS
universal,frechet_max_ar,5.0,0.4,0.0777599999999999,bb_sliding_fgls,log_wald,365.0,100,100,67,0.4602929822723776,0.0587811489499647,0.0602929822723775,0.0653705468619419,0.1634263671548547,0.1325404110146731,0.1290162972145082,0.0598670845686607,0.2451550666053215,0.1792042357543628,0.1740495673809119,0.1538359274595606,0.199953962892068,0.7267133747600809,1.1410543814348852,100,0.1882608872212124,0.1634926535101585,0.7861074534638203,0.67,,11.0,16.0,,,sliding,bb,FGLS,bootstrap_cov,0.1141054381434885,0.6126079366165924,0.8408188129035694,0,0.0,0.0058781148949964,0.5730516033971139,0.7543701620610456,universal_frechet_max_ar_xi5.00_theta0.40,BB-sliding-FGLS
universal,frechet_max_ar,5.0,0.4,0.0777599999999999,bb_sliding_ols,log_wald,365.0,100,100,7,0.4563405479363474,0.0606901697660323,0.0563405479363473,0.0634058056169418,0.1585145140423547,0.1329640932534395,0.1195138391833608,0.0621488090228863,0.228054029272307,0.0084102476464671,0.0061848462592822,0.002908329545095,0.0095894122946827,2.388255363760934,2.1375572527198488,100,1.7705102594892836,0.7304164379073046,3.5971642112123208,0.07,,11.0,16.0,,,sliding,bb,OLS,ols,0.2137557252719849,2.174499638488949,2.602011089032919,0,0.0,0.0060690169766032,0.034318824364064,0.1374967100652975,universal_frechet_max_ar_xi5.00_theta0.40,BB-sliding-OLS
universal,frechet_max_ar,5.0,0.4,0.0777599999999999,northrop_disjoint_fgls,log_wald,365.0,100,100,66,0.4652179113983428,0.0592086883319398,0.0652179113983427,0.0684705065167738,0.1711762662919347,0.1384386645069797,0.1436092334004502,0.0722707952201538,0.2392532029592531,0.1839892832965544,0.1762080045660637,0.1601707498250453,0.2022052893507758,0.7373527703537716,1.20789364260932,100,0.2010871061897471,0.1669662457040313,0.5211704514832545,0.66,,9.0,14.5,,,disjoint,northrop,FGLS,bootstrap_cov,0.120789364260932,0.6165634060928395,0.8581421346147036,0,0.0,0.0059208688331939,0.5627754565831095,0.74538620502457,universal_frechet_max_ar_xi5.00_theta0.40,Northrop-disjoint-FGLS
universal,frechet_max_ar,5.0,0.4,0.0777599999999999,northrop_disjoint_ols,log_wald,365.0,100,100,16,0.4618011925964659,0.0598226390578734,0.0618011925964658,0.0660350650601119,0.1650876626502798,0.1376598760904651,0.124429061419307,0.062709602673043,0.2260812606648435,0.0407185654918801,0.0401652889086928,0.0247176488103144,0.0507920320650395,1.9487943654426547,2.054590013530301,100,1.2012755682864629,0.3570954131271512,3.0344325897736724,0.16,,9.0,14.5,,,disjoint,northrop,OLS,ols,0.2054590013530301,1.7433353640896243,2.1542533667956847,0,0.0,0.0059822639057873,0.1009520234947371,0.2442044455889441,universal_frechet_max_ar_xi5.00_theta0.40,Northrop-disjoint-OLS
universal,frechet_max_ar,5.0,0.4,0.0777599999999999,northrop_sliding_fgls,log_wald,365.0,100,100,69,0.4608158547912054,0.0592715887112639,0.0608158547912053,0.0655715206968917,0.1639288017422292,0.1347681764590002,0.1240165647358577,0.0634092577656627,0.2503863496701507,0.1776135598705668,0.1742785014376881,0.1557089237954394,0.1915520787394057,0.74737339215204,1.173614205314493,100,0.1869660590311552,0.162888889786143,0.8040008531875779,0.69,,11.0,16.0,,,sliding,northrop,FGLS,bootstrap_cov,0.1173614205314492,0.6300119716205907,0.8647348126834893,0,0.0,0.0059271588711263,0.5937376052204429,0.7722043679386762,universal_frechet_max_ar_xi5.00_theta0.40,Northrop-sliding-FGLS
universal,frechet_max_ar,5.0,0.4,0.0777599999999999,northrop_sliding_ols,log_wald,365.0,100,100,7,0.4568043532423675,0.0603885974988609,0.0568043532423675,0.0631198725468605,0.1577996813671512,0.1342048016044484,0.1181181071723564,0.0618088927647754,0.2353853721367956,0.0087646514355523,0.0064698666453278,0.003124786319812,0.0104818586326491,2.373560669024923,2.1542163820633675,100,1.7912949489177277,0.8789126195730503,3.676039426234655,0.07,,11.0,16.0,,,sliding,northrop,OLS,ols,0.2154216382063367,2.158139030818586,2.5889823072312597,0,0.0,0.006038859749886,0.034318824364064,0.1374967100652975,universal_frechet_max_ar_xi5.00_theta0.40,Northrop-sliding-OLS
universal,frechet_max_ar,5.0,0.6,0.01024,bb_disjoint_fgls,log_wald,365.0,100,100,79,0.6458006035463186,0.0841851222369155,0.0458006035463187,0.0724272460203378,0.1207120767005631,0.1041810128451014,0.0932609379799481,0.0415084296056827,0.1642035353093079,0.2435009979482131,0.2392045608644216,0.2106556235466198,0.2669860555129252,0.6272504861012334,1.170520744795016,100,0.2474035146132966,0.211028178800446,0.3088470653654879,0.79,,10.5,15.0,,,disjoint,bb,FGLS,bootstrap_cov,0.1170520744795015,0.5101984116217317,0.744302560580735,0,0.0,0.0084185122236915,0.7001985069803768,0.8583445046835422,universal_frechet_max_ar_xi5.00_theta0.60,BB-disjoint-FGLS
universal,frechet_max_ar,5.0,0.6,0.01024,bb_disjoint_ols,log_wald,365.0,100,100,28,0.6441519707403758,0.0854731617054963,0.0441519707403757,0.0730154094793893,0.1216923491323155,0.1039450674150967,0.0911886962221711,0.0448992088683225,0.1804493787933835,0.0587318450718093,0.0509848883708104,0.0361487797793158,0.0744620111978866,1.982801620400683,2.2019857656627413,100,1.2842787140673129,0.0988886445753084,3.061427177549656,0.28,,10.5,15.0,,,disjoint,bb,OLS,ols,0.2201985765662741,1.762603043834409,2.2030001969669573,0,0.0,0.0085473161705496,0.2013955916759837,0.3748821236134572,universal_frechet_max_ar_xi5.00_theta0.60,BB-disjoint-OLS
universal,frechet_max_ar,5.0,0.6,0.01024,bb_sliding_fgls,log_wald,365.0,100,100,78,0.6454979195563669,0.0846070051204688,0.0454979195563669,0.0714168602649643,0.1190281004416072,0.1066852705808165,0.0942000713384021,0.0417605347328162,0.1603422166539884,0.2218173411333271,0.2170010828399452,0.1887617321842153,0.2519838418491818,0.7081878033321449,1.3068433020804675,100,0.2376238450024112,0.1940583628481096,0.2951944570897058,0.78,,10.0,16.0,,,sliding,bb,FGLS,bootstrap_cov,0.1306843302080467,0.5775034731240982,0.8388721335401916,0,0.0,0.0084607005120468,0.6892946528499969,0.849988254963442,universal_frechet_max_ar_xi5.00_theta0.60,BB-sliding-FGLS
universal,frechet_max_ar,5.0,0.6,0.01024,bb_sliding_ols,log_wald,365.0,100,100,7,0.6405873830697684,0.0869099442254574,0.0405873830697684,0.0713336687793023,0.1188894479655038,0.1064244986710571,0.0933649217651579,0.0427658513059262,0.1537524891421946,0.0128974951149086,0.009273516941484,0.0049204117699116,0.0174835510382226,2.620424291627595,2.5570221108045392,100,1.992518691448283,0.6846733902213632,3.4441925151050428,0.07,,10.0,16.0,,,sliding,bb,OLS,ols,0.2557022110804539,2.364722080547141,2.8761265027080487,0,0.0,0.0086909944225457,0.034318824364064,0.1374967100652975,universal_frechet_max_ar_xi5.00_theta0.60,BB-sliding-OLS
universal,frechet_max_ar,5.0,0.6,0.01024,northrop_disjoint_fgls,log_wald,365.0,100,100,80,0.6487248657316974,0.0815485076165497,0.0487248657316973,0.0722822968963443,0.1204704948272406,0.1023440150533201,0.094887968407851,0.0445940671583144,0.1658991651835589,0.2454833721461273,0.2449873515220289,0.2095081474108869,0.2755684267808949,0.635288027818424,1.1806897112035062,100,0.2513380170115534,0.2095081474108869,0.3042674508710142,0.8,,10.0,16.0,,,disjoint,northrop,FGLS,bootstrap_cov,0.1180689711203506,0.5172190566980733,0.7533569989387746,0,0.0,0.0081548507616549,0.7111690380734977,0.8666340774409013,universal_frechet_max_ar_xi5.00_theta0.60,Northrop-disjoint-FGLS
universal,frechet_max_ar,5.0,0.6,0.01024,northrop_disjoint_ols,log_wald,365.0,100,100,30,0.6460317355844747,0.0838327206929606,0.0460317355844747,0.0726838747691274,0.1211397912818791,0.1031711124521555,0.0946910145103804,0.0471856507568036,0.1694568603418139,0.0656026796648281,0.0562088479354891,0.0392808582919675,0.0828032658273133,1.8994820473687528,2.113982104295011,100,1.3500568844504413,0.1057366064009122,2.897276161941478,0.3,,10.0,16.0,,,disjoint,northrop,OLS,ols,0.211398210429501,1.6880838369392517,2.1108802577982537,0,0.0,0.008383272069296,0.2189475386622811,0.3958503843281195,universal_frechet_max_ar_xi5.00_theta0.60,Northrop-disjoint-OLS
universal,frechet_max_ar,5.0,0.6,0.01024,northrop_sliding_fgls,log_wald,365.0,100,100,77,0.6479695217495081,0.0845114447927748,0.047969521749508,0.0733041560477009,0.1221735934128349,0.1059182787094294,0.1000238917999732,0.0440079888963919,0.1590108300025551,0.223591434736664,0.2179912502634155,0.1972180367044279,0.2488432806599522,0.7262617773041684,1.3124486398190691,100,0.2320957203761235,0.2025547622800365,0.2972938629813076,0.77,,10.0,16.0,,,sliding,northrop,FGLS,bootstrap_cov,0.1312448639819069,0.5950169133222615,0.8575066412860753,0,0.0,0.0084511444792774,0.6784543514317231,0.841568452531236,universal_frechet_max_ar_xi5.00_theta0.60,Northrop-sliding-FGLS
universal,frechet_max_ar,5.0,0.6,0.01024,northrop_sliding_ols,log_wald,365.0,100,100,5,0.6440120093744168,0.0865969240394493,0.0440120093744168,0.0735239799492536,0.1225399665820894,0.1053469272937378,0.0998546594660759,0.0429266368842324,0.153654260323755,0.0132017311802982,0.0086591132904724,0.0052950813817889,0.0190958618754118,2.6963914722716593,2.5249835327787755,100,2.08838726908016,0.8983508976131834,3.519749240737854,0.05,,10.0,16.0,,,sliding,northrop,OLS,ols,0.2524983532778775,2.4438931189937816,2.948889825549537,0,0.0,0.0086596924039449,0.0215433614563135,0.1117519652720881,universal_frechet_max_ar_xi5.00_theta0.60,Northrop-sliding-OLS
universal,frechet_max_ar,5.0,0.8,0.0003199999999999,bb_disjoint_fgls,log_wald,365.0,100,100,71,0.8534711728422983,0.0865580980526168,0.0534711728422983,0.0800044326236459,0.1000055407795574,0.0782123338202979,0.0775950699598896,0.0378928727243756,0.1531504089760549,0.2163032848175504,0.2326825612817136,0.1890540788599322,0.2560594258200843,0.9348070283216754,1.402986915088358,100,0.2601100437401454,0.2359218046233981,0.6892220494041855,0.71,,10.0,15.0,,,disjoint,bb,FGLS,mixed,0.1402986915088358,0.7945083368128396,1.0751057198305112,0,0.0,0.0086558098052616,0.6146092505999207,0.7898529302601586,universal_frechet_max_ar_xi5.00_theta0.80,BB-disjoint-FGLS
universal,frechet_max_ar,5.0,0.8,0.0003199999999999,bb_disjoint_ols,log_wald,365.0,100,100,31,0.8513153344057774,0.0881257565059773,0.0513153344057773,0.080403950311849,0.1005049378898112,0.07802158093848,0.0824223378059382,0.0350885858613759,0.1499144728183697,0.0686996652929994,0.0642474718213063,0.0469172349253949,0.0905950936849561,2.2246341505743215,2.536909192050912,100,1.3604037230642705,0.1112724727650907,3.5150204086941352,0.31,,10.0,15.0,,,disjoint,bb,OLS,mixed,0.2536909192050912,1.97094323136923,2.478325069779413,0,0.0,0.0088125756505977,0.2277956320613237,0.4062623947795569,universal_frechet_max_ar_xi5.00_theta0.80,BB-disjoint-OLS
universal,frechet_max_ar,5.0,0.8,0.0003199999999999,bb_sliding_fgls,log_wald,365.0,100,100,77,0.8470606036797369,0.0856706424363334,0.0470606036797368,0.0754985799839746,0.0943732249799683,0.0772467475942871,0.0723098283779883,0.0314492858729662,0.1243529623763355,0.2139798554409656,0.2265269406978099,0.1912784311343792,0.2555545464481743,0.9400828823163664,1.5114941606333725,100,0.2545259275895598,0.2237558113706214,0.3104892798376428,0.77,,10.0,16.0,,,sliding,bb,FGLS,mixed,0.1511494160633372,0.7889334662530292,1.0912322983797036,0,0.0,0.0085670642436333,0.6784543514317231,0.841568452531236,universal_frechet_max_ar_xi5.00_theta0.80,BB-sliding-FGLS
universal,frechet_max_ar,5.0,0.8,0.0003199999999999,bb_sliding_ols,log_wald,365.0,100,100,7,0.8447499326340591,0.0862737708379143,0.0447499326340589,0.0746387318963307,0.0932984148704134,0.0774469115059539,0.0733691944774924,0.0331779528408779,0.1224541193948208,0.011377560732514,0.0080418250359272,0.0042852480299165,0.0149468908688511,2.793231041831874,2.5145149793026262,100,2.066979950897476,0.7197061725597215,3.622157441166906,0.07,,10.0,16.0,,,sliding,bb,OLS,mixed,0.2514514979302626,2.5417795439016113,3.0446825397621367,0,0.0,0.0086273770837914,0.034318824364064,0.1374967100652975,universal_frechet_max_ar_xi5.00_theta0.80,BB-sliding-OLS
universal,frechet_max_ar,5.0,0.8,0.0003199999999999,northrop_disjoint_fgls,log_wald,365.0,100,100,70,0.8564754872635274,0.0852556652236212,0.0564754872635273,0.0803866473792235,0.1004833092240294,0.0786898595210315,0.0789594762539545,0.0367605995861351,0.1566279100133064,0.2185259251098277,0.2326818187426825,0.1864744060896032,0.2585974522227445,0.9266409527638214,1.3515344583682174,100,0.271809063534647,0.2377454999427903,0.7668877567510265,0.7,,10.0,15.0,,,disjoint,northrop,FGLS,mixed,0.1351534458368217,0.7914875069269997,1.061794398600643,0,0.0,0.0085255665223621,0.6041496156718804,0.7810524613377188,universal_frechet_max_ar_xi5.00_theta0.80,Northrop-disjoint-FGLS
universal,frechet_max_ar,5.0,0.8,0.0003199999999999,northrop_disjoint_ols,log_wald,365.0,100,100,34,0.8541721516581597,0.0865679889649875,0.0541721516581597,0.0801595145557388,0.1001993931946735,0.0787383828589604,0.0826616489853005,0.0328228627602334,0.1570962636694658,0.07309221105303,0.072886694557074,0.0469595684156102,0.096255647831359,2.1936880920140864,2.5213218573258422,100,1.3556129557665784,0.105135272081211,3.402637389579933,0.34,,10.0,15.0,,,disjoint,northrop,OLS,mixed,0.2521321857325842,1.9415559062815024,2.4458202777466704,0,0.0,0.0086567988964987,0.25461379497543,0.4372245434168906,universal_frechet_max_ar_xi5.00_theta0.80,Northrop-disjoint-OLS
universal,frechet_max_ar,5.0,0.8,0.0003199999999999,northrop_sliding_fgls,log_wald,365.0,100,100,75,0.8487293186243287,0.0876489795026729,0.0487293186243286,0.0775534282484931,0.0969417853106164,0.0791121466202496,0.0713595336592545,0.0387105514280546,0.1370130366122088,0.2141848773006315,0.2238381254449413,0.1888336592663932,0.2556427851789787,0.9764992495526632,1.5516111550919425,100,0.255681511671545,0.2240566821246061,0.3726857608340254,0.75,,10.0,16.0,,,sliding,northrop,FGLS,mixed,0.1551611155091942,0.8213381340434689,1.1316603650618573,0,0.0,0.0087648979502672,0.6569535362992417,0.8245490599627573,universal_frechet_max_ar_xi5.00_theta0.80,Northrop-sliding-FGLS
universal,frechet_max_ar,5.0,0.8,0.0003199999999999,northrop_sliding_ols,log_wald,365.0,100,100,6,0.8460675859959826,0.0879041616801192,0.0460675859959825,0.0761860542583517,0.0952325678229397,0.0791345413319347,0.071931938302595,0.0346042491299794,0.1327558055165913,0.012317157909274,0.0079060976816775,0.0045017324099939,0.0176851649788559,2.835966601701327,2.580557443721779,100,2.0818291634030555,0.7925626335831307,3.9281330143587,0.06,,10.0,16.0,,,sliding,northrop,OLS,mixed,0.2580557443721779,2.577910857329149,3.094022346073505,0,0.0,0.0087904161680119,0.0277857452666566,0.124769685312225,universal_frechet_max_ar_xi5.00_theta0.80,Northrop-sliding-OLS
universal,frechet_max_ar,5.0,1.0,0.0,bb_disjoint_fgls,log_wald,365.0,100,100,95,0.9737313551568224,0.0413967340996786,-0.0262686448431775,0.0262686448431775,0.0262686448431775,0.0413967340996786,0.0036623139356768,0.0,0.0401576590673086,0.087428115837158,0.0730170251100271,0.0410284291190845,0.1166856746989952,0.1573064809107141,0.449968429352344,100,0.0730170251100271,0.0410284291190845,0.1166856746989952,0.95,,10.0,14.0,,,disjoint,bb,FGLS,mixed,0.0449968429352344,0.1123096379754797,0.2023033238459485,0,0.0,0.0041396734099678,0.8882480347279118,0.9784566385436864,universal_frechet_max_ar_xi5.00_theta1.00,BB-disjoint-FGLS
universal,frechet_max_ar,5.0,1.0,0.0,bb_disjoint_ols,log_wald,365.0,100,100,68,0.9712229549616652,0.0436638970481525,-0.0287770450383347,0.0287770450383347,0.0287770450383347,0.0436638970481525,0.0047222353677803,0.0,0.0475161410390332,0.02563125953941,0.0121028190821719,0.0,0.0416147284575863,0.6820572196816517,1.4188071803114202,100,0.0139114476879934,0.0,0.9321126968440792,0.68,,10.0,14.0,,,disjoint,bb,OLS,mixed,0.141880718031142,0.5401765016505097,0.8239379377127937,0,0.0,0.0043663897048152,0.5833719774632081,0.7633098918454312,universal_frechet_max_ar_xi5.00_theta1.00,BB-disjoint-OLS
universal,frechet_max_ar,5.0,1.0,0.0,bb_sliding_fgls,log_wald,365.0,100,100,87,0.96939768380164,0.0510123484080112,-0.0306023161983599,0.0306023161983599,0.0306023161983599,0.0510123484080112,0.0,0.0,0.0443592010939249,0.0807823606843269,0.0468635158644463,0.0253240166664245,0.1278982793610165,0.1971034276980598,0.4784497448148034,100,0.0468635158644463,0.0253240166664245,0.1278982793610165,0.87,,8.0,12.0,,,sliding,bb,FGLS,mixed,0.0478449744814803,0.1492584532165794,0.2449484021795401,0,0.0,0.0051012348408011,0.7901947810519012,0.9224290614158576,universal_frechet_max_ar_xi5.00_theta1.00,BB-sliding-FGLS
universal,frechet_max_ar,5.0,1.0,0.0,bb_sliding_ols,log_wald,365.0,100,100,63,0.9671214468468357,0.0526157369783227,-0.0328785531531643,0.0328785531531643,0.0328785531531643,0.0526157369783227,0.0,0.0,0.0603294229188157,0.0056736144699762,0.0,0.0,0.0078361202218347,1.2065861466408003,2.003559957171537,100,0.0,0.0,1.8217161741009056,0.63,,8.0,12.0,,,sliding,bb,OLS,mixed,0.2003559957171536,1.0062301509236469,1.4069421423579542,0,0.0,0.0052615736978322,0.5322034757513312,0.7181778743049083,universal_frechet_max_ar_xi5.00_theta1.00,BB-sliding-OLS
universal,frechet_max_ar,5.0,1.0,0.0,northrop_disjoint_fgls,log_wald,365.0,100,100,95,0.9748433190075948,0.0429496902400911,-0.0251566809924052,0.0251566809924052,0.0251566809924052,0.0429496902400911,0.0023628337710717,0.0,0.03211249407832,0.0876218339163721,0.0676720674163626,0.0438884149624882,0.113484668933224,0.1678638355554566,0.5108954048949046,100,0.0676720674163626,0.0438884149624882,0.113484668933224,0.95,,10.0,14.0,,,disjoint,northrop,FGLS,mixed,0.0510895404894904,0.1167742950659661,0.218953376044947,0,0.0,0.0042949690240091,0.8882480347279118,0.9784566385436864,universal_frechet_max_ar_xi5.00_theta1.00,Northrop-disjoint-FGLS
universal,frechet_max_ar,5.0,1.0,0.0,northrop_disjoint_ols,log_wald,365.0,100,100,69,0.9720767450750276,0.0455071310134742,-0.0279232549249723,0.0279232549249723,0.0279232549249723,0.0455071310134742,0.0029464282875077,0.0,0.0443650195951466,0.0251515481916617,0.0083530571203271,0.0,0.0397240328426439,0.653084569929746,1.4421421355647277,100,0.0086937080226448,0.0,0.6413851433345024,0.69,,10.0,14.0,,,disjoint,northrop,OLS,mixed,0.1442142135564727,0.5088703563732733,0.7972987834862186,0,0.0,0.0045507131013474,0.5937376052204429,0.7722043679386762,universal_frechet_max_ar_xi5.00_theta1.00,Northrop-disjoint-OLS
universal,frechet_max_ar,5.0,1.0,0.0,northrop_sliding_fgls,log_wald,365.0,100,100,88,0.9694523955896408,0.0517855086350142,-0.0305476044103591,0.0305476044103591,0.0305476044103591,0.0517855086350142,0.0,0.0,0.0418009622890361,0.0819986102785912,0.0503031641478901,0.0247060863330984,0.132368689918687,0.1918377033622253,0.4860446796808733,100,0.0503031641478901,0.0247060863330984,0.132368689918687,0.88,,8.0,12.0,,,sliding,northrop,FGLS,mixed,0.0486044679680873,0.1432332353941379,0.2404421713303126,0,0.0,0.0051785508635014,0.8018773199709163,0.9300066263473222,universal_frechet_max_ar_xi5.00_theta1.00,Northrop-sliding-FGLS
universal,frechet_max_ar,5.0,1.0,0.0,northrop_sliding_ols,log_wald,365.0,100,100,64,0.9676827744923028,0.0532966610966583,-0.0323172255076972,0.0323172255076972,0.0323172255076972,0.0532966610966583,0.0,0.0,0.049699731413523,0.0056114813855167,0.0,0.0,0.0073149017779324,1.18636241554745,2.0292825249467104,100,0.0,0.0,1.7198043977690514,0.64,,8.0,12.0,,,sliding,northrop,OLS,mixed,0.202928252494671,0.9834341630527792,1.389290668042121,0,0.0,0.0053296661096658,0.542352199811621,0.7272892540950986,universal_frechet_max_ar_xi5.00_theta1.00,Northrop-sliding-OLS
universal,moving_maxima_q99,0.01,0.1,0.9989469791807266,bb_disjoint_fgls,log_wald,365.0,100,100,0,0.1955584880700482,0.02949804478126,0.0955584880700482,0.0955584880700482,0.9555848807004824,0.2949804478126006,0.9343189940419392,0.7214744699548983,1.124208502943136,0.0725012097189554,0.0689404011933309,0.061037176574776,0.0833226421614228,2.5834534373862033,1.0482695088719596,100,2.6164132430614053,1.8391221046471309,3.1488382897080207,0.0,,9.5,15.0,,,disjoint,bb,FGLS,bootstrap_cov,0.1048269508871959,2.4786264864990075,2.688280388273399,0,0.0,0.002949804478126,0.0,0.0369948074760019,universal_moving_maxima_q99_xi0.01_theta0.10,BB-disjoint-FGLS
universal,moving_maxima_q99,0.01,0.1,0.9989469791807266,bb_disjoint_ols,log_wald,365.0,100,100,0,0.1894884417233167,0.0291760579724101,0.0894884417233167,0.0894884417233167,0.8948844172331673,0.2917605797241018,0.8445261735441207,0.6735625954211788,1.06538492652828,0.0184914626581284,0.0193035575379527,0.0107273619001922,0.0242387100990838,3.2393101091886445,1.164566490976365,100,3.0973619165514865,2.338116865955485,4.003052464270756,0.0,,9.5,15.0,,,disjoint,bb,OLS,ols,0.1164566490976365,3.122853460091008,3.355766758286281,0,0.0,0.002917605797241,0.0,0.0369948074760019,universal_moving_maxima_q99_xi0.01_theta0.10,BB-disjoint-OLS
universal,moving_maxima_q99,0.01,0.1,0.9989469791807266,bb_sliding_fgls,log_wald,365.0,100,100,0,0.18408165780368,0.0262462036246491,0.08408165780368,0.08408165780368,0.8408165780368,0.262462036246491,0.7705663125185285,0.645087645081242,1.0041561036221742,0.0738898166041458,0.0692293922427693,0.0629210361006266,0.0831041519890439,2.1079259859674586,0.8223058858868773,100,1.8122226113178468,1.5370202103601918,2.689949253137296,0.0,,12.0,16.0,,,sliding,bb,FGLS,bootstrap_cov,0.0822305885886877,2.025695397378771,2.190156574556146,0,0.0,0.0026246203624649,0.0,0.0369948074760019,universal_moving_maxima_q99_xi0.01_theta0.10,BB-sliding-FGLS
universal,moving_maxima_q99,0.01,0.1,0.9989469791807266,bb_sliding_ols,log_wald,365.0,100,100,0,0.1775897212561368,0.0275181140843335,0.0775897212561368,0.0775897212561368,0.7758972125613681,0.2751811408433359,0.7047760595970354,0.568201693272242,0.92560900673844,0.0117602559886283,0.0126393227888463,0.0100881451957644,0.0142331644714489,2.884798830400328,1.1491390170101383,100,2.5989421067382725,2.024885401999639,3.435836938437832,0.0,,12.0,16.0,,,sliding,bb,OLS,ols,0.1149139017010138,2.769884928699314,2.999712732101342,0,0.0,0.0027518114084333,0.0,0.0369948074760019,universal_moving_maxima_q99_xi0.01_theta0.10,BB-sliding-OLS
universal,moving_maxima_q99,0.01,0.1,0.9989469791807266,northrop_disjoint_fgls,log_wald,365.0,100,100,0,0.1964610692502532,0.0285188109330692,0.0964610692502532,0.0964610692502532,0.964610692502532,0.2851881093306921,0.964084492168952,0.7337045626400003,1.1429147339492332,0.0724246279999623,0.0681596638743486,0.0604992763856542,0.0839796466870775,2.6199552714486476,1.0226490075461725,100,2.61363821288967,1.9039781717124693,3.2469766981321957,0.0,,9.0,14.0,,,disjoint,northrop,FGLS,bootstrap_cov,0.1022649007546172,2.5176903706940306,2.7222201722032646,0,0.0,0.0028518810933069,0.0,0.0369948074760019,universal_moving_maxima_q99_xi0.01_theta0.10,Northrop-disjoint-FGLS
universal,moving_maxima_q99,0.01,0.1,0.9989469791807266,northrop_disjoint_ols,log_wald,365.0,100,100,0,0.1915703960136466,0.0276865024917185,0.0915703960136466,0.0915703960136466,0.915703960136466,0.2768650249171858,0.8830555671383891,0.709330056720232,1.0779510473461411,0.0193723645859326,0.0184133083727287,0.0132489201737583,0.0241242184997014,3.30614496813442,1.0835146809906422,100,3.1170843806144077,2.5800452440412536,3.966880424052973,0.0,,9.0,14.0,,,disjoint,northrop,OLS,ols,0.1083514680990642,3.1977935000353557,3.414496436233484,0,0.0,0.0027686502491718,0.0,0.0369948074760019,universal_moving_maxima_q99_xi0.01_theta0.10,Northrop-disjoint-OLS
universal,moving_maxima_q99,0.01,0.1,0.9989469791807266,northrop_sliding_fgls,log_wald,365.0,100,100,0,0.1849376781153101,0.0263988958390579,0.0849376781153101,0.0849376781153101,0.8493767811531014,0.2639889583905797,0.7934485977238217,0.6472925851894551,1.0325465627851975,0.0728595791344884,0.0685770632753092,0.0615011557446877,0.0832729331523532,2.15730146984195,0.8560233204538417,100,1.9464658244192097,1.5053528573891817,2.6992754246086017,0.0,,12.0,16.0,,,sliding,northrop,FGLS,bootstrap_cov,0.0856023320453841,2.071699137796566,2.2429038018873344,0,0.0,0.0026398895839057,0.0,0.0369948074760019,universal_moving_maxima_q99_xi0.01_theta0.10,Northrop-sliding-FGLS
universal,moving_maxima_q99,0.01,0.1,0.9989469791807266,northrop_sliding_ols,log_wald,365.0,100,100,0,0.178202064773102,0.0278544289713077,0.078202064773102,0.078202064773102,0.7820206477310202,0.2785442897130771,0.6956614198732622,0.5794342971658075,0.9638122704863687,0.0120584182220535,0.0131020871498041,0.0088491837677993,0.015525670298628,2.904056209926898,1.158995847216573,100,2.523485818764549,2.069148953424356,3.602229775399202,0.0,,12.0,16.0,,,sliding,northrop,OLS,ols,0.1158995847216572,2.7881566252052408,3.019955794648555,0,0.0,0.0027854428971307,0.0,0.0369948074760019,universal_moving_maxima_q99_xi0.01_theta0.10,Northrop-sliding-OLS
universal,moving_maxima_q99,0.01,0.15,0.998376130764136,bb_disjoint_fgls,log_wald,365.0,100,100,1,0.2467678224822924,0.0336335955682647,0.0967678224822924,0.0967678224822924,0.6451188165486162,0.2242239704550981,0.6522713909239466,0.4685419465121202,0.7909047904062187,0.0965275915630442,0.0936367462038804,0.0818660904093857,0.1091789403096844,2.23399515020582,1.2003605143366125,100,2.366354267833633,1.3663899454478792,2.8863021302730543,0.01,,9.0,14.0,,,disjoint,bb,FGLS,bootstrap_cov,0.1200360514336612,2.113959098772159,2.354031201639481,0,0.0,0.0033633595568264,0.0017673865655472,0.0544875247609346,universal_moving_maxima_q99_xi0.01_theta0.15,BB-disjoint-FGLS
universal,moving_maxima_q99,0.01,0.15,0.998376130764136,bb_disjoint_ols,log_wald,365.0,100,100,0,0.2418001423524335,0.0331245271452282,0.0918001423524335,0.0918001423524335,0.612000949016224,0.2208301809681884,0.6079636091857104,0.4459679058615389,0.7477359812532919,0.0212654505616168,0.0197411324088293,0.0128472944117543,0.0276172844662725,3.279527079627653,1.2884856907005615,100,3.151094159375945,2.2883624435555268,4.076227472701193,0.0,,9.0,14.0,,,disjoint,bb,OLS,ols,0.1288485690700561,3.150678510557597,3.4083756486977093,0,0.0,0.0033124527145228,0.0,0.0369948074760019,universal_moving_maxima_q99_xi0.01_theta0.15,BB-disjoint-OLS
universal,moving_maxima_q99,0.01,0.15,0.998376130764136,bb_sliding_fgls,log_wald,365.0,100,100,4,0.2369628894685773,0.0331502284113013,0.0869628894685773,0.0869628894685773,0.5797525964571826,0.2210015227420092,0.561888219886351,0.4304800166968058,0.7224922526096281,0.1018933558997381,0.1010039411090133,0.0883243193540177,0.1138364588009017,1.7743492229107212,1.095269818886307,100,1.6618382639149356,0.9535694154510056,2.391009325389577,0.04,,12.0,16.0,,,sliding,bb,FGLS,bootstrap_cov,0.1095269818886307,1.6648222410220903,1.883876204799352,0,0.0,0.0033150228411301,0.015663050551848,0.0983721723260737,universal_moving_maxima_q99_xi0.01_theta0.15,BB-sliding-FGLS
universal,moving_maxima_q99,0.01,0.15,0.998376130764136,bb_sliding_ols,log_wald,365.0,100,100,0,0.2312739783557976,0.0342886144050536,0.0812739783557976,0.0812739783557976,0.5418265223719844,0.2285907627003576,0.5255216684024286,0.3649188208678952,0.6751043285275051,0.0100473973781189,0.0101735577552779,0.004194463120555,0.0151712585233977,3.063243889205181,1.417625446094094,100,2.9720927208287113,1.928695206310572,3.9714057046688858,0.0,,12.0,16.0,,,sliding,bb,OLS,ols,0.1417625446094094,2.9214813445957715,3.2050064338145905,0,0.0,0.0034288614405053,0.0,0.0369948074760019,universal_moving_maxima_q99_xi0.01_theta0.15,BB-sliding-OLS
universal,moving_maxima_q99,0.01,0.15,0.998376130764136,northrop_disjoint_fgls,log_wald,365.0,100,100,2,0.2465526363141171,0.034516417061025,0.0965526363141171,0.0965526363141171,0.6436842420941143,0.2301094470735002,0.6349491173653992,0.4593642988458351,0.7858561642103918,0.0971042098266398,0.0930935932733733,0.0832330915729556,0.11031338952539,2.2180906233240307,1.2599287246347064,100,2.210126813481824,1.3509378841052746,2.959882550675439,0.02,,9.0,14.0,,,disjoint,northrop,FGLS,bootstrap_cov,0.1259928724634706,2.0920977508605603,2.344083495787501,0,0.0,0.0034516417061025,0.0055018522349681,0.0700131629419936,universal_moving_maxima_q99_xi0.01_theta0.15,Northrop-disjoint-FGLS
universal,moving_maxima_q99,0.01,0.15,0.998376130764136,northrop_disjoint_ols,log_wald,365.0,100,100,0,0.2421270213110924,0.03371023368254,0.0921270213110923,0.0921270213110923,0.6141801420739492,0.2247348912169339,0.5971868064362388,0.4348657184754567,0.7522179395369031,0.0221054970329893,0.0198333734429781,0.0126996291713888,0.0289442852928136,3.2778664074201775,1.3124524780548288,100,3.080353879531753,2.2981384277325407,4.090517894362192,0.0,,9.0,14.0,,,disjoint,northrop,OLS,ols,0.1312452478054828,3.1466211596146945,3.4091116552256606,0,0.0,0.003371023368254,0.0,0.0369948074760019,universal_moving_maxima_q99_xi0.01_theta0.15,Northrop-disjoint-OLS
universal,moving_maxima_q99,0.01,0.15,0.998376130764136,northrop_sliding_fgls,log_wald,365.0,100,100,4,0.2368663679682326,0.0336553545047349,0.0868663679682326,0.0868663679682326,0.579109119788218,0.2243690300315665,0.5231608132917313,0.4198210161736338,0.7480797811400725,0.0994730250398118,0.099567606802787,0.0882372121297962,0.1084824925412775,1.807205133557415,1.1474822252036112,100,1.5973061809805251,0.9398989974409196,2.567470834737547,0.04,,12.0,16.0,,,sliding,northrop,FGLS,bootstrap_cov,0.1147482225203611,1.692456911037054,1.921953356077776,0,0.0,0.0033655354504734,0.015663050551848,0.0983721723260737,universal_moving_maxima_q99_xi0.01_theta0.15,Northrop-sliding-FGLS
universal,moving_maxima_q99,0.01,0.15,0.998376130764136,northrop_sliding_ols,log_wald,365.0,100,100,1,0.2309904355113172,0.0351356644063987,0.0809904355113172,0.0809904355113172,0.5399362367421151,0.2342377627093251,0.4996873430930152,0.3771064800467454,0.7120628477817517,0.0101712121583791,0.0094684205993198,0.0033787723639327,0.0157744287215469,3.0504698644021513,1.4499424444174531,100,2.8617356889422356,2.016942821014727,4.0298244338042855,0.01,,12.0,16.0,,,sliding,northrop,OLS,ols,0.1449942444417453,2.905475619960406,3.1954641088438964,0,0.0,0.0035135664406398,0.0017673865655472,0.0544875247609346,universal_moving_maxima_q99_xi0.01_theta0.15,Northrop-sliding-OLS
universal,moving_maxima_q99,0.01,0.25,0.9971273133589346,bb_disjoint_fgls,log_wald,365.0,100,100,21,0.3380670411406009,0.0408456022322062,0.0880670411406008,0.0885971003250182,0.354388401300073,0.1586833267929424,0.3543213163303252,0.2548829672856454,0.4544028282511928,0.1335588756502412,0.1275046857897204,0.1157034013946438,0.1471936428099031,1.4290997367339937,1.19690434311984,100,1.1728925076543617,0.2844282894974018,2.4086477019386994,0.21,,9.0,14.0,,,disjoint,bb,FGLS,bootstrap_cov,0.119690434311984,1.3094093024220097,1.5487901710459775,0,0.0,0.0040845602232206,0.1416554953164578,0.2998014930196232,universal_moving_maxima_q99_xi0.01_theta0.25,BB-disjoint-FGLS
universal,moving_maxima_q99,0.01,0.25,0.9971273133589346,bb_disjoint_ols,log_wald,365.0,100,100,3,0.3347790507420383,0.0415276968152986,0.0847790507420382,0.0853609711353092,0.3414438845412371,0.1612224090654432,0.3250261698814659,0.2461916688294472,0.4476814134581952,0.0273063159750755,0.0238013201570659,0.0165370432511258,0.0352354644127034,2.9101721612815674,1.5837653805630063,100,2.800442192013092,1.885372710799264,4.088748266265987,0.03,,9.0,14.0,,,disjoint,bb,OLS,ols,0.1583765380563006,2.751795623225267,3.068548699337868,0,0.0,0.0041527696815298,0.0102543382234148,0.0845207808040269,universal_moving_maxima_q99_xi0.01_theta0.25,BB-disjoint-OLS
universal,moving_maxima_q99,0.01,0.25,0.9971273133589346,bb_sliding_fgls,log_wald,365.0,100,100,32,0.3280609382303738,0.0424651889031637,0.0780609382303738,0.0784015418492209,0.3136061673968838,0.167306295483918,0.311908308060188,0.1914004417304344,0.4023370168120654,0.133708975462187,0.131683542777733,0.1169030105709943,0.1450402121404096,1.1688543403734446,1.1904581796044154,100,0.7455328360002984,0.1402548194909432,1.9036755412286104,0.32,,11.0,16.0,,,sliding,bb,FGLS,bootstrap_cov,0.1190458179604415,1.0498085224130032,1.287900158333886,0,0.0,0.0042465188903163,0.2366901081545688,0.4166280225367919,universal_moving_maxima_q99_xi0.01_theta0.25,BB-sliding-FGLS
universal,moving_maxima_q99,0.01,0.25,0.9971273133589346,bb_sliding_ols,log_wald,365.0,100,100,6,0.3226993705007688,0.0433002584034305,0.0726993705007688,0.0732395626267302,0.2929582505069211,0.1694830257692643,0.2900267285928372,0.1716472093349546,0.3991590990613958,0.0098215516710993,0.0077354093349348,0.0033813969900956,0.0152694006454544,2.7538969930654447,1.7280009664054252,100,2.5857497887380454,1.4334205916852871,3.804902680846655,0.06,,11.0,16.0,,,sliding,bb,OLS,ols,0.1728000966405425,2.581096896424902,2.9266970897059874,0,0.0,0.004330025840343,0.0277857452666566,0.124769685312225,universal_moving_maxima_q99_xi0.01_theta0.25,BB-sliding-OLS
universal,moving_maxima_q99,0.01,0.25,0.9971273133589346,northrop_disjoint_fgls,log_wald,365.0,100,100,24,0.3365728428892395,0.0420602856687024,0.0865728428892395,0.0868803103550926,0.3475212414203705,0.165659782931444,0.3429829631848144,0.2458908925158985,0.4624224104928086,0.1365032499356276,0.1301782296439428,0.1184089103095519,0.148528744037618,1.364787891184018,1.1744205504395857,100,1.12576934343571,0.2661250826444529,2.339467775994736,0.24,,9.0,15.0,,,disjoint,northrop,FGLS,bootstrap_cov,0.1174420550439585,1.2473458361400596,1.4822299462279769,0,0.0,0.0042060285668702,0.1669121126545996,0.3323251872329213,universal_moving_maxima_q99_xi0.01_theta0.25,Northrop-disjoint-FGLS
universal,moving_maxima_q99,0.01,0.25,0.9971273133589346,northrop_disjoint_ols,log_wald,365.0,100,100,5,0.3323238363631682,0.042680875264534,0.0823238363631682,0.0826705255402093,0.3306821021608375,0.1679941693393456,0.3081354001744318,0.2253807061841341,0.4346812484130218,0.0310941625545064,0.0306209164124421,0.0198961029199345,0.0418240272280356,2.748257177274403,1.5670886731934603,100,2.5183282750057554,1.7568105990046363,3.6466046043345126,0.05,,9.0,15.0,,,disjoint,northrop,OLS,ols,0.156708867319346,2.5915483099550567,2.904966044593749,0,0.0,0.0042680875264534,0.0215433614563135,0.1117519652720881,universal_moving_maxima_q99_xi0.01_theta0.25,Northrop-disjoint-OLS
universal,moving_maxima_q99,0.01,0.25,0.9971273133589346,northrop_sliding_fgls,log_wald,365.0,100,100,39,0.3271126064526612,0.043168155450884,0.0771126064526612,0.0772827093675619,0.3091308374702479,0.1714391445612476,0.28504134809951,0.1793651027573422,0.4208636356705534,0.1326257925419203,0.1330685863373945,0.1180097635662297,0.1450572784523111,1.1647967290203372,1.2486373565208184,100,0.5651202201811665,0.1346148413381831,1.92508824896161,0.39,,11.0,16.0,,,sliding,northrop,FGLS,bootstrap_cov,0.1248637356520818,1.0399329933682553,1.289660464672419,0,0.0,0.0043168155450884,0.300167219319702,0.4879716383250184,universal_moving_maxima_q99_xi0.01_theta0.25,Northrop-sliding-FGLS
universal,moving_maxima_q99,0.01,0.25,0.9971273133589346,northrop_sliding_ols,log_wald,365.0,100,100,3,0.3216524417905366,0.0425247714863571,0.0716524417905365,0.0719986104186337,0.2879944416745349,0.1677200717597604,0.274994879402703,0.174564540373652,0.3769338170211965,0.0100468656801083,0.0068727270964634,0.003189133232641,0.0148261554309696,2.6968070759321843,1.696803101232223,100,2.6047879957392226,1.4651573916239724,3.6842094959420777,0.03,,11.0,16.0,,,sliding,northrop,OLS,ols,0.1696803101232223,2.527126765808962,2.8664873860554065,0,0.0,0.0042524771486357,0.0102543382234148,0.0845207808040269,universal_moving_maxima_q99_xi0.01_theta0.25,Northrop-sliding-OLS
universal,moving_maxima_q99,0.01,0.4,0.9949047687155308,bb_disjoint_fgls,log_wald,365.0,100,100,64,0.4641672476337283,0.0597747423156619,0.0641672476337283,0.0720322280516974,0.1800805701292437,0.1247746304582992,0.1483045705121721,0.0888288831280288,0.2648082444371085,0.1867199117590535,0.1770145034550975,0.1629200317072568,0.2051381622082583,0.6923775890763606,0.9631906838221976,100,0.1929549361101034,0.163820049207408,0.7128626240770112,0.64,,9.0,15.0,,,disjoint,bb,FGLS,bootstrap_cov,0.0963190683822197,0.5960585206941408,0.7886966574585804,0,0.0,0.0059774742315661,0.542352199811621,0.7272892540950986,universal_moving_maxima_q99_xi0.01_theta0.40,BB-disjoint-FGLS
universal,moving_maxima_q99,0.01,0.4,0.9949047687155308,bb_disjoint_ols,log_wald,365.0,100,100,12,0.4615278978049957,0.0613468220718896,0.0615278978049956,0.0705046207521907,0.1762615518804767,0.126645206351632,0.1396556146880381,0.0697522934996116,0.2687965533755344,0.0392559141472963,0.0329624141760987,0.0258138950270602,0.0521543146782881,2.1325009408597357,1.8998810578986396,100,1.4822190470932868,0.5622285530003807,3.4764328112528564,0.12,,9.0,15.0,,,disjoint,bb,OLS,ols,0.1899881057898639,1.9425128350698715,2.3224890466496,0,0.0,0.0061346822071889,0.0699933736526777,0.1981226800290836,universal_moving_maxima_q99_xi0.01_theta0.40,BB-disjoint-OLS
universal,moving_maxima_q99,0.01,0.4,0.9949047687155308,bb_sliding_fgls,log_wald,365.0,100,100,65,0.4603923322186597,0.0592734113171765,0.0603923322186596,0.0695801547285318,0.1739503868213296,0.1200809852736064,0.1597572315272343,0.0793187645856126,0.2493245369152767,0.1805086497352679,0.1767567567477786,0.1578047887289319,0.2017444576621464,0.7296625783232835,1.0117320129127088,100,0.2046308114577784,0.1665267455655168,0.772722152745871,0.65,,11.0,16.0,,,sliding,bb,FGLS,bootstrap_cov,0.1011732012912708,0.6284893770320127,0.8308357796145543,0,0.0,0.0059273411317176,0.5525426042919797,0.7363589534652197,universal_moving_maxima_q99_xi0.01_theta0.40,BB-sliding-FGLS
universal,moving_maxima_q99,0.01,0.4,0.9949047687155308,bb_sliding_ols,log_wald,365.0,100,100,4,0.4555649827949327,0.0616662021790448,0.0555649827949326,0.0676526121643998,0.1691315304109996,0.11985061900157,0.1455873437742857,0.0734468549427114,0.2268915304888628,0.009370270070677,0.0059177174472185,0.0028279409762258,0.0130335121233999,2.532215104621314,1.965802271863736,100,2.223766215664102,0.8172665051887115,3.6017900042602977,0.04,,11.0,16.0,,,sliding,bb,OLS,ols,0.1965802271863735,2.3356348774349405,2.728795331807688,0,0.0,0.0061666202179044,0.015663050551848,0.0983721723260737,universal_moving_maxima_q99_xi0.01_theta0.40,BB-sliding-OLS
universal,moving_maxima_q99,0.01,0.4,0.9949047687155308,northrop_disjoint_fgls,log_wald,365.0,100,100,65,0.4669362076897162,0.0607354611395035,0.0669362076897161,0.0746212577910708,0.1865531444776771,0.1272284209786867,0.1520299131396612,0.0868311215036363,0.2682052466724594,0.1917583652984829,0.1814861859852153,0.1636837060115429,0.2097938931449245,0.7159143523892533,0.98439085104232,100,0.2053867264490638,0.1718702545928949,0.6419998154835869,0.65,,10.0,15.0,,,disjoint,northrop,FGLS,bootstrap_cov,0.098439085104232,0.6174752672850212,0.8143534374934853,0,0.0,0.0060735461139503,0.5525426042919797,0.7363589534652197,universal_moving_maxima_q99_xi0.01_theta0.40,Northrop-disjoint-FGLS
universal,moving_maxima_q99,0.01,0.4,0.9949047687155308,northrop_disjoint_ols,log_wald,365.0,100,100,10,0.4643756748217217,0.0623918835391755,0.0643756748217217,0.0733291899438961,0.1833229748597404,0.1286310269954308,0.1486269805469408,0.0721508943316063,0.2777651345121034,0.0408349182101287,0.0371153293856202,0.0260090757435976,0.0529142552953051,2.2068482851481863,1.9389145928074436,100,1.597505950332908,0.6037639288563824,3.4415086373325385,0.1,,10.0,15.0,,,disjoint,northrop,OLS,ols,0.1938914592807443,2.012956825867442,2.4007397444289307,0,0.0,0.0062391883539175,0.0552285416131361,0.1743673043676654,universal_moving_maxima_q99_xi0.01_theta0.40,Northrop-disjoint-OLS
universal,moving_maxima_q99,0.01,0.4,0.9949047687155308,northrop_sliding_fgls,log_wald,365.0,100,100,63,0.4610365729349381,0.0598821984565532,0.061036572934938,0.0709762191393621,0.1774405478484053,0.1188608193007993,0.1578588373638748,0.0840226789793346,0.2633244235840521,0.1792677120554641,0.1737513270744381,0.1559565967664618,0.1976511574691003,0.7690390432831363,1.0251680498981883,100,0.2006952510859544,0.1668777473860523,1.0036100249376656,0.63,,11.0,16.0,,,sliding,northrop,FGLS,bootstrap_cov,0.1025168049898188,0.6665222382933175,0.8715558482729552,0,0.0,0.0059882198456553,0.5322034757513312,0.7181778743049083,universal_moving_maxima_q99_xi0.01_theta0.40,Northrop-sliding-FGLS
universal,moving_maxima_q99,0.01,0.4,0.9949047687155308,northrop_sliding_ols,log_wald,365.0,100,100,6,0.4560611007037324,0.0615015638674996,0.0560611007037323,0.0682580109327885,0.1706450273319714,0.1186069417442511,0.1488157268323484,0.0761768163728687,0.2479362853067494,0.0101041920713746,0.0065326043650864,0.0034097333604406,0.0145581479099166,2.5463651654368173,1.9318211467510185,100,2.1566078989532285,0.9611061693811048,3.737641553052912,0.06,,11.0,16.0,,,sliding,northrop,OLS,ols,0.1931821146751018,2.3531830507617153,2.7395472801119194,0,0.0,0.0061501563867499,0.0277857452666566,0.124769685312225,universal_moving_maxima_q99_xi0.01_theta0.40,Northrop-sliding-OLS
universal,moving_maxima_q99,0.01,0.6,0.9908789441918076,bb_disjoint_fgls,log_wald,365.0,100,100,78,0.6494250027433794,0.0752799036858064,0.0494250027433795,0.0728471351523207,0.1214118919205345,0.0877854340133295,0.1055381341484437,0.0427165702225855,0.179580280588438,0.2413277032610649,0.2377428480225544,0.2150295715329138,0.262979548272183,0.528509887384153,0.7135282359195331,100,0.2449912393440202,0.2156149948212601,0.3232501776286637,0.78,,9.0,14.0,,,disjoint,bb,FGLS,bootstrap_cov,0.0713528235919533,0.4571570637921998,0.5998627109761063,0,0.0,0.0075279903685806,0.6892946528499969,0.849988254963442,universal_moving_maxima_q99_xi0.01_theta0.60,BB-disjoint-FGLS
universal,moving_maxima_q99,0.01,0.6,0.9908789441918076,bb_disjoint_ols,log_wald,365.0,100,100,23,0.6474200096313802,0.0766942364004019,0.0474200096313802,0.0740288256648121,0.1233813761080202,0.085273313182236,0.1098164195993179,0.0517060159135484,0.1793950029675531,0.0631669206176213,0.0614845052482866,0.0401805408879888,0.0814890353303782,1.9671610436791096,1.8108204696264312,100,1.5629897817968064,0.3216113161184469,3.0495455817620805,0.23,,9.0,14.0,,,disjoint,bb,OLS,ols,0.1810820469626431,1.7860789967164667,2.148243090641753,0,0.0,0.0076694236400401,0.158431547468764,0.3215456485682769,universal_moving_maxima_q99_xi0.01_theta0.60,BB-disjoint-OLS
universal,moving_maxima_q99,0.01,0.6,0.9908789441918076,bb_sliding_fgls,log_wald,365.0,100,100,78,0.6437668023954909,0.0740691149640716,0.0437668023954909,0.0719335362092777,0.1198892270154629,0.0780743051279446,0.1057711388476209,0.0550509613749792,0.1641822596890904,0.2261035132803498,0.223020366351165,0.1961326287044808,0.24642396086445,0.4680083238530887,0.6262611876530958,100,0.2290680757800955,0.204698217158041,0.2806948948591871,0.78,,10.0,16.0,,,sliding,bb,FGLS,bootstrap_cov,0.0626261187653095,0.4053822050877791,0.5306344426183983,0,0.0,0.0074069114964071,0.6892946528499969,0.849988254963442,universal_moving_maxima_q99_xi0.01_theta0.60,BB-sliding-FGLS
universal,moving_maxima_q99,0.01,0.6,0.9908789441918076,bb_sliding_ols,log_wald,365.0,100,100,3,0.6391707827222105,0.0780225223602776,0.0391707827222106,0.0736974924882485,0.1228291541470809,0.0773013669622529,0.1076805701549158,0.0683205052240812,0.1620149721340793,0.0124260330961821,0.0075881823024149,0.0048058382864766,0.0164695979544226,2.7194879640939895,1.8483696909595904,100,2.3893250786156917,1.3959941383035923,3.744998662189478,0.03,,10.0,16.0,,,sliding,bb,OLS,ols,0.184836969095959,2.5346509949980307,2.9043249331899483,0,0.0,0.0078022522360277,0.0102543382234148,0.0845207808040269,universal_moving_maxima_q99_xi0.01_theta0.60,BB-sliding-OLS
universal,moving_maxima_q99,0.01,0.6,0.9908789441918076,northrop_disjoint_fgls,log_wald,365.0,100,100,77,0.652242742567002,0.077973762806688,0.052242742567002,0.0754040343475476,0.1256733905792461,0.0926999365645817,0.106354611648474,0.0465193365834842,0.1889619944474944,0.2467842407593348,0.2406322160068459,0.2190524136032017,0.2674345593074836,0.5724079658474323,0.7726934850229366,100,0.2486284855128273,0.2212543657810629,0.3163381384338956,0.77,,10.0,14.0,,,disjoint,northrop,FGLS,bootstrap_cov,0.0772693485022936,0.4951386173451386,0.6496773143497259,0,0.0,0.0077973762806688,0.6784543514317231,0.841568452531236,universal_moving_maxima_q99_xi0.01_theta0.60,Northrop-disjoint-FGLS
universal,moving_maxima_q99,0.01,0.6,0.9908789441918076,northrop_disjoint_ols,log_wald,365.0,100,100,20,0.6494932867931809,0.0789013799802851,0.0494932867931808,0.0757487460281796,0.126247910046966,0.089813474218955,0.1063246421535618,0.0541345844327408,0.1887419408122637,0.0658469365539276,0.0618477779909114,0.04114049956282,0.0889370043385444,1.9919020918354855,1.94842552369196,100,1.487177536067218,0.2456721027980471,3.203327702261848,0.2,,10.0,14.0,,,disjoint,northrop,OLS,ols,0.1948425523691959,1.7970595394662896,2.1867446442046816,0,0.0,0.0078901379980285,0.1333659225590988,0.2888309619265023,universal_moving_maxima_q99_xi0.01_theta0.60,Northrop-disjoint-OLS
universal,moving_maxima_q99,0.01,0.6,0.9908789441918076,northrop_sliding_fgls,log_wald,365.0,100,100,78,0.6435563691320977,0.0752015039925073,0.0435563691320977,0.0723976016265096,0.1206626693775161,0.0795338924184762,0.1066811222792313,0.0612534781208896,0.1619809694402286,0.2298035179622563,0.2242030080554698,0.1980616061165078,0.2493262296394127,0.4799338136661927,0.630204217592952,100,0.2343359292313486,0.2083107970893232,0.2917244651289017,0.78,,10.0,16.0,,,sliding,northrop,FGLS,bootstrap_cov,0.0630204217592952,0.4169133919068974,0.5429542354254879,0,0.0,0.0075201503992507,0.6892946528499969,0.849988254963442,universal_moving_maxima_q99_xi0.01_theta0.60,Northrop-sliding-FGLS
universal,moving_maxima_q99,0.01,0.6,0.9908789441918076,northrop_sliding_ols,log_wald,365.0,100,100,2,0.6395459493827239,0.0787337833330329,0.0395459493827238,0.0744104141449417,0.1240173569082361,0.0779217810293778,0.1090133551429099,0.0631749775011876,0.1618438736983806,0.0125952275580199,0.0077022355661961,0.0045586456114315,0.0175854673355665,2.7381495052709046,1.869286641322671,100,2.4319320711520085,1.2405656008198658,3.746522985836616,0.02,,10.0,16.0,,,sliding,northrop,OLS,ols,0.1869286641322671,2.5512208411386377,2.9250781694031716,0,0.0,0.0078733783333032,0.0055018522349681,0.0700131629419936,universal_moving_maxima_q99_xi0.01_theta0.60,Northrop-sliding-OLS
universal,moving_maxima_q99,0.01,0.8,0.9840344433634576,bb_disjoint_fgls,log_wald,365.0,100,100,77,0.8374569122034501,0.0870088490586852,0.03745691220345,0.0755947566859499,0.0944934458574374,0.0708810829451512,0.0675046446363256,0.0370608936716167,0.1478759076555105,0.2226298524856828,0.2324905499158333,0.1988370035139583,0.2656629241573837,0.8237666247600945,1.3667671544375404,100,0.2634187056344224,0.2287434348309717,0.3006306258579163,0.77,,10.0,15.0,,,disjoint,bb,FGLS,mixed,0.136676715443754,0.6870899093163405,0.9604433402038486,0,0.0,0.0087008849058685,0.6784543514317231,0.841568452531236,universal_moving_maxima_q99_xi0.01_theta0.80,BB-disjoint-FGLS
universal,moving_maxima_q99,0.01,0.8,0.9840344433634576,bb_disjoint_ols,log_wald,365.0,100,100,36,0.8345633553714478,0.0874012021708713,0.0345633553714477,0.0758881255632504,0.094860156954063,0.0687895704824173,0.0729724672567223,0.0400254774891497,0.1432530250306704,0.0734772837426433,0.068326494982258,0.0458960984770796,0.1002850349842251,1.8975419190057596,2.250680850911458,100,0.8859496783410983,0.1083986493078187,3.341704302132199,0.36,,10.0,15.0,,,disjoint,bb,OLS,mixed,0.2250680850911458,1.6724738339146137,2.122610004096906,0,0.0,0.0087401202170871,0.2727107459049014,0.4576478001883791,universal_moving_maxima_q99_xi0.01_theta0.80,BB-disjoint-OLS
universal,moving_maxima_q99,0.01,0.8,0.9840344433634576,bb_sliding_fgls,log_wald,365.0,100,100,77,0.8308669710028501,0.0847764376165711,0.03086697100285,0.0710023989341925,0.0887529986677406,0.0691146570577737,0.0680227120860001,0.0326929820284493,0.1329383888228215,0.2154845460659056,0.2180184666051066,0.1877257610997554,0.2455622328044306,0.7487337302118955,1.317739444591293,100,0.2450695834374493,0.2156167092060736,0.3185853258832458,0.77,,10.0,16.0,,,sliding,bb,FGLS,mixed,0.1317739444591293,0.6169597857527662,0.8805076746710248,0,0.0,0.0084776437616571,0.6784543514317231,0.841568452531236,universal_moving_maxima_q99_xi0.01_theta0.80,BB-sliding-FGLS
universal,moving_maxima_q99,0.01,0.8,0.9840344433634576,bb_sliding_ols,log_wald,365.0,100,100,5,0.8281386631830009,0.0859556015560013,0.0281386631830007,0.0713473364873796,0.0891841706092246,0.0689914690409168,0.072519625798793,0.0290437052300593,0.1299057352191868,0.0127376537372946,0.0089504153970685,0.0052001749900071,0.0161129740691804,2.6217609051009148,2.231006250848281,100,1.940616448989511,0.7441371996073352,3.867865247423074,0.05,,10.0,16.0,,,sliding,bb,OLS,mixed,0.2231006250848281,2.3986602800160868,2.8448615301857427,0,0.0,0.0085955601556001,0.0215433614563135,0.1117519652720881,universal_moving_maxima_q99_xi0.01_theta0.80,BB-sliding-OLS
universal,moving_maxima_q99,0.01,0.8,0.9840344433634576,northrop_disjoint_fgls,log_wald,365.0,100,100,73,0.8433865463865574,0.0885498451430452,0.0433865463865573,0.0788258967927831,0.0985323709909789,0.0735930182363533,0.0725724036836761,0.0335932916621517,0.1549622304508753,0.2216366614431066,0.2298620467795425,0.1898034864345879,0.2700125466941566,0.8913070484104045,1.389197821762984,100,0.2753416066881027,0.2340142583845013,0.5394749887260638,0.73,,10.0,15.0,,,disjoint,northrop,FGLS,mixed,0.1389197821762984,0.7523872662341061,1.0302268305867028,0,0.0,0.0088549845143045,0.6356769977376873,0.8073053908233518,universal_moving_maxima_q99_xi0.01_theta0.80,Northrop-disjoint-FGLS
universal,moving_maxima_q99,0.01,0.8,0.9840344433634576,northrop_disjoint_ols,log_wald,365.0,100,100,34,0.8405019633970489,0.0887808166601357,0.0405019633970487,0.0789965542522786,0.0987456928153483,0.0711020585310959,0.0767702404309432,0.0417575104488022,0.1547859460998451,0.075025509413982,0.0695527680896917,0.0458477158848321,0.0988365943405864,1.9904972945470032,2.3191320734882193,100,0.7503900940713972,0.1151556834037635,3.669962601475839,0.34,,10.0,15.0,,,disjoint,northrop,OLS,mixed,0.2319132073488219,1.7585840871981813,2.2224105018958253,0,0.0,0.0088780816660135,0.25461379497543,0.4372245434168906,universal_moving_maxima_q99_xi0.01_theta0.80,Northrop-disjoint-OLS
universal,moving_maxima_q99,0.01,0.8,0.9840344433634576,northrop_sliding_fgls,log_wald,365.0,100,100,76,0.8320493929762286,0.0858896652876772,0.0320493929762285,0.0725970131592965,0.0907462664491206,0.0694960840188575,0.0707452290785538,0.0363016917838667,0.1364482559742301,0.2163166886067997,0.2168094384523822,0.1917510710223785,0.2496181030934119,0.7655734806820892,1.336676672966642,100,0.2479691326708374,0.216488029752007,0.3140474390740284,0.76,,10.0,16.0,,,sliding,northrop,FGLS,mixed,0.1336676672966641,0.631905813385425,0.8992411479787534,0,0.0,0.0085889665287677,0.6676748127670786,0.8330878873454004,universal_moving_maxima_q99_xi0.01_theta0.80,Northrop-sliding-FGLS
universal,moving_maxima_q99,0.01,0.8,0.9840344433634576,northrop_sliding_ols,log_wald,365.0,100,100,6,0.8289184989048871,0.0870090020470022,0.028918498904887,0.0730653122556103,0.0913316403195129,0.0687253226687484,0.0786779257628053,0.0351956897229657,0.1281692257323154,0.014152631886022,0.0104438842001013,0.0060606581141181,0.0193423333610601,2.6668880410115547,2.2315336254761053,100,2.2059886877786727,0.8972132191297209,3.894003306384873,0.06,,10.0,16.0,,,sliding,northrop,OLS,mixed,0.2231533625476105,2.443734678463944,2.8900414035591653,0,0.0,0.0087009002047002,0.0277857452666566,0.124769685312225,universal_moving_maxima_q99_xi0.01_theta0.80,Northrop-sliding-OLS
universal,moving_maxima_q99,0.01,1.0,0.0,bb_disjoint_fgls,log_wald,365.0,100,100,90,0.9730166211115197,0.0450854601184105,-0.0269833788884803,0.0269833788884803,0.0269833788884803,0.0450854601184105,0.0061933762245718,0.0,0.0329750727081121,0.0882060391993048,0.0701688790447956,0.0491907408613825,0.1142691936094684,0.2318542427963473,0.513056641122304,100,0.0701688790447956,0.0491907408613825,0.1142691936094684,0.9,,10.0,14.0,,,disjoint,bb,FGLS,mixed,0.0513056641122304,0.1805485786841169,0.2831599069085777,0,0.0,0.004508546011841,0.8256326956323347,0.944771458386864,universal_moving_maxima_q99_xi0.01_theta1.00,BB-disjoint-FGLS
universal,moving_maxima_q99,0.01,1.0,0.0,bb_disjoint_ols,log_wald,365.0,100,100,71,0.971544644807893,0.0466016664673936,-0.0284553551921069,0.0284553551921069,0.0284553551921069,0.0466016664673936,0.0062610361439314,0.0,0.0351266728337045,0.0306714893924728,0.0158509587339537,0.0,0.0559958875350045,0.5767117622949024,1.3302346364468125,100,0.0184189494938111,0.0,0.2026677520481194,0.71,,10.0,14.0,,,disjoint,bb,OLS,mixed,0.1330234636446812,0.4436882986502211,0.7097352259395837,0,0.0,0.0046601666467393,0.6146092505999207,0.7898529302601586,universal_moving_maxima_q99_xi0.01_theta1.00,BB-disjoint-OLS
universal,moving_maxima_q99,0.01,1.0,0.0,bb_sliding_fgls,log_wald,365.0,100,99,93,0.9775625495033672,0.0423023430097382,-0.0224374504966326,0.0224374504966326,0.0224374504966326,0.0423023430097382,0.0,0.0,0.0354711272961269,0.074730786135149,0.0504838769419357,0.0282932401517418,0.1123447029743667,0.1485310161656227,0.4127599016115238,99,0.0504838769419357,0.0282932401517418,0.1123447029743667,0.93,,8.0,11.5,,,sliding,bb,FGLS,mixed,0.0414839309742253,0.1070470851913974,0.1900149471398481,1,0.01,0.0042515454398853,0.8625032899347026,0.965681175635936,universal_moving_maxima_q99_xi0.01_theta1.00,BB-sliding-FGLS
universal,moving_maxima_q99,0.01,1.0,0.0,bb_sliding_ols,log_wald,365.0,100,100,65,0.9744888000658308,0.0460360253078227,-0.0255111999341692,0.0255111999341692,0.0255111999341692,0.0460360253078227,0.0,0.0,0.0380957004232349,0.0055059566635736,0.0,0.0,0.0077606484294664,0.9152749627540908,1.7074252056207722,100,0.0,0.0,1.3195868610749653,0.65,,8.0,11.5,,,sliding,bb,OLS,mixed,0.1707425205620772,0.7445324421920136,1.086017483316168,0,0.0,0.0046036025307822,0.5525426042919797,0.7363589534652197,universal_moving_maxima_q99_xi0.01_theta1.00,BB-sliding-OLS
universal,moving_maxima_q99,0.01,1.0,0.0,northrop_disjoint_fgls,log_wald,365.0,100,100,92,0.97492181621406,0.0439815613685877,-0.02507818378594,0.02507818378594,0.02507818378594,0.0439815613685877,0.0049879917429661,0.0,0.0290059621638709,0.0866757443912668,0.0695306272015107,0.0465806390693369,0.111662189148113,0.2114119075947172,0.4945136172868423,100,0.0695306272015107,0.0465806390693369,0.111662189148113,0.92,,10.0,14.0,,,disjoint,northrop,FGLS,mixed,0.0494513617286842,0.161960545866033,0.2608632693234015,0,0.0,0.0043981561368587,0.8500173312059693,0.9589070305141892,universal_moving_maxima_q99_xi0.01_theta1.00,Northrop-disjoint-FGLS
universal,moving_maxima_q99,0.01,1.0,0.0,northrop_disjoint_ols,log_wald,365.0,100,100,72,0.9731450026637968,0.0455171606050414,-0.0268549973362033,0.0268549973362033,0.0268549973362033,0.0455171606050414,0.0054628372556908,0.0,0.0310123729969437,0.0306690730841556,0.0128374006092389,0.0,0.0523556989741888,0.510232072141994,1.2654677750800414,100,0.0149593743959213,0.0,0.1866156388369357,0.72,,10.0,14.0,,,disjoint,northrop,OLS,mixed,0.1265467775080041,0.3836852946339898,0.6367788496499981,0,0.0,0.0045517160605041,0.6251178763865427,0.7986044083240164,universal_moving_maxima_q99_xi0.01_theta1.00,Northrop-disjoint-OLS
universal,moving_maxima_q99,0.01,1.0,0.0,northrop_sliding_fgls,log_wald,365.0,100,99,93,0.9770122648371298,0.0443083375172132,-0.0229877351628703,0.0229877351628703,0.0229877351628703,0.0443083375172132,0.0,0.0,0.0317783551420455,0.0753670093509088,0.0485154151522656,0.026819805903423,0.1070281241556531,0.1533003640528805,0.4442342791921898,99,0.0485154151522656,0.026819805903423,0.1070281241556531,0.93,,8.0,11.0,,,sliding,northrop,FGLS,mixed,0.0446472249422569,0.1086531391106235,0.1979475889951374,1,0.01,0.0044531554736067,0.8625032899347026,0.965681175635936,universal_moving_maxima_q99_xi0.01_theta1.00,Northrop-sliding-FGLS
universal,moving_maxima_q99,0.01,1.0,0.0,northrop_sliding_ols,log_wald,365.0,100,100,67,0.9746680082761444,0.0472754648308695,-0.0253319917238556,0.0253319917238556,0.0253319917238556,0.0472754648308695,0.0,0.0,0.0335968477735296,0.0053613769991281,0.0,0.0,0.008991604719467,0.9113265508981492,1.7597148981451554,100,0.0,0.0,1.1312392206460935,0.67,,8.0,11.0,,,sliding,northrop,OLS,mixed,0.1759714898145155,0.7353550610836335,1.087298040712665,0,0.0,0.0047275464830869,0.5730516033971139,0.7543701620610456,universal_moving_maxima_q99_xi0.01_theta1.00,Northrop-sliding-OLS
universal,moving_maxima_q99,0.5,0.1,0.9486846983725729,bb_disjoint_fgls,log_wald,365.0,100,100,0,0.1925886063283024,0.027905827323353,0.0925886063283024,0.0925886063283024,0.925886063283024,0.2790582732335303,0.9282814197139052,0.7780252627512856,1.102788896764236,0.0716249096548258,0.0706407942579884,0.060382292652316,0.0807407450755595,2.4797914942420407,1.0429333053954022,100,2.4762333643542056,1.847868272396856,3.188507361109979,0.0,,10.0,14.0,,,disjoint,bb,FGLS,bootstrap_cov,0.1042933305395402,2.3754981637025003,2.584084824781581,0,0.0,0.0027905827323353,0.0,0.0369948074760019,universal_moving_maxima_q99_xi0.50_theta0.10,BB-disjoint-FGLS
universal,moving_maxima_q99,0.5,0.1,0.9486846983725729,bb_disjoint_ols,log_wald,365.0,100,100,0,0.1873401068441755,0.026620647381733,0.0873401068441755,0.0873401068441755,0.8734010684417551,0.2662064738173302,0.8708171420957844,0.739016141146819,1.0413694300869043,0.0173660755180319,0.0156390195345578,0.00999393292391,0.0237910977464905,3.1740942210817717,0.9912062792241982,100,3.146284328177737,2.6454303902462275,3.8322850775874993,0.0,,10.0,14.0,,,disjoint,bb,OLS,ols,0.0991206279224198,3.074973593159352,3.2732148490041917,0,0.0,0.0026620647381733,0.0,0.0369948074760019,universal_moving_maxima_q99_xi0.50_theta0.10,BB-disjoint-OLS
universal,moving_maxima_q99,0.5,0.1,0.9486846983725729,bb_sliding_fgls,log_wald,365.0,100,100,0,0.1840382464139373,0.0217613887604261,0.0840382464139373,0.0840382464139373,0.8403824641393733,0.2176138876042614,0.8280226651834384,0.7066788379235484,0.9704179947434154,0.0741441609306394,0.071632034510759,0.0637412589162956,0.0838348524567261,2.1027668112230273,0.6929792051500451,100,2.045086288858339,1.6424382415395935,2.523045222934946,0.0,,12.0,16.0,,,sliding,bb,FGLS,bootstrap_cov,0.0692979205150045,2.033468890708023,2.1720647317380317,0,0.0,0.0021761388760426,0.0,0.0369948074760019,universal_moving_maxima_q99_xi0.50_theta0.10,BB-sliding-FGLS
universal,moving_maxima_q99,0.5,0.1,0.9486846983725729,bb_sliding_ols,log_wald,365.0,100,100,0,0.1773087126245619,0.0223664563720805,0.0773087126245619,0.0773087126245619,0.7730871262456196,0.2236645637208054,0.7529811517192398,0.6161533034023268,0.8991770881799811,0.0111833199374054,0.0121245936242985,0.0090305069476778,0.014190207564497,2.8840681684727434,0.929195143483059,100,2.823403255074404,2.221586843728265,3.3942047137362437,0.0,,12.0,16.0,,,sliding,bb,OLS,ols,0.0929195143483058,2.7911486541244375,2.9769876828210493,0,0.0,0.002236645637208,0.0,0.0369948074760019,universal_moving_maxima_q99_xi0.50_theta0.10,BB-sliding-OLS
universal,moving_maxima_q99,0.5,0.1,0.9486846983725729,northrop_disjoint_fgls,log_wald,365.0,100,100,0,0.1920112238605534,0.026551797021241,0.0920112238605533,0.0920112238605533,0.9201122386055336,0.2655179702124108,0.9271751105005333,0.73823698415531,1.111271008524258,0.0716013799030354,0.0695549026681596,0.0606571346847499,0.079512847873847,2.4580679663669933,1.0101337687673455,100,2.557195110302742,1.673878979011605,3.1127006258400733,0.0,,10.0,14.0,,,disjoint,northrop,FGLS,bootstrap_cov,0.1010133768767345,2.3570545894902586,2.559081343243728,0,0.0,0.0026551797021241,0.0,0.0369948074760019,universal_moving_maxima_q99_xi0.50_theta0.10,Northrop-disjoint-FGLS
universal,moving_maxima_q99,0.5,0.1,0.9486846983725729,northrop_disjoint_ols,log_wald,365.0,100,100,0,0.1877372939907043,0.0253935497218971,0.0877372939907042,0.0877372939907042,0.8773729399070429,0.2539354972189718,0.8882630208536091,0.7065480125101345,1.0594560324354163,0.0171916584111968,0.0155209441183429,0.0105862164520899,0.0219400397639157,3.1927714545312513,0.95987044815765,100,3.2835596643793705,2.5992631477506705,3.795854333685297,0.0,,10.0,14.0,,,disjoint,northrop,OLS,ols,0.095987044815765,3.0967844097154864,3.2887584993470163,0,0.0,0.0025393549721897,0.0,0.0369948074760019,universal_moving_maxima_q99_xi0.50_theta0.10,Northrop-disjoint-OLS
universal,moving_maxima_q99,0.5,0.1,0.9486846983725729,northrop_sliding_fgls,log_wald,365.0,100,100,0,0.1838002630209169,0.0211106833706159,0.0838002630209169,0.0838002630209169,0.8380026302091695,0.2111068337061598,0.8229194732263616,0.6989350860610297,0.9578745798365096,0.0723995048904782,0.0697515759557089,0.0618562961142992,0.0810368632886908,2.1198075445499502,0.693447835372872,100,2.0094072441739765,1.6661503284636452,2.588012118917234,0.0,,12.0,16.0,,,sliding,northrop,FGLS,bootstrap_cov,0.0693447835372872,2.050462761012663,2.189152328087238,0,0.0,0.0021110683370615,0.0,0.0369948074760019,universal_moving_maxima_q99_xi0.50_theta0.10,Northrop-sliding-FGLS
universal,moving_maxima_q99,0.5,0.1,0.9486846983725729,northrop_sliding_ols,log_wald,365.0,100,100,0,0.1766249755358413,0.0211551833566918,0.0766249755358413,0.0766249755358413,0.7662497553584134,0.2115518335669185,0.7496853845473685,0.615458674093681,0.889543377624993,0.0116151021748461,0.0125788412565429,0.0079467868402031,0.0157352107433651,2.8489869553148215,0.8738404252925537,100,2.7792815105369253,2.2043406020938243,3.3775285128102017,0.0,,12.0,16.0,,,sliding,northrop,OLS,ols,0.0873840425292553,2.761602912785566,2.936370997844077,0,0.0,0.0021155183356691,0.0,0.0369948074760019,universal_moving_maxima_q99_xi0.50_theta0.10,Northrop-sliding-OLS
universal,moving_maxima_q99,0.5,0.15,0.921954452845438,bb_disjoint_fgls,log_wald,365.0,100,100,9,0.2401061164414299,0.0351787515302652,0.0901061164414299,0.0901061164414299,0.6007074429428665,0.2345250102017685,0.6126936007793734,0.4416350122847289,0.7503536223923912,0.094098688983345,0.0897519116519024,0.0786847829099013,0.1012401988107053,2.0244646726135858,1.2186765728174214,100,2.1237637847899347,1.2002324455061033,2.7278511733997446,0.09,,9.0,15.0,,,disjoint,bb,FGLS,bootstrap_cov,0.1218676572817421,1.9025970153318437,2.146332329895328,0,0.0,0.0035178751530265,0.0480719951638848,0.1622637469664366,universal_moving_maxima_q99_xi0.50_theta0.15,BB-disjoint-FGLS
universal,moving_maxima_q99,0.5,0.15,0.921954452845438,bb_disjoint_ols,log_wald,365.0,100,100,1,0.2353748808221306,0.0343234920488432,0.0853748808221306,0.0853748808221306,0.5691658721475377,0.2288232803256213,0.5789560907890778,0.4235274764070054,0.7001957882924086,0.021236015904891,0.0195222863384001,0.0140076938220954,0.0287341407136836,3.0229824577958397,1.309531787002569,100,2.985608001712001,2.2186655242521978,3.869188168059812,0.01,,9.0,15.0,,,disjoint,bb,OLS,ols,0.1309531787002568,2.892029279095583,3.1539356364960964,0,0.0,0.0034323492048843,0.0017673865655472,0.0544875247609346,universal_moving_maxima_q99_xi0.50_theta0.15,BB-disjoint-OLS
universal,moving_maxima_q99,0.5,0.15,0.921954452845438,bb_sliding_fgls,log_wald,365.0,100,100,6,0.2307982076288489,0.0316205639280963,0.0807982076288489,0.0807982076288489,0.5386547175256595,0.210803759520642,0.5514532183963043,0.3850442576832115,0.6646955607615013,0.0979423510705982,0.0945254892909746,0.0827682976292176,0.1093929099558374,1.593910500297379,0.9888480086526936,100,1.578732160147858,0.8607789270072443,2.1780277114521573,0.06,,12.0,19.0,,,sliding,bb,FGLS,bootstrap_cov,0.0988848008652693,1.4950256994321096,1.6927953011626484,0,0.0,0.0031620563928096,0.0277857452666566,0.124769685312225,universal_moving_maxima_q99_xi0.50_theta0.15,BB-sliding-FGLS
universal,moving_maxima_q99,0.5,0.15,0.921954452845438,bb_sliding_ols,log_wald,365.0,100,100,1,0.2243530420901723,0.0331434643489344,0.0743530420901723,0.0743530420901723,0.4956869472678154,0.220956428992896,0.4857341634101704,0.3353294781946219,0.6249860606269907,0.0103723114496446,0.0115178927576528,0.0049331634596105,0.0152352142093434,2.7824217286026105,1.3860407150002287,100,2.6824967664720853,1.7482695630807426,3.6004672916894833,0.01,,12.0,19.0,,,sliding,bb,OLS,ols,0.1386040715000228,2.643817657102588,2.9210258001026332,0,0.0,0.0033143464348934,0.0017673865655472,0.0544875247609346,universal_moving_maxima_q99_xi0.50_theta0.15,BB-sliding-OLS
universal,moving_maxima_q99,0.5,0.15,0.921954452845438,northrop_disjoint_fgls,log_wald,365.0,100,100,4,0.2409148120601711,0.0324121590550843,0.0909148120601711,0.0909148120601711,0.606098747067808,0.2160810603672292,0.6304394233441293,0.4411150745377538,0.7430591466988585,0.0942044692229585,0.0887395786910341,0.0819853374249664,0.1014043055719585,2.0405729276576956,1.120260779370023,100,2.1021304871527793,1.271963596747939,2.6253111305253274,0.04,,9.0,14.0,,,disjoint,northrop,FGLS,bootstrap_cov,0.1120260779370023,1.9285468497206932,2.152599005594698,0,0.0,0.0032412159055084,0.015663050551848,0.0983721723260737,universal_moving_maxima_q99_xi0.50_theta0.15,Northrop-disjoint-FGLS
universal,moving_maxima_q99,0.5,0.15,0.921954452845438,northrop_disjoint_ols,log_wald,365.0,100,100,0,0.2363757268833642,0.0320821182498008,0.0863757268833642,0.0863757268833642,0.5758381792224285,0.2138807883320053,0.5854729720205137,0.4210128929253648,0.6835413732570108,0.0224568476042105,0.0206035746104887,0.0155013149182116,0.0275117922096819,3.041040878508878,1.2131048859288578,100,3.165973194114243,2.103181712828657,3.7538129100241697,0.0,,9.0,14.0,,,disjoint,northrop,OLS,ols,0.1213104885928857,2.919730389915992,3.162351367101764,0,0.0,0.00320821182498,0.0,0.0369948074760019,universal_moving_maxima_q99_xi0.50_theta0.15,Northrop-disjoint-OLS
universal,moving_maxima_q99,0.5,0.15,0.921954452845438,northrop_sliding_fgls,log_wald,365.0,100,100,3,0.2313646778205068,0.0318008106657314,0.0813646778205068,0.0813646778205068,0.5424311854700455,0.2120054044382094,0.5177194808198903,0.3829384446631251,0.6864004493740006,0.0954912654828314,0.0927928532844765,0.0837039841965287,0.1053183839585357,1.6498764174298424,1.0555228858992294,100,1.4304836920522468,0.8368699598783585,2.3133532489051305,0.03,,12.0,19.0,,,sliding,northrop,FGLS,bootstrap_cov,0.1055522885899229,1.5443241288399194,1.7554287060197653,0,0.0,0.0031800810665731,0.0102543382234148,0.0845207808040269,universal_moving_maxima_q99_xi0.50_theta0.15,Northrop-sliding-FGLS
universal,moving_maxima_q99,0.5,0.15,0.921954452845438,northrop_sliding_ols,log_wald,365.0,100,100,1,0.2250006958416938,0.0328755827999584,0.0750006958416938,0.0750006958416938,0.5000046389446258,0.2191705519997231,0.4800200768410388,0.3396980023799284,0.6534908992402623,0.0107060335050803,0.0113031835386969,0.0050742621289795,0.0156250917287881,2.8007192188839856,1.3679956248481957,100,2.716345167328039,1.8043897058603957,3.746042966552692,0.01,,12.0,19.0,,,sliding,northrop,OLS,ols,0.1367995624848195,2.663919656399166,2.937518781368805,0,0.0,0.0032875582799958,0.0017673865655472,0.0544875247609346,universal_moving_maxima_q99_xi0.50_theta0.15,Northrop-sliding-OLS
universal,moving_maxima_q99,0.5,0.25,0.866025403784486,bb_disjoint_fgls,log_wald,365.0,100,100,28,0.330683102410121,0.0389251107071488,0.080683102410121,0.0810334110755479,0.3241336443021918,0.1527319910585565,0.3178817496174904,0.2068665379963022,0.4279367413112875,0.1325000545411835,0.1251175828525899,0.1118541731370706,0.1484736378324313,1.2502459910361408,1.1170681670524627,100,0.9842896442043176,0.1773656047751767,1.8933177344273588,0.28,,9.0,15.0,,,disjoint,bb,FGLS,bootstrap_cov,0.1117068167052462,1.1385391743308946,1.361952807741387,0,0.0,0.0038925110707148,0.2013955916759837,0.3748821236134572,universal_moving_maxima_q99_xi0.50_theta0.25,BB-disjoint-FGLS
universal,moving_maxima_q99,0.5,0.25,0.866025403784486,bb_disjoint_ols,log_wald,365.0,100,100,2,0.3265435111669278,0.0390904168042784,0.0765435111669278,0.0769644647261609,0.3078578589046437,0.1529856585475011,0.301864223595416,0.1838003500622292,0.3981752529730061,0.028157652215953,0.0254705371759716,0.0159030049527486,0.0384434036749328,2.56219377801064,1.4526816312597897,100,2.4785381780408455,1.4121463487132688,3.374222380767532,0.02,,9.0,15.0,,,disjoint,bb,OLS,ols,0.1452681631259789,2.416925614884661,2.707461941136619,0,0.0,0.0039090416804278,0.0055018522349681,0.0700131629419936,universal_moving_maxima_q99_xi0.50_theta0.25,BB-disjoint-OLS
universal,moving_maxima_q99,0.5,0.25,0.866025403784486,bb_sliding_fgls,log_wald,365.0,100,100,40,0.3241379974328726,0.0383910642687327,0.0741379974328725,0.0744841724403182,0.2979366897612729,0.1508326142566705,0.2819694190324482,0.1828546223396626,0.3967934694661527,0.1353477064746455,0.1333659647076022,0.1183276919743012,0.1513641810587913,0.9777849553769978,1.0898478264794556,100,0.5198219962038773,0.1370989091652103,1.594093332917068,0.4,,12.0,16.0,,,sliding,bb,FGLS,bootstrap_cov,0.1089847826479455,0.8688001727290523,1.0867697380249437,0,0.0,0.0038391064268732,0.3093997461136028,0.4979992153815976,universal_moving_maxima_q99_xi0.50_theta0.25,BB-sliding-FGLS
universal,moving_maxima_q99,0.5,0.25,0.866025403784486,bb_sliding_ols,log_wald,365.0,100,100,2,0.3201888195261418,0.0402707567902024,0.0701888195261418,0.0706460168172669,0.2825840672690679,0.1578198542519356,0.2617458776967098,0.150983655290509,0.3826677562751789,0.0077561363737428,0.0051286891013737,0.0023179332435572,0.0135015738494825,2.681644647899889,1.6145064926282988,100,2.4294289023742897,1.354515468058997,3.742489737832747,0.02,,12.0,16.0,,,sliding,bb,OLS,ols,0.1614506492628298,2.520193998637059,2.8430952971627192,0,0.0,0.0040270756790202,0.0055018522349681,0.0700131629419936,universal_moving_maxima_q99_xi0.50_theta0.25,BB-sliding-OLS
universal,moving_maxima_q99,0.5,0.25,0.866025403784486,northrop_disjoint_fgls,log_wald,365.0,100,100,26,0.3298527934894531,0.0371435390545004,0.0798527934894531,0.0798527934894531,0.3194111739578125,0.1485741562180018,0.3171373714515962,0.2224472956497297,0.4045417429031863,0.1347029161705733,0.1287230422293306,0.114003169953329,0.1499449412359442,1.1733999971389042,1.0494819035625995,100,0.8684169158522919,0.1980234204760585,1.715465037773608,0.26,,9.0,16.0,,,disjoint,northrop,FGLS,bootstrap_cov,0.1049481903562599,1.0684518067826445,1.278348187495164,0,0.0,0.00371435390545,0.1840457812698646,0.3537117263186163,universal_moving_maxima_q99_xi0.50_theta0.25,Northrop-disjoint-FGLS
universal,moving_maxima_q99,0.5,0.25,0.866025403784486,northrop_disjoint_ols,log_wald,365.0,100,100,2,0.325904726893226,0.0381214053435897,0.075904726893226,0.0759959683667639,0.3039838734670557,0.1517493673505987,0.2808809343897254,0.1987380343814295,0.3965995712731276,0.0300069747242382,0.0295301758500695,0.0189955729200415,0.0405748587208347,2.493356108147128,1.46842767421183,100,2.2977161807584947,1.4605884802408746,3.3736568467051913,0.02,,9.0,16.0,,,disjoint,northrop,OLS,ols,0.146842767421183,2.346513340725945,2.640198875568311,0,0.0,0.0038121405343589,0.0055018522349681,0.0700131629419936,universal_moving_maxima_q99_xi0.50_theta0.25,Northrop-disjoint-OLS
universal,moving_maxima_q99,0.5,0.25,0.866025403784486,northrop_sliding_fgls,log_wald,365.0,100,100,40,0.3240403960817152,0.0392696137483401,0.0740403960817152,0.0742159387749227,0.296863755099691,0.1557338429837334,0.2826851078006315,0.1806980405634533,0.3796035852530682,0.1307165401074475,0.1300160754697097,0.1154421611004849,0.141631116113075,1.0432623423068472,1.1633929625035797,100,0.5785260843960979,0.1328023414299066,1.6729679245439055,0.4,,11.0,16.0,,,sliding,northrop,FGLS,bootstrap_cov,0.1163392962503579,0.9269230460564892,1.1596016385572052,0,0.0,0.003926961374834,0.3093997461136028,0.4979992153815976,universal_moving_maxima_q99_xi0.50_theta0.25,Northrop-sliding-FGLS
universal,moving_maxima_q99,0.5,0.25,0.866025403784486,northrop_sliding_ols,log_wald,365.0,100,100,1,0.3193932363889106,0.0398277988831662,0.0693932363889106,0.0696164792256442,0.2784659169025768,0.1577292453166213,0.2694528734628215,0.1575566783876068,0.3558453531061762,0.0087027882608716,0.0054577994826918,0.0026642568197594,0.0140287547351709,2.6225151967839166,1.58906653332337,100,2.5445455469838434,1.300098624133362,3.370015041989307,0.01,,11.0,16.0,,,sliding,northrop,OLS,ols,0.158906653332337,2.4636085434515795,2.7814218501162538,0,0.0,0.0039827798883166,0.0017673865655472,0.0544875247609346,universal_moving_maxima_q99_xi0.50_theta0.25,Northrop-sliding-OLS
universal,moving_maxima_q99,0.5,0.4,0.7745966692414834,bb_disjoint_fgls,log_wald,365.0,100,100,59,0.4772529183580981,0.0599959123190321,0.077252918358098,0.0798795803134723,0.1996989507836809,0.1410364870547406,0.1916117350340978,0.0806142496995929,0.2924459511341865,0.2001373366005142,0.1948177718641207,0.1684100550862118,0.2269717960827072,0.8833850812802178,1.200776668435481,100,0.2363598255841028,0.1837871453133434,1.3394380187718655,0.59,,10.0,15.0,,,disjoint,bb,FGLS,bootstrap_cov,0.1200776668435481,0.7633074144366696,1.003462748123766,0,0.0,0.0059995912319032,0.4920125056109662,0.6813284290433533,universal_moving_maxima_q99_xi0.50_theta0.40,BB-disjoint-FGLS
universal,moving_maxima_q99,0.5,0.4,0.7745966692414834,bb_disjoint_ols,log_wald,365.0,100,100,19,0.4752618782038222,0.0611071006219963,0.0752618782038222,0.0783666654181553,0.1959166635453883,0.1425718193766076,0.1828527652633974,0.0757710495356829,0.2856934873541955,0.0427702047295185,0.0373215311927637,0.0255723243454872,0.0588095406995567,2.4146730993622487,2.1495008074149973,100,2.103071200559562,0.5805406299240499,3.779027445414633,0.19,,10.0,15.0,,,disjoint,bb,OLS,ols,0.2149500807414997,2.199723018620749,2.6296231801037484,0,0.0,0.0061107100621996,0.1251465399270426,0.2777902407080785,universal_moving_maxima_q99_xi0.50_theta0.40,BB-disjoint-OLS
universal,moving_maxima_q99,0.5,0.4,0.7745966692414834,bb_sliding_fgls,log_wald,365.0,100,100,58,0.473879395135063,0.0570848355115168,0.073879395135063,0.0781235822030898,0.1953089555077247,0.1276477800286047,0.1830584875197584,0.0882672534245535,0.2900329929837323,0.1812857191176935,0.1820316013000994,0.1575352631303794,0.201359166994814,0.9571375939269714,1.1615549279904085,100,0.222487277632393,0.1766380890428621,1.6491719159267255,0.58,,10.0,16.0,,,sliding,bb,FGLS,bootstrap_cov,0.1161554927990408,0.8409821011279306,1.0732930867260122,0,0.0,0.0057084835511516,0.4820630799889527,0.672017750814887,universal_moving_maxima_q99_xi0.50_theta0.40,BB-sliding-FGLS
universal,moving_maxima_q99,0.5,0.4,0.7745966692414834,bb_sliding_ols,log_wald,365.0,100,100,6,0.467595950517998,0.0582301374751863,0.067595950517998,0.0730731129618266,0.1826827824045664,0.1277815298855555,0.1685398023275038,0.0782378917758163,0.2569538159212668,0.0106182720419115,0.0072440959244467,0.003524815294019,0.0157069956375357,2.7309863983995033,2.0568741654538867,100,2.488686776692087,1.0590006984523843,3.955955788248771,0.06,,10.0,16.0,,,sliding,bb,OLS,ols,0.2056874165453886,2.5252989818541147,2.936673814944892,0,0.0,0.0058230137475186,0.0277857452666566,0.124769685312225,universal_moving_maxima_q99_xi0.50_theta0.40,BB-sliding-OLS
universal,moving_maxima_q99,0.5,0.4,0.7745966692414834,northrop_disjoint_fgls,log_wald,365.0,100,100,60,0.4811561932328214,0.0612387331139224,0.0811561932328214,0.0835040017232581,0.2087600043081454,0.144907014884759,0.1894427387014821,0.1040644838355813,0.2996985666867601,0.2020445210293922,0.2027434923834232,0.1699694018277283,0.2266916059536503,0.9396229192894664,1.2922190110027627,100,0.2397752603760427,0.1804303891456288,1.3888598737359423,0.6,,10.0,15.0,,,disjoint,northrop,FGLS,bootstrap_cov,0.1292219011002762,0.8104010181891903,1.0688448203897427,0,0.0,0.0061238733113922,0.5020007846184025,0.6906002538863971,universal_moving_maxima_q99_xi0.50_theta0.40,Northrop-disjoint-FGLS
universal,moving_maxima_q99,0.5,0.4,0.7745966692414834,northrop_disjoint_ols,log_wald,365.0,100,100,16,0.478625586329443,0.062657297017662,0.078625586329443,0.0812736627814884,0.203184156953721,0.1478646849462442,0.1989790067757856,0.0929679124659679,0.2929232087765335,0.047331286159616,0.0420227371865603,0.0307059445859984,0.0632191056652347,2.45825793894193,2.213006216167902,100,2.177450346489845,0.4352591133047285,3.9556239829070097,0.16,,10.0,15.0,,,disjoint,northrop,OLS,ols,0.2213006216167901,2.23695731732514,2.6795585605587204,0,0.0,0.0062657297017662,0.1009520234947371,0.2442044455889441,universal_moving_maxima_q99_xi0.50_theta0.40,Northrop-disjoint-OLS
universal,moving_maxima_q99,0.5,0.4,0.7745966692414834,northrop_sliding_fgls,log_wald,365.0,100,100,60,0.4751876310022084,0.0572585466035112,0.0751876310022083,0.0786681166911953,0.1966702917279884,0.1308061402820141,0.1878008466501862,0.0880337899568882,0.2762263505681714,0.1826395625374634,0.181576117603568,0.1586490178459148,0.2053957577177265,0.9398480072683586,1.1774598554091729,100,0.212044636150908,0.1764806297816976,1.5446791413000305,0.6,,10.0,16.0,,,sliding,northrop,FGLS,bootstrap_cov,0.1177459855409172,0.8221020217274413,1.057593992809276,0,0.0,0.0057258546603511,0.5020007846184025,0.6906002538863971,universal_moving_maxima_q99_xi0.50_theta0.40,Northrop-sliding-FGLS
universal,moving_maxima_q99,0.5,0.4,0.7745966692414834,northrop_sliding_ols,log_wald,365.0,100,100,7,0.4691865628380964,0.0584879871130004,0.0691865628380964,0.0737762317141083,0.1844405792852708,0.1312932060097786,0.1697048064781885,0.0764867565039868,0.2664464505813351,0.0116845607655986,0.0076121016798973,0.0040619704951802,0.0169264993694716,2.7450877638567603,2.0982079079691003,100,2.5182744530885506,0.8949154672209563,4.007557915975981,0.07,,10.0,16.0,,,sliding,northrop,OLS,ols,0.20982079079691,2.5352669730598505,2.95490855465367,0,0.0,0.0058487987113,0.034318824364064,0.1374967100652975,universal_moving_maxima_q99_xi0.50_theta0.40,Northrop-sliding-OLS
universal,moving_maxima_q99,0.5,0.6,0.6324555320336759,bb_disjoint_fgls,log_wald,365.0,100,100,87,0.6390696466092829,0.0743231775818977,0.0390696466092828,0.0626829980296004,0.1044716633826673,0.0927503198769742,0.0844762667593894,0.0437133201877898,0.1461022860010125,0.2400306822307513,0.2374663999144324,0.2068342293664813,0.2726715940282403,0.4882581018570813,0.9511040085116552,100,0.2427038332894706,0.2078952918924203,0.2885698525756229,0.87,,9.0,14.0,,,disjoint,bb,FGLS,bootstrap_cov,0.0951104008511655,0.3931477010059158,0.5833685027082468,0,0.0,0.0074323177581897,0.7901947810519012,0.9224290614158576,universal_moving_maxima_q99_xi0.50_theta0.60,BB-disjoint-FGLS
universal,moving_maxima_q99,0.5,0.6,0.6324555320336759,bb_disjoint_ols,log_wald,365.0,100,100,28,0.6395066395575555,0.0738347011628219,0.0395066395575554,0.0626639800642379,0.1044399667737299,0.0922205128916156,0.0839498208051255,0.0394216519475067,0.1415671484688926,0.0560083092342317,0.0555011484860764,0.0385907724346522,0.0706686299812386,1.65412028858324,2.0952950389036507,100,1.0405683272954465,0.0938126685709188,2.561419730910989,0.28,,9.0,14.0,,,disjoint,bb,OLS,ols,0.209529503890365,1.444590784692875,1.863649792473605,0,0.0,0.0073834701162821,0.2013955916759837,0.3748821236134572,universal_moving_maxima_q99_xi0.50_theta0.60,BB-disjoint-OLS
universal,moving_maxima_q99,0.5,0.6,0.6324555320336759,bb_sliding_fgls,log_wald,365.0,100,100,88,0.633066185646099,0.0674879195099341,0.0330661856460989,0.0562813095443882,0.0938021825739803,0.0826548119984553,0.080473833627178,0.0330633170576553,0.1282862824544105,0.2288964749964745,0.2253066318649522,0.2021962801321465,0.2499241769362168,0.4313911279647275,0.8013854462536187,100,0.2271527352429029,0.2042984047871255,0.2751419140967385,0.88,,10.0,16.0,,,sliding,bb,FGLS,bootstrap_cov,0.0801385446253618,0.3512525833393657,0.5115296725900894,0,0.0,0.0067487919509934,0.8018773199709163,0.9300066263473222,universal_moving_maxima_q99_xi0.50_theta0.60,BB-sliding-FGLS
universal,moving_maxima_q99,0.5,0.6,0.6324555320336759,bb_sliding_ols,log_wald,365.0,100,100,5,0.6304947335380736,0.0709002185134701,0.0304947335380736,0.0584546228562357,0.0974243714270595,0.0835780651447533,0.0830692861271974,0.0345460941308884,0.1264416631612812,0.0110788219356427,0.0073087450082909,0.0039413879860744,0.012424857622101,2.1454346970613627,1.9657281207814283,100,1.8336046215771,0.6956281571324476,2.859537563348234,0.05,,10.0,16.0,,,sliding,bb,OLS,ols,0.1965728120781428,1.94886188498322,2.3420075091395054,0,0.0,0.007090021851347,0.0215433614563135,0.1117519652720881,universal_moving_maxima_q99_xi0.50_theta0.60,BB-sliding-OLS
universal,moving_maxima_q99,0.5,0.6,0.6324555320336759,northrop_disjoint_fgls,log_wald,365.0,100,100,86,0.6420071018827243,0.0781316295740833,0.0420071018827242,0.0671046992295331,0.1118411653825552,0.0962988179053751,0.0897586152345768,0.044097840222869,0.1509164625419956,0.2439132260918926,0.2393028951212223,0.2124191199454492,0.2743823268648923,0.522862637043761,0.9801654301473056,100,0.2412352407143824,0.2128149418974698,0.2920148791851856,0.86,,10.0,14.5,,,disjoint,northrop,FGLS,bootstrap_cov,0.0980165430147305,0.4248460940290304,0.6208791800584916,0,0.0,0.0078131629574083,0.7786263961619276,0.914737342455351,universal_moving_maxima_q99_xi0.50_theta0.60,Northrop-disjoint-FGLS
universal,moving_maxima_q99,0.5,0.6,0.6324555320336759,northrop_disjoint_ols,log_wald,365.0,100,100,22,0.6418564517056793,0.0783071521687875,0.0418564517056792,0.0668320372595035,0.1113867287658392,0.0970399637252504,0.0900072674512609,0.0454035264521753,0.1525752647371965,0.0569614040827621,0.0528751168712883,0.0382325782209544,0.0739166127353796,1.7657623499561923,2.1667980790595895,100,0.9395939666733292,0.1330394016417856,2.569074430099909,0.22,,10.0,14.5,,,disjoint,northrop,OLS,ols,0.2166798079059589,1.5490825420502337,1.9824421578621512,0,0.0,0.0078307152168787,0.150011745036558,0.3107053471500031,universal_moving_maxima_q99_xi0.50_theta0.60,Northrop-disjoint-OLS
universal,moving_maxima_q99,0.5,0.6,0.6324555320336759,northrop_sliding_fgls,log_wald,365.0,100,100,88,0.6337702575393304,0.0678156099477477,0.0337702575393303,0.0563616229752982,0.0939360382921637,0.0840335085769652,0.0743866617781507,0.0307159913177233,0.1291744276540078,0.2291298644401806,0.2270909014777382,0.201579998557819,0.249877102133172,0.4316725745683674,0.8125987407779343,100,0.2305699265357496,0.2024008845170215,0.2688106311920301,0.88,,10.0,16.0,,,sliding,northrop,FGLS,bootstrap_cov,0.0812598740777934,0.350412700490574,0.5129324486461608,0,0.0,0.0067815609947747,0.8018773199709163,0.9300066263473222,universal_moving_maxima_q99_xi0.50_theta0.60,Northrop-sliding-FGLS
universal,moving_maxima_q99,0.5,0.6,0.6324555320336759,northrop_sliding_ols,log_wald,365.0,100,100,7,0.6312628523964953,0.0709714192164469,0.0312628523964953,0.0579513377932138,0.0965855629886898,0.0855034163257479,0.0793676406257924,0.0327922250794568,0.1400076798975027,0.0117265983485311,0.0077906881487033,0.0039654559065548,0.0142593597351683,2.120585765528807,2.0090351217146845,100,1.6419338025717547,0.6147687541705004,2.8951228365515513,0.07,,10.0,16.0,,,sliding,northrop,OLS,ols,0.2009035121714684,1.9196822533573388,2.321489277700276,0,0.0,0.0070971419216446,0.034318824364064,0.1374967100652975,universal_moving_maxima_q99_xi0.50_theta0.60,Northrop-sliding-OLS
universal,moving_maxima_q99,0.5,0.8,0.447213595499958,bb_disjoint_fgls,log_wald,365.0,100,100,79,0.8233094099035532,0.0904563189113655,0.023309409903553,0.0748596738535016,0.093574592316877,0.0692660840281673,0.0886037571879488,0.0369854280434265,0.1244417904795388,0.2304726689660803,0.2348737580755891,0.2096664984247535,0.2624613108754788,0.7376300898580473,1.180056189290377,100,0.2527023959997567,0.2322170168550483,0.3285615094228364,0.79,,10.0,15.0,,,disjoint,bb,FGLS,mixed,0.1180056189290376,0.6196244709290096,0.8556357087870851,0,0.0,0.0090456318911365,0.7001985069803768,0.8583445046835422,universal_moving_maxima_q99_xi0.50_theta0.80,BB-disjoint-FGLS
universal,moving_maxima_q99,0.5,0.8,0.447213595499958,bb_disjoint_ols,log_wald,365.0,100,100,31,0.8209285263613292,0.0903437649698377,0.0209285263613291,0.0744897762048859,0.0931122202561074,0.0684613126995916,0.0878987584728722,0.0399689543410528,0.1241696961239746,0.0630532901266087,0.0619726071829324,0.043131612621368,0.082304382767434,1.99959388960668,2.1426655747246803,100,1.577791109506797,0.105669002929829,2.926982350642364,0.31,,10.0,15.0,,,disjoint,bb,OLS,mixed,0.214266557472468,1.7853273321342118,2.213860447079148,0,0.0,0.0090343764969837,0.2277956320613237,0.4062623947795569,universal_moving_maxima_q99_xi0.50_theta0.80,BB-disjoint-OLS
universal,moving_maxima_q99,0.5,0.8,0.447213595499958,bb_sliding_fgls,log_wald,365.0,100,100,79,0.8192152948011119,0.0898268964343334,0.0192152948011118,0.0721958130133299,0.0902447662666624,0.0704554844978085,0.0717715574142047,0.0333792365330481,0.1253074569882712,0.2261222267190942,0.2280193099867903,0.202934425643091,0.2587125902838914,0.740719385624693,1.265937605864135,100,0.2485538004876895,0.2207986192819571,0.3072674882586169,0.79,,10.0,16.0,,,sliding,bb,FGLS,mixed,0.1265937605864135,0.6141256250382795,0.8673131462111064,0,0.0,0.0089826896434333,0.7001985069803768,0.8583445046835422,universal_moving_maxima_q99_xi0.50_theta0.80,BB-sliding-FGLS
universal,moving_maxima_q99,0.5,0.8,0.447213595499958,bb_sliding_ols,log_wald,365.0,100,100,4,0.8137821103624222,0.0905708673059559,0.0137821103624221,0.0728527448142467,0.0910659310178084,0.0688500800898383,0.0712226834077116,0.0356595188775167,0.1241722471921528,0.0149051038335459,0.0081860903028594,0.0046415952802207,0.0173807443782299,2.6426973070237647,2.2607539790169113,100,2.0764052999065035,0.8082006750454798,3.7246510397157007,0.04,,10.0,16.0,,,sliding,bb,OLS,mixed,0.2260753979016911,2.4166219091220738,2.8687727049254557,0,0.0,0.0090570867305955,0.015663050551848,0.0983721723260737,universal_moving_maxima_q99_xi0.50_theta0.80,BB-sliding-OLS
universal,moving_maxima_q99,0.5,0.8,0.447213595499958,northrop_disjoint_fgls,log_wald,365.0,100,100,77,0.8284657244531963,0.0902317640665065,0.0284657244531962,0.0761189122967196,0.0951486403708995,0.0696827473636169,0.083475737788673,0.0385267270833779,0.128848004663659,0.2310749412691786,0.2371052291315678,0.2054437997654992,0.2728087622705669,0.7528596919419053,1.2056603864751614,100,0.2693425555865431,0.2298860904568409,0.3293681474116128,0.77,,10.0,15.0,,,disjoint,northrop,FGLS,mixed,0.1205660386475161,0.6322936532943891,0.8734257305894214,0,0.0,0.0090231764066506,0.6784543514317231,0.841568452531236,universal_moving_maxima_q99_xi0.50_theta0.80,Northrop-disjoint-FGLS
universal,moving_maxima_q99,0.5,0.8,0.447213595499958,northrop_disjoint_ols,log_wald,365.0,100,100,30,0.8256556433316257,0.0904972755377492,0.0256556433316256,0.0764216490532615,0.0955270613165769,0.0679539879527992,0.0833479913976607,0.0442996272101075,0.1312025208499753,0.0644639830261096,0.0624572328384537,0.0435993905268736,0.0829526846980886,2.0286675612593403,2.1928669536953223,100,1.3559407085811752,0.1096777808288423,2.949486048512465,0.3,,10.0,15.0,,,disjoint,northrop,OLS,mixed,0.2192866953695322,1.809380865889808,2.2479542566288724,0,0.0,0.0090497275537749,0.2189475386622811,0.3958503843281195,universal_moving_maxima_q99_xi0.50_theta0.80,Northrop-disjoint-OLS
universal,moving_maxima_q99,0.5,0.8,0.447213595499958,northrop_sliding_fgls,log_wald,365.0,100,100,77,0.8218409204910941,0.0918556399178698,0.0218409204910939,0.0749699290079166,0.0937124112598958,0.0711736427560778,0.078761045395411,0.03196304952112,0.1361792981498946,0.2233504711895629,0.2263752942323172,0.201129614713859,0.2610393324914732,0.7896422590178855,1.3345406074354182,100,0.2578555630117371,0.2220307618313252,0.316379860033242,0.77,,10.0,16.0,,,sliding,northrop,FGLS,mixed,0.1334540607435418,0.6561881982743437,0.9230963197614274,0,0.0,0.0091855639917869,0.6784543514317231,0.841568452531236,universal_moving_maxima_q99_xi0.50_theta0.80,Northrop-sliding-FGLS
universal,moving_maxima_q99,0.5,0.8,0.447213595499958,northrop_sliding_ols,log_wald,365.0,100,100,8,0.8156392612059341,0.0910479536982345,0.015639261205934,0.0734247451252198,0.0917809314065248,0.0694974959157728,0.0750109462235268,0.0338190960085833,0.1326739080412141,0.0162194035761936,0.0101830473075822,0.0042944490071865,0.0201162833607277,2.665538365920316,2.2500783556286867,100,2.0365343954105386,0.7205512267873965,4.11646293303438,0.08,,10.0,16.0,,,sliding,northrop,OLS,mixed,0.2250078355628686,2.440530530357447,2.890546201483185,0,0.0,0.0091047953698234,0.0410929694858109,0.1499826687940307,universal_moving_maxima_q99_xi0.50_theta0.80,Northrop-sliding-OLS
universal,moving_maxima_q99,0.5,1.0,0.0,bb_disjoint_fgls,log_wald,365.0,100,100,87,0.964948584235843,0.051632767107637,-0.035051415764157,0.035051415764157,0.035051415764157,0.051632767107637,0.0083233978899229,0.0,0.0482536194091113,0.0954435771865123,0.078374870338255,0.042299361306344,0.1364867494758711,0.3048183220768037,0.7166009841312976,100,0.078374870338255,0.042299361306344,0.1415317084628056,0.87,,9.0,13.0,,,disjoint,bb,FGLS,mixed,0.0716600984131297,0.2331582236636739,0.3764784204899334,0,0.0,0.0051632767107637,0.7901947810519012,0.9224290614158576,universal_moving_maxima_q99_xi0.50_theta1.00,BB-disjoint-FGLS
universal,moving_maxima_q99,0.5,1.0,0.0,bb_disjoint_ols,log_wald,365.0,100,100,62,0.9641195624426996,0.05198712588212,-0.0358804375573004,0.0358804375573004,0.0358804375573004,0.0519871258821199,0.0086706582857609,0.0,0.052446194548324,0.0345936157003076,0.0192582824017698,0.0,0.0582593948033807,0.7981378227510291,1.5802471991703009,100,0.0193292362944762,0.0,0.7436117472611479,0.62,,9.0,13.0,,,disjoint,bb,OLS,mixed,0.1580247199170301,0.640113102833999,0.9561625426680592,0,0.0,0.005198712588212,0.5220957382071033,0.7090255079986562,universal_moving_maxima_q99_xi0.50_theta1.00,BB-disjoint-OLS
universal,moving_maxima_q99,0.5,1.0,0.0,bb_sliding_fgls,log_wald,365.0,100,100,87,0.9653989521804566,0.0532634355050219,-0.0346010478195433,0.0346010478195433,0.0346010478195433,0.0532634355050219,0.0,0.0,0.0678736807285892,0.0889748049681458,0.0549024701275988,0.0288575062573122,0.1467122536499173,0.207749995435067,0.4465416910830129,100,0.0549024701275988,0.0288575062573122,0.1467122536499173,0.87,,8.0,12.5,,,sliding,bb,FGLS,mixed,0.0446541691083012,0.1630958263267657,0.2524041645433683,0,0.0,0.0053263435505021,0.7901947810519012,0.9224290614158576,universal_moving_maxima_q99_xi0.50_theta1.00,BB-sliding-FGLS
universal,moving_maxima_q99,0.5,1.0,0.0,bb_sliding_ols,log_wald,365.0,100,100,58,0.961782557662998,0.0546657504059654,-0.0382174423370019,0.0382174423370019,0.0382174423370019,0.0546657504059653,0.0,0.0,0.0710874653572306,0.0069109638013868,0.0,0.0,0.0101780414097897,1.397017742475501,2.0816043325260085,100,0.0,0.0,2.6135258831396957,0.58,,8.0,12.5,,,sliding,bb,OLS,mixed,0.2081604332526008,1.1888573092229002,1.6051781757281018,0,0.0,0.0054665750405965,0.4820630799889527,0.672017750814887,universal_moving_maxima_q99_xi0.50_theta1.00,BB-sliding-OLS
universal,moving_maxima_q99,0.5,1.0,0.0,northrop_disjoint_fgls,log_wald,365.0,100,100,89,0.9667994425655057,0.0504081803039591,-0.0332005574344942,0.0332005574344942,0.0332005574344942,0.0504081803039591,0.0074030563281436,0.0,0.0489197379453951,0.0956565478010455,0.080742470081308,0.0459426232685147,0.1377570767323542,0.280286327407775,0.6849946750004899,100,0.080742470081308,0.0459426232685147,0.1421383442500961,0.89,,8.0,13.0,,,disjoint,northrop,FGLS,mixed,0.068499467500049,0.211786859907726,0.3487857949078239,0,0.0,0.0050408180303959,0.8136853697209698,0.9374586804477488,universal_moving_maxima_q99_xi0.50_theta1.00,Northrop-disjoint-FGLS
universal,moving_maxima_q99,0.5,1.0,0.0,northrop_disjoint_ols,log_wald,365.0,100,100,63,0.9650956369597828,0.0520961855083512,-0.0349043630402171,0.0349043630402171,0.0349043630402171,0.0520961855083512,0.0075513031501162,0.0,0.0552023892044136,0.0354923837736054,0.0112225642384735,0.0,0.0601066449887693,0.7382881704072254,1.515866203997477,100,0.0188261633344503,0.0,0.6429727460855521,0.63,,8.0,13.0,,,disjoint,northrop,OLS,mixed,0.1515866203997477,0.5867015500074777,0.8898747908069731,0,0.0,0.0052096185508351,0.5322034757513312,0.7181778743049083,universal_moving_maxima_q99_xi0.50_theta1.00,Northrop-disjoint-OLS
universal,moving_maxima_q99,0.5,1.0,0.0,northrop_sliding_fgls,log_wald,365.0,100,99,87,0.965689057710722,0.0550846435492994,-0.034310942289278,0.034310942289278,0.034310942289278,0.0550846435492994,0.0,0.0,0.0630487691491145,0.0892087464801993,0.0571081082735365,0.028938376485213,0.1449040565336978,0.2147399882299175,0.4997896659175883,99,0.0571081082735365,0.028938376485213,0.1449040565336978,0.87,,8.0,13.0,,,sliding,northrop,FGLS,mixed,0.0502307513922944,0.1645092368376231,0.264970739622212,1,0.01,0.005536214980712,0.7901947810519012,0.9224290614158576,universal_moving_maxima_q99_xi0.50_theta1.00,Northrop-sliding-FGLS
universal,moving_maxima_q99,0.5,1.0,0.0,northrop_sliding_ols,log_wald,365.0,100,100,58,0.9618330505151436,0.0566097913853834,-0.0381669494848563,0.0381669494848563,0.0381669494848563,0.0566097913853834,0.0,0.0,0.0627913499764926,0.0074462429069655,0.0,0.0,0.0099901808226027,1.3845065728178243,2.162512736011025,100,0.0,0.0,2.401384561629243,0.58,,8.0,13.0,,,sliding,northrop,OLS,mixed,0.2162512736011024,1.168255299216722,1.6007578464189267,0,0.0,0.0056609791385383,0.4820630799889527,0.672017750814887,universal_moving_maxima_q99_xi0.50_theta1.00,Northrop-sliding-OLS
universal,moving_maxima_q99,1.0,0.1,0.9000026569262596,bb_disjoint_fgls,log_wald,365.0,100,100,0,0.1946544344855345,0.0260507884986674,0.0946544344855345,0.0946544344855345,0.9465443448553452,0.2605078849866742,0.9405742342411954,0.7550335485639539,1.1109816053289236,0.0717228758286644,0.0691780117912085,0.063801558384829,0.0802924996937628,2.5582255545984904,0.9669924408185304,100,2.4986456998224975,1.8927482258117037,3.2023458196728423,0.0,,10.0,14.0,,,disjoint,bb,FGLS,bootstrap_cov,0.096699244081853,2.4615263105166374,2.6549247986803435,0,0.0,0.0026050788498667,0.0,0.0369948074760019,universal_moving_maxima_q99_xi1.00_theta0.10,BB-disjoint-FGLS
universal,moving_maxima_q99,1.0,0.1,0.9000026569262596,bb_disjoint_ols,log_wald,365.0,100,100,0,0.1889066302917953,0.0238180848622872,0.0889066302917953,0.0889066302917953,0.8890663029179532,0.2381808486228729,0.8747171994163903,0.7171582854802528,1.0763442007318729,0.0178202476130926,0.0175373236329663,0.0109917831193675,0.023179727567756,3.228231792796688,0.937503623361077,100,3.1607463288474817,2.624392641883839,4.0037460313228435,0.0,,10.0,14.0,,,disjoint,bb,OLS,ols,0.0937503623361077,3.13448143046058,3.3219821551327957,0,0.0,0.0023818084862287,0.0,0.0369948074760019,universal_moving_maxima_q99_xi1.00_theta0.10,BB-disjoint-OLS
universal,moving_maxima_q99,1.0,0.1,0.9000026569262596,bb_sliding_fgls,log_wald,365.0,100,100,0,0.1847630404844796,0.0215101804890832,0.0847630404844796,0.0847630404844796,0.8476304048447966,0.2151018048908327,0.8814369927457548,0.6901108615664951,0.964313100003242,0.0738580163415341,0.0740007691217897,0.0636625113583162,0.0835814774146541,2.135102571887944,0.7145650269651393,100,2.15559558633051,1.6072051745759353,2.5086867625579896,0.0,,12.0,16.0,,,sliding,bb,FGLS,bootstrap_cov,0.0714565026965139,2.06364606919143,2.206559074584458,0,0.0,0.0021510180489083,0.0,0.0369948074760019,universal_moving_maxima_q99_xi1.00_theta0.10,BB-sliding-FGLS
universal,moving_maxima_q99,1.0,0.1,0.9000026569262596,bb_sliding_ols,log_wald,365.0,100,100,0,0.1782797431921625,0.0221887135212961,0.0782797431921625,0.0782797431921625,0.7827974319216249,0.2218871352129619,0.7984337016802223,0.6166780652175183,0.9115791582996676,0.0111849230061266,0.0123214941607181,0.0085628430437929,0.0142530975864928,2.9228494107413496,0.9221136423271395,100,3.0168278098936776,2.1995782694676316,3.4611040173324277,0.0,,12.0,16.0,,,sliding,bb,OLS,ols,0.0922113642327139,2.8306380465086356,3.0150607749740637,0,0.0,0.0022188713521296,0.0,0.0369948074760019,universal_moving_maxima_q99_xi1.00_theta0.10,BB-sliding-OLS
universal,moving_maxima_q99,1.0,0.1,0.9000026569262596,northrop_disjoint_fgls,log_wald,365.0,100,100,0,0.1935258938335455,0.0255142184143823,0.0935258938335455,0.0935258938335455,0.9352589383354556,0.2551421841438239,0.9294464335291877,0.7365961480763107,1.0909212441151075,0.072303734269187,0.0697335828457255,0.0636555906591094,0.0803752675678718,2.5054443455389723,0.9573797826806776,100,2.4160701544530556,1.7724512711761076,3.187035836218606,0.0,,10.0,15.0,,,disjoint,northrop,FGLS,bootstrap_cov,0.0957379782680677,2.4097063672709047,2.60118232380704,0,0.0,0.0025514218414382,0.0,0.0369948074760019,universal_moving_maxima_q99_xi1.00_theta0.10,Northrop-disjoint-FGLS
universal,moving_maxima_q99,1.0,0.1,0.9000026569262596,northrop_disjoint_ols,log_wald,365.0,100,100,0,0.1880660162123039,0.0234892972090774,0.0880660162123039,0.0880660162123039,0.8806601621230393,0.2348929720907747,0.8447742523885671,0.7297622801225256,1.039379289698567,0.0188531129882989,0.0175053257829822,0.011685431192369,0.0253828531189402,3.1760530411801877,0.9036227333778128,100,3.056653944456145,2.5330663373484588,3.812588836160228,0.0,,10.0,15.0,,,disjoint,northrop,OLS,ols,0.0903622733377812,3.0856907678424066,3.266415314517969,0,0.0,0.0023489297209077,0.0,0.0369948074760019,universal_moving_maxima_q99_xi1.00_theta0.10,Northrop-disjoint-OLS
universal,moving_maxima_q99,1.0,0.1,0.9000026569262596,northrop_sliding_fgls,log_wald,365.0,100,100,0,0.1850595089830014,0.0219369745935703,0.0850595089830014,0.0850595089830014,0.8505950898300145,0.2193697459357034,0.8236614028927611,0.691545281239986,0.9808611525445576,0.0722799041309697,0.0721758429366139,0.0635372796331323,0.0826560142065067,2.1706074322638456,0.7459991294959878,100,2.0894749472910874,1.6175931430256554,2.6034205493298073,0.0,,12.0,16.0,,,sliding,northrop,FGLS,bootstrap_cov,0.0745999129495987,2.096007519314247,2.245207345213444,0,0.0,0.002193697459357,0.0,0.0369948074760019,universal_moving_maxima_q99_xi1.00_theta0.10,Northrop-sliding-FGLS
universal,moving_maxima_q99,1.0,0.1,0.9000026569262596,northrop_sliding_ols,log_wald,365.0,100,100,0,0.1786053637354492,0.0221101682989739,0.0786053637354492,0.0786053637354492,0.7860536373544924,0.2211016829897397,0.7774816610538748,0.6343121303819939,0.9029153821385372,0.0114039337194987,0.0121233638174982,0.008099516563668,0.0149790740131145,2.931979974138164,0.9089662551120468,100,2.923179233956932,2.2855896753841876,3.419680403368603,0.0,,12.0,16.0,,,sliding,northrop,OLS,ols,0.0908966255112046,2.8410833486269595,3.0228765996493685,0,0.0,0.0022110168298973,0.0,0.0369948074760019,universal_moving_maxima_q99_xi1.00_theta0.10,Northrop-sliding-OLS
universal,moving_maxima_q99,1.0,0.15,0.8500000131215307,bb_disjoint_fgls,log_wald,365.0,100,100,6,0.2311679247917494,0.0299223430630353,0.0811679247917494,0.0811679247917494,0.5411194986116626,0.199482287086902,0.5375405583745101,0.3974597267302595,0.6904076985127678,0.0877105687470402,0.0834212550430938,0.0772081130667232,0.0941421846250276,1.7680690712679012,1.08469925469903,100,1.6096188343104458,0.9371683819318636,2.595141496641583,0.06,,10.0,14.0,,,disjoint,bb,FGLS,bootstrap_cov,0.108469925469903,1.6595991457979982,1.8765389967378043,0,0.0,0.0029922343063035,0.0277857452666566,0.124769685312225,universal_moving_maxima_q99_xi1.00_theta0.15,BB-disjoint-FGLS
universal,moving_maxima_q99,1.0,0.15,0.8500000131215307,bb_disjoint_ols,log_wald,365.0,100,100,0,0.2252598166352956,0.0294848836887226,0.0752598166352956,0.0752598166352956,0.5017321109019712,0.1965658912581509,0.4858977709769601,0.348194505627198,0.6187658025237979,0.0186875762430555,0.0176269585531285,0.0113151542388194,0.0248081972779918,2.6647952593713193,1.1629503165066062,100,2.586219612090167,1.7801003685735108,3.3392667311780633,0.0,,10.0,14.0,,,disjoint,bb,OLS,ols,0.1162950316506606,2.5485002277206585,2.78109029102198,0,0.0,0.0029484883688722,0.0,0.0369948074760019,universal_moving_maxima_q99_xi1.00_theta0.15,BB-disjoint-OLS
universal,moving_maxima_q99,1.0,0.15,0.8500000131215307,bb_sliding_fgls,log_wald,365.0,100,100,6,0.2201181002577489,0.0258204350409382,0.0701181002577489,0.0701181002577489,0.4674540017183262,0.1721362336062547,0.4523110760121186,0.361875777412203,0.5588917569995325,0.0927254904050014,0.0903170474431893,0.0807821367486114,0.1032394093118555,1.2589045354510595,0.8107313528744753,100,1.1267826411580917,0.7353628449760375,1.6856010737685423,0.06,,12.0,19.0,,,sliding,bb,FGLS,bootstrap_cov,0.0810731352874475,1.1778314001636123,1.3399776707385072,0,0.0,0.0025820435040938,0.0277857452666566,0.124769685312225,universal_moving_maxima_q99_xi1.00_theta0.15,BB-sliding-FGLS
universal,moving_maxima_q99,1.0,0.15,0.8500000131215307,bb_sliding_ols,log_wald,365.0,100,100,0,0.2135077178863325,0.0272860354165962,0.0635077178863325,0.0635077178863325,0.4233847859088838,0.1819069027773082,0.3967519034488095,0.3042755846414238,0.5332395888152544,0.0113256032045088,0.0121250927455839,0.0075660034837076,0.015696222476325,2.329091312293993,1.1462122986647496,100,2.1661308109634403,1.5571655462364469,3.0513372200612414,0.0,,12.0,19.0,,,sliding,bb,OLS,ols,0.1146212298664749,2.214470082427518,2.4437125421604677,0,0.0,0.0027286035416596,0.0,0.0369948074760019,universal_moving_maxima_q99_xi1.00_theta0.15,BB-sliding-OLS
universal,moving_maxima_q99,1.0,0.15,0.8500000131215307,northrop_disjoint_fgls,log_wald,365.0,100,100,6,0.2296609312624742,0.0293457241604537,0.0796609312624742,0.0796609312624742,0.5310728750831618,0.1956381610696917,0.5285786774315422,0.3710202370098308,0.6727208906867468,0.0897556219805994,0.0855600515989474,0.0778006616869866,0.0985981678763353,1.679760472368497,1.0723782269854747,100,1.565458799949108,0.7233463210132051,2.539572509252332,0.06,,10.0,15.0,,,disjoint,northrop,FGLS,bootstrap_cov,0.1072378226985474,1.5725226496699494,1.7869982950670444,0,0.0,0.0029345724160453,0.0277857452666566,0.124769685312225,universal_moving_maxima_q99_xi1.00_theta0.15,Northrop-disjoint-FGLS
universal,moving_maxima_q99,1.0,0.15,0.8500000131215307,northrop_disjoint_ols,log_wald,365.0,100,100,0,0.2247006185790085,0.027969737176406,0.0747006185790085,0.0747006185790085,0.498004123860057,0.1864649145093738,0.4819291907389196,0.3451326593742156,0.6235907580962101,0.0202128418695062,0.0189023908098659,0.0117067316670473,0.0258078864320363,2.6150536074498016,1.0596998794734502,100,2.6231673333337215,1.788500697224629,3.3236819564726665,0.0,,10.0,15.0,,,disjoint,northrop,OLS,ols,0.105969987947345,2.509083619502457,2.7210235953971464,0,0.0,0.0027969737176406,0.0,0.0369948074760019,universal_moving_maxima_q99_xi1.00_theta0.15,Northrop-disjoint-OLS
universal,moving_maxima_q99,1.0,0.15,0.8500000131215307,northrop_sliding_fgls,log_wald,365.0,100,100,6,0.220527167141751,0.0255358727648047,0.070527167141751,0.070527167141751,0.4701811142783404,0.170239151765365,0.45867158533006,0.3558193150480803,0.585464120977792,0.0915012326676737,0.0904101644951173,0.0796095108346668,0.1024750014534078,1.2905423890150576,0.8353339580173264,100,1.254845352643629,0.6220771747705668,1.8032544276108455,0.06,,12.0,16.0,,,sliding,northrop,FGLS,bootstrap_cov,0.0835333958017326,1.207008993213325,1.3740757848167902,0,0.0,0.0025535872764804,0.0277857452666566,0.124769685312225,universal_moving_maxima_q99_xi1.00_theta0.15,Northrop-sliding-FGLS
universal,moving_maxima_q99,1.0,0.15,0.8500000131215307,northrop_sliding_ols,log_wald,365.0,100,100,0,0.2140845008611826,0.0259638512922455,0.0640845008611826,0.0640845008611826,0.4272300057412175,0.1730923419483034,0.4054357418039587,0.3212929910953076,0.5120931892843638,0.0115754861315059,0.0117572747283042,0.0067805024151655,0.0161383751172728,2.347630158394675,1.0810114903668564,100,2.212873698991502,1.6771324866033908,2.8687573956465178,0.0,,12.0,16.0,,,sliding,northrop,OLS,ols,0.1081011490366856,2.239529009357989,2.4557313074313605,0,0.0,0.0025963851292245,0.0,0.0369948074760019,universal_moving_maxima_q99_xi1.00_theta0.15,Northrop-sliding-OLS
universal,moving_maxima_q99,1.0,0.25,0.7500000000000819,bb_disjoint_fgls,log_wald,365.0,100,100,25,0.3367970814676902,0.0409588050915489,0.0867970814676902,0.0867970814676902,0.3471883258707609,0.1638352203661959,0.3161452915551653,0.2396927187269685,0.4455047869364597,0.1382090374332505,0.1304509736602142,0.1173984148522066,0.1578793578702125,1.3038834279164109,1.150905254416239,100,1.060005625381626,0.1870470840064307,1.9735874991715097,0.25,,9.5,14.0,,,disjoint,bb,FGLS,bootstrap_cov,0.1150905254416239,1.188792902474787,1.4189739533580348,0,0.0,0.0040958805091548,0.1754509400372426,0.3430464637007583,universal_moving_maxima_q99_xi1.00_theta0.25,BB-disjoint-FGLS
universal,moving_maxima_q99,1.0,0.25,0.7500000000000819,bb_disjoint_ols,log_wald,365.0,100,100,1,0.333352317409764,0.0428507843649248,0.083352317409764,0.083352317409764,0.3334092696390562,0.1714031374596995,0.3023970272186039,0.2131551210937681,0.4295250346520233,0.0300669390053087,0.0278933919488007,0.0187028542675028,0.0375920974783369,2.7796044714644,1.6200960789577823,100,2.541822497964407,1.6717065111670268,3.7787984008595705,0.01,,9.5,14.0,,,disjoint,bb,OLS,ols,0.1620096078957782,2.6175948635686215,2.9416140793601784,0,0.0,0.0042850784364924,0.0017673865655472,0.0544875247609346,universal_moving_maxima_q99_xi1.00_theta0.25,BB-disjoint-OLS
universal,moving_maxima_q99,1.0,0.25,0.7500000000000819,bb_sliding_fgls,log_wald,365.0,100,100,37,0.3307249414718782,0.0410291714912744,0.0807249414718782,0.0807249414718782,0.3228997658875129,0.1641166859650978,0.2790683103931525,0.2077130011693235,0.4137469008840023,0.136922762633628,0.1312427786453315,0.1209173759771117,0.1518632971900196,1.128353904940619,1.2466267051173312,100,0.5354143110639356,0.1408695592625458,1.7987167896112095,0.37,,11.0,16.0,,,sliding,bb,FGLS,bootstrap_cov,0.1246626705117331,1.003691234428886,1.253016575452352,0,0.0,0.0041029171491274,0.2818221256950916,0.4677965242486688,universal_moving_maxima_q99_xi1.00_theta0.25,BB-sliding-FGLS
universal,moving_maxima_q99,1.0,0.25,0.7500000000000819,bb_sliding_ols,log_wald,365.0,100,100,3,0.3244678115596065,0.0427916632502461,0.0744678115596064,0.0746211655593895,0.298484662237558,0.1700838432968698,0.2629338973940415,0.1710777589313269,0.403161351319352,0.0099802938252653,0.0080813499970786,0.0028667896989377,0.0154007662315999,2.8000547079722655,1.7538806681708852,100,2.4847432910171183,1.4553614775000234,3.961118611397436,0.03,,11.0,16.0,,,sliding,bb,OLS,ols,0.1753880668170885,2.624666641155177,2.975442774789354,0,0.0,0.0042791663250246,0.0102543382234148,0.0845207808040269,universal_moving_maxima_q99_xi1.00_theta0.25,BB-sliding-OLS
universal,moving_maxima_q99,1.0,0.25,0.7500000000000819,northrop_disjoint_fgls,log_wald,365.0,100,100,21,0.3387926933133119,0.0396271977054463,0.0887926933133119,0.0887926933133119,0.3551707732532479,0.1585087908217855,0.3336089238381557,0.2429575780506779,0.4592722091824627,0.138693166435304,0.1313742974273877,0.1184974617373015,0.1557137655617203,1.3547228774680604,1.1349693492684434,100,1.1385855915730616,0.2977260200891772,2.278412053177974,0.21,,9.0,14.0,,,disjoint,northrop,FGLS,bootstrap_cov,0.1134969349268443,1.241225942541216,1.4682198123949048,0,0.0,0.0039627197705446,0.1416554953164578,0.2998014930196232,universal_moving_maxima_q99_xi1.00_theta0.25,Northrop-disjoint-FGLS
universal,moving_maxima_q99,1.0,0.25,0.7500000000000819,northrop_disjoint_ols,log_wald,365.0,100,100,0,0.3347721932543309,0.0405797181853541,0.0847721932543308,0.0847721932543308,0.3390887730173235,0.1623188727414167,0.3142877912726932,0.2142047528322549,0.4532710062036506,0.0317290391524647,0.030049781016136,0.0207638339751657,0.0399735674247294,2.8059553495608576,1.5335502852775402,100,2.508671330443958,1.6735847647611457,3.9287381350726793,0.0,,9.0,14.0,,,disjoint,northrop,OLS,ols,0.153355028527754,2.6526003210331037,2.9593103780886114,0,0.0,0.0040579718185354,0.0,0.0369948074760019,universal_moving_maxima_q99_xi1.00_theta0.25,Northrop-disjoint-OLS
universal,moving_maxima_q99,1.0,0.25,0.7500000000000819,northrop_sliding_fgls,log_wald,365.0,100,100,34,0.3315820940482328,0.0399287704679397,0.0815820940482328,0.0815820940482328,0.3263283761929313,0.1597150818717589,0.2968729285761398,0.2084673172128808,0.4260256365403631,0.1340583397259879,0.1288128380646194,0.1174614060539966,0.1487683501860253,1.185146729931625,1.2577756493067902,100,0.7445736406230328,0.1387147786538872,1.8883846456228113,0.34,,11.0,16.0,,,sliding,northrop,FGLS,bootstrap_cov,0.125777564930679,1.059369165000946,1.310924294862304,0,0.0,0.0039928770467939,0.25461379497543,0.4372245434168906,universal_moving_maxima_q99_xi1.00_theta0.25,Northrop-sliding-FGLS
universal,moving_maxima_q99,1.0,0.25,0.7500000000000819,northrop_sliding_ols,log_wald,365.0,100,100,2,0.3252361930101873,0.0412704166469471,0.0752361930101873,0.0752361930101873,0.3009447720407493,0.1650816665877884,0.2611538844439496,0.1900283589645324,0.40558661913704,0.0102470524502283,0.0075725156567906,0.0028995239110578,0.0162782844172492,2.820626861663047,1.697202934102878,100,2.4992408817641483,1.5126191741562829,3.9218156021187935,0.02,,11.0,16.0,,,sliding,northrop,OLS,ols,0.1697202934102878,2.6509065682527595,2.9903471550733354,0,0.0,0.0041270416646947,0.0055018522349681,0.0700131629419936,universal_moving_maxima_q99_xi1.00_theta0.25,Northrop-sliding-OLS
universal,moving_maxima_q99,1.0,0.4,0.6,bb_disjoint_fgls,log_wald,365.0,100,100,67,0.4609332141831118,0.056928623500013,0.0609332141831117,0.0681034702860829,0.1702586757152072,0.120059786704411,0.1434404237168396,0.0852208064003325,0.2347642643238901,0.1841723350224051,0.1793986975276546,0.1594916228278057,0.1987822864610353,0.6253503970004529,0.9171941192755408,100,0.1887110080987241,0.169029140762269,0.5975467243574153,0.67,,9.0,15.0,,,disjoint,bb,FGLS,bootstrap_cov,0.091719411927554,0.5336309850728989,0.717069808928007,0,0.0,0.0056928623500013,0.5730516033971139,0.7543701620610456,universal_moving_maxima_q99_xi1.00_theta0.40,BB-disjoint-FGLS
universal,moving_maxima_q99,1.0,0.4,0.6,bb_disjoint_ols,log_wald,365.0,100,100,11,0.457677755200497,0.057871101815791,0.057677755200497,0.0664266657862026,0.1660666644655067,0.1186464939286823,0.142036485628485,0.0739187817193054,0.2287737166346233,0.0430557035265024,0.0402608198775238,0.030976959107957,0.0523303106239373,1.9025046406194996,1.7493521503137637,100,1.4126169684038474,0.4732859118735464,2.796198820673556,0.11,,9.0,15.0,,,disjoint,bb,OLS,ols,0.1749352150313763,1.727569425588123,2.077439855650876,0,0.0,0.0057871101815791,0.0625413195522512,0.1863146302790302,universal_moving_maxima_q99_xi1.00_theta0.40,BB-disjoint-OLS
universal,moving_maxima_q99,1.0,0.4,0.6,bb_sliding_fgls,log_wald,365.0,100,100,62,0.4611746106187198,0.0596076274189101,0.0611746106187198,0.0690440410605272,0.1726101026513181,0.1254484866618543,0.1562702455847328,0.0686121134810142,0.2539352390044258,0.1748456083485124,0.1677311583704432,0.1525344887240157,0.1962564116454652,0.7448147186579926,1.0239886060440524,100,0.1961569426032038,0.1621794856833598,0.9284010475062868,0.62,,10.0,16.0,,,sliding,bb,FGLS,bootstrap_cov,0.1023988606044052,0.6424158580535874,0.8472135792623979,0,0.0,0.005960762741891,0.5220957382071033,0.7090255079986562,universal_moving_maxima_q99_xi1.00_theta0.40,BB-sliding-FGLS
universal,moving_maxima_q99,1.0,0.4,0.6,bb_sliding_ols,log_wald,365.0,100,100,7,0.4577152737065471,0.0622120115613997,0.057715273706547,0.0679903927274712,0.169975981818678,0.1266305359772943,0.140181729992152,0.0673350245854265,0.2486210497289408,0.0104007228508723,0.007970718525373,0.003395133078911,0.016909683885352,2.5360848880803575,1.986894799528256,100,2.127054543668581,1.056119898493695,3.823135817793861,0.07,,10.0,16.0,,,sliding,bb,OLS,ols,0.1986894799528255,2.337395408127532,2.734774368033183,0,0.0,0.0062212011561399,0.034318824364064,0.1374967100652975,universal_moving_maxima_q99_xi1.00_theta0.40,BB-sliding-OLS
universal,moving_maxima_q99,1.0,0.4,0.6,northrop_disjoint_fgls,log_wald,365.0,100,100,69,0.4632131276722219,0.06408085705659,0.0632131276722218,0.0707315961305997,0.1768289903264994,0.1389497378791403,0.1562454258239669,0.0898244939827515,0.2335268161696085,0.189135738253136,0.1826899173929114,0.1627591782096714,0.2035034811829661,0.6655067284378596,1.2231546681944718,100,0.1987727879924807,0.1744491320207959,0.4085094005115121,0.69,,10.0,15.0,,,disjoint,northrop,FGLS,bootstrap_cov,0.1223154668194471,0.5431912616184125,0.7878221952573068,0,0.0,0.006408085705659,0.5937376052204429,0.7722043679386762,universal_moving_maxima_q99_xi1.00_theta0.40,Northrop-disjoint-FGLS
universal,moving_maxima_q99,1.0,0.4,0.6,northrop_disjoint_ols,log_wald,365.0,100,100,13,0.4606181490163476,0.0661905427185176,0.0606181490163475,0.0700835422383179,0.1752088555957948,0.1399006042230376,0.1530852620041914,0.0851940657215073,0.2296639318462258,0.0477416728961024,0.043983894866654,0.0333357111020749,0.0577488891816088,1.9739405161844257,1.991239626934816,100,1.5624741582663346,0.501518600424026,2.6454529145715675,0.13,,10.0,15.0,,,disjoint,northrop,OLS,ols,0.1991239626934816,1.774816553490944,2.173064478877907,0,0.0,0.0066190542718517,0.0775709385841426,0.2098052189480987,universal_moving_maxima_q99_xi1.00_theta0.40,Northrop-disjoint-OLS
universal,moving_maxima_q99,1.0,0.4,0.6,northrop_sliding_fgls,log_wald,365.0,100,100,63,0.459758404100294,0.0593177884942972,0.059758404100294,0.0687094320607214,0.1717735801518036,0.1213740471891673,0.1531888550188692,0.0776951518546066,0.2493147023394533,0.1756072520234408,0.1673320431666603,0.1470000261093158,0.1971911162861694,0.6899184029616993,0.9379829040934476,100,0.1931301777509069,0.1614090455675111,0.9147511566235516,0.63,,10.0,16.0,,,sliding,northrop,FGLS,bootstrap_cov,0.0937982904093447,0.5961201125523545,0.783716693371044,0,0.0,0.0059317788494297,0.5322034757513312,0.7181778743049083,universal_moving_maxima_q99_xi1.00_theta0.40,Northrop-sliding-FGLS
universal,moving_maxima_q99,1.0,0.4,0.6,northrop_sliding_ols,log_wald,365.0,100,100,8,0.4565057995797539,0.060685865703361,0.0565057995797539,0.0667673101505993,0.1669182753764982,0.1226027252909713,0.1507217380033777,0.0730698896689427,0.245873614190659,0.0106922209911564,0.0071606346279083,0.0036718221147659,0.0161702615282765,2.4856972638617165,1.9111093636695369,100,2.1209372909982873,1.0593534168875762,3.636898507070326,0.08,,10.0,16.0,,,sliding,northrop,OLS,ols,0.1911109363669536,2.2945863274947627,2.6768082002286704,0,0.0,0.0060685865703361,0.0410929694858109,0.1499826687940307,universal_moving_maxima_q99_xi1.00_theta0.40,Northrop-sliding-OLS
universal,moving_maxima_q99,1.0,0.6,0.4,bb_disjoint_fgls,log_wald,365.0,100,100,78,0.6518852208864054,0.0849497096583571,0.0518852208864054,0.0754575122834628,0.125762520472438,0.1078112077924924,0.116853741764469,0.0385326382631775,0.1795341325921506,0.2397826815728798,0.2370419962846904,0.2023069974339461,0.2628339907940494,0.655853468777808,1.3191179291716648,100,0.2430191668706696,0.2050521752173947,0.3144270029647843,0.78,,9.0,14.0,,,disjoint,bb,FGLS,bootstrap_cov,0.1319117929171664,0.5239416758606416,0.7877652616949745,0,0.0,0.0084949709658357,0.6892946528499969,0.849988254963442,universal_moving_maxima_q99_xi1.00_theta0.60,BB-disjoint-FGLS
universal,moving_maxima_q99,1.0,0.6,0.4,bb_disjoint_ols,log_wald,365.0,100,100,33,0.6496442421070331,0.0855772524525152,0.0496442421070331,0.0731586048078018,0.121931008013003,0.110637891183377,0.0996626970126325,0.0338878373096142,0.1918617963369624,0.0639598780752107,0.0582697442945353,0.0406656034959211,0.0758629938922647,1.983483060159015,2.3965285835789563,100,0.9759192435994258,0.087693585077484,2.9371152647450445,0.33,,9.0,14.0,,,disjoint,bb,OLS,ols,0.2396528583578956,1.7438302018011194,2.2231359185169106,0,0.0,0.0085577252452515,0.2456298379389545,0.4269483966028862,universal_moving_maxima_q99_xi1.00_theta0.60,BB-disjoint-OLS
universal,moving_maxima_q99,1.0,0.6,0.4,bb_sliding_fgls,log_wald,365.0,100,100,80,0.6462175655873493,0.080786195080642,0.0462175655873492,0.0712045785985378,0.1186742976642297,0.0994812100915102,0.1005060047687819,0.04735769752586,0.1602446549675472,0.2276896338097199,0.2179359617719055,0.1976439068448748,0.2525382455824292,0.6495050298374739,1.2213620312797162,100,0.2269143419632856,0.199725311229814,0.2897359254165697,0.8,,10.0,16.0,,,sliding,bb,FGLS,bootstrap_cov,0.1221362031279716,0.5273688267095024,0.7716412329654455,0,0.0,0.0080786195080642,0.7111690380734977,0.8666340774409013,universal_moving_maxima_q99_xi1.00_theta0.60,BB-sliding-FGLS
universal,moving_maxima_q99,1.0,0.6,0.4,bb_sliding_ols,log_wald,365.0,100,100,6,0.6445928405443238,0.0818281225321641,0.0445928405443237,0.0713088727255787,0.1188481212092978,0.0995563858301274,0.101536824487271,0.0410553850216027,0.159177983268668,0.0095020054308621,0.0055052043707948,0.0031801479192903,0.0111392019506075,2.681983365488012,2.3519797316229445,100,2.278649524413191,0.8741945371632212,3.7096780938560903,0.06,,10.0,16.0,,,sliding,bb,OLS,ols,0.2351979731622944,2.4467853923257175,2.9171813386503067,0,0.0,0.0081828122532164,0.0277857452666566,0.124769685312225,universal_moving_maxima_q99_xi1.00_theta0.60,BB-sliding-OLS
universal,moving_maxima_q99,1.0,0.6,0.4,northrop_disjoint_fgls,log_wald,365.0,100,100,78,0.6528972420814634,0.0861073267287793,0.0528972420814634,0.0773234087711831,0.1288723479519719,0.108032289243535,0.1161739681233806,0.0390477270446014,0.1836918060660847,0.243677772859918,0.2369409075347297,0.2097910888851167,0.2656074063659527,0.6706773777159549,1.2923326794853245,100,0.2448360840199808,0.2109379119672773,0.3488165963449863,0.78,,10.0,14.0,,,disjoint,northrop,FGLS,bootstrap_cov,0.1292332679485324,0.5414441097674225,0.7999106456644873,0,0.0,0.0086107326728779,0.6892946528499969,0.849988254963442,universal_moving_maxima_q99_xi1.00_theta0.60,Northrop-disjoint-FGLS
universal,moving_maxima_q99,1.0,0.6,0.4,northrop_disjoint_ols,log_wald,365.0,100,100,35,0.6506912296895926,0.0856944927710997,0.0506912296895925,0.0744316197308946,0.124052699551491,0.1098366987786945,0.1024173267169248,0.0314382288383414,0.1930231911857604,0.067726626905427,0.0566621175347985,0.0425670216698136,0.0800975788373466,2.001151422958453,2.343032202989169,100,1.1784238015709327,0.0814573541240106,3.24105388287544,0.35,,10.0,14.0,,,disjoint,northrop,OLS,ols,0.2343032202989169,1.766848202659536,2.23545464325737,0,0.0,0.0085694492771099,0.2636410465347802,0.4474573957080203,universal_moving_maxima_q99_xi1.00_theta0.60,Northrop-disjoint-OLS
universal,moving_maxima_q99,1.0,0.6,0.4,northrop_sliding_fgls,log_wald,365.0,100,100,77,0.6466401359151154,0.0800252687054314,0.0466401359151153,0.0711349494173044,0.1185582490288407,0.0984607182184894,0.1020046185534694,0.0358624912471498,0.1621727470859887,0.2283994522459088,0.221717500177451,0.2012870592351471,0.2508593250012243,0.6494586337780368,1.1676464666133486,100,0.2375286765709567,0.2021778387647692,0.3305719163073191,0.77,,10.5,16.0,,,sliding,northrop,FGLS,bootstrap_cov,0.1167646466613348,0.5326939871167019,0.7662232804393717,0,0.0,0.0080025268705431,0.6784543514317231,0.841568452531236,universal_moving_maxima_q99_xi1.00_theta0.60,Northrop-sliding-FGLS
universal,moving_maxima_q99,1.0,0.6,0.4,northrop_sliding_ols,log_wald,365.0,100,100,6,0.645791069347571,0.0810460378372721,0.045791069347571,0.0712838937831941,0.1188064896386568,0.0993554447082845,0.1018390355112398,0.0373940584623846,0.156640516095525,0.0100046305400513,0.0069513602376555,0.0041350938668097,0.0115625294482133,2.670366815979417,2.354165837857093,100,2.241425847663094,0.8152179147534623,3.6324004274662993,0.06,,10.5,16.0,,,sliding,northrop,OLS,ols,0.2354165837857093,2.4349502321937075,2.9057833997651263,0,0.0,0.0081046037837272,0.0277857452666566,0.124769685312225,universal_moving_maxima_q99_xi1.00_theta0.60,Northrop-sliding-OLS
universal,moving_maxima_q99,1.0,0.8,0.2,bb_disjoint_fgls,log_wald,365.0,100,100,78,0.8300514797120196,0.0849408373987822,0.0300514797120195,0.0730846538589782,0.0913558173237227,0.065333753702236,0.0766268882176546,0.0401449231784176,0.1335489064310832,0.2289053643898138,0.2301524591424862,0.2017277161907386,0.2555568538916346,0.6186991006135,0.8940142329644875,100,0.2513067163377308,0.2263110310411224,0.3283113695339428,0.78,,9.0,15.0,,,disjoint,bb,FGLS,mixed,0.0894014232964487,0.5292976773170512,0.7081005239099487,0,0.0,0.0084940837398782,0.6892946528499969,0.849988254963442,universal_moving_maxima_q99_xi1.00_theta0.80,BB-disjoint-FGLS
universal,moving_maxima_q99,1.0,0.8,0.2,bb_disjoint_ols,log_wald,365.0,100,100,25,0.828632494894436,0.0858375637814761,0.0286324948944359,0.0747110315361779,0.0933887894202223,0.0632216920356002,0.0787322387436115,0.0460959548974031,0.1256502915977169,0.0668188859913571,0.0633103592608688,0.046181261463736,0.0832440131254082,1.900768387602441,2.047397560867478,100,1.3105578689339057,0.1239078580009283,2.740686646330352,0.25,,9.0,15.0,,,disjoint,bb,OLS,mixed,0.2047397560867478,1.6960286315156932,2.105508143689189,0,0.0,0.0085837563781476,0.1754509400372426,0.3430464637007583,universal_moving_maxima_q99_xi1.00_theta0.80,BB-disjoint-OLS
universal,moving_maxima_q99,1.0,0.8,0.2,bb_sliding_fgls,log_wald,365.0,100,100,80,0.8212198371409981,0.0850269426918452,0.021219837140998,0.0728266810885696,0.091033351360712,0.0603001905400706,0.0856219226833156,0.046616696196488,0.1276805909565026,0.2233337984457891,0.2258097835668432,0.2058629934327074,0.2488069895557689,0.5885148976279129,0.9563299794281148,100,0.2455427182566297,0.2223720240559913,0.2917082151827955,0.8,,10.0,16.0,,,sliding,bb,FGLS,mixed,0.0956329979428114,0.4928818996851014,0.6841478955707243,0,0.0,0.0085026942691845,0.7111690380734977,0.8666340774409013,universal_moving_maxima_q99_xi1.00_theta0.80,BB-sliding-FGLS
universal,moving_maxima_q99,1.0,0.8,0.2,bb_sliding_ols,log_wald,365.0,100,100,3,0.8170050162381706,0.0880047100624201,0.0170050162381705,0.0747020189377367,0.0933775236721709,0.0612393008477121,0.0848836875728013,0.0446742649629116,0.1318168470506865,0.014221760952,0.0103449508122636,0.0053627242255494,0.0187686665122485,2.7198738530095192,1.9614601553307829,100,2.420127424763641,1.272930000094704,4.0070223332223325,0.03,,10.0,16.0,,,sliding,bb,OLS,mixed,0.1961460155330782,2.523727837476441,2.9160198685425973,0,0.0,0.008800471006242,0.0102543382234148,0.0845207808040269,universal_moving_maxima_q99_xi1.00_theta0.80,BB-sliding-OLS
universal,moving_maxima_q99,1.0,0.8,0.2,northrop_disjoint_fgls,log_wald,365.0,100,100,78,0.8326810385725052,0.088498270544593,0.0326810385725051,0.0769740750317504,0.0962175937896881,0.0676147839245794,0.0768801143019243,0.0439393047367037,0.1462804664187613,0.2301474185417837,0.2313524858809462,0.2019847920760186,0.2647114736943614,0.6455727978787269,0.9099217003157892,100,0.2590345314823857,0.2247940081825427,0.3252065272257544,0.78,,10.0,15.5,,,disjoint,northrop,FGLS,mixed,0.0909921700315789,0.554580627847148,0.7365649679103058,0,0.0,0.0088498270544593,0.6892946528499969,0.849988254963442,universal_moving_maxima_q99_xi1.00_theta0.80,Northrop-disjoint-FGLS
universal,moving_maxima_q99,1.0,0.8,0.2,northrop_disjoint_ols,log_wald,365.0,100,100,25,0.8317284595778976,0.087995414134678,0.0317284595778976,0.0776609734040341,0.0970762167550426,0.06456474973065,0.0774134775453587,0.0502825194635293,0.1329328599975429,0.0682072018826535,0.062025580971551,0.0397976781795225,0.087894508638907,2.0142533674334286,2.1010433134738764,100,1.3195282990110573,0.2012436941696025,3.054211136452717,0.25,,10.0,15.5,,,disjoint,northrop,OLS,mixed,0.2101043313473876,1.804149036086041,2.224357698780816,0,0.0,0.0087995414134678,0.1754509400372426,0.3430464637007583,universal_moving_maxima_q99_xi1.00_theta0.80,Northrop-disjoint-OLS
universal,moving_maxima_q99,1.0,0.8,0.2,northrop_sliding_fgls,log_wald,365.0,100,100,79,0.8231210853337917,0.0863936468113202,0.0231210853337916,0.0742227809202948,0.0927784761503685,0.0617350532806162,0.0795554786186409,0.0469303323034169,0.1340153617988826,0.2247875094065849,0.2290647008464054,0.2071307488220363,0.2493507959976255,0.6136878142354525,0.991991115012964,100,0.2467945502535573,0.2203461483955491,0.2917554008102346,0.79,,10.0,16.0,,,sliding,northrop,FGLS,mixed,0.0991991115012963,0.5144887027341561,0.7128869257367488,0,0.0,0.008639364681132,0.7001985069803768,0.8583445046835422,universal_moving_maxima_q99_xi1.00_theta0.80,Northrop-sliding-FGLS
universal,moving_maxima_q99,1.0,0.8,0.2,northrop_sliding_ols,log_wald,365.0,100,100,5,0.8181484520446651,0.088810076764767,0.018148452044665,0.0753165328933501,0.0941456661166876,0.0623754266366226,0.0804996421989977,0.0474626392452359,0.1384959760746144,0.0145758641704479,0.0108763750622492,0.0051661894911426,0.0193348167998043,2.7468514504552655,2.0055112356739744,100,2.2296153492897375,1.285083872799054,4.096142414267222,0.05,,10.0,16.0,,,sliding,northrop,OLS,mixed,0.2005511235673974,2.546300326887868,2.947402574022663,0,0.0,0.0088810076764767,0.0215433614563135,0.1117519652720881,universal_moving_maxima_q99_xi1.00_theta0.80,Northrop-sliding-OLS
universal,moving_maxima_q99,1.0,1.0,0.0,bb_disjoint_fgls,log_wald,365.0,100,100,93,0.9786194643734304,0.0419889810484068,-0.0213805356265695,0.0213805356265695,0.0213805356265695,0.0419889810484068,0.0,0.0,0.0208615213654108,0.0810051611128913,0.0609462044921084,0.0467468463407795,0.104710842908834,0.1645442814804953,0.4447139266265095,100,0.0609462044921084,0.0467468463407795,0.104710842908834,0.93,,10.0,14.0,,,disjoint,bb,FGLS,mixed,0.0444713926626509,0.1200728888178444,0.2090156741431463,0,0.0,0.0041988981048406,0.8625032899347026,0.965681175635936,universal_moving_maxima_q99_xi1.00_theta1.00,BB-disjoint-FGLS
universal,moving_maxima_q99,1.0,1.0,0.0,bb_disjoint_ols,log_wald,365.0,100,100,79,0.9779499238827342,0.0426620018701477,-0.0220500761172658,0.0220500761172658,0.0220500761172658,0.0426620018701476,0.0,0.0,0.0191690061708771,0.0224675357904994,0.0,0.0,0.0315181650792913,0.470729239283994,1.127220964829,100,0.0,0.0,0.0521254571081105,0.79,,10.0,14.0,,,disjoint,bb,OLS,mixed,0.1127220964829,0.358007142801094,0.5834513357668941,0,0.0,0.0042662001870147,0.7001985069803768,0.8583445046835422,universal_moving_maxima_q99_xi1.00_theta1.00,BB-disjoint-OLS
universal,moving_maxima_q99,1.0,1.0,0.0,bb_sliding_fgls,log_wald,365.0,100,100,95,0.9815934505092884,0.0391951611010032,-0.0184065494907118,0.0184065494907118,0.0184065494907118,0.0391951611010031,0.0,0.0,0.000258210017927,0.0686812996905219,0.0468771177163296,0.0306057384278773,0.0877817164311621,0.1267622492669242,0.3477727857412345,100,0.0468771177163296,0.0306057384278773,0.0877817164311621,0.95,,8.0,11.0,,,sliding,bb,FGLS,mixed,0.0347772785741234,0.0919849706928007,0.1615395278410477,0,0.0,0.0039195161101003,0.8882480347279118,0.9784566385436864,universal_moving_maxima_q99_xi1.00_theta1.00,BB-sliding-FGLS
universal,moving_maxima_q99,1.0,1.0,0.0,bb_sliding_ols,log_wald,365.0,100,100,76,0.9809823573522948,0.0398548030462936,-0.019017642647705,0.019017642647705,0.019017642647705,0.0398548030462936,0.0,0.0,0.0023244724909673,0.0028260714506744,0.0,0.0,0.0034268683095886,0.7080013149196546,1.527985104120908,100,0.0,0.0,0.0068647763721837,0.76,,8.0,11.0,,,sliding,bb,OLS,mixed,0.1527985104120908,0.5552028045075638,0.8607998253317454,0,0.0,0.0039854803046293,0.6676748127670786,0.8330878873454004,universal_moving_maxima_q99_xi1.00_theta1.00,BB-sliding-OLS
universal,moving_maxima_q99,1.0,1.0,0.0,northrop_disjoint_fgls,log_wald,365.0,100,100,93,0.9797646033706076,0.0402626710264216,-0.0202353966293923,0.0202353966293923,0.0202353966293923,0.0402626710264215,0.0,0.0,0.0115648664987392,0.0823057432298705,0.0648058110412553,0.0480991852473241,0.1051444820117577,0.1462886631656949,0.3594899914732437,100,0.0648058110412553,0.0480991852473241,0.1051444820117577,0.93,,10.0,14.0,,,disjoint,northrop,FGLS,mixed,0.0359489991473243,0.1103396640183705,0.1822376623130193,0,0.0,0.0040262671026421,0.8625032899347026,0.965681175635936,universal_moving_maxima_q99_xi1.00_theta1.00,Northrop-disjoint-FGLS
universal,moving_maxima_q99,1.0,1.0,0.0,northrop_disjoint_ols,log_wald,365.0,100,100,79,0.9794407852614878,0.0406812003268807,-0.0205592147385122,0.0205592147385122,0.0205592147385122,0.0406812003268807,0.0,0.0,0.0120207601909048,0.0215029485013096,0.0,0.0,0.0278247969776418,0.4342359613692245,1.1095513801582044,100,0.0,0.0,0.0422268053641052,0.79,,10.0,14.0,,,disjoint,northrop,OLS,mixed,0.1109551380158204,0.3232808233534041,0.545191099385045,0,0.0,0.004068120032688,0.7001985069803768,0.8583445046835422,universal_moving_maxima_q99_xi1.00_theta1.00,Northrop-disjoint-OLS
universal,moving_maxima_q99,1.0,1.0,0.0,northrop_sliding_fgls,log_wald,365.0,100,99,95,0.9816700764502247,0.0392969421223634,-0.0183299235497752,0.0183299235497752,0.0183299235497752,0.0392969421223634,0.0,0.0,0.0001212683616544,0.070437314658067,0.0474756254063606,0.0321973593655572,0.0911801924395151,0.120191226159361,0.3275105375522666,99,0.0474756254063606,0.0321973593655572,0.0911801924395151,0.95,,8.0,11.0,,,sliding,northrop,FGLS,mixed,0.03291604751359,0.0872751786457709,0.153107273672951,1,0.01,0.0039494912857027,0.8882480347279118,0.9784566385436864,universal_moving_maxima_q99_xi1.00_theta1.00,Northrop-sliding-FGLS
universal,moving_maxima_q99,1.0,1.0,0.0,northrop_sliding_ols,log_wald,365.0,100,100,77,0.981522892906719,0.0397754412315379,-0.0184771070932809,0.0184771070932809,0.0184771070932809,0.0397754412315379,0.0,0.0,0.0009225423749617,0.0027805103020543,0.0,0.0,0.0025052510318798,0.6866922008741327,1.5205146344013751,100,0.0,0.0,0.0027281816843977,0.77,,8.0,11.0,,,sliding,northrop,OLS,mixed,0.1520514634401375,0.5346407374339952,0.8387436643142703,0,0.0,0.0039775441231537,0.6784543514317231,0.841568452531236,universal_moving_maxima_q99_xi1.00_theta1.00,Northrop-sliding-OLS
universal,moving_maxima_q99,5.0,0.1,0.5904987160980567,bb_disjoint_fgls,log_wald,365.0,100,100,0,0.192407953273943,0.0302223632257676,0.092407953273943,0.092407953273943,0.9240795327394308,0.3022236322576761,0.9386676895875103,0.6969505081318662,1.1107718899272006,0.0737950778839758,0.0728209454750095,0.0641960324298136,0.0822795389833813,2.4394874443352417,1.1173735650268035,100,2.358996193617192,1.6207105500996928,3.194237328047924,0.0,,10.0,15.0,,,disjoint,bb,FGLS,bootstrap_cov,0.1117373565026803,2.327750087832561,2.551224800837922,0,0.0,0.0030222363225767,0.0,0.0369948074760019,universal_moving_maxima_q99_xi5.00_theta0.10,BB-disjoint-FGLS
universal,moving_maxima_q99,5.0,0.1,0.5904987160980567,bb_disjoint_ols,log_wald,365.0,100,100,0,0.1878059348334788,0.0282063307751127,0.0878059348334787,0.0878059348334787,0.8780593483347878,0.2820633077511272,0.907642616782028,0.6763010308353117,1.0536961971004457,0.0159199037826777,0.0147967119222418,0.01021120176068,0.0197549452268887,3.218020917314285,1.106525157723869,100,3.274296020912232,2.4035509578398564,3.900733362614348,0.0,,10.0,15.0,,,disjoint,bb,OLS,ols,0.1106525157723869,3.107368401541898,3.328673433086672,0,0.0,0.0028206330775112,0.0,0.0369948074760019,universal_moving_maxima_q99_xi5.00_theta0.10,BB-disjoint-OLS
universal,moving_maxima_q99,5.0,0.1,0.5904987160980567,bb_sliding_fgls,log_wald,365.0,100,100,0,0.1855749225114217,0.0235326542505554,0.0855749225114217,0.0855749225114217,0.8557492251142174,0.235326542505554,0.8214479038841779,0.6864746742288457,0.9973364827245426,0.0756571137696092,0.0737818690359123,0.065171562473291,0.0841899481182287,2.139964286656172,0.7369471370843691,100,2.051711221912394,1.6087007766507655,2.5835804117087857,0.0,,12.0,19.0,,,sliding,bb,FGLS,bootstrap_cov,0.0736947137084369,2.066269572947735,2.213659000364609,0,0.0,0.0023532654250555,0.0,0.0369948074760019,universal_moving_maxima_q99_xi5.00_theta0.10,BB-sliding-FGLS
universal,moving_maxima_q99,5.0,0.1,0.5904987160980567,bb_sliding_ols,log_wald,365.0,100,100,0,0.1784440624730696,0.0243234797043902,0.0784440624730696,0.0784440624730696,0.784440624730696,0.2432347970439022,0.7484877794888893,0.6062255889337917,0.9260168930494964,0.0119125538980177,0.0131748397447152,0.0096100590435594,0.0146365428598345,2.916131530889767,1.0170748914177623,100,2.796642518628782,2.2140653059602196,3.482433589870374,0.0,,12.0,19.0,,,sliding,bb,OLS,ols,0.1017074891417762,2.8144240417479907,3.017839020031543,0,0.0,0.002432347970439,0.0,0.0369948074760019,universal_moving_maxima_q99_xi5.00_theta0.10,BB-sliding-OLS
universal,moving_maxima_q99,5.0,0.1,0.5904987160980567,northrop_disjoint_fgls,log_wald,365.0,100,100,1,0.1931370313685688,0.0299766479181777,0.0931370313685688,0.0931370313685688,0.9313703136856883,0.2997664791817773,0.9137065132442088,0.726766030666667,1.130031458919455,0.073340693280877,0.0722487699789315,0.0638027799845353,0.0822978678533885,2.475946871618281,1.1016866633065734,100,2.442056443513631,1.5760168617909376,3.244875217994139,0.01,,10.0,15.0,,,disjoint,northrop,FGLS,bootstrap_cov,0.1101686663306573,2.365778205287624,2.5861155379489382,0,0.0,0.0029976647918177,0.0017673865655472,0.0544875247609346,universal_moving_maxima_q99_xi5.00_theta0.10,Northrop-disjoint-FGLS
universal,moving_maxima_q99,5.0,0.1,0.5904987160980567,northrop_disjoint_ols,log_wald,365.0,100,100,0,0.188222582968637,0.0281137423289018,0.088222582968637,0.088222582968637,0.88222582968637,0.2811374232890187,0.8930263108394834,0.6843952515201766,1.0630821296605806,0.0184144021711767,0.0177983407611963,0.0119869836887608,0.0231720663606956,3.1896240491709658,1.0778354594501038,100,3.177979629864785,2.390486249750368,3.965114104315843,0.0,,10.0,15.0,,,disjoint,northrop,OLS,ols,0.1077835459450103,3.0818405032259553,3.2974075951159763,0,0.0,0.0028113742328901,0.0,0.0369948074760019,universal_moving_maxima_q99_xi5.00_theta0.10,Northrop-disjoint-OLS
universal,moving_maxima_q99,5.0,0.1,0.5904987160980567,northrop_sliding_fgls,log_wald,365.0,100,100,0,0.1859728305382141,0.0237337173121771,0.0859728305382141,0.0859728305382141,0.8597283053821413,0.237337173121771,0.8382030326274138,0.6813020756740593,0.991869122345068,0.0736215671823703,0.0723394182102369,0.0662763709838467,0.0805722499908211,2.1860361413352645,0.7829271555181744,100,2.1069695709434404,1.6265558475288786,2.662046252409629,0.0,,12.0,19.0,,,sliding,northrop,FGLS,bootstrap_cov,0.0782927155518174,2.107743425783447,2.264328856887082,0,0.0,0.0023733717312177,0.0,0.0369948074760019,universal_moving_maxima_q99_xi5.00_theta0.10,Northrop-sliding-FGLS
universal,moving_maxima_q99,5.0,0.1,0.5904987160980567,northrop_sliding_ols,log_wald,365.0,100,100,0,0.178613544575165,0.0239744229794656,0.0786135445751649,0.0786135445751649,0.78613544575165,0.2397442297946561,0.7833822933821037,0.6188507049253177,0.9072779049440004,0.0122505426265527,0.0133618584275527,0.009336337542503,0.0159061743044235,2.916852328829772,0.9975018515967604,100,2.8874563917115807,2.1723570341025256,3.444941202485184,0.0,,12.0,19.0,,,sliding,northrop,OLS,ols,0.099750185159676,2.817102143670096,3.0166025139894477,0,0.0,0.0023974422979465,0.0,0.0369948074760019,universal_moving_maxima_q99_xi5.00_theta0.10,Northrop-sliding-OLS
universal,moving_maxima_q99,5.0,0.15,0.4437053467476063,bb_disjoint_fgls,log_wald,365.0,100,100,7,0.2406584573883628,0.0332193588322618,0.0906584573883628,0.0906584573883628,0.604389715922419,0.2214623922150788,0.616948309099346,0.4822751930137005,0.787980555752633,0.0940472623727522,0.0896022016926522,0.0804905894286727,0.1053850799821807,2.0625351332795008,1.1289809714687724,100,2.0864295190963356,1.3795050820571388,2.937058513297626,0.07,,10.0,14.5,,,disjoint,bb,FGLS,bootstrap_cov,0.1128980971468772,1.9496370361326236,2.175433230426378,0,0.0,0.0033219358832261,0.034318824364064,0.1374967100652975,universal_moving_maxima_q99_xi5.00_theta0.15,BB-disjoint-FGLS
universal,moving_maxima_q99,5.0,0.15,0.4437053467476063,bb_disjoint_ols,log_wald,365.0,100,100,1,0.2345277519225611,0.033160075826671,0.0845277519225611,0.0845277519225611,0.5635183461504074,0.2210671721778066,0.5930819577731937,0.402327057659268,0.7397966840892766,0.0216954540941295,0.0210588587731761,0.0149641586378826,0.0282838866926493,2.9817474107051636,1.2882792244145824,100,3.131334976471021,2.0023176240103977,4.003404102931564,0.01,,10.0,14.5,,,disjoint,bb,OLS,ols,0.1288279224414582,2.8529194882637054,3.1105753331466217,0,0.0,0.0033160075826671,0.0017673865655472,0.0544875247609346,universal_moving_maxima_q99_xi5.00_theta0.15,BB-disjoint-OLS
universal,moving_maxima_q99,5.0,0.15,0.4437053467476063,bb_sliding_fgls,log_wald,365.0,100,100,9,0.2305804980943965,0.0326275492692714,0.0805804980943965,0.0805804980943965,0.5372033206293102,0.2175169951284764,0.5487475429917507,0.3658800109588092,0.6946684854525156,0.0986357300246261,0.1011812079850701,0.0825227008383106,0.1122607474759588,1.5832723315274198,1.0306111056008207,100,1.6042008051232397,0.780344316127355,2.225968173865169,0.09,,12.0,19.0,,,sliding,bb,FGLS,bootstrap_cov,0.103061110560082,1.4802112209673377,1.6863334420875018,0,0.0,0.0032627549269271,0.0480719951638848,0.1622637469664366,universal_moving_maxima_q99_xi5.00_theta0.15,BB-sliding-FGLS
universal,moving_maxima_q99,5.0,0.15,0.4437053467476063,bb_sliding_ols,log_wald,365.0,100,100,0,0.2249711907246203,0.0335158926861715,0.0749711907246203,0.0749711907246203,0.4998079381641357,0.223439284574477,0.5132851612051341,0.315768005757853,0.6590533747463203,0.0095146806225258,0.0098641002734865,0.0042676502497167,0.0142092362279615,2.821087537228444,1.3958651235091577,100,2.935078170210102,1.6962699447854073,3.870209560084751,0.0,,12.0,19.0,,,sliding,bb,OLS,ols,0.1395865123509157,2.681501024877528,2.96067404957936,0,0.0,0.0033515892686171,0.0,0.0369948074760019,universal_moving_maxima_q99_xi5.00_theta0.15,BB-sliding-OLS
universal,moving_maxima_q99,5.0,0.15,0.4437053467476063,northrop_disjoint_fgls,log_wald,365.0,100,100,7,0.2394088296039119,0.0324706188195455,0.0894088296039119,0.0894088296039119,0.5960588640260797,0.2164707921303039,0.599715656668665,0.4727074776685565,0.7583985844554284,0.0946632118789895,0.0909637117423568,0.0791365670013258,0.1074518608362991,2.000831032363228,1.0947443459475632,100,1.8218506276347723,1.355405462486659,2.7592729177937065,0.07,,10.0,14.0,,,disjoint,northrop,FGLS,bootstrap_cov,0.1094744345947563,1.8913565977684716,2.110305466957984,0,0.0,0.0032470618819545,0.034318824364064,0.1374967100652975,universal_moving_maxima_q99_xi5.00_theta0.15,Northrop-disjoint-FGLS
universal,moving_maxima_q99,5.0,0.15,0.4437053467476063,northrop_disjoint_ols,log_wald,365.0,100,100,0,0.2350292642792837,0.0330061359042508,0.0850292642792837,0.0850292642792837,0.5668617618618917,0.2200409060283391,0.5687903669723469,0.4323068685853352,0.7202976910764612,0.0216459950974931,0.0201792578472336,0.0141162637843453,0.0290377659846432,3.001842075971173,1.3035762075391386,100,3.019372711407563,2.102406254108513,3.84000809535179,0.0,,10.0,14.0,,,disjoint,northrop,OLS,ols,0.1303576207539138,2.871484455217259,3.1321996967250865,0,0.0,0.003300613590425,0.0,0.0369948074760019,universal_moving_maxima_q99_xi5.00_theta0.15,Northrop-disjoint-OLS
universal,moving_maxima_q99,5.0,0.15,0.4437053467476063,northrop_sliding_fgls,log_wald,365.0,100,100,13,0.2306180885430166,0.034438557607564,0.0806180885430166,0.0806180885430166,0.5374539236201108,0.2295903840504269,0.5499611421409671,0.3475860174834806,0.6980586475701538,0.0961077618112463,0.0962129528666155,0.0840367771218575,0.1067944262632561,1.633387366868404,1.125039895119723,100,1.560933963043218,0.7422460383507923,2.3627127296528294,0.13,,12.0,16.0,,,sliding,northrop,FGLS,bootstrap_cov,0.1125039895119722,1.520883377356432,1.7458913563803762,0,0.0,0.0034438557607564,0.0775709385841426,0.2098052189480987,universal_moving_maxima_q99_xi5.00_theta0.15,Northrop-sliding-FGLS
universal,moving_maxima_q99,5.0,0.15,0.4437053467476063,northrop_sliding_ols,log_wald,365.0,100,100,0,0.2250929900230338,0.0342196685435984,0.0750929900230338,0.0750929900230338,0.500619933486892,0.2281311236239897,0.5241131070363387,0.3254086539919738,0.6703889229606663,0.0095552324331081,0.008174544646203,0.0034804195780451,0.015428877469919,2.8253487808152067,1.4105087010787507,100,2.9552222012918925,1.8446278479120537,3.861287436957859,0.0,,12.0,16.0,,,sliding,northrop,OLS,ols,0.141050870107875,2.6842979107073317,2.9663996509230817,0,0.0,0.0034219668543598,0.0,0.0369948074760019,universal_moving_maxima_q99_xi5.00_theta0.15,Northrop-sliding-OLS
universal,moving_maxima_q99,5.0,0.25,0.2373046875001296,bb_disjoint_fgls,log_wald,365.0,100,100,34,0.3324614133184896,0.0489923086776093,0.0824614133184896,0.0833264488057855,0.3333057952231423,0.1899635887435828,0.3050801260733604,0.211127516952553,0.4490897763070296,0.138381733164355,0.1338996196565031,0.1181291835100219,0.1548167865172436,1.29107433815457,1.393336683779185,100,0.8770296337125578,0.1566910625503972,2.1170525144621055,0.34,,10.0,15.0,,,disjoint,bb,FGLS,bootstrap_cov,0.1393336683779185,1.1517406697766517,1.4304080065324885,0,0.0,0.0048992308677609,0.25461379497543,0.4372245434168906,universal_moving_maxima_q99_xi5.00_theta0.25,BB-disjoint-FGLS
universal,moving_maxima_q99,5.0,0.25,0.2373046875001296,bb_disjoint_ols,log_wald,365.0,100,100,6,0.3277095330988344,0.0492227835461689,0.0777095330988344,0.0786650534848896,0.3146602139395585,0.1906600757704225,0.2955582887680742,0.1989025047348639,0.4364211573288479,0.0294629619945998,0.0286953441699287,0.0181119528015383,0.0371970140076764,2.614067181540569,1.8114250968180297,100,2.3454547422489123,1.4404173729608374,3.6640657962662257,0.06,,10.0,15.0,,,disjoint,bb,OLS,ols,0.1811425096818029,2.4329246718587663,2.795209691222372,0,0.0,0.0049222783546168,0.0277857452666566,0.124769685312225,universal_moving_maxima_q99_xi5.00_theta0.25,BB-disjoint-OLS
universal,moving_maxima_q99,5.0,0.25,0.2373046875001296,bb_sliding_fgls,log_wald,365.0,100,100,40,0.3267510189318723,0.0465165218107905,0.0767510189318723,0.0776156082905031,0.3104624331620126,0.1801765773692522,0.2923863660232666,0.1713059566212953,0.4286117055840726,0.1358770152115247,0.1346907893116957,0.1197040500921512,0.1520534794339614,1.163530583811901,1.343557477983504,100,0.6304591948967585,0.1366184400529947,1.9487277225659456,0.4,,12.0,16.0,,,sliding,bb,FGLS,bootstrap_cov,0.1343557477983504,1.0291748360135506,1.2978863316102514,0,0.0,0.004651652181079,0.3093997461136028,0.4979992153815976,universal_moving_maxima_q99_xi5.00_theta0.25,BB-sliding-FGLS
universal,moving_maxima_q99,5.0,0.25,0.2373046875001296,bb_sliding_ols,log_wald,365.0,100,100,7,0.3211102308080384,0.0481886276153436,0.0711102308080384,0.0724985535502339,0.2899942142009357,0.184206605649644,0.2766062840276839,0.1651207351643515,0.41493787524787,0.0092114449751482,0.0074003181350215,0.0030227886637547,0.0141435270593086,2.738517313889968,1.875413114255514,100,2.559572342609288,1.3966349947379613,3.972230288316726,0.07,,12.0,16.0,,,sliding,bb,OLS,ols,0.1875413114255514,2.5509760024644166,2.9260586253155196,0,0.0,0.0048188627615343,0.034318824364064,0.1374967100652975,universal_moving_maxima_q99_xi5.00_theta0.25,BB-sliding-OLS
universal,moving_maxima_q99,5.0,0.25,0.2373046875001296,northrop_disjoint_fgls,log_wald,365.0,100,100,37,0.3306378735311863,0.0455958016026128,0.0806378735311863,0.0812701153189545,0.3250804612758182,0.1777899046672065,0.3162948425803997,0.2003164097736601,0.4160370052149023,0.1372478884815685,0.1344960941662951,0.1164833292366408,0.1536679389454288,1.22348475352313,1.3047891645747498,100,0.916227005770188,0.1527749969996291,1.8754934966433123,0.37,,10.0,15.0,,,disjoint,northrop,FGLS,bootstrap_cov,0.1304789164574749,1.093005837065655,1.3539636699806048,0,0.0,0.0045595801602612,0.2818221256950916,0.4677965242486688,universal_moving_maxima_q99_xi5.00_theta0.25,Northrop-disjoint-FGLS
universal,moving_maxima_q99,5.0,0.25,0.2373046875001296,northrop_disjoint_ols,log_wald,365.0,100,100,5,0.3270433106655058,0.0469725239414105,0.0770433106655058,0.0777218253094447,0.3108873012377791,0.1833181663915565,0.2835230503279229,0.187372059267297,0.4070244256756789,0.0307510353715561,0.0296474516650346,0.0183923004226447,0.0382000607146809,2.560425212891809,1.7512558516777,100,2.245681996190341,1.5345116052403869,3.582592629429035,0.05,,10.0,15.0,,,disjoint,northrop,OLS,ols,0.17512558516777,2.385299627724039,2.7355507980595792,0,0.0,0.004697252394141,0.0215433614563135,0.1117519652720881,universal_moving_maxima_q99_xi5.00_theta0.25,Northrop-disjoint-OLS
universal,moving_maxima_q99,5.0,0.25,0.2373046875001296,northrop_sliding_fgls,log_wald,365.0,100,100,41,0.3274466985331398,0.0472602818200401,0.0774466985331398,0.0782757115833332,0.3131028463333331,0.1834397701011477,0.2891192724348018,0.1811677880182284,0.4255231486028979,0.1330300394819674,0.1295518937159641,0.1158632232897014,0.1504169794051657,1.2176108521416389,1.3985860928123184,100,0.6605511124635481,0.1324166454445604,1.9996841586537797,0.41,,12.0,16.0,,,sliding,northrop,FGLS,bootstrap_cov,0.1398586092812318,1.0777522428604072,1.3574694614228706,0,0.0,0.004726028182004,0.3186715709566465,0.5079874943890338,universal_moving_maxima_q99_xi5.00_theta0.25,Northrop-sliding-FGLS
universal,moving_maxima_q99,5.0,0.25,0.2373046875001296,northrop_sliding_ols,log_wald,365.0,100,100,4,0.3212198061811819,0.0482083114810836,0.0712198061811819,0.0726435877524986,0.2905743510099944,0.1840496566209325,0.273942942118776,0.1518793724907918,0.4029273165891625,0.0098712367826121,0.0066263190895336,0.0027839927259822,0.0146288729447574,2.725890694771288,1.8762404507641404,100,2.5579232907848857,1.3981899069438584,3.914904540853351,0.04,,12.0,16.0,,,sliding,northrop,OLS,ols,0.187624045076414,2.538266649694874,2.9135147398477024,0,0.0,0.0048208311481083,0.015663050551848,0.0983721723260737,universal_moving_maxima_q99_xi5.00_theta0.25,Northrop-sliding-OLS
universal,moving_maxima_q99,5.0,0.4,0.0777599999999999,bb_disjoint_fgls,log_wald,365.0,100,100,59,0.4770824091104669,0.0684942763303907,0.0770824091104669,0.0821348252433911,0.2053370631084779,0.1557022116407307,0.1818158024339569,0.1049695767685717,0.2671783167730241,0.1895725449962216,0.1837344526323258,0.1625167750196969,0.207615368550538,0.9313836806360328,1.5171160627291875,100,0.211405661046107,0.1759423443649528,0.950720820061974,0.59,,9.0,14.0,,,disjoint,bb,FGLS,bootstrap_cov,0.1517116062729187,0.779672074363114,1.0830952869089516,0,0.0,0.006849427633039,0.4920125056109662,0.6813284290433533,universal_moving_maxima_q99_xi5.00_theta0.40,BB-disjoint-FGLS
universal,moving_maxima_q99,5.0,0.4,0.0777599999999999,bb_disjoint_ols,log_wald,365.0,100,100,14,0.4746784064223279,0.0712374767634498,0.0746784064223278,0.0807859718897398,0.2019649297243497,0.160383879889801,0.1678709045755582,0.0944809700262243,0.257839705300755,0.0418272601481061,0.0363895361247895,0.0247742139857782,0.0513297666822262,2.5028927783080555,2.2824988596188907,100,2.092096876901639,0.7255834277874045,3.420466600225823,0.14,,9.0,14.0,,,disjoint,bb,OLS,ols,0.228249885961889,2.2746428923461663,2.731142664269945,0,0.0,0.0071237476763449,0.085262657544649,0.2213736038380723,universal_moving_maxima_q99_xi5.00_theta0.40,BB-disjoint-OLS
universal,moving_maxima_q99,5.0,0.4,0.0777599999999999,bb_sliding_fgls,log_wald,365.0,100,100,59,0.4737567526743425,0.0724283361721973,0.0737567526743425,0.0784307816938161,0.1960769542345402,0.168213959507383,0.1623211044366206,0.0678350707901828,0.2612096950866921,0.1811013290424551,0.1727906095435536,0.1571734383331278,0.203483606736347,1.0702916448309372,1.6986120698413651,100,0.2140274560733691,0.1695623870412498,1.3081899405860444,0.59,,11.0,16.0,,,sliding,bb,FGLS,bootstrap_cov,0.1698612069841365,0.9004304378468007,1.2401528518150735,0,0.0,0.0072428336172197,0.4920125056109662,0.6813284290433533,universal_moving_maxima_q99_xi5.00_theta0.40,BB-sliding-FGLS
universal,moving_maxima_q99,5.0,0.4,0.0777599999999999,bb_sliding_ols,log_wald,365.0,100,100,7,0.4682350267676902,0.0748282905781644,0.0682350267676901,0.0749606593074951,0.1874016482687378,0.1700452772131354,0.1483788580490045,0.0657022775631202,0.2479222234321883,0.0097837839708896,0.0066926914457867,0.0034786579634184,0.0136253602989547,2.836943641069825,2.714306794054109,100,2.3022012019734888,0.8978303851521648,3.8706247184218943,0.07,,11.0,16.0,,,sliding,bb,OLS,ols,0.2714306794054109,2.565512961664414,3.108374320475236,0,0.0,0.0074828290578164,0.034318824364064,0.1374967100652975,universal_moving_maxima_q99_xi5.00_theta0.40,BB-sliding-OLS
universal,moving_maxima_q99,5.0,0.4,0.0777599999999999,northrop_disjoint_fgls,log_wald,365.0,100,100,58,0.4774405756879727,0.0685380234620746,0.0774405756879727,0.0825976580117332,0.206494145029333,0.1553985529973308,0.1848120841500929,0.1018806999210637,0.2661810470769711,0.1879197884139537,0.1843735897991638,0.1659350932188314,0.2079216391881037,0.9301214927520146,1.5088823945694556,100,0.2057595776849266,0.1727557664268204,0.9333691815519748,0.58,,9.0,14.0,,,disjoint,northrop,FGLS,bootstrap_cov,0.1508882394569455,0.779233253295069,1.0810097322089602,0,0.0,0.0068538023462074,0.4820630799889527,0.672017750814887,universal_moving_maxima_q99_xi5.00_theta0.40,Northrop-disjoint-FGLS
universal,moving_maxima_q99,5.0,0.4,0.0777599999999999,northrop_disjoint_ols,log_wald,365.0,100,100,12,0.4760651663364389,0.0718508787617652,0.0760651663364389,0.0822367503860312,0.205591875965078,0.1615492721766823,0.1741082328465217,0.0989100571156567,0.2644413107335069,0.0455257439600962,0.0404367557165575,0.0254812395242528,0.0580041702916148,2.494815377053905,2.2534499765032856,100,2.0951560357539982,0.7171843462908143,3.5943090203998995,0.12,,9.0,14.0,,,disjoint,northrop,OLS,ols,0.2253449976503285,2.269470379403576,2.7201603747042338,0,0.0,0.0071850878761765,0.0699933736526777,0.1981226800290836,universal_moving_maxima_q99_xi5.00_theta0.40,Northrop-disjoint-OLS
universal,moving_maxima_q99,5.0,0.4,0.0777599999999999,northrop_sliding_fgls,log_wald,365.0,100,100,55,0.473083216648915,0.0675875455308717,0.073083216648915,0.077731852048441,0.1943296301211026,0.1553204426438947,0.1624663875203385,0.0709339296738068,0.2585262126876589,0.1781670095040797,0.1697357689766437,0.1548806141900839,0.1971843243968303,1.0507341152847307,1.5253737849059887,100,0.2223805250524733,0.1678646595012309,1.169197799370021,0.55,,10.0,16.0,,,sliding,northrop,FGLS,bootstrap_cov,0.1525373784905988,0.8981967367941318,1.2032714937753295,0,0.0,0.0067587545530871,0.4524442703164344,0.6438562489359654,universal_moving_maxima_q99_xi5.00_theta0.40,Northrop-sliding-FGLS
universal,moving_maxima_q99,5.0,0.4,0.0777599999999999,northrop_sliding_ols,log_wald,365.0,100,100,8,0.4670412207181142,0.0693581862952137,0.0670412207181142,0.0738744231103717,0.1846860577759294,0.1548775035584217,0.1606777449095458,0.0659518448031776,0.2386491899138978,0.0108235137251428,0.007147270954199,0.0034871641822489,0.0135919966285622,2.7603536927071888,2.4873031546643447,100,2.372328128981988,0.8944195831879519,3.719149143434763,0.08,,10.0,16.0,,,sliding,northrop,OLS,ols,0.2487303154664344,2.5116233772407544,3.009084008173623,0,0.0,0.0069358186295213,0.0410929694858109,0.1499826687940307,universal_moving_maxima_q99_xi5.00_theta0.40,Northrop-sliding-OLS
universal,moving_maxima_q99,5.0,0.6,0.01024,bb_disjoint_fgls,log_wald,365.0,100,100,77,0.6591052323385328,0.0780209020055133,0.0591052323385328,0.0747089624287885,0.1245149373813142,0.1051212217901652,0.0931402359530602,0.045308766721115,0.1659561353227557,0.2413414602421098,0.2341109871835777,0.2167683982573632,0.260421035087357,0.7199621638579763,1.157376681595426,100,0.2456765653085382,0.2180418754519827,0.322904216063136,0.77,,9.0,14.0,,,disjoint,bb,FGLS,bootstrap_cov,0.1157376681595426,0.6042244956984337,0.8356998320175189,0,0.0,0.0078020902005513,0.6784543514317231,0.841568452531236,universal_moving_maxima_q99_xi5.00_theta0.60,BB-disjoint-FGLS
universal,moving_maxima_q99,5.0,0.6,0.01024,bb_disjoint_ols,log_wald,365.0,100,100,28,0.6583056422677632,0.0802691354274098,0.0583056422677632,0.0756470258109752,0.1260783763516254,0.1066763748666462,0.0917343264024247,0.0425707494460522,0.1733530797325332,0.0555872065674298,0.0533557140157594,0.0335684966019777,0.0689235335658976,2.1602570985979392,2.3736629058539296,100,1.42343313656264,0.0915518719909443,3.306995685302621,0.28,,9.0,14.0,,,disjoint,bb,OLS,ols,0.2373662905853929,1.9228908080125464,2.397623389183332,0,0.0,0.0080269135427409,0.2013955916759837,0.3748821236134572,universal_moving_maxima_q99_xi5.00_theta0.60,BB-disjoint-OLS
universal,moving_maxima_q99,5.0,0.6,0.01024,bb_sliding_fgls,log_wald,365.0,100,100,80,0.6575543804897491,0.0818478302343999,0.057554380489749,0.0779704805213487,0.1299508008689145,0.104139727449428,0.0999439120954986,0.055447478085166,0.1741687769081559,0.2272633184774332,0.2240168309126134,0.2013869746045816,0.2532733914195593,0.7215114163143183,1.2945930426773682,100,0.2303180720769047,0.2054747362849759,0.2800766120394263,0.8,,10.0,16.0,,,sliding,bb,FGLS,bootstrap_cov,0.1294593042677368,0.5920521120465814,0.8509707205820551,0,0.0,0.0081847830234399,0.7111690380734977,0.8666340774409013,universal_moving_maxima_q99_xi5.00_theta0.60,BB-sliding-FGLS
universal,moving_maxima_q99,5.0,0.6,0.01024,bb_sliding_ols,log_wald,365.0,100,100,4,0.6548298648802141,0.083285989912719,0.054829864880214,0.0782106883566404,0.1303511472610673,0.1026663723834157,0.099878750825879,0.0558065374286405,0.1786843973565247,0.0111719782715074,0.0080017944863843,0.0034882592646977,0.0150099790857581,2.9253349553158254,2.4918897134530074,100,2.117870742255712,1.0809570933267527,4.127039094569242,0.04,,10.0,16.0,,,sliding,bb,OLS,ols,0.2491889713453007,2.6761459839705246,3.1745239266611263,0,0.0,0.0083285989912719,0.015663050551848,0.0983721723260737,universal_moving_maxima_q99_xi5.00_theta0.60,BB-sliding-OLS
universal,moving_maxima_q99,5.0,0.6,0.01024,northrop_disjoint_fgls,log_wald,365.0,100,100,77,0.6593374942856198,0.0824494899608931,0.0593374942856198,0.0778991082647099,0.1298318471078499,0.1083314733137691,0.0974206325424041,0.0437577500412316,0.1886164674258745,0.2466387106365779,0.2394299766547062,0.2204349920593406,0.2751066960668015,0.7525239320092859,1.2259029765953589,100,0.2540683747208843,0.223202260660505,0.3258940908378122,0.77,,10.0,14.0,,,disjoint,northrop,FGLS,bootstrap_cov,0.1225902976595358,0.62993363434975,0.8751142296688218,0,0.0,0.0082449489960893,0.6784543514317231,0.841568452531236,universal_moving_maxima_q99_xi5.00_theta0.60,Northrop-disjoint-FGLS
universal,moving_maxima_q99,5.0,0.6,0.01024,northrop_disjoint_ols,log_wald,365.0,100,100,26,0.6585469858370522,0.0843333531424614,0.0585469858370521,0.0783172932908603,0.1305288221514339,0.1102891876387049,0.1040701236712471,0.0417704828913726,0.1849128812652152,0.06174244271489,0.0589993085339354,0.0408223804728116,0.0793692871013177,2.16899441627213,2.436361564791937,100,1.3653669947683182,0.0973926593413953,3.1634325528932283,0.26,,10.0,14.0,,,disjoint,northrop,OLS,ols,0.2436361564791936,1.9253582597929368,2.412630572751324,0,0.0,0.0084333353142461,0.1840457812698646,0.3537117263186163,universal_moving_maxima_q99_xi5.00_theta0.60,Northrop-disjoint-OLS
universal,moving_maxima_q99,5.0,0.6,0.01024,northrop_sliding_fgls,log_wald,365.0,100,100,79,0.6601066570096973,0.0818721859250574,0.0601066570096973,0.0786074131140839,0.1310123551901399,0.106859425739675,0.1034247516802479,0.0551547383074215,0.1804766460749663,0.2291916929909954,0.2266087765167663,0.2033342636059459,0.2507802069663871,0.7377064526038155,1.342197428677624,100,0.2303267992745094,0.2052319584263336,0.2831350868075127,0.79,,10.0,16.0,,,sliding,northrop,FGLS,bootstrap_cov,0.1342197428677624,0.6034867097360531,0.8719261954715779,0,0.0,0.0081872185925057,0.7001985069803768,0.8583445046835422,universal_moving_maxima_q99_xi5.00_theta0.60,Northrop-sliding-FGLS
universal,moving_maxima_q99,5.0,0.6,0.01024,northrop_sliding_ols,log_wald,365.0,100,100,5,0.6568826922948403,0.0833702937817691,0.0568826922948403,0.0785866471158044,0.1309777451930074,0.1051544666309761,0.1027146656832585,0.0482099450927311,0.1795984049062579,0.0116567599090397,0.0085255272542412,0.0036799032029991,0.0155834923230848,2.9303755937258895,2.5580882363461246,100,2.3245908687403514,0.8291500508055556,4.191228746491257,0.05,,10.0,16.0,,,sliding,northrop,OLS,ols,0.2558088236346124,2.674566770091277,3.186184417360502,0,0.0,0.0083370293781769,0.0215433614563135,0.1117519652720881,universal_moving_maxima_q99_xi5.00_theta0.60,Northrop-sliding-OLS
universal,moving_maxima_q99,5.0,0.8,0.00032,bb_disjoint_fgls,log_wald,365.0,100,100,77,0.8412915065439072,0.0836410378731367,0.041291506543907,0.0725532982610875,0.0906916228263594,0.0728963435794292,0.0725668138238224,0.0323735900706768,0.1375003898903119,0.2206766984518926,0.2323823659846669,0.2001671192458735,0.2538878110756399,0.8466460333995065,1.3780943823274727,100,0.2523392884571027,0.2299361802484954,0.3068689136893045,0.77,,9.5,14.0,,,disjoint,bb,FGLS,mixed,0.1378094382327472,0.7088365951667592,0.9844554716322538,0,0.0,0.0083641037873136,0.6784543514317231,0.841568452531236,universal_moving_maxima_q99_xi5.00_theta0.80,BB-disjoint-FGLS
universal,moving_maxima_q99,5.0,0.8,0.00032,bb_disjoint_ols,log_wald,365.0,100,100,35,0.8388277175769606,0.0842822258537284,0.0388277175769605,0.0724532984936748,0.0905666231170935,0.0720655943374147,0.0748464743349234,0.0328772126127052,0.1367809184792917,0.072183236710545,0.0709748581283978,0.0500370575204019,0.0950649152580215,1.84334981803738,2.2165648738216777,100,0.8537104245589147,0.1020262997692942,2.8275656353688916,0.35,,9.5,14.0,,,disjoint,bb,OLS,mixed,0.2216564873821677,1.6216933306552122,2.065006305419548,0,0.0,0.0084282225853728,0.2636410465347802,0.4474573957080203,universal_moving_maxima_q99_xi5.00_theta0.80,BB-disjoint-OLS
universal,moving_maxima_q99,5.0,0.8,0.00032,bb_sliding_fgls,log_wald,365.0,100,100,77,0.8357638924594544,0.0840172032525374,0.0357638924594543,0.0690402284789169,0.0863002855986461,0.0743320890279309,0.0625607691080822,0.0299849864337063,0.1129408151687722,0.2172148487448801,0.2292186859040214,0.1956314021680533,0.2594432255325783,0.9180920581310694,1.564692148867469,100,0.256239208233287,0.2286636837487161,0.3110687509778757,0.77,,10.0,16.0,,,sliding,bb,FGLS,mixed,0.1564692148867469,0.7616228432443225,1.0745612730178162,0,0.0,0.0084017203252537,0.6784543514317231,0.841568452531236,universal_moving_maxima_q99_xi5.00_theta0.80,BB-sliding-FGLS
universal,moving_maxima_q99,5.0,0.8,0.00032,bb_sliding_ols,log_wald,365.0,100,100,5,0.8322476365391824,0.0843557138765295,0.0322476365391824,0.0696588992946294,0.0870736241182868,0.0714243990281023,0.0648895428832522,0.0299436490847975,0.1184679818013581,0.0118056912699267,0.0078149400721915,0.0046285477299389,0.0150763913424023,2.574003115965526,2.3129466624186805,100,1.8041352049944148,0.7793119950816827,3.59003769089012,0.05,,10.0,16.0,,,sliding,bb,OLS,mixed,0.231294666241868,2.342708449723658,2.805297782207394,0,0.0,0.0084355713876529,0.0215433614563135,0.1117519652720881,universal_moving_maxima_q99_xi5.00_theta0.80,BB-sliding-OLS
universal,moving_maxima_q99,5.0,0.8,0.00032,northrop_disjoint_fgls,log_wald,365.0,100,100,76,0.8422933927639891,0.0867244886379019,0.042293392763989,0.0759343347710679,0.0949179184638349,0.0739897600171626,0.0759064575448987,0.0316081980298824,0.1405994677488701,0.2216867271228247,0.2403550008540182,0.1917610334600102,0.2636314178764327,0.8753029003353444,1.3862596194277723,100,0.2627169373159143,0.2379582787450154,0.3113566224084478,0.76,,10.0,14.0,,,disjoint,northrop,FGLS,mixed,0.1386259619427772,0.7366769383925671,1.0139288622781215,0,0.0,0.0086724488637901,0.6676748127670786,0.8330878873454004,universal_moving_maxima_q99_xi5.00_theta0.80,Northrop-disjoint-FGLS
universal,moving_maxima_q99,5.0,0.8,0.00032,northrop_disjoint_ols,log_wald,365.0,100,100,36,0.8400876130993522,0.0867177651811803,0.0400876130993521,0.0750207956730256,0.0937759945912821,0.073508614886151,0.0733133656294843,0.0314639623699043,0.1354719110353939,0.0735389281109912,0.0708552345903446,0.0524513372416496,0.0989453286828913,1.9323481831566816,2.2930112775666527,100,1.1001808748203754,0.1068012199816653,2.874461580696358,0.36,,10.0,14.0,,,disjoint,northrop,OLS,mixed,0.2293011277566652,1.7030470554000166,2.161649310913347,0,0.0,0.008671776518118,0.2727107459049014,0.4576478001883791,universal_moving_maxima_q99_xi5.00_theta0.80,Northrop-disjoint-OLS
universal,moving_maxima_q99,5.0,0.8,0.00032,northrop_sliding_fgls,log_wald,365.0,100,100,76,0.8365055119091754,0.0858187140821306,0.0365055119091753,0.0718591843663229,0.0898239804579036,0.0738988310769163,0.0701976114676204,0.0330015896236123,0.1168635749869265,0.2192494013134033,0.2288703033745189,0.1974698721100389,0.2618034122058107,0.923827489692386,1.5533477283618249,100,0.2579678810921814,0.2270967812328597,0.3160483816909512,0.76,,10.5,16.0,,,sliding,northrop,FGLS,mixed,0.1553347728361825,0.7684927168562035,1.0791622625285684,0,0.0,0.008581871408213,0.6676748127670786,0.8330878873454004,universal_moving_maxima_q99_xi5.00_theta0.80,Northrop-sliding-FGLS
universal,moving_maxima_q99,5.0,0.8,0.00032,northrop_sliding_ols,log_wald,365.0,100,100,5,0.8333186019688216,0.0861008222389075,0.0333186019688215,0.0719057090987378,0.0898821363734223,0.0719378711681427,0.0681995612046521,0.0357880551870568,0.1176475759923879,0.0124208948356445,0.0086892662176857,0.0049107751800265,0.0156038022482689,2.6545948311839687,2.327004754619845,100,1.9183534678317569,0.8737221677944448,3.5309660702850216,0.05,,10.5,16.0,,,sliding,northrop,OLS,mixed,0.2327004754619845,2.4218943557219843,2.887295306645953,0,0.0,0.0086100822238907,0.0215433614563135,0.1117519652720881,universal_moving_maxima_q99_xi5.00_theta0.80,Northrop-sliding-OLS
universal,moving_maxima_q99,5.0,1.0,0.0,bb_disjoint_fgls,log_wald,365.0,100,100,87,0.9691161453793076,0.0523666100506264,-0.0308838546206926,0.0308838546206926,0.0308838546206926,0.0523666100506264,0.0004849662049163,0.0,0.0445857266755421,0.0891661421586953,0.0694835842775846,0.0453422758354379,0.1257099466726349,0.2897382449265365,0.7264534437463784,100,0.0694835842775846,0.0453422758354379,0.1258900896741277,0.87,,9.0,13.0,,,disjoint,bb,FGLS,mixed,0.0726453443746378,0.2170929005518986,0.3623835893011743,0,0.0,0.0052366610050626,0.7901947810519012,0.9224290614158576,universal_moving_maxima_q99_xi5.00_theta1.00,BB-disjoint-FGLS
universal,moving_maxima_q99,5.0,1.0,0.0,bb_disjoint_ols,log_wald,365.0,100,100,70,0.9678394000747262,0.0541484344686733,-0.0321605999252737,0.0321605999252737,0.0321605999252737,0.0541484344686733,0.0005808120330048,0.0,0.0452853729781912,0.0293108411072969,0.0017181987335944,0.0,0.0602466168959986,0.7499378842268463,1.7481301390963098,100,0.0017181987335944,0.0,0.1653078809587508,0.7,,9.0,13.0,,,disjoint,bb,OLS,mixed,0.1748130139096309,0.5751248703172153,0.9247508981364772,0,0.0,0.0054148434468673,0.6041496156718804,0.7810524613377188,universal_moving_maxima_q99_xi5.00_theta1.00,BB-disjoint-OLS
universal,moving_maxima_q99,5.0,1.0,0.0,bb_sliding_fgls,log_wald,365.0,100,98,92,0.97316767736226,0.0464311842632527,-0.0268323226377398,0.0268323226377398,0.0268323226377398,0.0464311842632527,0.0,0.0,0.0385405164662581,0.0798908938498676,0.0511397328110493,0.0320603757427446,0.1221373242687689,0.159086821296258,0.4743888318057091,98,0.0511397328110493,0.0320603757427446,0.1221373242687689,0.92,,8.0,11.0,,,sliding,bb,FGLS,mixed,0.0479205085555687,0.1111663127406892,0.2070073298518268,2,0.02,0.0046902578930097,0.8500173312059693,0.9589070305141892,universal_moving_maxima_q99_xi5.00_theta1.00,BB-sliding-FGLS
universal,moving_maxima_q99,5.0,1.0,0.0,bb_sliding_ols,log_wald,365.0,100,100,61,0.9706348291903965,0.0492570119407501,-0.0293651708096036,0.0293651708096036,0.0293651708096036,0.0492570119407501,0.0,0.0,0.0468918453437129,0.0057651733450738,0.0,0.0,0.0075225204006407,1.0648065513206115,1.8578477358751715,100,0.0,0.0,1.6970510259285925,0.61,,8.0,11.0,,,sliding,bb,OLS,mixed,0.1857847735875171,0.8790217777330944,1.2505913249081286,0,0.0,0.004925701194075,0.5120283616749817,0.699832780680298,universal_moving_maxima_q99_xi5.00_theta1.00,BB-sliding-OLS
universal,moving_maxima_q99,5.0,1.0,0.0,northrop_disjoint_fgls,log_wald,365.0,100,100,88,0.9707326729898414,0.0519909576262427,-0.0292673270101584,0.0292673270101584,0.0292673270101584,0.0519909576262427,0.0002225666555664,0.0,0.0367055376553395,0.0884733084421697,0.0699948715318338,0.0459211222057789,0.1153662843704641,0.2763093431793009,0.712324064466356,100,0.0699948715318338,0.0459211222057789,0.1153662843704641,0.88,,9.0,13.0,,,disjoint,northrop,FGLS,mixed,0.0712324064466356,0.2050769367326653,0.3475417496259365,0,0.0,0.0051990957626242,0.8018773199709163,0.9300066263473222,universal_moving_maxima_q99_xi5.00_theta1.00,Northrop-disjoint-FGLS
universal,moving_maxima_q99,5.0,1.0,0.0,northrop_disjoint_ols,log_wald,365.0,100,100,73,0.9683273778352032,0.0541006666210735,-0.0316726221647968,0.0316726221647968,0.0316726221647968,0.0541006666210734,0.0002305681475334,0.0,0.0433766198982066,0.0296778300599186,0.0006821733394625,0.0,0.0583044747425865,0.7235041246331555,1.7350107158545258,100,0.0006821733394625,0.0,0.2077118915561386,0.73,,9.0,13.0,,,disjoint,northrop,OLS,mixed,0.1735010715854525,0.5500030530477029,0.8970051962186081,0,0.0,0.0054100666621073,0.6356769977376873,0.8073053908233518,universal_moving_maxima_q99_xi5.00_theta1.00,Northrop-disjoint-OLS
universal,moving_maxima_q99,5.0,1.0,0.0,northrop_sliding_fgls,log_wald,365.0,100,99,94,0.973462063735838,0.0472903321317965,-0.0265379362641621,0.0265379362641621,0.0265379362641621,0.0472903321317965,0.0,0.0,0.036719868397588,0.0796191252669828,0.0520098968247373,0.0302844757537374,0.1236598455736932,0.1604925815592546,0.50026684165319,99,0.0520098968247373,0.0302844757537374,0.1236598455736932,0.94,,8.0,11.0,,,sliding,northrop,FGLS,mixed,0.0502787093581748,0.1102138722010798,0.2107712909174294,1,0.01,0.0047528572088623,0.8752303146877748,0.9722142547333432,universal_moving_maxima_q99_xi5.00_theta1.00,Northrop-sliding-FGLS
universal,moving_maxima_q99,5.0,1.0,0.0,northrop_sliding_ols,log_wald,365.0,100,100,61,0.970062444131897,0.0501239062334413,-0.029937555868103,0.029937555868103,0.029937555868103,0.0501239062334413,0.0,0.0,0.0481187903882392,0.0067661689988008,0.0,0.0,0.0087061720563451,1.0681964548894405,1.887544289956168,100,0.0,0.0,1.650669023890021,0.61,,8.0,11.0,,,sliding,northrop,OLS,mixed,0.1887544289956168,0.8794420258938235,1.2569508838850572,0,0.0,0.0050123906233441,0.5120283616749817,0.699832780680298,universal_moving_maxima_q99_xi5.00_theta1.00,Northrop-sliding-OLS
universal,pareto_additive_ar1,0.01,0.1,0.9989469496904544,bb_disjoint_fgls,log_wald,365.0,100,100,0,0.0715573867925557,0.000563240030841,-0.0284426132074442,0.0284426132074442,0.2844261320744427,0.0056324003084102,0.2852392872023921,0.2797989934352151,0.2883883812930661,0.0207256021788841,0.0206834558980749,0.0203716421512618,0.0211112954495768,0.7140429023562003,0.0310375685482226,100,0.7194436224325704,0.68903358744589,0.735321772550454,0.0,,12.0,19.0,,,disjoint,bb,FGLS,bootstrap_cov,0.0031037568548222,0.710939145501378,0.7171466592110225,0,0.0,5.632400308410231e-05,0.0,0.0369948074760019,universal_pareto_additive_ar1_xi0.01_theta0.10,BB-disjoint-FGLS
universal,pareto_additive_ar1,0.01,0.1,0.9989469496904544,bb_disjoint_ols,log_wald,365.0,100,100,0,0.0697128748671133,0.0,-0.0302871251328866,0.0302871251328866,0.3028712513288661,0.0,0.3028712513288661,0.3028712513288661,0.3028712513288661,0.0166627901832375,0.0166627901832375,0.0166627901832375,0.0166627901832375,0.8750488707759927,0.0,100,0.8750488707759927,0.8750488707759927,0.8750488707759927,0.0,,12.0,19.0,,,disjoint,bb,OLS,ols,0.0,0.8750488707759927,0.8750488707759927,0,0.0,0.0,0.0,0.0369948074760019,universal_pareto_additive_ar1_xi0.01_theta0.10,BB-disjoint-OLS
universal,pareto_additive_ar1,0.01,0.1,0.9989469496904544,bb_sliding_fgls,log_wald,365.0,100,100,0,0.0853516769513168,0.0001641039761767,-0.0146483230486831,0.0146483230486831,0.1464832304868318,0.0016410397617675,0.1464500918690651,0.1452434026870219,0.147743253046491,0.0232176622509965,0.023200329781394,0.0226826743717456,0.0238119702835757,0.11332836986071,0.0186871690130767,100,0.114295497588047,0.0995692068892483,0.1267070520619268,0.0,,12.0,16.0,,,sliding,bb,FGLS,bootstrap_cov,0.0018687169013076,0.1114596529594024,0.1151970867620177,0,0.0,1.6410397617675578e-05,0.0,0.0369948074760019,universal_pareto_additive_ar1_xi0.01_theta0.10,BB-sliding-FGLS
universal,pareto_additive_ar1,0.01,0.1,0.9989469496904544,bb_sliding_ols,log_wald,365.0,100,100,0,0.0770854108106953,0.0,-0.0229145891893046,0.0229145891893046,0.2291458918930463,0.0,0.2291458918930464,0.2291458918930464,0.2291458918930464,0.0142174622678801,0.0142174622678801,0.0142174622678801,0.0142174622678801,0.6333683559218559,0.0,100,0.6333683559218559,0.6333683559218559,0.6333683559218559,0.0,,12.0,16.0,,,sliding,bb,OLS,ols,0.0,0.6333683559218559,0.6333683559218559,0,0.0,0.0,0.0,0.0369948074760019,universal_pareto_additive_ar1_xi0.01_theta0.10,BB-sliding-OLS
universal,pareto_additive_ar1,0.01,0.1,0.9989469496904544,northrop_disjoint_fgls,log_wald,365.0,100,100,0,0.0731247893674679,0.000548182810679,-0.026875210632532,0.026875210632532,0.2687521063253206,0.00548182810679,0.2691691452692367,0.2650873566235917,0.2723503879975654,0.0209884384182781,0.0210316653892834,0.0206298626657157,0.0213278496245411,0.6462437515490016,0.0300462532992068,100,0.6493803173292132,0.6242876140641419,0.6664216534296306,0.0,,12.0,19.0,,,disjoint,northrop,FGLS,bootstrap_cov,0.0030046253299206,0.643239126219081,0.6492483768789222,0,0.0,5.4818281067900375e-05,0.0,0.0369948074760019,universal_pareto_additive_ar1_xi0.01_theta0.10,Northrop-disjoint-FGLS
universal,pareto_additive_ar1,0.01,0.1,0.9989469496904544,northrop_disjoint_ols,log_wald,365.0,100,100,0,0.0727522576423207,0.0,-0.0272477423576792,0.0272477423576792,0.2724774235767929,0.0,0.2724774235767929,0.2724774235767929,0.2724774235767929,0.0167684906589864,0.0167684906589864,0.0167684906589864,0.0167684906589864,0.7520474696382483,0.0,100,0.7520474696382483,0.7520474696382483,0.7520474696382483,0.0,,12.0,19.0,,,disjoint,northrop,OLS,ols,0.0,0.7520474696382483,0.7520474696382483,0,0.0,0.0,0.0,0.0369948074760019,universal_pareto_additive_ar1_xi0.01_theta0.10,Northrop-disjoint-OLS
universal,pareto_additive_ar1,0.01,0.1,0.9989469496904544,northrop_sliding_fgls,log_wald,365.0,100,100,100,0.0908334071952989,0.0002437385900299,-0.0091665928047011,0.0091665928047011,0.0916659280470111,0.002437385900299,0.0918744424900136,0.0898917184398671,0.0932368880906665,0.0233110302437635,0.0232428274254035,0.0228285291505173,0.0238039483044408,0.0233110302437635,0.0007233678137262,100,0.0232428274254035,0.0228285291505173,0.0238039483044408,1.0,,12.0,16.0,,,sliding,northrop,FGLS,bootstrap_cov,7.2336781372629e-05,0.0232386934623909,0.0233833670251361,0,0.0,2.4373859002990035e-05,0.963005192523998,1.0,universal_pareto_additive_ar1_xi0.01_theta0.10,Northrop-sliding-FGLS
universal,pareto_additive_ar1,0.01,0.1,0.9989469496904544,northrop_sliding_ols,log_wald,365.0,100,100,0,0.0820568758375749,0.0,-0.0179431241624251,0.0179431241624251,0.179431241624251,0.0,0.179431241624251,0.179431241624251,0.179431241624251,0.0145837399756359,0.0145837399756359,0.0145837399756359,0.0145837399756359,0.4276997537453464,0.0,100,0.4276997537453463,0.4276997537453463,0.4276997537453463,0.0,,12.0,16.0,,,sliding,northrop,OLS,ols,0.0,0.4276997537453464,0.4276997537453464,0,0.0,0.0,0.0,0.0369948074760019,universal_pareto_additive_ar1_xi0.01_theta0.10,Northrop-sliding-OLS
universal,pareto_additive_ar1,0.01,0.15,0.9983761306100158,bb_disjoint_fgls,log_wald,365.0,100,100,0,0.0716245547557501,0.0005517080117457,-0.0783754452442498,0.0783754452442498,0.5225029682949991,0.0036780534116382,0.5225182992170785,0.5198016519320547,0.5248351068569034,0.0208718056627322,0.0208535885541363,0.020516414871878,0.0212987867967201,2.708186853368821,0.0303951788000298,100,2.7055945849415526,2.686468996324881,2.726512379094464,0.0,,12.0,19.0,,,disjoint,bb,FGLS,bootstrap_cov,0.0030395178800029,2.705147335488818,2.711226371248824,0,0.0,5.5170801174573734e-05,0.0,0.0369948074760019,universal_pareto_additive_ar1_xi0.01_theta0.15,BB-disjoint-FGLS
universal,pareto_additive_ar1,0.01,0.15,0.9983761306100158,bb_disjoint_ols,log_wald,365.0,100,100,0,0.0697128748671133,0.0,-0.0802871251328866,0.0802871251328866,0.5352475008859108,0.0,0.5352475008859108,0.5352475008859108,0.5352475008859108,0.0166627901832375,0.0166627901832375,0.0166627901832375,0.0166627901832375,2.875048870775992,0.0,100,2.875048870775992,2.875048870775992,2.875048870775992,0.0,,12.0,19.0,,,disjoint,bb,OLS,ols,0.0,2.875048870775992,2.875048870775992,0,0.0,0.0,0.0,0.0369948074760019,universal_pareto_additive_ar1_xi0.01_theta0.15,BB-disjoint-OLS
universal,pareto_additive_ar1,0.01,0.15,0.9983761306100158,bb_sliding_fgls,log_wald,365.0,100,100,0,0.0853367209969843,0.0001611572993393,-0.0646632790030156,0.0646632790030156,0.4310885266867707,0.0010743819955954,0.4311187740966192,0.4302702542749713,0.4318591562112149,0.0234050429231877,0.0234468789522722,0.0228471998878884,0.0239786305880026,2.1098432309657347,0.0205920766078399,100,2.1099872819836643,2.096638632718774,2.125459593262058,0.0,,12.0,16.0,,,sliding,bb,FGLS,bootstrap_cov,0.0020592076607839,2.1077840233049505,2.111902438626519,0,0.0,1.6115729933931428e-05,0.0,0.0369948074760019,universal_pareto_additive_ar1_xi0.01_theta0.15,BB-sliding-FGLS
universal,pareto_additive_ar1,0.01,0.15,0.9983761306100158,bb_sliding_ols,log_wald,365.0,100,100,0,0.0770854108106953,0.0,-0.0729145891893046,0.0729145891893046,0.4860972612620309,0.0,0.4860972612620309,0.4860972612620309,0.4860972612620309,0.0142174622678801,0.0142174622678801,0.0142174622678801,0.0142174622678801,2.6333683559218555,0.0,100,2.6333683559218555,2.6333683559218555,2.6333683559218555,0.0,,12.0,16.0,,,sliding,bb,OLS,ols,0.0,2.6333683559218555,2.6333683559218555,0,0.0,0.0,0.0,0.0369948074760019,universal_pareto_additive_ar1_xi0.01_theta0.15,BB-sliding-OLS
universal,pareto_additive_ar1,0.01,0.15,0.9983761306100158,northrop_disjoint_fgls,log_wald,365.0,100,100,0,0.0732120058908745,0.0005478033003688,-0.0767879941091254,0.0767879941091254,0.511919960727503,0.003652022002459,0.5116837419758258,0.5092604635574072,0.5142443600797935,0.021097961378748,0.0210901098638658,0.0207505515442639,0.0214951830617592,2.6404000654707303,0.0295486713322005,100,2.6388561301291933,2.6173797289496425,2.660650772204694,0.0,,12.0,19.0,,,disjoint,northrop,FGLS,bootstrap_cov,0.00295486713322,2.63744519833751,2.6433549326039505,0,0.0,5.478033003688559e-05,0.0,0.0369948074760019,universal_pareto_additive_ar1_xi0.01_theta0.15,Northrop-disjoint-FGLS
universal,pareto_additive_ar1,0.01,0.15,0.9983761306100158,northrop_disjoint_ols,log_wald,365.0,100,100,0,0.0727522576423207,0.0,-0.0772477423576792,0.0772477423576792,0.5149849490511953,0.0,0.5149849490511953,0.5149849490511953,0.5149849490511953,0.0167684906589864,0.0167684906589864,0.0167684906589864,0.0167684906589864,2.7520474696382475,0.0,100,2.7520474696382475,2.7520474696382475,2.7520474696382475,0.0,,12.0,19.0,,,disjoint,northrop,OLS,ols,0.0,2.7520474696382475,2.7520474696382475,0,0.0,0.0,0.0,0.0369948074760019,universal_pareto_additive_ar1_xi0.01_theta0.15,Northrop-disjoint-OLS
universal,pareto_additive_ar1,0.01,0.15,0.9983761306100158,northrop_sliding_fgls,log_wald,365.0,100,100,0,0.0908174594689254,0.0002545798593515,-0.0591825405310745,0.0591825405310745,0.3945502702071636,0.0016971990623439,0.3943796236368396,0.3936677622544321,0.3959932981240127,0.0234722519493371,0.0235112034952717,0.0229347530244647,0.0239334938875845,1.8910851779361957,0.0209486692492579,100,1.8896297687972017,1.8802045295612553,1.905442731531478,0.0,,12.0,16.0,,,sliding,northrop,FGLS,bootstrap_cov,0.0020948669249257,1.8889903110112696,1.8931800448611211,0,0.0,2.5457985935159256e-05,0.0,0.0369948074760019,universal_pareto_additive_ar1_xi0.01_theta0.15,Northrop-sliding-FGLS
universal,pareto_additive_ar1,0.01,0.15,0.9983761306100158,northrop_sliding_ols,log_wald,365.0,100,100,0,0.0820568758375749,0.0,-0.0679431241624251,0.0679431241624251,0.452954161082834,0.0,0.452954161082834,0.452954161082834,0.452954161082834,0.0145837399756359,0.0145837399756359,0.0145837399756359,0.0145837399756359,2.4276997537453457,0.0,100,2.4276997537453457,2.4276997537453457,2.4276997537453457,0.0,,12.0,16.0,,,sliding,northrop,OLS,ols,0.0,2.4276997537453457,2.4276997537453457,0,0.0,0.0,0.0,0.0369948074760019,universal_pareto_additive_ar1_xi0.01_theta0.15,Northrop-sliding-OLS
universal,pareto_additive_ar1,0.01,0.25,0.9971273133589336,bb_disjoint_fgls,log_wald,365.0,100,100,0,0.0910763816860456,0.0127337818444128,-0.1589236183139543,0.1589236183139543,0.6356944732558175,0.0509351273776514,0.6493013070838067,0.5883792787028969,0.6783456985340603,0.029636913742486,0.0289881405602406,0.0258171486662718,0.0324298989004879,5.745025144571685,0.5772683715286939,100,5.892218445809281,5.2775222043887915,6.248129295171892,0.0,,12.0,19.0,,,disjoint,bb,FGLS,bootstrap_cov,0.0577268371528693,5.687298307418816,5.802751981724555,0,0.0,0.0012733781844412,0.0,0.0369948074760019,universal_pareto_additive_ar1_xi0.01_theta0.25,BB-disjoint-FGLS
universal,pareto_additive_ar1,0.01,0.25,0.9971273133589336,bb_disjoint_ols,log_wald,365.0,100,100,0,0.0878591105078158,0.0099048202346031,-0.1621408894921842,0.1621408894921842,0.6485635579687368,0.0396192809384124,0.6545060755011425,0.6164556905138999,0.6820290112355519,0.0168844587927717,0.0179210675364492,0.0145352529572208,0.0184618288244078,6.14812102874231,0.4136317772053305,100,6.26746457042076,5.816801813114566,6.483489459334601,0.0,,12.0,19.0,,,disjoint,bb,OLS,ols,0.041363177720533,6.106757851021777,6.189484206462843,0,0.0,0.0009904820234603,0.0,0.0369948074760019,universal_pareto_additive_ar1_xi0.01_theta0.25,BB-disjoint-OLS
universal,pareto_additive_ar1,0.01,0.25,0.9971273133589336,bb_sliding_fgls,log_wald,365.0,100,100,0,0.0988298030921674,0.0052058756634209,-0.1511701969078326,0.1511701969078326,0.6046807876313304,0.0208235026536838,0.6084366078457807,0.595160254970291,0.6200516819130211,0.0312631012283938,0.0306677487307853,0.0276759684796757,0.0332719672271904,5.403092723917923,0.3038284246699164,100,5.459296254979753,5.27512417754124,5.626239889349394,0.0,,12.0,16.0,,,sliding,bb,FGLS,bootstrap_cov,0.0303828424669916,5.372709881450931,5.433475566384915,0,0.0,0.000520587566342,0.0,0.0369948074760019,universal_pareto_additive_ar1_xi0.01_theta0.25,BB-sliding-FGLS
universal,pareto_additive_ar1,0.01,0.25,0.9971273133589336,bb_sliding_ols,log_wald,365.0,100,100,0,0.090336974737754,0.0053034412749442,-0.1596630252622459,0.1596630252622459,0.6386521010489838,0.0212137650997768,0.6435681249217337,0.6288624470241273,0.6531765869261682,0.0153625734754298,0.0152960296930708,0.0151523703193795,0.0155178097057061,6.0815631559387135,0.215274828930938,100,6.131235186786693,5.9890724433362905,6.233925663736986,0.0,,12.0,16.0,,,sliding,bb,OLS,ols,0.0215274828930938,6.06003567304562,6.103090638831807,0,0.0,0.0005303441274944,0.0,0.0369948074760019,universal_pareto_additive_ar1_xi0.01_theta0.25,BB-sliding-OLS
universal,pareto_additive_ar1,0.01,0.25,0.9971273133589336,northrop_disjoint_fgls,log_wald,365.0,100,100,0,0.0891275025155638,0.0129301359237479,-0.1608724974844362,0.1608724974844362,0.6434899899377448,0.0517205436949917,0.6530592803151071,0.604174857555662,0.6855017502353921,0.0277337809015364,0.0278414406518654,0.0239266562817856,0.0307305794829447,5.8646521962839975,0.5811382096218736,100,5.931598984553965,5.365798339953601,6.361136614897281,0.0,,12.0,18.5,,,disjoint,northrop,FGLS,bootstrap_cov,0.0581138209621873,5.80653837532181,5.922766017246185,0,0.0,0.0012930135923747,0.0,0.0369948074760019,universal_pareto_additive_ar1_xi0.01_theta0.25,Northrop-disjoint-FGLS
universal,pareto_additive_ar1,0.01,0.25,0.9971273133589336,northrop_disjoint_ols,log_wald,365.0,100,100,0,0.0866053842048252,0.0097675093646958,-0.1633946157951747,0.1633946157951747,0.6535784631806991,0.0390700374587833,0.6639523992847558,0.624970663678181,0.6854379290191043,0.0167243068169531,0.0172484876742453,0.0153285206214134,0.0183768875043745,6.201515386254943,0.4110130427355889,100,6.29780860878915,5.884018302671471,6.499822904740437,0.0,,12.0,18.5,,,disjoint,northrop,OLS,ols,0.0411013042735588,6.160414081981385,6.242616690528502,0,0.0,0.0009767509364695,0.0,0.0369948074760019,universal_pareto_additive_ar1_xi0.01_theta0.25,Northrop-disjoint-OLS
universal,pareto_additive_ar1,0.01,0.25,0.9971273133589336,northrop_sliding_fgls,log_wald,365.0,100,100,0,0.1007072642561706,0.0035484618991045,-0.1492927357438293,0.1492927357438293,0.5971709429753173,0.014193847596418,0.6007031399736744,0.5916454190405673,0.607428695901942,0.0283481223386681,0.0278871055353681,0.0264512763251561,0.0295058573436136,5.393211367456986,0.1916702579783041,100,5.428102263906869,5.318304236535439,5.5297829510807865,0.0,,12.0,16.0,,,sliding,northrop,FGLS,bootstrap_cov,0.0191670257978304,5.374044341659156,5.412378393254816,0,0.0,0.0003548461899104,0.0,0.0369948074760019,universal_pareto_additive_ar1_xi0.01_theta0.25,Northrop-sliding-FGLS
universal,pareto_additive_ar1,0.01,0.25,0.9971273133589336,northrop_sliding_ols,log_wald,365.0,100,100,0,0.091365323693068,0.003588924657815,-0.1586346763069319,0.1586346763069319,0.6345387052277277,0.01435569863126,0.6374167942107893,0.6294121113679466,0.6445311284702337,0.0154641994956696,0.0154041438660475,0.0152439106008581,0.0156249542425572,6.038488384896727,0.1458638260460797,100,6.066346522974605,5.980942174896529,6.137943343037672,0.0,,12.0,16.0,,,sliding,northrop,OLS,ols,0.0145863826046079,6.023902002292119,6.053074767501335,0,0.0,0.0003588924657815,0.0,0.0369948074760019,universal_pareto_additive_ar1_xi0.01_theta0.25,Northrop-sliding-OLS
universal,pareto_additive_ar1,0.01,0.4,0.9949047687155308,bb_disjoint_fgls,log_wald,365.0,100,100,0,0.1327749607946739,0.026892142723407,-0.2672250392053261,0.2672250392053261,0.6680625980133152,0.0672303568085175,0.6771234940632131,0.634034219404806,0.7203532283978917,0.0455156655368032,0.0430933356118193,0.0377253204575909,0.0520184385862551,9.74496483582691,1.2534642572358672,100,9.91931330099337,9.111860620814232,10.597364644492972,0.0,,11.0,16.0,,,disjoint,bb,FGLS,bootstrap_cov,0.1253464257235867,9.619618410103325,9.870311261550496,0,0.0,0.0026892142723407,0.0,0.0369948074760019,universal_pareto_additive_ar1_xi0.01_theta0.40,BB-disjoint-FGLS
universal,pareto_additive_ar1,0.01,0.4,0.9949047687155308,bb_disjoint_ols,log_wald,365.0,100,100,0,0.1276122070350034,0.0236242095347871,-0.2723877929649965,0.2723877929649965,0.6809694824124913,0.0590605238369679,0.6905996653342964,0.6445925092463192,0.7243793028094874,0.0157334921383551,0.0161513684093103,0.010845333761592,0.0200825001378452,10.585792280690448,1.0079086835883588,100,10.731283580325885,10.089574195979807,11.375301019246676,0.0,,11.0,16.0,,,disjoint,bb,OLS,ols,0.1007908683588358,10.485001412331613,10.686583149049282,0,0.0,0.0023624209534787,0.0,0.0369948074760019,universal_pareto_additive_ar1_xi0.01_theta0.40,BB-disjoint-OLS
universal,pareto_additive_ar1,0.01,0.4,0.9949047687155308,bb_sliding_fgls,log_wald,365.0,100,100,0,0.1306940811477963,0.0195596339757246,-0.2693059188522037,0.2693059188522037,0.6732647971305091,0.0488990849393115,0.6870654561873227,0.651371777278879,0.704084092010725,0.045559873768774,0.0430989394855236,0.0362184762692412,0.0513079978046739,9.82627397096276,1.0408566028470458,100,10.106388412763174,9.250562023453114,10.51240074525816,0.0,,12.0,16.0,,,sliding,bb,FGLS,bootstrap_cov,0.1040856602847045,9.722188310678057,9.930359631247464,0,0.0,0.0019559633975724,0.0,0.0369948074760019,universal_pareto_additive_ar1_xi0.01_theta0.40,BB-sliding-FGLS
universal,pareto_additive_ar1,0.01,0.4,0.9949047687155308,bb_sliding_ols,log_wald,365.0,100,100,0,0.1227355167494165,0.0199346563707498,-0.2772644832505834,0.2772644832505834,0.6931612081264587,0.0498366409268745,0.7074897469626329,0.669642865181381,0.7261532536915242,0.0157755652208501,0.0159467119797497,0.0153773351566494,0.0163570502590808,10.78032177232704,0.7847687557288742,100,10.996400328710669,10.368999171229383,11.303326237295604,0.0,,12.0,16.0,,,sliding,bb,OLS,ols,0.0784768755728874,10.701844896754151,10.858798647899928,0,0.0,0.0019934656370749,0.0,0.0369948074760019,universal_pareto_additive_ar1_xi0.01_theta0.40,BB-sliding-OLS
universal,pareto_additive_ar1,0.01,0.4,0.9949047687155308,northrop_disjoint_fgls,log_wald,365.0,100,100,0,0.129876282535837,0.0278388537935436,-0.2701237174641629,0.2701237174641629,0.6753092936604074,0.0695971344838591,0.6916600326161784,0.6437855411974922,0.7250484671104975,0.0439274841501168,0.0418434222749798,0.036804845803343,0.0493274624939802,9.894121018672958,1.2753750225158405,100,10.198652015102482,9.282173760380587,10.76741924955978,0.0,,12.0,16.0,,,disjoint,northrop,FGLS,bootstrap_cov,0.127537502251584,9.766583516421374,10.021658520924545,0,0.0,0.0027838853793543,0.0,0.0369948074760019,universal_pareto_additive_ar1_xi0.01_theta0.40,Northrop-disjoint-FGLS
universal,pareto_additive_ar1,0.01,0.4,0.9949047687155308,northrop_disjoint_ols,log_wald,365.0,100,100,0,0.1253399870224066,0.0246932327236263,-0.2746600129775934,0.2746600129775934,0.6866500324439835,0.0617330818090657,0.7023989031190213,0.660488133905996,0.7298699122720805,0.0158671035996625,0.0151020373827758,0.0107234125606927,0.0198080892577994,10.673553032007744,1.060986286443134,100,10.924934127680316,10.202805583891733,11.455790800446469,0.0,,12.0,16.0,,,disjoint,northrop,OLS,ols,0.1060986286443133,10.567454403363431,10.779651660652055,0,0.0,0.0024693232723626,0.0,0.0369948074760019,universal_pareto_additive_ar1_xi0.01_theta0.40,Northrop-disjoint-OLS
universal,pareto_additive_ar1,0.01,0.4,0.9949047687155308,northrop_sliding_fgls,log_wald,365.0,100,100,0,0.1307459082898049,0.0189521577935592,-0.2692540917101951,0.2692540917101951,0.6731352292754877,0.0473803944838981,0.6862393477131524,0.6527273131699876,0.7049602218329012,0.0423064898166006,0.0387437141939165,0.0344897385951449,0.0475165376946025,9.897047956320682,0.9905809723284802,100,10.215863432395864,9.439425977098384,10.571963110522947,0.0,,12.0,16.0,,,sliding,northrop,FGLS,bootstrap_cov,0.099058097232848,9.797989859087831,9.99610605355353,0,0.0,0.0018952157793559,0.0,0.0369948074760019,universal_pareto_additive_ar1_xi0.01_theta0.40,Northrop-sliding-FGLS
universal,pareto_additive_ar1,0.01,0.4,0.9949047687155308,northrop_sliding_ols,log_wald,365.0,100,100,0,0.121995867091379,0.0194753476386699,-0.2780041329086209,0.2780041329086209,0.6950103322715523,0.0486883690966748,0.7086958733592962,0.6770137036913634,0.7284369179952944,0.016122655387337,0.0161708361224116,0.0155651602932398,0.0168881208668375,10.802756482509697,0.7671547134271695,100,11.007434234724396,10.48932696991837,11.334925985111456,0.0,,12.0,16.0,,,sliding,northrop,OLS,ols,0.0767154713427169,10.72604101116698,10.879471953852413,0,0.0,0.0019475347638669,0.0,0.0369948074760019,universal_pareto_additive_ar1_xi0.01_theta0.40,Northrop-sliding-OLS
universal,pareto_additive_ar1,0.01,0.6,0.9908789441918076,bb_disjoint_fgls,log_wald,365.0,100,100,0,0.1406036861128264,0.0286313842334186,-0.4593963138871736,0.4593963138871736,0.7656605231452893,0.0477189737223643,0.7700031929325777,0.7440828682384344,0.8016490096447616,0.0497842741588366,0.0466697281756661,0.0389287364003319,0.0585059753027948,17.33930047829602,1.3590346264505182,100,17.47617122260739,16.589747589870356,18.3936807482961,0.0,,11.0,16.0,,,disjoint,bb,FGLS,bootstrap_cov,0.1359034626450518,17.20339701565097,17.47520394094107,0,0.0,0.0028631384233418,0.0,0.0369948074760019,universal_pareto_additive_ar1_xi0.01_theta0.60,BB-disjoint-FGLS
universal,pareto_additive_ar1,0.01,0.6,0.9908789441918076,bb_disjoint_ols,log_wald,365.0,100,100,0,0.1341618429085135,0.0247239848765624,-0.4658381570914864,0.4658381570914864,0.7763969284858108,0.0412066414609374,0.7801534420595706,0.7560646489945204,0.8077997494475265,0.0167241749407,0.0168997819336345,0.0120401805950904,0.0211433834988157,18.30401553295181,1.0371567908941557,100,18.483013025867017,17.708283687742874,19.14064789384023,0.0,,11.0,16.0,,,disjoint,bb,OLS,ols,0.1037156790894155,18.200299853862393,18.407731212041224,0,0.0,0.0024723984876562,0.0,0.0369948074760019,universal_pareto_additive_ar1_xi0.01_theta0.60,BB-disjoint-OLS
universal,pareto_additive_ar1,0.01,0.6,0.9908789441918076,bb_sliding_fgls,log_wald,365.0,100,100,0,0.1369889842525059,0.0207543134639946,-0.463011015747494,0.463011015747494,0.7716850262458235,0.034590522439991,0.7800364317183566,0.7526718300874157,0.7986365290815742,0.0498018842192547,0.0478416125241045,0.0390017963091687,0.0594347585606786,17.482628412047042,1.109417023266838,100,17.66007057028041,16.819851099081244,18.319450996089504,0.0,,12.0,16.0,,,sliding,bb,FGLS,bootstrap_cov,0.1109417023266838,17.371686709720358,17.593570114373726,0,0.0,0.0020754313463994,0.0,0.0369948074760019,universal_pareto_additive_ar1_xi0.01_theta0.60,BB-sliding-FGLS
universal,pareto_additive_ar1,0.01,0.6,0.9908789441918076,bb_sliding_ols,log_wald,365.0,100,100,0,0.1283600984365348,0.0197363314482376,-0.4716399015634651,0.4716399015634651,0.7860665026057753,0.0328938857470627,0.7922490252937164,0.7654451580259194,0.8126058175549409,0.0159244960241445,0.0158802095675783,0.0155078136592066,0.016480974342192,18.5528462466796,0.7841280856178791,100,18.692534648264044,18.086714659491403,19.18399739968481,0.0,,12.0,16.0,,,sliding,bb,OLS,ols,0.0784128085617879,18.474433438117813,18.631259055241387,0,0.0,0.0019736331448237,0.0,0.0369948074760019,universal_pareto_additive_ar1_xi0.01_theta0.60,BB-sliding-OLS
universal,pareto_additive_ar1,0.01,0.6,0.9908789441918076,northrop_disjoint_fgls,log_wald,365.0,100,100,0,0.1358203408366255,0.0276346463239065,-0.4641796591633745,0.4641796591633745,0.7736327652722909,0.0460577438731776,0.7794226093530232,0.7459762314554815,0.8047951095654169,0.0462372779174188,0.0445200302604671,0.036566560809558,0.0532835291405719,17.607527740442364,1.3024804513939576,100,17.826781134093075,16.89994840397352,18.517828222530554,0.0,,11.0,15.0,,,disjoint,northrop,FGLS,bootstrap_cov,0.1302480451393957,17.47727969530297,17.73777578558176,0,0.0,0.0027634646323906,0.0,0.0369948074760019,universal_pareto_additive_ar1_xi0.01_theta0.60,Northrop-disjoint-FGLS
universal,pareto_additive_ar1,0.01,0.6,0.9908789441918076,northrop_disjoint_ols,log_wald,365.0,100,100,0,0.1297456359729121,0.0243114117201117,-0.4702543640270878,0.4702543640270878,0.7837572733784798,0.0405190195335196,0.7918038410771154,0.7603336920853054,0.8096242968330886,0.0167062388792741,0.0167068039600148,0.0120590417804949,0.0215751325611444,18.480556389528655,1.004542652628505,100,18.654027589506903,17.883812529210388,19.100013575038336,0.0,,11.0,15.0,,,disjoint,northrop,OLS,ols,0.1004542652628505,18.380102124265807,18.58101065479151,0,0.0,0.0024311411720111,0.0,0.0369948074760019,universal_pareto_additive_ar1_xi0.01_theta0.60,Northrop-disjoint-OLS
universal,pareto_additive_ar1,0.01,0.6,0.9908789441918076,northrop_sliding_fgls,log_wald,365.0,100,100,0,0.1329790859600912,0.0175136892073159,-0.4670209140399087,0.4670209140399087,0.7783681900665145,0.0291894820121933,0.7851285562907766,0.7627959042266397,0.8004414022561568,0.0452303288534105,0.0425539993137426,0.0358692925038668,0.0506658809073149,17.743008034392066,0.9460918739181136,100,18.00611109827455,17.193189840064083,18.427918668873737,0.0,,12.0,16.0,,,sliding,northrop,FGLS,bootstrap_cov,0.0946091873918113,17.648398847000255,17.837617221783876,0,0.0,0.0017513689207315,0.0,0.0369948074760019,universal_pareto_additive_ar1_xi0.01_theta0.60,Northrop-sliding-FGLS
universal,pareto_additive_ar1,0.01,0.6,0.9908789441918076,northrop_sliding_ols,log_wald,365.0,100,100,0,0.1241668874696727,0.0175804605010176,-0.4758331125303272,0.4758331125303272,0.7930551875505454,0.029300767501696,0.8005719804881615,0.7741878946818868,0.8157201361899247,0.0157938931206123,0.0161490996030311,0.0153834457827841,0.0166425725764854,18.722830318441854,0.6945335984045541,100,18.896651489769138,18.30791655591957,19.253213297068708,0.0,,12.0,16.0,,,sliding,northrop,OLS,ols,0.0694533598404554,18.6533769586014,18.79228367828231,0,0.0,0.0017580460501017,0.0,0.0369948074760019,universal_pareto_additive_ar1_xi0.01_theta0.60,Northrop-sliding-OLS
universal,pareto_additive_ar1,0.01,0.8,0.9840344433634576,bb_disjoint_fgls,log_wald,365.0,100,100,0,0.1518846351746356,0.031937578061869,-0.6481153648253644,0.6481153648253644,0.8101442060317054,0.0399219725773363,0.8114011314711856,0.7912916804340511,0.8393212322966108,0.0546890735594725,0.051290232829395,0.044278736355268,0.0623008562249676,24.785058377711408,1.524438485875751,100,24.798142311730576,24.093404160249015,25.887455925787147,0.0,,11.0,15.0,,,disjoint,bb,FGLS,bootstrap_cov,0.1524438485875751,24.632614529123835,24.93750222629898,0,0.0,0.0031937578061869,0.0,0.0369948074760019,universal_pareto_additive_ar1_xi0.01_theta0.80,BB-disjoint-FGLS
universal,pareto_additive_ar1,0.01,0.8,0.9840344433634576,bb_disjoint_ols,log_wald,365.0,100,100,0,0.1455585246943116,0.0293201425573163,-0.6544414753056884,0.6544414753056884,0.8180518441321105,0.0366501781966453,0.8185942598914595,0.8013122456331565,0.8448110374662943,0.0176919879720587,0.0175174154290409,0.0126602390251644,0.0227214688965153,25.82965109366,1.247868436415042,100,25.833215909480504,25.25909940243954,26.732550412107734,0.0,,11.0,15.0,,,disjoint,bb,OLS,ols,0.1247868436415042,25.704864250018495,25.954437937301503,0,0.0,0.0029320142557316,0.0,0.0369948074760019,universal_pareto_additive_ar1_xi0.01_theta0.80,BB-disjoint-OLS
universal,pareto_additive_ar1,0.01,0.8,0.9840344433634576,bb_sliding_fgls,log_wald,365.0,100,100,0,0.1453252844155705,0.0228122306640504,-0.6546747155844295,0.6546747155844295,0.8183433944805368,0.028515288330063,0.8224660599083784,0.8059724454599381,0.8386828619816108,0.0551634653249415,0.0513018576175483,0.0444800960752713,0.063494461538876,25.032694162656515,1.2329264624225986,100,25.245428177376937,24.540247246712916,25.918309498633036,0.0,,12.0,16.0,,,sliding,bb,FGLS,bootstrap_cov,0.1232926462422598,24.909401516414256,25.155986808898778,0,0.0,0.002281223066405,0.0,0.0369948074760019,universal_pareto_additive_ar1_xi0.01_theta0.80,BB-sliding-FGLS
universal,pareto_additive_ar1,0.01,0.8,0.9840344433634576,bb_sliding_ols,log_wald,365.0,100,100,0,0.1371242204355818,0.0223096802821381,-0.6628757795644182,0.6628757795644182,0.8285947244555227,0.0278871003526727,0.8326871958533528,0.8150309941578674,0.8483423826505416,0.0156606646052149,0.0157206294253472,0.0149501544042054,0.0165565676671824,26.208173789233214,0.8853931320321989,100,26.330527590836343,25.778141532101223,26.83985144895004,0.0,,12.0,16.0,,,sliding,bb,OLS,ols,0.0885393132032199,26.119634476029994,26.296713102436435,0,0.0,0.0022309680282138,0.0,0.0369948074760019,universal_pareto_additive_ar1_xi0.01_theta0.80,BB-sliding-OLS
universal,pareto_additive_ar1,0.01,0.8,0.9840344433634576,northrop_disjoint_fgls,log_wald,365.0,100,100,0,0.142834085058288,0.0304784557032946,-0.657165914941712,0.657165914941712,0.82145739367714,0.0380980696291183,0.8241916016908118,0.8022003150329653,0.8522410890819636,0.0520621812452829,0.0492677302925966,0.0428637416604949,0.0598664951267952,25.20023304824869,1.4221361680036655,100,25.406708326219956,24.52462150924619,26.162436344435775,0.0,,11.0,16.0,,,disjoint,northrop,FGLS,bootstrap_cov,0.1422136168003665,25.05801943144833,25.342446665049057,0,0.0,0.0030478455703294,0.0,0.0369948074760019,universal_pareto_additive_ar1_xi0.01_theta0.80,Northrop-disjoint-FGLS
universal,pareto_additive_ar1,0.01,0.8,0.9840344433634576,northrop_disjoint_ols,log_wald,365.0,100,100,0,0.1375791918208811,0.027549029364633,-0.6624208081791189,0.6624208081791189,0.8280260102238987,0.0344362867057913,0.8295292490221219,0.8142447360208425,0.8550387067779295,0.0165965486632193,0.0167112002502698,0.0129276193355625,0.0200547050542627,26.170522029656063,1.1741345324921555,100,26.280808937147015,25.642261274732448,27.11529422852663,0.0,,11.0,16.0,,,disjoint,northrop,OLS,ols,0.1174134532492155,26.05310857640685,26.287935482905283,0,0.0,0.0027549029364633,0.0,0.0369948074760019,universal_pareto_additive_ar1_xi0.01_theta0.80,Northrop-disjoint-OLS
universal,pareto_additive_ar1,0.01,0.8,0.9840344433634576,northrop_sliding_fgls,log_wald,365.0,100,100,0,0.1400121782021255,0.020032115404885,-0.6599878217978745,0.6599878217978745,0.8249847772473431,0.0250401442561063,0.8297593728788963,0.8126460432625506,0.8429513245452638,0.050662168318026,0.048168935039184,0.0403212686926289,0.0568459640753187,25.34370040050141,1.0865910783930963,100,25.576382531067654,24.811037915683883,26.14028128805847,0.0,,12.0,16.0,,,sliding,northrop,FGLS,bootstrap_cov,0.1086591078393096,25.235041292662103,25.45235950834072,0,0.0,0.0020032115404885,0.0,0.0369948074760019,universal_pareto_additive_ar1_xi0.01_theta0.80,Northrop-sliding-FGLS
universal,pareto_additive_ar1,0.01,0.8,0.9840344433634576,northrop_sliding_ols,log_wald,365.0,100,100,0,0.1314307956699823,0.0201199566298565,-0.6685692043300177,0.6685692043300177,0.835711505412522,0.0251499457873206,0.839112450868823,0.8240423927329227,0.8542609346822415,0.0153896294367643,0.0157959332883467,0.0146004698650904,0.016640892235035,26.440884333616676,0.7932556926749724,100,26.557703057039273,26.10485425167686,27.032296518676056,0.0,,12.0,16.0,,,sliding,northrop,OLS,ols,0.0793255692674972,26.36155876434918,26.520209902884172,0,0.0,0.0020119956629856,0.0,0.0369948074760019,universal_pareto_additive_ar1_xi0.01_theta0.80,Northrop-sliding-OLS
universal,pareto_additive_ar1,0.01,1.0,0.0,bb_disjoint_fgls,log_wald,365.0,100,100,82,0.9627551392066526,0.0531546695684307,-0.0372448607933473,0.0372448607933473,0.0372448607933473,0.0531546695684308,0.0049084795589233,0.0,0.0694686537509868,0.0957602847354718,0.0762591008469414,0.0464641155465008,0.1506263504854641,0.3370718965540262,0.745409120410055,100,0.0762591008469414,0.0464641155465008,0.1577213929430415,0.82,,9.0,13.0,,,disjoint,bb,FGLS,mixed,0.0745409120410055,0.2625309845130207,0.4116128085950317,0,0.0,0.005315466956843,0.7333246397578691,0.8829986834574896,universal_pareto_additive_ar1_xi0.01_theta1.00,BB-disjoint-FGLS
universal,pareto_additive_ar1,0.01,1.0,0.0,bb_disjoint_ols,log_wald,365.0,100,100,61,0.9614505591871928,0.0531191420570746,-0.038549440812807,0.038549440812807,0.038549440812807,0.0531191420570746,0.0055358202154744,0.0,0.074688986767997,0.0319304528142951,0.0124265318365234,0.0,0.0583203989863345,0.9417466686366462,1.6042370803216317,100,0.0155382521572813,0.0,1.3248182259971346,0.61,,9.0,13.0,,,disjoint,bb,OLS,mixed,0.1604237080321631,0.7813229606044831,1.1021703766688091,0,0.0,0.0053119142057074,0.5120283616749817,0.699832780680298,universal_pareto_additive_ar1_xi0.01_theta1.00,BB-disjoint-OLS
universal,pareto_additive_ar1,0.01,1.0,0.0,bb_sliding_fgls,log_wald,365.0,100,98,89,0.959827882606506,0.0578167926450926,-0.0401721173934939,0.0401721173934939,0.0401721173934939,0.0578167926450926,0.0001394083123127,0.0,0.0763328560920212,0.0960935956517593,0.067662858166628,0.0312273118528258,0.156185882263358,0.2890096151687575,0.9161684806152725,98,0.067662858166628,0.0312273118528258,0.156185882263358,0.89,,9.0,14.0,,,sliding,bb,FGLS,mixed,0.092546992193205,0.1964626229755525,0.3815566073619625,2,0.02,0.0058403780208287,0.8136853697209698,0.9374586804477488,universal_pareto_additive_ar1_xi0.01_theta1.00,BB-sliding-FGLS
universal,pareto_additive_ar1,0.01,1.0,0.0,bb_sliding_ols,log_wald,365.0,100,100,54,0.958191404834478,0.0605080233240929,-0.0418085951655218,0.0418085951655218,0.0418085951655218,0.0605080233240929,0.0002123540545103,0.0,0.0763276572361675,0.0065095214037622,0.0006283064181377,0.0,0.0090941334934166,1.548603347368615,2.280940565250107,100,0.0006283064181377,0.0,2.934282328066606,0.54,,9.0,14.0,,,sliding,bb,OLS,mixed,0.2280940565250107,1.3205092908436042,1.7766974038936256,0,0.0,0.0060508023324092,0.4426468539352385,0.6343935614666815,universal_pareto_additive_ar1_xi0.01_theta1.00,BB-sliding-OLS
universal,pareto_additive_ar1,0.01,1.0,0.0,northrop_disjoint_fgls,log_wald,365.0,100,100,85,0.9633444304933476,0.0519860736679192,-0.0366555695066524,0.0366555695066524,0.0366555695066524,0.0519860736679192,0.0028831601282823,0.0,0.0654033084665247,0.0967208661645243,0.0741607893784563,0.0455467983918866,0.1442239673358531,0.3122421312272906,0.7454029662780483,100,0.0741607893784563,0.0455467983918866,0.1540140600692436,0.85,,9.0,13.0,,,disjoint,northrop,FGLS,mixed,0.0745402966278048,0.2377018345994858,0.3867824278550955,0,0.0,0.0051986073667919,0.7671626666784216,0.906940968088377,universal_pareto_additive_ar1_xi0.01_theta1.00,Northrop-disjoint-FGLS
universal,pareto_additive_ar1,0.01,1.0,0.0,northrop_disjoint_ols,log_wald,365.0,100,100,61,0.9606818523626915,0.0552680140157498,-0.0393181476373083,0.0393181476373083,0.0393181476373083,0.0552680140157498,0.0036155325189988,0.0,0.0728903891103291,0.0349862143868531,0.0086276741710713,0.0,0.069821222740562,0.9112316139396353,1.6159156767767846,100,0.0086276741710713,0.0,1.3575584451638796,0.61,,9.0,13.0,,,disjoint,northrop,OLS,mixed,0.1615915676776784,0.7496400462619567,1.0728231816173135,0,0.0,0.0055268014015749,0.5120283616749817,0.699832780680298,universal_pareto_additive_ar1_xi0.01_theta1.00,Northrop-disjoint-OLS
universal,pareto_additive_ar1,0.01,1.0,0.0,northrop_sliding_fgls,log_wald,365.0,100,98,89,0.9618149385145504,0.0568269352674387,-0.0381850614854497,0.0381850614854497,0.0381850614854497,0.0568269352674387,0.0,0.0,0.0737204803510824,0.0939164170587767,0.0668165516325948,0.0293910773427677,0.1607504688979306,0.2715056593318524,0.8749270658921485,98,0.0668165516325948,0.0293910773427677,0.1607504688979306,0.89,,9.0,14.0,,,sliding,northrop,FGLS,mixed,0.0883809801908553,0.183124679140997,0.3598866395227077,2,0.02,0.0057403873259507,0.8136853697209698,0.9374586804477488,universal_pareto_additive_ar1_xi0.01_theta1.00,Northrop-sliding-FGLS
universal,pareto_additive_ar1,0.01,1.0,0.0,northrop_sliding_ols,log_wald,365.0,100,100,57,0.9591282563790388,0.0598470039807005,-0.0408717436209612,0.0408717436209612,0.0408717436209612,0.0598470039807005,0.0,0.0,0.075712463328633,0.0070949232203781,0.0,0.0,0.0099308193521118,1.4997179447910525,2.239589197474912,100,0.0,0.0,2.8819066995657994,0.57,,9.0,14.0,,,sliding,northrop,OLS,mixed,0.2239589197474912,1.275759025043561,1.7236768645385436,0,0.0,0.00598470039807,0.4721521169586435,0.6626686099947162,universal_pareto_additive_ar1_xi0.01_theta1.00,Northrop-sliding-OLS
universal,pareto_additive_ar1,0.5,0.1,0.9486832980505138,bb_disjoint_fgls,log_wald,365.0,100,100,4,0.1693135898785844,0.0292572415106101,0.0693135898785843,0.0694158943215019,0.6941589432150197,0.2901120780296122,0.6801516126446259,0.4640249036335332,0.87516800901929,0.0633541327997271,0.0597983937985731,0.0531404603450733,0.0693532087631647,1.7044211645524834,1.0157279144098827,100,1.701673771265598,0.8525915504789707,2.4132723316468505,0.04,,10.0,14.0,,,disjoint,bb,FGLS,bootstrap_cov,0.1015727914409882,1.602848373111495,1.8059939559934717,0,0.0,0.002925724151061,0.015663050551848,0.0983721723260737,universal_pareto_additive_ar1_xi0.50_theta0.10,BB-disjoint-FGLS
universal,pareto_additive_ar1,0.5,0.1,0.9486832980505138,bb_disjoint_ols,log_wald,365.0,100,100,0,0.1646806704322197,0.0277379702904802,0.0646806704322197,0.0647683048478165,0.6476830484781658,0.275306415255256,0.6044713498378642,0.4521153630241171,0.8171068518143492,0.016997826440233,0.0152184395352726,0.0116806163701127,0.0214913496258442,2.2783023117946293,1.064786687588404,100,2.155653269695624,1.6757409005437378,2.815103702156149,0.0,,10.0,14.0,,,disjoint,bb,OLS,ols,0.1064786687588404,2.171823643035789,2.3847809805534697,0,0.0,0.002773797029048,0.0,0.0369948074760019,universal_pareto_additive_ar1_xi0.50_theta0.10,BB-disjoint-OLS
universal,pareto_additive_ar1,0.5,0.1,0.9486832980505138,bb_sliding_fgls,log_wald,365.0,100,100,1,0.1615985290645255,0.025656365909411,0.0615985290645255,0.0615985290645255,0.6159852906452555,0.25656365909411,0.5878254662076333,0.4377921971621748,0.7122047432532896,0.0642180430024169,0.0604918684578391,0.0540913957926188,0.0699785739303734,1.3729875893779404,0.7952087378119267,100,1.2857597249493151,0.8648321809083107,1.7168055309106254,0.01,,12.0,16.0,,,sliding,bb,FGLS,bootstrap_cov,0.0795208737811926,1.2934667155967476,1.4525084631591332,0,0.0,0.0025656365909411,0.0017673865655472,0.0544875247609346,universal_pareto_additive_ar1_xi0.50_theta0.10,BB-sliding-FGLS
universal,pareto_additive_ar1,0.5,0.1,0.9486832980505138,bb_sliding_ols,log_wald,365.0,100,100,1,0.1537615532821512,0.0259046851180704,0.0537615532821512,0.0537615532821512,0.5376155328215123,0.2590468511807045,0.5087415543097674,0.3656758056133786,0.6161053937879025,0.0138254552541041,0.0143629865842914,0.0127618475814535,0.0154824045849188,1.895353086760058,1.0661959241879109,100,1.7566938075091718,1.179716172788277,2.270817593939928,0.01,,12.0,16.0,,,sliding,bb,OLS,ols,0.106619592418791,1.7887334943412667,2.001972679178849,0,0.0,0.002590468511807,0.0017673865655472,0.0544875247609346,universal_pareto_additive_ar1_xi0.50_theta0.10,BB-sliding-OLS
universal,pareto_additive_ar1,0.5,0.1,0.9486832980505138,northrop_disjoint_fgls,log_wald,365.0,100,100,6,0.1636477618868409,0.0304761022787712,0.0636477618868409,0.0638292134396908,0.638292134396908,0.3009033515225793,0.6289562122241352,0.43013236979834,0.8070796287638401,0.060463231196718,0.0569011242485119,0.0522079532070717,0.065255210957476,1.5367252958869355,1.056469598589977,100,1.501388913551445,0.6429713748803754,2.257527979491751,0.06,,10.0,15.0,,,disjoint,northrop,FGLS,bootstrap_cov,0.1056469598589977,1.431078336027938,1.6423722557459337,0,0.0,0.0030476102278771,0.0277857452666566,0.124769685312225,universal_pareto_additive_ar1_xi0.50_theta0.10,Northrop-disjoint-FGLS
universal,pareto_additive_ar1,0.5,0.1,0.9486832980505138,northrop_disjoint_ols,log_wald,365.0,100,100,2,0.1568282035411095,0.0276666133822123,0.0568282035411095,0.056966204338623,0.5696620433862302,0.2737844322776928,0.5513175264337395,0.4150969870170746,0.7210942156440998,0.0174443357934305,0.0167342280689074,0.0123230728161598,0.0234624990266567,1.9599382702057244,1.0613158799278144,100,1.825198511535872,1.3862888609355968,2.505641959277821,0.02,,10.0,15.0,,,disjoint,northrop,OLS,ols,0.1061315879927814,1.853806682212943,2.0660698581985057,0,0.0,0.0027666613382212,0.0055018522349681,0.0700131629419936,universal_pareto_additive_ar1_xi0.50_theta0.10,Northrop-disjoint-OLS
universal,pareto_additive_ar1,0.5,0.1,0.9486832980505138,northrop_sliding_fgls,log_wald,365.0,100,100,2,0.1555271973685162,0.0238458274544816,0.0555271973685162,0.0555271973685162,0.5552719736851621,0.2384582745448162,0.5320185205642065,0.437845401198904,0.634756130449584,0.0608878664347919,0.0574795287498299,0.0512074032874333,0.0662907524491212,1.185918526652749,0.7403606715716554,100,1.0950144747161794,0.7921960826022298,1.4399034842280445,0.02,,12.0,16.0,,,sliding,northrop,FGLS,bootstrap_cov,0.0740360671571655,1.1118824594955834,1.2599545938099146,0,0.0,0.0023845827454481,0.0055018522349681,0.0700131629419936,universal_pareto_additive_ar1_xi0.50_theta0.10,Northrop-sliding-FGLS
universal,pareto_additive_ar1,0.5,0.1,0.9486832980505138,northrop_sliding_ols,log_wald,365.0,100,100,1,0.1478949706781518,0.0250524083181714,0.0478949706781518,0.0478949706781518,0.4789497067815184,0.2505240831817148,0.4494109173561328,0.3290947398678798,0.5443491839226459,0.0134169136624493,0.0143145532234943,0.0120265267512358,0.0159822732164647,1.668272854517764,1.0379857860708557,100,1.5431630337067914,1.0503874479447473,1.9680180879773503,0.01,,12.0,16.0,,,sliding,northrop,OLS,ols,0.1037985786070855,1.5644742759106784,1.7720714331248495,0,0.0,0.0025052408318171,0.0017673865655472,0.0544875247609346,universal_pareto_additive_ar1_xi0.50_theta0.10,Northrop-sliding-OLS
universal,pareto_additive_ar1,0.5,0.15,0.9219544457292888,bb_disjoint_fgls,log_wald,365.0,100,100,36,0.1960348390849605,0.0290992225263083,0.0460348390849605,0.0469929479475938,0.3132863196506254,0.1833919535167479,0.3215094148902966,0.1651896089157977,0.4308029354561232,0.076825356786075,0.0740949576611809,0.0645603586761492,0.0864824167849548,0.7704135718983648,0.7772891092677594,100,0.5697087309543656,0.0786648382168383,1.3628162291111456,0.36,,10.0,14.5,,,disjoint,bb,FGLS,bootstrap_cov,0.0777289109267759,0.6926846609715889,0.8481424828251407,0,0.0,0.0029099222526308,0.2727107459049014,0.4576478001883791,universal_pareto_additive_ar1_xi0.50_theta0.15,BB-disjoint-FGLS
universal,pareto_additive_ar1,0.5,0.15,0.9219544457292888,bb_disjoint_ols,log_wald,365.0,100,100,7,0.1901364780873004,0.0265959728963471,0.0401364780873003,0.041318728651081,0.2754581910072068,0.164664315536982,0.2621288525436646,0.1482534781010429,0.3864022974236102,0.018037634013972,0.0172317795813531,0.0105497760607442,0.0250365877641506,1.3276689068246652,0.9150905124557194,100,1.1978399090856706,0.6342772402605168,1.9145495997957025,0.07,,10.0,14.5,,,disjoint,bb,OLS,ols,0.0915090512455719,1.2361598555790934,1.419177958070237,0,0.0,0.0026595972896347,0.034318824364064,0.1374967100652975,universal_pareto_additive_ar1_xi0.50_theta0.15,BB-disjoint-OLS
universal,pareto_additive_ar1,0.5,0.15,0.9219544457292888,bb_sliding_fgls,log_wald,365.0,100,100,51,0.1860315852064917,0.0220012283872981,0.0360315852064917,0.0362538328226369,0.2416922188175799,0.1441953171282941,0.2386914943069354,0.1252027168902642,0.3136402901586048,0.0781603900877862,0.0774275807329848,0.0667773772132294,0.0903369081822438,0.369877107797218,0.4787433336251379,100,0.0984448897640818,0.0683650854104689,0.504095529709463,0.51,,12.0,19.0,,,sliding,bb,FGLS,bootstrap_cov,0.0478743333625137,0.3220027744347042,0.4177514411597318,0,0.0,0.0022001228387298,0.4134784047743415,0.6057816990761385,universal_pareto_additive_ar1_xi0.50_theta0.15,BB-sliding-FGLS
universal,pareto_additive_ar1,0.5,0.15,0.9219544457292888,bb_sliding_ols,log_wald,365.0,100,100,16,0.1774573082471969,0.0222477037812316,0.0274573082471969,0.0284996122453929,0.189997414969286,0.1392116005760469,0.1670968834503482,0.0744391035353322,0.2648860970154232,0.0136708155187719,0.0144050879662409,0.011535424331135,0.0163908369521261,0.9159184702313204,0.8347370568051796,100,0.7154098850111829,0.1656699210277264,1.4078854935606469,0.16,,12.0,19.0,,,sliding,bb,OLS,ols,0.0834737056805179,0.8324447645508024,0.9993921759118384,0,0.0,0.0022247703781231,0.1009520234947371,0.2442044455889441,universal_pareto_additive_ar1_xi0.50_theta0.15,BB-sliding-OLS
universal,pareto_additive_ar1,0.5,0.15,0.9219544457292888,northrop_disjoint_fgls,log_wald,365.0,100,100,38,0.1910900536743957,0.0284036576694363,0.0410900536743957,0.0426709948380473,0.2844732989203156,0.1729494326502177,0.2687299728200759,0.1312066044821402,0.4062301526882274,0.074831524405068,0.0722480128205185,0.0660894032991369,0.0831792317212626,0.6784906582448801,0.707335503658589,100,0.45657611787422,0.0782928274070619,1.0903996898755466,0.38,,10.0,14.0,,,disjoint,northrop,FGLS,bootstrap_cov,0.0707335503658589,0.6077571078790212,0.749224208610739,0,0.0,0.0028403657669436,0.2909744920013438,0.4779042617928966,universal_pareto_additive_ar1_xi0.50_theta0.15,Northrop-disjoint-FGLS
universal,pareto_additive_ar1,0.5,0.15,0.9219544457292888,northrop_disjoint_ols,log_wald,365.0,100,100,9,0.1845077041067256,0.0261826059897075,0.0345077041067256,0.0361621753065391,0.2410811687102612,0.1588047792726896,0.2041368776744824,0.1119812358578448,0.3409992286162747,0.0194854852077038,0.0194208784362307,0.0109591715175788,0.0262525680200892,1.0987631158745688,0.8907844461739625,100,0.8863729551537167,0.3805327376663658,1.697721288987223,0.09,,10.0,14.0,,,disjoint,northrop,OLS,ols,0.0890784446173962,1.0096846712571723,1.187841560491965,0,0.0,0.0026182605989707,0.0480719951638848,0.1622637469664366,universal_pareto_additive_ar1_xi0.50_theta0.15,Northrop-disjoint-OLS
universal,pareto_additive_ar1,0.5,0.15,0.9219544457292888,northrop_sliding_fgls,log_wald,365.0,100,100,67,0.1785826424244818,0.0212985996822258,0.0285826424244817,0.029313399604464,0.1954226640297603,0.1351369752846366,0.1711900215278406,0.0989797662913948,0.2748110781378408,0.0746398309597305,0.072948282286029,0.0625280803095157,0.085120878195818,0.2776454332062412,0.4105801752586236,100,0.0801861470943886,0.0647003442186217,0.2862364155193913,0.67,,12.0,18.5,,,sliding,northrop,FGLS,bootstrap_cov,0.0410580175258623,0.2365874156803788,0.3187034507321035,0,0.0,0.0021298599682225,0.5730516033971139,0.7543701620610456,universal_pareto_additive_ar1_xi0.50_theta0.15,Northrop-sliding-FGLS
universal,pareto_additive_ar1,0.5,0.15,0.9219544457292888,northrop_sliding_ols,log_wald,365.0,100,100,20,0.1707872391623192,0.0212998564894726,0.0207872391623192,0.0234255411745778,0.1561702744971857,0.1221763697787011,0.1337807409777139,0.0621949932940662,0.205994619305755,0.0130355357442392,0.0142832649286122,0.010100248703601,0.0161496684980263,0.7201232781496825,0.7350422181366129,100,0.5911242728686859,0.0795914102443233,1.0257135913128417,0.2,,12.0,18.5,,,sliding,northrop,OLS,ols,0.0735042218136612,0.6466190563360212,0.7936274999633437,0,0.0,0.0021299856489472,0.1333659225590988,0.2888309619265023,universal_pareto_additive_ar1_xi0.50_theta0.15,Northrop-sliding-OLS
universal,pareto_additive_ar1,0.5,0.25,0.8660254037844386,bb_disjoint_fgls,log_wald,365.0,100,100,90,0.2523784319808717,0.0332031342983965,0.0023784319808716,0.0269942808237505,0.1079771232950021,0.077160662763868,0.0907591121787058,0.0506654592463628,0.1542990120990066,0.1003590788500584,0.0955274338823359,0.0853083294840437,0.1117201916493481,0.1608265179135885,0.2471758044984007,100,0.1001222413642745,0.0874469034104216,0.1198291410471269,0.9,,9.0,14.0,,,disjoint,bb,FGLS,bootstrap_cov,0.02471758044984,0.1361089374637485,0.1855440983634286,0,0.0,0.0033203134298396,0.8256326956323347,0.944771458386864,universal_pareto_additive_ar1_xi0.50_theta0.25,BB-disjoint-FGLS
universal,pareto_additive_ar1,0.5,0.25,0.8660254037844386,bb_disjoint_ols,log_wald,365.0,100,100,20,0.2466182618302457,0.033504182638483,-0.0033817381697542,0.0278820975398626,0.1115283901594505,0.0747066712698776,0.1025235702928941,0.0541244134644471,0.1544380391605993,0.0215074895308633,0.0206564626486718,0.013125758884335,0.0268249756538444,0.7578257867863778,0.7141199014287845,100,0.6211761972359247,0.1176133408955024,1.1792092711137707,0.2,,9.0,14.0,,,disjoint,bb,OLS,ols,0.0714119901428784,0.6864137966434993,0.8292377769292563,0,0.0,0.0033504182638483,0.1333659225590988,0.2888309619265023,universal_pareto_additive_ar1_xi0.50_theta0.25,BB-disjoint-OLS
universal,pareto_additive_ar1,0.5,0.25,0.8660254037844386,bb_sliding_fgls,log_wald,365.0,100,100,84,0.2404018706970943,0.0332665159769576,-0.0095981293029057,0.0288567109341329,0.1154268437365318,0.0757463918075928,0.1111726075878012,0.0582429474467437,0.1655059855585321,0.1056055347518442,0.1030032316096473,0.0878956000204502,0.116345398931834,0.1766309354305508,0.2260184829986658,100,0.1106557632656786,0.0986563103886644,0.1239361341067811,0.84,,12.0,19.0,,,sliding,bb,FGLS,bootstrap_cov,0.0226018482998665,0.1540290871306842,0.1992327837304174,0,0.0,0.0033266515976957,0.7557955544110557,0.8990479765052628,universal_pareto_additive_ar1_xi0.50_theta0.25,BB-sliding-FGLS
universal,pareto_additive_ar1,0.5,0.25,0.8660254037844386,bb_sliding_ols,log_wald,365.0,100,100,5,0.2342299463631296,0.0342147853922519,-0.0157700536368703,0.0317124806771829,0.1268499227087318,0.0805995899483311,0.1232533803240134,0.0637142779159347,0.1742144532290369,0.0099581430276868,0.0099434654220439,0.0048263233994726,0.0150391579841075,1.0870672628051363,0.7845959071641402,100,1.066800109606988,0.3705145234919941,1.58721695096166,0.05,,12.0,19.0,,,sliding,bb,OLS,ols,0.078459590716414,1.0086076720887225,1.1655268535215506,0,0.0,0.0034214785392251,0.0215433614563135,0.1117519652720881,universal_pareto_additive_ar1_xi0.50_theta0.25,BB-sliding-OLS
universal,pareto_additive_ar1,0.5,0.25,0.8660254037844386,northrop_disjoint_fgls,log_wald,365.0,100,100,85,0.2448362186304553,0.0325917341926602,-0.0051637813695446,0.0260007438481913,0.1040029753927653,0.0806263243656126,0.0884093414015016,0.0400683719495834,0.1537712157040429,0.1000856372297152,0.0923089381626504,0.0826605283118885,0.1090623614013704,0.1778727251143672,0.2530992120669168,100,0.1008631873255832,0.0862784780435963,0.1321780466489042,0.85,,9.0,14.0,,,disjoint,northrop,FGLS,bootstrap_cov,0.0253099212066916,0.1525628039076755,0.2031826463210589,0,0.0,0.003259173419266,0.7671626666784216,0.906940968088377,universal_pareto_additive_ar1_xi0.50_theta0.25,Northrop-disjoint-FGLS
universal,pareto_additive_ar1,0.5,0.25,0.8660254037844386,northrop_disjoint_ols,log_wald,365.0,100,100,25,0.2396687199279711,0.0331308813727169,-0.0103312800720288,0.0280104907460676,0.1120419629842706,0.0812852817438914,0.0969646096463776,0.0467597057159926,0.1654744400145815,0.0224291723951522,0.0211339924646359,0.0152141288969977,0.0287443337480268,0.7525423474396625,0.7742824584402088,100,0.5294697394326904,0.1088736061978443,1.15007917056005,0.25,,9.0,14.0,,,disjoint,northrop,OLS,ols,0.0774282458440208,0.6751141015956417,0.8299705932836834,0,0.0,0.0033130881372716,0.1754509400372426,0.3430464637007583,universal_pareto_additive_ar1_xi0.50_theta0.25,Northrop-disjoint-OLS
universal,pareto_additive_ar1,0.5,0.25,0.8660254037844386,northrop_sliding_fgls,log_wald,365.0,100,100,75,0.2305886788270429,0.0350945170372948,-0.019411321172957,0.033702007248812,0.1348080289952482,0.0862491548804394,0.1278680482671989,0.0585739474732218,0.1904851428852418,0.1009488598030788,0.0972382538479607,0.0866853829008794,0.1103449210575526,0.2558459054106243,0.3393702889163079,100,0.1098961286201446,0.0955263604402662,0.1528850134454097,0.75,,12.0,18.5,,,sliding,northrop,FGLS,bootstrap_cov,0.0339370288916307,0.2219088765189935,0.2897829343022551,0,0.0,0.0035094517037294,0.6569535362992417,0.8245490599627573,universal_pareto_additive_ar1_xi0.50_theta0.25,Northrop-sliding-FGLS
universal,pareto_additive_ar1,0.5,0.25,0.8660254037844386,northrop_sliding_ols,log_wald,365.0,100,100,9,0.2256039831103362,0.0356906101654665,-0.0243960168896637,0.0362236504134037,0.1448946016536148,0.0937733565357869,0.1514434447045605,0.0659673507511594,0.2084521970071499,0.0090396175886536,0.0088932458093695,0.0033089137797069,0.0128472782717372,1.287773657133766,0.9123562405534767,100,1.325066300711594,0.5009001780529794,1.8992126024680456,0.09,,12.0,18.5,,,sliding,northrop,OLS,ols,0.0912356240553476,1.1965380330784186,1.3790092811891137,0,0.0,0.0035690610165466,0.0480719951638848,0.1622637469664366,universal_pareto_additive_ar1_xi0.50_theta0.25,Northrop-sliding-OLS
universal,pareto_additive_ar1,0.5,0.4,0.7745966692414834,bb_disjoint_fgls,log_wald,365.0,100,100,56,0.3344935871778567,0.0415720666098035,-0.0655064128221433,0.0687360456754847,0.1718401141887117,0.0898019882878193,0.1629319944822353,0.0990495314861651,0.2356796536871217,0.1361075629596363,0.132770966612465,0.1160441161071239,0.1528787418338477,0.7811798799212946,0.989843623078974,100,0.1790373472755664,0.1420462435664042,1.1420417644762595,0.56,,9.0,14.0,,,disjoint,bb,FGLS,bootstrap_cov,0.0989843623078974,0.6821955176133971,0.880164242229192,0,0.0,0.0041572066609803,0.4622792771125631,0.6532813459903167,universal_pareto_additive_ar1_xi0.50_theta0.40,BB-disjoint-FGLS
universal,pareto_additive_ar1,0.5,0.4,0.7745966692414834,bb_disjoint_ols,log_wald,365.0,100,100,6,0.3305279361601576,0.0422230599196345,-0.0694720638398424,0.0723960333511963,0.1809900833779907,0.0923234368078236,0.1779274028620187,0.1121376633776127,0.2399573749135159,0.0326017935348799,0.0288438542304477,0.0213274970227591,0.0395346630451746,2.279454724612743,1.591011435103694,100,2.2452576848702064,0.7887367406148447,3.5114145440115285,0.06,,9.0,14.0,,,disjoint,bb,OLS,ols,0.1591011435103694,2.1203535811023735,2.4385558681231125,0,0.0,0.0042223059919634,0.0277857452666566,0.124769685312225,universal_pareto_additive_ar1_xi0.50_theta0.40,BB-disjoint-OLS
universal,pareto_additive_ar1,0.5,0.4,0.7745966692414834,bb_sliding_fgls,log_wald,365.0,100,100,53,0.3263615093586238,0.0437800577046179,-0.0736384906413762,0.0763396358716166,0.1908490896790416,0.0970659796241435,0.1909774622881306,0.1321967845926131,0.2695900458602281,0.1377735087534517,0.1356478627086732,0.1194010507738245,0.1518397546729413,0.8804373791370574,1.0996537546849952,100,0.1803510565497618,0.1486484015269681,1.47539597341004,0.53,,11.0,16.0,,,sliding,bb,FGLS,bootstrap_cov,0.1099653754684995,0.770472003668558,0.9904027546055568,0,0.0,0.0043780057704617,0.4328868313724773,0.6248934801789626,universal_pareto_additive_ar1_xi0.50_theta0.40,BB-sliding-FGLS
universal,pareto_additive_ar1,0.5,0.4,0.7745966692414834,bb_sliding_ols,log_wald,365.0,100,100,0,0.3226506812155713,0.0459031489378664,-0.0773493187844286,0.0799943618023948,0.1999859045059871,0.1026740726812297,0.1926489018562113,0.1337570712609134,0.2864768699968326,0.0071402994299542,0.0046850278165831,0.0023526298103496,0.0103897997163246,3.0625468972591134,1.594950150899313,100,3.0160099818523256,2.080506857866151,4.352425004540425,0.0,,11.0,16.0,,,sliding,bb,OLS,ols,0.1594950150899313,2.903051882169182,3.2220419123490447,0,0.0,0.0045903148937866,0.0,0.0369948074760019,universal_pareto_additive_ar1_xi0.50_theta0.40,BB-sliding-OLS
universal,pareto_additive_ar1,0.5,0.4,0.7745966692414834,northrop_disjoint_fgls,log_wald,365.0,100,100,43,0.3242238217788373,0.0417248318240984,-0.0757761782211626,0.0785539351665976,0.1963848379164941,0.090413626903559,0.1988007184574544,0.1358687916976674,0.2615899977857178,0.1379918859069539,0.1320469999021862,0.1175016674692968,0.154917887450504,0.9563962607028892,1.049390233353299,100,0.3506625985433023,0.1614844629496257,1.5763074551186835,0.43,,9.0,14.0,,,disjoint,northrop,FGLS,bootstrap_cov,0.1049390233353299,0.8514572373675594,1.0613352840382193,0,0.0,0.0041724831824098,0.3373313900052838,0.5278478830413564,universal_pareto_additive_ar1_xi0.50_theta0.40,Northrop-disjoint-FGLS
universal,pareto_additive_ar1,0.5,0.4,0.7745966692414834,northrop_disjoint_ols,log_wald,365.0,100,100,6,0.3208508801345895,0.0422219331386327,-0.0791491198654105,0.0816866705162204,0.204216676290551,0.0925486412181875,0.2042191833606516,0.147848498015915,0.2645395450607513,0.032822763493431,0.0287922653408367,0.0204955469261891,0.0407397331618187,2.642860946145683,1.5803257925195793,100,2.579502769063623,1.4271513363759207,3.8228909980771686,0.06,,9.0,14.0,,,disjoint,northrop,OLS,ols,0.1580325792519579,2.484828366893725,2.800893525397641,0,0.0,0.0042221933138632,0.0277857452666566,0.124769685312225,universal_pareto_additive_ar1_xi0.50_theta0.40,Northrop-disjoint-OLS
universal,pareto_additive_ar1,0.5,0.4,0.7745966692414834,northrop_sliding_fgls,log_wald,365.0,100,100,34,0.3149157072766029,0.0415314800300977,-0.085084292723397,0.0865327869778478,0.2163319674446195,0.0959741666512952,0.225105205375208,0.1619071288679748,0.2841627296396174,0.1332951226019356,0.1344324770354099,0.1156086221554807,0.1497496977439797,1.146161450631187,1.146503571939769,100,0.6794198790223556,0.1571478198424567,1.807124211967428,0.34,,11.0,16.0,,,sliding,northrop,FGLS,bootstrap_cov,0.1146503571939769,1.03151109343721,1.260811807825164,0,0.0,0.0041531480030097,0.25461379497543,0.4372245434168906,universal_pareto_additive_ar1_xi0.50_theta0.40,Northrop-sliding-FGLS
universal,pareto_additive_ar1,0.5,0.4,0.7745966692414834,northrop_sliding_ols,log_wald,365.0,100,100,1,0.3119303398190759,0.0438412895996628,-0.0880696601809241,0.0895205230649196,0.2238013076622992,0.1019128626606955,0.2264840807285107,0.1590720024244049,0.3025343676566439,0.0075518465966732,0.0052966467821613,0.0026538022289319,0.0111065207567998,3.4371077604488893,1.5909528580348382,100,3.523520518213191,2.451395501441098,4.655519464667098,0.01,,11.0,16.0,,,sliding,northrop,OLS,ols,0.1590952858034838,3.2780124746454056,3.596203046252373,0,0.0,0.0043841289599662,0.0017673865655472,0.0544875247609346,universal_pareto_additive_ar1_xi0.50_theta0.40,Northrop-sliding-OLS
universal,pareto_additive_ar1,0.5,0.6,0.6324555320336759,bb_disjoint_fgls,log_wald,365.0,100,100,27,0.4656812740203254,0.065016624687965,-0.1343187259796746,0.1380284505565782,0.2300474175942971,0.0943784210209466,0.227524698309011,0.1680881863428212,0.2960598756791989,0.1908227491178603,0.1879042841473817,0.1626141149801324,0.2105134553102227,2.156468641595627,1.9798588459546695,100,1.6348240083945322,0.296216534973399,3.3577805699451733,0.27,,9.0,14.0,,,disjoint,bb,FGLS,bootstrap_cov,0.1979858845954669,1.95848275700016,2.354454526191094,0,0.0,0.0065016624687965,0.1926946091766482,0.3643230022623127,universal_pareto_additive_ar1_xi0.50_theta0.60,BB-disjoint-FGLS
universal,pareto_additive_ar1,0.5,0.6,0.6324555320336759,bb_disjoint_ols,log_wald,365.0,100,100,4,0.4655662527415882,0.0667150754730797,-0.1344337472584117,0.1382807221484815,0.2304678702474692,0.0970563746540793,0.2296154894834293,0.1714040508290511,0.2999722868510835,0.0454030417447753,0.0385758477491245,0.0292836071924166,0.0615503041352772,4.687433766925701,2.4747666246786566,100,4.766422267037115,2.9541263217483156,6.448760507369402,0.04,,9.0,14.0,,,disjoint,bb,OLS,ols,0.2474766624678656,4.439957104457836,4.934910429393566,0,0.0,0.0066715075473079,0.015663050551848,0.0983721723260737,universal_pareto_additive_ar1_xi0.50_theta0.60,BB-disjoint-OLS
universal,pareto_additive_ar1,0.5,0.6,0.6324555320336759,bb_sliding_fgls,log_wald,365.0,100,100,24,0.4607018238895622,0.0615530440231992,-0.1392981761104378,0.1414761935731373,0.2357936559552288,0.0938537376070629,0.2379206554416384,0.1814822721833897,0.2963601112602697,0.1796771655410385,0.1731512149821519,0.1523499244060498,0.1958064510432044,2.3509231334726635,1.9440033973352189,100,2.0781702284529,0.4406648762808657,3.765897501755384,0.24,,10.0,16.0,,,sliding,bb,FGLS,bootstrap_cov,0.1944003397335218,2.156522793739142,2.545323473206185,0,0.0,0.0061553044023199,0.1669121126545996,0.3323251872329213,universal_pareto_additive_ar1_xi0.50_theta0.60,BB-sliding-FGLS
universal,pareto_additive_ar1,0.5,0.6,0.6324555320336759,bb_sliding_ols,log_wald,365.0,100,100,1,0.4607226192617052,0.0639405943083706,-0.1392773807382947,0.1414100509502008,0.2356834182503346,0.0983720160187309,0.2421259641656232,0.1782002315904754,0.3023793201761231,0.0083112600212845,0.0065244972968472,0.0031204219134024,0.0118754107605539,5.50105092072547,2.381675767751489,100,5.668312287945399,4.104132582653294,7.01416381681685,0.01,,10.0,16.0,,,sliding,bb,OLS,ols,0.2381675767751489,5.262883343950321,5.7392184975006195,0,0.0,0.006394059430837,0.0017673865655472,0.0544875247609346,universal_pareto_additive_ar1_xi0.50_theta0.60,BB-sliding-OLS
universal,pareto_additive_ar1,0.5,0.6,0.6324555320336759,northrop_disjoint_fgls,log_wald,365.0,100,100,26,0.4554986133264455,0.0680419604169821,-0.1445013866735544,0.1473977081928067,0.2456628469880112,0.1024116830064783,0.2416816936141233,0.1770298483992105,0.3140288998842364,0.1940556704741792,0.1880437791439179,0.162481540522911,0.2169414470553869,2.4356852479050706,2.1443447665967668,100,2.1070440153592553,0.3165347410601814,3.85959266394276,0.26,,9.0,14.0,,,disjoint,northrop,FGLS,bootstrap_cov,0.2144344766596767,2.2212507712453937,2.650119724564747,0,0.0,0.0068041960416982,0.1840457812698646,0.3537117263186163,universal_pareto_additive_ar1_xi0.50_theta0.60,Northrop-disjoint-FGLS
universal,pareto_additive_ar1,0.5,0.6,0.6324555320336759,northrop_disjoint_ols,log_wald,365.0,100,100,5,0.4562653333020449,0.0692994882909844,-0.143734666697955,0.1465062934163909,0.2441771556939848,0.1052754828616498,0.2468282082575033,0.1777813768785728,0.3217074236159672,0.0493152777499626,0.0423550103160178,0.0293674641657863,0.0646945901996387,4.95455782170506,2.721191408901508,100,5.25389430169749,3.0064046095810113,6.615724370668319,0.05,,9.0,14.0,,,disjoint,northrop,OLS,ols,0.2721191408901507,4.682438680814909,5.226676962595211,0,0.0,0.0069299488290984,0.0215433614563135,0.1117519652720881,universal_pareto_additive_ar1_xi0.50_theta0.60,Northrop-disjoint-OLS
universal,pareto_additive_ar1,0.5,0.6,0.6324555320336759,northrop_sliding_fgls,log_wald,365.0,100,100,20,0.4488109949351178,0.0639484542247727,-0.1511890050648822,0.1532665620034259,0.2554442700057099,0.0979014795718393,0.2596090302006887,0.20622901512511,0.323887592398459,0.1771514601213657,0.1751306163466605,0.1481805748478619,0.1943047065743062,2.8393996685967307,2.0935500722333646,100,2.6786098681829356,1.2076416931825964,4.529590282532078,0.2,,10.0,16.0,,,sliding,northrop,FGLS,bootstrap_cov,0.2093550072233364,2.630044661373394,3.048754675820067,0,0.0,0.0063948454224772,0.1333659225590988,0.2888309619265023,universal_pareto_additive_ar1_xi0.50_theta0.60,Northrop-sliding-FGLS
universal,pareto_additive_ar1,0.5,0.6,0.6324555320336759,northrop_sliding_ols,log_wald,365.0,100,100,0,0.4493058129954551,0.0652514384149344,-0.1506941870045448,0.1527053114967334,0.2545088524945558,0.1005735313849608,0.2544254282863707,0.1865809108823526,0.317132306276858,0.0096233570663607,0.0068024827206286,0.0037318826986184,0.0135396653340504,5.923631355151093,2.4370569311485575,100,6.053283461234138,4.261559025939767,7.570710748599603,0.0,,10.0,16.0,,,sliding,northrop,OLS,ols,0.2437056931148557,5.679925662036237,6.167337048265948,0,0.0,0.0065251438414934,0.0,0.0369948074760019,universal_pareto_additive_ar1_xi0.50_theta0.60,Northrop-sliding-OLS
universal,pareto_additive_ar1,0.5,0.8,0.4472135954999578,bb_disjoint_fgls,log_wald,365.0,100,100,34,0.63173919266147,0.0758510877726169,-0.1682608073385299,0.1700556194421423,0.2125695243026778,0.0896175870337957,0.2148595459140873,0.1516114704559987,0.2819984530853322,0.2429611317577838,0.2307433524678275,0.2134336276124812,0.2786469141739524,2.5404969609508408,2.436730228849581,100,1.983181175189696,0.3098274558581275,4.475353065093131,0.34,,9.0,14.0,,,disjoint,bb,FGLS,bootstrap_cov,0.2436730228849581,2.2968239380658826,2.784169983835799,0,0.0,0.0075851087772616,0.25461379497543,0.4372245434168906,universal_pareto_additive_ar1_xi0.50_theta0.80,BB-disjoint-FGLS
universal,pareto_additive_ar1,0.5,0.8,0.4472135954999578,bb_disjoint_ols,log_wald,365.0,100,100,6,0.6314111329490908,0.0754306278592091,-0.1685888670509092,0.1700002119929033,0.2125002649911292,0.0902001828052039,0.2162235934389373,0.1502534640963617,0.2771746319337463,0.065021632315117,0.0585407292432258,0.0400380139344788,0.078823197247071,5.577843055846132,3.092216697992038,100,5.717900862055495,3.2410845393983463,7.836770174387366,0.06,,9.0,14.0,,,disjoint,bb,OLS,ols,0.3092216697992038,5.268621386046928,5.8870647256453355,0,0.0,0.0075430627859209,0.0277857452666566,0.124769685312225,universal_pareto_additive_ar1_xi0.50_theta0.80,BB-disjoint-OLS
universal,pareto_additive_ar1,0.5,0.8,0.4472135954999578,bb_sliding_fgls,log_wald,365.0,100,100,24,0.6264941954835678,0.0725441057707367,-0.1735058045164323,0.1757010374985212,0.2196262968731514,0.0837435964694695,0.2082388056970446,0.1737831528667297,0.2734644398456365,0.2245069669393573,0.2174487477801269,0.1926773144445284,0.2424403069844404,2.918508146155668,2.4946589799845333,100,2.3021452751697957,0.4273316942308267,4.366479314142241,0.24,,9.0,16.0,,,sliding,bb,FGLS,bootstrap_cov,0.2494658979984533,2.669042248157215,3.1679740441541213,0,0.0,0.0072544105770736,0.1669121126545996,0.3323251872329213,universal_pareto_additive_ar1_xi0.50_theta0.80,BB-sliding-FGLS
universal,pareto_additive_ar1,0.5,0.8,0.4472135954999578,bb_sliding_ols,log_wald,365.0,100,100,1,0.626277837465508,0.0743804626102708,-0.173722162534492,0.1759347113754399,0.2199183892192999,0.0861594255686945,0.2098364045198928,0.170060335657662,0.2708105123800716,0.0124540258988591,0.0077235889350621,0.0046147821867272,0.0150118128045879,6.800989484667187,2.769879412974193,100,6.564712331301016,5.025064103443254,8.53656652358045,0.01,,9.0,16.0,,,sliding,bb,OLS,ols,0.2769879412974193,6.524001543369767,7.077977425964606,0,0.0,0.007438046261027,0.0017673865655472,0.0544875247609346,universal_pareto_additive_ar1_xi0.50_theta0.80,BB-sliding-OLS
universal,pareto_additive_ar1,0.5,0.8,0.4472135954999578,northrop_disjoint_fgls,log_wald,365.0,100,100,38,0.6289513053026119,0.0832387734854506,-0.1710486946973882,0.1732889514152638,0.2166111892690797,0.0980234085525175,0.2188569598169212,0.1562660162810285,0.2905752281430583,0.2538169905700982,0.2464261575259003,0.2170769547759817,0.2962469698694311,2.6294050287281254,2.622206079970681,100,1.713169311794304,0.310583804505533,4.518237453370082,0.38,,9.0,14.0,,,disjoint,northrop,FGLS,bootstrap_cov,0.2622206079970681,2.3671844207310575,2.8916256367251933,0,0.0,0.008323877348545,0.2909744920013438,0.4779042617928966,universal_pareto_additive_ar1_xi0.50_theta0.80,Northrop-disjoint-FGLS
universal,pareto_additive_ar1,0.5,0.8,0.4472135954999578,northrop_disjoint_ols,log_wald,365.0,100,100,8,0.6287709052563822,0.0825805054807049,-0.1712290947436178,0.1730473923924865,0.2163092404906081,0.0983236012090953,0.21819760004106,0.157923378263792,0.2918209601322814,0.0719130406892682,0.0629201851226431,0.0406765099656342,0.0929011462041058,5.59495012083521,3.2664445087003267,100,5.439273107197742,3.1133324920785435,7.86906969063025,0.08,,9.0,14.0,,,disjoint,northrop,OLS,ols,0.3266444508700327,5.268305669965177,5.921594571705243,0,0.0,0.0082580505480704,0.0410929694858109,0.1499826687940307,universal_pareto_additive_ar1_xi0.50_theta0.80,Northrop-disjoint-OLS
universal,pareto_additive_ar1,0.5,0.8,0.4472135954999578,northrop_sliding_fgls,log_wald,365.0,100,100,20,0.6178625321308462,0.0751950878924415,-0.1821374678691539,0.1841777381786348,0.2302221727232934,0.0874943738442828,0.2225884792258754,0.186173302631032,0.288429894771806,0.2300632997570689,0.2237319908126787,0.1967961533928939,0.2545658403250934,3.113115128339493,2.5876736923012387,100,2.719409443933061,0.6200834912002177,4.580755323654552,0.2,,9.0,16.0,,,sliding,northrop,FGLS,bootstrap_cov,0.2587673692301239,2.854347759109369,3.371882497569617,0,0.0,0.0075195087892441,0.1333659225590988,0.2888309619265023,universal_pareto_additive_ar1_xi0.50_theta0.80,Northrop-sliding-FGLS
universal,pareto_additive_ar1,0.5,0.8,0.4472135954999578,northrop_sliding_ols,log_wald,365.0,100,100,1,0.6175142296604358,0.0768445057536049,-0.1824857703395642,0.1845794179225076,0.2307242724031345,0.0895196403214834,0.2245844592433483,0.1856772691248632,0.2860025788856823,0.0135042262174627,0.0089428063943715,0.0044947389936019,0.0156909967270139,7.127983632046669,2.8985259869875497,100,6.8878034398747285,5.696625322346154,9.10904376127347,0.01,,9.0,16.0,,,sliding,northrop,OLS,ols,0.2898525986987549,6.8381310333479135,7.417836230745424,0,0.0,0.0076844505753604,0.0017673865655472,0.0544875247609346,universal_pareto_additive_ar1_xi0.50_theta0.80,Northrop-sliding-OLS
universal,pareto_additive_ar1,0.5,1.0,0.0,bb_disjoint_fgls,log_wald,365.0,100,100,93,0.9765431124450588,0.0416630621942152,-0.023456887554941,0.023456887554941,0.023456887554941,0.0416630621942152,0.0034356117371884,0.0,0.0263329016841472,0.0848960435598148,0.069602258289382,0.05255539051164,0.1174543832586236,0.2167149895247189,0.5745566488208084,100,0.069602258289382,0.05255539051164,0.1174543832586236,0.93,,10.0,13.0,,,disjoint,bb,FGLS,mixed,0.0574556648820808,0.1592593246426381,0.2741706544067998,0,0.0,0.0041663062194215,0.8625032899347026,0.965681175635936,universal_pareto_additive_ar1_xi0.50_theta1.00,BB-disjoint-FGLS
universal,pareto_additive_ar1,0.5,1.0,0.0,bb_disjoint_ols,log_wald,365.0,100,100,75,0.9754883662927436,0.0418189580591494,-0.0245116337072561,0.0245116337072561,0.0245116337072561,0.0418189580591494,0.0029408373040292,0.0,0.0315139684901292,0.0282830323782156,0.0080732186226076,0.0,0.050087700887579,0.4739303157307845,1.2393844007983266,100,0.0080732186226076,0.0,0.0904295243432929,0.75,,10.0,13.0,,,disjoint,bb,OLS,mixed,0.1239384400798326,0.3499918756509518,0.5978687558106172,0,0.0,0.0041818958059149,0.6569535362992417,0.8245490599627573,universal_pareto_additive_ar1_xi0.50_theta1.00,BB-disjoint-OLS
universal,pareto_additive_ar1,0.5,1.0,0.0,bb_sliding_fgls,log_wald,365.0,100,99,91,0.9779398470188568,0.0421203634093633,-0.022060152981143,0.022060152981143,0.022060152981143,0.0421203634093633,0.0,0.0,0.0311692982750685,0.0763914541326051,0.0553999459657134,0.0357385051401488,0.1077592970160902,0.1552380000475607,0.3555287079897772,99,0.0553999459657134,0.0357385051401488,0.1077592970160902,0.91,,8.0,12.0,,,sliding,bb,FGLS,mixed,0.0357319795939976,0.1195060204535631,0.1909699796415583,1,0.01,0.004233255801887,0.8377362530335634,0.9519280048361152,universal_pareto_additive_ar1_xi0.50_theta1.00,BB-sliding-FGLS
universal,pareto_additive_ar1,0.5,1.0,0.0,bb_sliding_ols,log_wald,365.0,100,100,67,0.9757466241395388,0.0438202847824166,-0.0242533758604613,0.0242533758604613,0.0242533758604613,0.0438202847824166,0.0,0.0,0.036958700564605,0.0044188731086858,0.0,0.0,0.0052953552108837,0.8854598709376128,1.6685918856100943,100,0.0,0.0,1.3531700377689684,0.67,,8.0,12.0,,,sliding,bb,OLS,mixed,0.1668591885610094,0.7186006823766034,1.0523190594986225,0,0.0,0.0043820284782416,0.5730516033971139,0.7543701620610456,universal_pareto_additive_ar1_xi0.50_theta1.00,BB-sliding-OLS
universal,pareto_additive_ar1,0.5,1.0,0.0,northrop_disjoint_fgls,log_wald,365.0,100,100,95,0.977834308988395,0.0396248067986931,-0.022165691011605,0.022165691011605,0.022165691011605,0.0396248067986931,0.0010216996005961,0.0,0.0311338058988528,0.0855814188845902,0.0701319288747891,0.0545492356884065,0.1122056242797201,0.1880950265677611,0.4947967832307611,100,0.0701319288747891,0.0545492356884065,0.1122056242797201,0.95,,10.0,13.0,,,disjoint,northrop,FGLS,mixed,0.0494796783230761,0.1386153482446849,0.2375747048908372,0,0.0,0.0039624806798693,0.8882480347279118,0.9784566385436864,universal_pareto_additive_ar1_xi0.50_theta1.00,Northrop-disjoint-FGLS
universal,pareto_additive_ar1,0.5,1.0,0.0,northrop_disjoint_ols,log_wald,365.0,100,100,76,0.976446529071192,0.0406308063666665,-0.0235534709288078,0.0235534709288078,0.0235534709288078,0.0406308063666665,0.0008723799826927,0.0,0.0312756049563214,0.0280214474788766,0.00257983273717,0.0,0.0491835553495846,0.4411403813190439,1.2370526081236408,100,0.00257983273717,0.0,0.0918678197661645,0.76,,10.0,13.0,,,disjoint,northrop,OLS,mixed,0.123705260812364,0.3174351205066797,0.564845642131408,0,0.0,0.0040630806366666,0.6676748127670786,0.8330878873454004,universal_pareto_additive_ar1_xi0.50_theta1.00,Northrop-disjoint-OLS
universal,pareto_additive_ar1,0.5,1.0,0.0,northrop_sliding_fgls,log_wald,365.0,100,98,91,0.9788727700663774,0.0425194979707451,-0.0211272299336225,0.0211272299336225,0.0211272299336225,0.0425194979707451,0.0,0.0,0.0234914204677989,0.0766541900088178,0.0564108371469762,0.0355749688525388,0.1003678706134198,0.1462652801651522,0.3317877364446117,98,0.0564108371469762,0.0355749688525388,0.1003678706134198,0.91,,9.0,12.0,,,sliding,northrop,FGLS,mixed,0.0335156226220742,0.112749657543078,0.1797809027872265,2,0.02,0.004295117906823,0.8377362530335634,0.9519280048361152,universal_pareto_additive_ar1_xi0.50_theta1.00,Northrop-sliding-FGLS
universal,pareto_additive_ar1,0.5,1.0,0.0,northrop_sliding_ols,log_wald,365.0,100,100,67,0.976560340589234,0.0438613836875393,-0.023439659410766,0.023439659410766,0.023439659410766,0.0438613836875393,0.0,0.0,0.0358886424348338,0.004351611989264,0.0,0.0,0.0053464013484045,0.8542797271650956,1.676045750711113,100,0.0,0.0,1.2835946975603632,0.67,,9.0,12.0,,,sliding,northrop,OLS,mixed,0.1676045750711113,0.6866751520939842,1.021884302236207,0,0.0,0.0043861383687539,0.5730516033971139,0.7543701620610456,universal_pareto_additive_ar1_xi0.50_theta1.00,Northrop-sliding-OLS
universal,pareto_additive_ar1,1.0,0.1,0.9,bb_disjoint_fgls,log_wald,365.0,100,100,1,0.1852552476922679,0.0282260342731403,0.0852552476922679,0.0852552476922679,0.8525524769226795,0.2822603427314038,0.864149974882513,0.6288501661452531,1.073491363160313,0.0677126662841811,0.0653943156804761,0.0578383480394758,0.0731859136180505,2.2542642312679475,1.0500838636842442,100,2.3115237384550955,1.43762027170156,3.1859841380630893,0.01,,9.0,15.0,,,disjoint,bb,FGLS,bootstrap_cov,0.1050083863684244,2.149255844899523,2.359272617636372,0,0.0,0.002822603427314,0.0017673865655472,0.0544875247609346,universal_pareto_additive_ar1_xi1.00_theta0.10,BB-disjoint-FGLS
universal,pareto_additive_ar1,1.0,0.1,0.9,bb_disjoint_ols,log_wald,365.0,100,100,0,0.1783621949998413,0.0262586881576976,0.0783621949998413,0.0783621949998413,0.7836219499984134,0.2625868815769768,0.7656162722323835,0.6011428145708838,0.9918657461781188,0.0181426880533986,0.0188019680988107,0.0116484458913452,0.0249875626401154,2.8004771436324263,1.003691122291066,100,2.713951198683808,2.04049217245913,3.5370924781844235,0.0,,9.0,15.0,,,disjoint,bb,OLS,ols,0.1003691122291066,2.7001080314033197,2.900846255861533,0,0.0,0.0026258688157697,0.0,0.0369948074760019,universal_pareto_additive_ar1_xi1.00_theta0.10,BB-disjoint-OLS
universal,pareto_additive_ar1,1.0,0.1,0.9,bb_sliding_fgls,log_wald,365.0,100,100,0,0.1737554753651571,0.0236093502983707,0.0737554753651572,0.0737554753651572,0.7375547536515719,0.2360935029837076,0.71818278821528,0.5620938932807089,0.8692104921263282,0.0703645989414156,0.0676333252409948,0.0598326844131574,0.0780124807678039,1.7566168032548353,0.7521822055167003,100,1.662585522893516,1.173952817521494,2.2024629761615966,0.0,,12.0,19.0,,,sliding,bb,FGLS,bootstrap_cov,0.07521822055167,1.6813985827031652,1.831835023806505,0,0.0,0.002360935029837,0.0,0.0369948074760019,universal_pareto_additive_ar1_xi1.00_theta0.10,BB-sliding-FGLS
universal,pareto_additive_ar1,1.0,0.1,0.9,bb_sliding_ols,log_wald,365.0,100,100,0,0.1653569886408755,0.0236262447198467,0.0653569886408755,0.0653569886408755,0.6535698864087556,0.2362624471984675,0.615249698293594,0.4850123121534516,0.7592203048834669,0.0128657271535491,0.0139071448612637,0.0111193710412397,0.0154913481112127,2.375637196463686,0.9878421359222168,100,2.2160925845143957,1.7006812275244525,2.8865648445451164,0.0,,12.0,19.0,,,sliding,bb,OLS,ols,0.0987842135922216,2.276852982871464,2.474421410055908,0,0.0,0.0023626244719846,0.0,0.0369948074760019,universal_pareto_additive_ar1_xi1.00_theta0.10,BB-sliding-OLS
universal,pareto_additive_ar1,1.0,0.1,0.9,northrop_disjoint_fgls,log_wald,365.0,100,100,2,0.1825829865060854,0.0257127743471641,0.0825829865060854,0.0825829865060854,0.8258298650608548,0.2571277434716416,0.846730677995135,0.6573351609989354,1.012238944091366,0.0674326467673191,0.0667496230242405,0.0585886907568178,0.0729433141056858,2.1526347589596777,0.9583475899635574,100,2.2688756272614645,1.4870346252560758,2.782317603348868,0.02,,9.0,15.0,,,disjoint,northrop,FGLS,bootstrap_cov,0.0958347589963557,2.0567999999633217,2.2484695179560337,0,0.0,0.0025712774347164,0.0055018522349681,0.0700131629419936,universal_pareto_additive_ar1_xi1.00_theta0.10,Northrop-disjoint-FGLS
universal,pareto_additive_ar1,1.0,0.1,0.9,northrop_disjoint_ols,log_wald,365.0,100,100,0,0.1759541089311045,0.0241624939861566,0.0759541089311045,0.0759541089311045,0.7595410893110452,0.2416249398615664,0.7327569782196242,0.5907318855021312,0.9813381709066972,0.0194293806989166,0.0184639196570138,0.0115832739304169,0.0276385271728284,2.6817946758033817,0.9263552336423488,100,2.627659017647219,2.003172701663405,3.537889933257788,0.0,,9.0,15.0,,,disjoint,northrop,OLS,ols,0.0926355233642348,2.589159152439146,2.774430199167617,0,0.0,0.0024162493986156,0.0,0.0369948074760019,universal_pareto_additive_ar1_xi1.00_theta0.10,Northrop-disjoint-OLS
universal,pareto_additive_ar1,1.0,0.1,0.9,northrop_sliding_fgls,log_wald,365.0,100,100,0,0.1703539869206022,0.0232500502505366,0.0703539869206022,0.0703539869206022,0.7035398692060228,0.2325005025053663,0.678819676817318,0.5142991148318949,0.8513392295698321,0.0679013546294947,0.067025615690122,0.0580722601268985,0.0730752207211974,1.6603774889301852,0.7681783351934539,100,1.617523284074326,1.002567171335757,2.1884719317790555,0.0,,12.0,19.0,,,sliding,northrop,FGLS,bootstrap_cov,0.0768178335193453,1.5835596554108398,1.737195322449531,0,0.0,0.0023250050250536,0.0,0.0369948074760019,universal_pareto_additive_ar1_xi1.00_theta0.10,Northrop-sliding-FGLS
universal,pareto_additive_ar1,1.0,0.1,0.9,northrop_sliding_ols,log_wald,365.0,100,100,0,0.1620941190095067,0.0235603529793169,0.0620941190095066,0.0620941190095066,0.6209411900950669,0.2356035297931696,0.5886969664043047,0.4434586061575224,0.7396482957326526,0.01282107229357,0.0134821728232515,0.0107344985892293,0.015904904457812,2.246168450919743,0.9787542504462158,100,2.0677583741065826,1.532431605725853,2.707913927148306,0.0,,12.0,19.0,,,sliding,northrop,OLS,ols,0.0978754250446215,2.1482930258751214,2.3440438759643643,0,0.0,0.0023560352979316,0.0,0.0369948074760019,universal_pareto_additive_ar1_xi1.00_theta0.10,Northrop-sliding-OLS
universal,pareto_additive_ar1,1.0,0.15,0.85,bb_disjoint_fgls,log_wald,365.0,100,100,18,0.2149818155467653,0.0309463397183726,0.0649818155467654,0.0653137598010408,0.4354250653402721,0.2015482513962865,0.4335783515318295,0.3158139036978591,0.5505885679048416,0.0837156493760558,0.0811813985391371,0.0728850705940184,0.0941299525666373,1.2834724610219836,0.9777614268965568,100,1.2407063712972586,0.4547186041538908,1.9177639285473431,0.18,,10.0,15.0,,,disjoint,bb,FGLS,bootstrap_cov,0.0977761426896556,1.185696318332328,1.3812486037116394,0,0.0,0.0030946339718372,0.1170013165425103,0.2666753602421308,universal_pareto_additive_ar1_xi1.00_theta0.15,BB-disjoint-FGLS
universal,pareto_additive_ar1,1.0,0.15,0.85,bb_disjoint_ols,log_wald,365.0,100,100,3,0.2094173840012262,0.0298166283562566,0.0594173840012262,0.0597403818284993,0.3982692121899954,0.1943827681466932,0.3845200317218021,0.2833651366777009,0.4869427025166652,0.0192151276120046,0.0200264645360487,0.0119561540105139,0.0251574790897585,2.037665372688062,1.1312037628519882,100,1.9488131672317703,1.2286649199048791,2.5648701036608017,0.03,,10.0,15.0,,,disjoint,bb,OLS,ols,0.1131203762851988,1.924544996402863,2.1507857489732607,0,0.0,0.0029816628356256,0.0102543382234148,0.0845207808040269,universal_pareto_additive_ar1_xi1.00_theta0.15,BB-disjoint-OLS
universal,pareto_additive_ar1,1.0,0.15,0.85,bb_sliding_fgls,log_wald,365.0,100,100,21,0.205168722391496,0.0265222102680978,0.0551687223914959,0.0551687223914959,0.3677914826099733,0.1768147351206521,0.3389750094433852,0.2554346050937373,0.4430002411570904,0.0870870781962566,0.085526649393276,0.0741490336309391,0.0964015621674947,0.8032190724734066,0.801714895104322,100,0.5874772702104107,0.1987230968790539,1.1399501357903816,0.21,,12.0,19.0,,,sliding,bb,FGLS,bootstrap_cov,0.0801714895104322,0.7230475829629744,0.8833905619838388,0,0.0,0.0026522210268097,0.1416554953164578,0.2998014930196232,universal_pareto_additive_ar1_xi1.00_theta0.15,BB-sliding-FGLS
universal,pareto_additive_ar1,1.0,0.15,0.85,bb_sliding_ols,log_wald,365.0,100,100,5,0.1984425707535064,0.0272488424265318,0.0484425707535064,0.0484643296005606,0.3230955306704045,0.1813982153961335,0.2986509230413041,0.2184787820603981,0.3989195806620761,0.0114387029723216,0.0124858587091163,0.0079745156087856,0.0156687087315173,1.7368006234705242,1.1175716469384518,100,1.61491944420805,1.0785151125245709,2.182418870039651,0.05,,12.0,19.0,,,sliding,bb,OLS,ols,0.1117571646938451,1.625043458776679,1.848557788164369,0,0.0,0.0027248842426531,0.0215433614563135,0.1117519652720881,universal_pareto_additive_ar1_xi1.00_theta0.15,BB-sliding-OLS
universal,pareto_additive_ar1,1.0,0.15,0.85,northrop_disjoint_fgls,log_wald,365.0,100,100,14,0.2123273393120216,0.0268812994781943,0.0623273393120216,0.0625433757226573,0.4169558381510493,0.175797250571958,0.3968405262036082,0.2887719511810193,0.5250058748402784,0.0842388434903362,0.0822425371399401,0.0708887264905245,0.0982606542611416,1.1338186350242652,0.8907182014045233,100,0.9794060477761972,0.2935917457643059,1.8041560009418087,0.14,,10.0,15.0,,,disjoint,northrop,FGLS,bootstrap_cov,0.0890718201404523,1.0447468148838128,1.2228904551647175,0,0.0,0.0026881299478194,0.085262657544649,0.2213736038380723,universal_pareto_additive_ar1_xi1.00_theta0.15,Northrop-disjoint-FGLS
universal,pareto_additive_ar1,1.0,0.15,0.85,northrop_disjoint_ols,log_wald,365.0,100,100,3,0.2068047952300082,0.0268910434174697,0.0568047952300082,0.0570132528571401,0.380088352380934,0.1762778509889696,0.3463315575081703,0.2670913664076915,0.4946415291597797,0.0209553735301361,0.021943437600065,0.0134916699415473,0.0262992542874473,1.895315645275467,1.04074054231517,100,1.7692615641442422,1.1960971766414437,2.561031459526198,0.03,,10.0,15.0,,,disjoint,northrop,OLS,ols,0.1040740542315169,1.79124159104395,1.999389699506984,0,0.0,0.0026891043417469,0.0102543382234148,0.0845207808040269,universal_pareto_additive_ar1_xi1.00_theta0.15,Northrop-disjoint-OLS
universal,pareto_additive_ar1,1.0,0.15,0.85,northrop_sliding_fgls,log_wald,365.0,100,100,32,0.2018325682767939,0.0260465866483351,0.0518325682767939,0.0518325682767939,0.3455504551786262,0.1736439109889012,0.3132729032171409,0.2307001924880057,0.434359794613215,0.0855015315594598,0.0851372693711443,0.0741847324286129,0.0937803291613271,0.7435990715850365,0.7726174039374902,100,0.456542055368179,0.0901787988690966,1.057135199904188,0.32,,12.0,18.0,,,sliding,northrop,FGLS,bootstrap_cov,0.077261740393749,0.6663373311912875,0.8208608119787855,0,0.0,0.0026046586648335,0.2366901081545688,0.4166280225367919,universal_pareto_additive_ar1_xi1.00_theta0.15,Northrop-sliding-FGLS
universal,pareto_additive_ar1,1.0,0.15,0.85,northrop_sliding_ols,log_wald,365.0,100,100,7,0.1951698086534127,0.0268332263995292,0.0451698086534127,0.0453447216452978,0.3022981443019854,0.1768904181593062,0.2654895849930019,0.1637274033199891,0.3901486548566054,0.0114727968240781,0.0119141863953239,0.0069927304221853,0.0157597970857016,1.6108689070410986,1.0766055111294373,100,1.396248494518418,0.7445583968559142,2.085101762872755,0.07,,12.0,18.0,,,sliding,northrop,OLS,ols,0.1076605511129437,1.5032083559281548,1.7185294581540425,0,0.0,0.0026833226399529,0.034318824364064,0.1374967100652975,universal_pareto_additive_ar1_xi1.00_theta0.15,Northrop-sliding-OLS
universal,pareto_additive_ar1,1.0,0.25,0.75,bb_disjoint_fgls,log_wald,365.0,100,100,60,0.2917880090834887,0.0392546007443784,0.0417880090834887,0.0472296781364575,0.1889187125458303,0.1297151283805958,0.187636610870837,0.0793685800664921,0.2726329804141554,0.1203835176801693,0.1162253847406047,0.1044494435990862,0.1315373183964366,0.4586537546325103,0.6657141332585433,100,0.1322786494826852,0.1113126296542429,0.6470332902407878,0.6,,9.5,15.0,,,disjoint,bb,FGLS,bootstrap_cov,0.0665714133258543,0.392082341306656,0.5252251679583646,0,0.0,0.0039254600744378,0.5020007846184025,0.6906002538863971,universal_pareto_additive_ar1_xi1.00_theta0.25,BB-disjoint-FGLS
universal,pareto_additive_ar1,1.0,0.25,0.75,bb_disjoint_ols,log_wald,365.0,100,100,21,0.2876287543671645,0.0396454006399961,0.0376287543671644,0.0438140936933379,0.1752563747733516,0.1304096769689751,0.1696891325619205,0.0641858165697019,0.2586926616384462,0.0274774889407878,0.026812261329537,0.0189378304886024,0.0353218748992164,1.2906916321065511,1.1975636342349736,100,1.1166657087868497,0.1136868389631325,1.834202299852081,0.21,,9.5,15.0,,,disjoint,bb,OLS,ols,0.1197563634234973,1.170935268683054,1.4104479955300484,0,0.0,0.0039645400639996,0.1416554953164578,0.2998014930196232,universal_pareto_additive_ar1_xi1.00_theta0.25,BB-disjoint-OLS
universal,pareto_additive_ar1,1.0,0.25,0.75,bb_sliding_fgls,log_wald,365.0,100,100,74,0.283012694465978,0.0373964024786696,0.0330126944659779,0.040629172080573,0.162516688322292,0.1153730449141294,0.1478755842735017,0.068595087558539,0.2285882302400493,0.1226677939580557,0.1204018936394895,0.1086287167647753,0.1356767558638775,0.3414178106183395,0.5488668372137498,100,0.1289701883856309,0.1108981833801815,0.199686943804603,0.74,,12.0,18.5,,,sliding,bb,FGLS,bootstrap_cov,0.0548866837213749,0.2865311268969644,0.3963044943397145,0,0.0,0.0037396402478669,0.6462882736813838,0.8159542187301354,universal_pareto_additive_ar1_xi1.00_theta0.25,BB-sliding-FGLS
universal,pareto_additive_ar1,1.0,0.25,0.75,bb_sliding_ols,log_wald,365.0,100,100,6,0.2785920772692221,0.039593628367208,0.028592077269222,0.0393078348442026,0.1572313393768107,0.1154266468290016,0.1339708691692384,0.072602242428281,0.2225070893282265,0.0083354805036907,0.0071233529207044,0.0025397507893064,0.0126935292386211,1.4202670742679675,1.1662065361777727,100,1.2128295129335411,0.4834469364531227,2.193056612830701,0.06,,12.0,18.5,,,sliding,bb,OLS,ols,0.1166206536177772,1.3036464206501903,1.536887727885745,0,0.0,0.0039593628367208,0.0277857452666566,0.124769685312225,universal_pareto_additive_ar1_xi1.00_theta0.25,BB-sliding-OLS
universal,pareto_additive_ar1,1.0,0.25,0.75,northrop_disjoint_fgls,log_wald,365.0,100,100,69,0.2846272184583743,0.0372078238182329,0.0346272184583743,0.0412722725129813,0.1650890900519252,0.118319663677134,0.1569620965837156,0.0724635603561664,0.2520127797820161,0.1197130596961141,0.1164186961517216,0.1015675626909249,0.132085814826498,0.3570164933051494,0.4710300458023223,100,0.1301055239475685,0.1073103344269917,0.3576420646908499,0.69,,9.0,15.0,,,disjoint,northrop,FGLS,bootstrap_cov,0.0471030045802322,0.3099134887249172,0.4041194978853817,0,0.0,0.0037207823818232,0.5937376052204429,0.7722043679386762,universal_pareto_additive_ar1_xi1.00_theta0.25,Northrop-disjoint-FGLS
universal,pareto_additive_ar1,1.0,0.25,0.75,northrop_disjoint_ols,log_wald,365.0,100,100,23,0.2809918220437982,0.0371959798546181,0.0309918220437982,0.0387458538854759,0.1549834155419037,0.1157466650924533,0.140176466057077,0.0557891730429424,0.2162242768569955,0.0287492229847586,0.0273125611710311,0.0203230461982229,0.036181927550103,1.0778217723294516,1.0261567562782257,100,0.9127305802203458,0.0552622204225883,1.6777391104739616,0.23,,9.0,15.0,,,disjoint,northrop,OLS,ols,0.1026156756278225,0.975206096701629,1.180437447957274,0,0.0,0.0037195979854618,0.158431547468764,0.3215456485682769,universal_pareto_additive_ar1_xi1.00_theta0.25,Northrop-disjoint-OLS
universal,pareto_additive_ar1,1.0,0.25,0.75,northrop_sliding_fgls,log_wald,365.0,100,100,75,0.2768756358602866,0.0367696858556278,0.0268756358602865,0.037267379896692,0.149069519586768,0.1042089508145139,0.1218093074719834,0.0728363108369091,0.2185063860215846,0.1200023897000736,0.1167750820477494,0.1070170999021395,0.1332633729798212,0.3109594025876605,0.4375861503300145,100,0.1271698164522864,0.1117489228237028,0.1667787580383801,0.75,,12.0,16.0,,,sliding,northrop,FGLS,bootstrap_cov,0.0437586150330014,0.2672007875546591,0.3547180176206619,0,0.0,0.0036769685855627,0.6569535362992417,0.8245490599627573,universal_pareto_additive_ar1_xi1.00_theta0.25,Northrop-sliding-FGLS
universal,pareto_additive_ar1,1.0,0.25,0.75,northrop_sliding_ols,log_wald,365.0,100,100,2,0.2727932876610132,0.0383658082182657,0.0227932876610131,0.0368576051688623,0.1474304206754492,0.0999609452182495,0.1261761927175557,0.0724940165844565,0.2168274238700117,0.0079138741983675,0.0060476602551555,0.0025383345832668,0.0122422625147935,1.3250461145808563,1.0110218287734498,100,1.0779402608037394,0.5724165419983339,2.0305759082894723,0.02,,12.0,16.0,,,sliding,northrop,OLS,ols,0.1011021828773449,1.2239439317035112,1.4261482974582014,0,0.0,0.0038365808218265,0.0055018522349681,0.0700131629419936,universal_pareto_additive_ar1_xi1.00_theta0.25,Northrop-sliding-OLS
universal,pareto_additive_ar1,1.0,0.4,0.6,bb_disjoint_fgls,log_wald,365.0,100,100,91,0.4034226228362225,0.0484981363392153,0.0034226228362224,0.0391464349076215,0.0978660872690539,0.0714133789241692,0.0806344104385921,0.039335952694149,0.150238272919952,0.1625261015595672,0.1591098796191868,0.1394769301525512,0.1813237583523021,0.2416400241733075,0.3093571394300197,100,0.1636045678563459,0.1441031643110268,0.1896675129859661,0.91,,9.0,14.0,,,disjoint,bb,FGLS,bootstrap_cov,0.0309357139430019,0.2107043102303055,0.2725757381163095,0,0.0,0.0048498136339215,0.8377362530335634,0.9519280048361152,universal_pareto_additive_ar1_xi1.00_theta0.40,BB-disjoint-FGLS
universal,pareto_additive_ar1,1.0,0.4,0.6,bb_disjoint_ols,log_wald,365.0,100,100,29,0.4013504953893631,0.0499118444923759,0.0013504953893631,0.039815287851135,0.0995382196278375,0.0746560712497599,0.0806653956224972,0.0359867055029364,0.1526607726261641,0.0369688922753521,0.0337057147020634,0.0252066378153899,0.0459521930737701,1.023837244427498,1.1027912741999275,100,0.5922353425929007,0.0571580924359357,1.869563307301481,0.29,,9.0,14.0,,,disjoint,bb,OLS,ols,0.1102791274199927,0.9135581170075052,1.134116371847491,0,0.0,0.0049911844492375,0.2101470697398414,0.3853907494000793,universal_pareto_additive_ar1_xi1.00_theta0.40,BB-disjoint-OLS
universal,pareto_additive_ar1,1.0,0.4,0.6,bb_sliding_fgls,log_wald,365.0,100,100,88,0.3967076890583147,0.0487903509728607,-0.0032923109416851,0.0378759935508551,0.0946899838771379,0.0767449282882691,0.0709877968478196,0.0406619201009854,0.1273135852602931,0.1577991188724506,0.1543854777166012,0.1369919411959608,0.1765588152807794,0.2945181627288019,0.4740449435596542,100,0.1628683291331074,0.1405068695070845,0.1900820790642851,0.88,,11.0,16.0,,,sliding,bb,FGLS,bootstrap_cov,0.0474044943559654,0.2471136683728364,0.3419226570847673,0,0.0,0.004879035097286,0.8018773199709163,0.9300066263473222,universal_pareto_additive_ar1_xi1.00_theta0.40,BB-sliding-FGLS
universal,pareto_additive_ar1,1.0,0.4,0.6,bb_sliding_ols,log_wald,365.0,100,100,10,0.3927136489105216,0.0512249282856553,-0.0072863510894784,0.0406137828887188,0.1015344572217971,0.0795094213637578,0.0827005346899432,0.0415047398808911,0.1513535923765048,0.0079556833143838,0.005693270161716,0.0026454226708592,0.0100382437490995,1.4846389303833845,1.2305686395306112,100,1.2271916445233064,0.5048177640515606,2.145573670034688,0.1,,11.0,16.0,,,sliding,bb,OLS,ols,0.1230568639530611,1.361582066430323,1.6076957943364456,0,0.0,0.0051224928285655,0.0552285416131361,0.1743673043676654,universal_pareto_additive_ar1_xi1.00_theta0.40,BB-sliding-OLS
universal,pareto_additive_ar1,1.0,0.4,0.6,northrop_disjoint_fgls,log_wald,365.0,100,100,90,0.3990941495415427,0.0519257589737258,-0.0009058504584572,0.0403416996653919,0.1008542491634798,0.0811334414024973,0.0768386280146694,0.0327956595748065,0.1549006628990668,0.1664888698299947,0.1580469594243531,0.1419143020801731,0.1824765868120703,0.2467777805105705,0.3177105179682877,100,0.1646235446599075,0.1436188409880003,0.1972810065208272,0.9,,9.0,14.0,,,disjoint,northrop,FGLS,bootstrap_cov,0.0317710517968287,0.2150067287137418,0.2785488323073993,0,0.0,0.0051925758973725,0.8256326956323347,0.944771458386864,universal_pareto_additive_ar1_xi1.00_theta0.40,Northrop-disjoint-FGLS
universal,pareto_additive_ar1,1.0,0.4,0.6,northrop_disjoint_ols,log_wald,365.0,100,100,33,0.3965601883878939,0.0532130351206105,-0.003439811612106,0.0420809943407878,0.1052024858519695,0.0811973627047686,0.0828275570922856,0.0379894405965141,0.163817222886817,0.0390457747021908,0.037545091166033,0.0253396264815478,0.0486398512377958,1.0825717777512898,1.2016496410133322,100,0.5752247322831916,0.0586631201862676,2.018327311442615,0.33,,9.0,14.0,,,disjoint,northrop,OLS,ols,0.1201649641013332,0.9624068136499564,1.202736741852623,0,0.0,0.005321303512061,0.2456298379389545,0.4269483966028862,universal_pareto_additive_ar1_xi1.00_theta0.40,Northrop-disjoint-OLS
universal,pareto_additive_ar1,1.0,0.4,0.6,northrop_sliding_fgls,log_wald,365.0,100,100,87,0.3910889119155064,0.0527064468969366,-0.0089110880844936,0.0415139578839617,0.1037848947099044,0.0835674227550095,0.084308633036316,0.0438075912340521,0.1495689499584746,0.1565782214366597,0.1532526183772313,0.137690319117303,0.1711143621235058,0.3212894882737134,0.5608328899230889,100,0.1635819444677297,0.1424561694127793,0.1873213402162217,0.87,,11.0,16.0,,,sliding,northrop,FGLS,bootstrap_cov,0.0560832889923088,0.2652061992814045,0.3773727772660223,0,0.0,0.0052706446896936,0.7901947810519012,0.9224290614158576,universal_pareto_additive_ar1_xi1.00_theta0.40,Northrop-sliding-FGLS
universal,pareto_additive_ar1,1.0,0.4,0.6,northrop_sliding_ols,log_wald,365.0,100,100,6,0.3870888569146436,0.052867067800247,-0.0129111430853564,0.0432653466080286,0.1081633665200716,0.081872999546679,0.0877525458475411,0.0473460926590773,0.1528405554185139,0.0084435765627509,0.0052304238736424,0.0028491224434488,0.010446010391004,1.5753574312958645,1.267958395455712,100,1.269082472032442,0.6647531456750457,2.199097822343802,0.06,,11.0,16.0,,,sliding,northrop,OLS,ols,0.1267958395455712,1.448561591750293,1.7021532708414355,0,0.0,0.0052867067800247,0.0277857452666566,0.124769685312225,universal_pareto_additive_ar1_xi1.00_theta0.40,Northrop-sliding-OLS
universal,pareto_additive_ar1,1.0,0.6,0.4,bb_disjoint_fgls,log_wald,365.0,100,100,77,0.5579543483944129,0.0700864164474679,-0.0420456516055869,0.0649069201101495,0.1081782001835825,0.0823666703711961,0.0860512774753074,0.046899213250773,0.1620681111202342,0.2151649913899053,0.2103186788499894,0.1861016374466351,0.2437204569982737,0.5605240313814154,0.8514110782109945,100,0.2374761841869979,0.2059813700172261,0.2977797544495534,0.77,,9.0,14.0,,,disjoint,bb,FGLS,bootstrap_cov,0.0851411078210994,0.4753829235603159,0.6456651392025148,0,0.0,0.0070086416447467,0.6784543514317231,0.841568452531236,universal_pareto_additive_ar1_xi1.00_theta0.60,BB-disjoint-FGLS
universal,pareto_additive_ar1,1.0,0.6,0.4,bb_disjoint_ols,log_wald,365.0,100,100,30,0.5568321722255941,0.0718720769113221,-0.0431678277744059,0.066805865255388,0.11134310875898,0.0839936333063546,0.0948030796772081,0.0411020578116042,0.1677723247437749,0.05641262340202,0.0528403800316165,0.0356798514527798,0.0699154561193823,1.809207479008971,1.913801583319711,100,1.2821674926331623,0.1145011023621085,2.676253738813948,0.3,,9.0,14.0,,,disjoint,bb,OLS,ols,0.1913801583319711,1.6178273206769995,2.000587637340942,0,0.0,0.0071872076911322,0.2189475386622811,0.3958503843281195,universal_pareto_additive_ar1_xi1.00_theta0.60,BB-disjoint-OLS
universal,pareto_additive_ar1,1.0,0.6,0.4,bb_sliding_fgls,log_wald,365.0,100,100,73,0.5531365799715674,0.0717989125989197,-0.0468634200284326,0.0693903051387999,0.1156505085646665,0.0834964514892977,0.0943475962890802,0.0464145717520151,0.1708587238175969,0.2055598168300733,0.1997690750437166,0.1785476037445636,0.2279923880638656,0.5596398020196788,0.8817820273558863,100,0.2208935105932735,0.1913224866220711,0.3300395977850508,0.73,,10.0,16.0,,,sliding,bb,FGLS,bootstrap_cov,0.0881782027355886,0.4714615992840901,0.6478180047552674,0,0.0,0.0071798912598919,0.6356769977376873,0.8073053908233518,universal_pareto_additive_ar1_xi1.00_theta0.60,BB-sliding-FGLS
universal,pareto_additive_ar1,1.0,0.6,0.4,bb_sliding_ols,log_wald,365.0,100,100,7,0.5532364747496584,0.0753350208508808,-0.0467635252503415,0.0713604008944854,0.118934001490809,0.0872502398376276,0.0966076566091875,0.0453055674716847,0.1711469574339703,0.0115751183755946,0.0063615945145652,0.0039673553005844,0.0172498679791216,2.650936157314535,2.062848273921027,100,2.1690103422210525,0.9753504828648074,4.002518758767858,0.07,,10.0,16.0,,,sliding,bb,OLS,ols,0.2062848273921027,2.444651329922432,2.857220984706638,0,0.0,0.007533502085088,0.034318824364064,0.1374967100652975,universal_pareto_additive_ar1_xi1.00_theta0.60,BB-sliding-OLS
universal,pareto_additive_ar1,1.0,0.6,0.4,northrop_disjoint_fgls,log_wald,365.0,100,100,75,0.5521907830514781,0.0731490853868671,-0.0478092169485218,0.069934494381442,0.1165574906357367,0.0869125062655931,0.0900875232140883,0.045964522118103,0.1788910507943384,0.220574961446747,0.2124547779017235,0.1890613775380357,0.251353579810026,0.6107759481723151,0.9398907864959029,100,0.2491360317433574,0.2104993544367984,0.3141157056297169,0.75,,9.0,14.0,,,disjoint,northrop,FGLS,bootstrap_cov,0.0939890786495902,0.5167868695227248,0.7047650268219053,0,0.0,0.0073149085386867,0.6569535362992417,0.8245490599627573,universal_pareto_additive_ar1_xi1.00_theta0.60,Northrop-disjoint-FGLS
universal,pareto_additive_ar1,1.0,0.6,0.4,northrop_disjoint_ols,log_wald,365.0,100,100,31,0.5512593830634475,0.0735388765068105,-0.0487406169365525,0.0705120170655739,0.1175200284426233,0.0879621813664468,0.096062971399296,0.042313592628202,0.1779999117394465,0.0584976249876665,0.0547044062417257,0.037963004526776,0.07238591949376,1.9078366832196096,2.025529663417484,100,1.2078380452915032,0.1023887562114742,3.0132693882810946,0.31,,9.0,14.0,,,disjoint,northrop,OLS,ols,0.2025529663417484,1.7052837168778612,2.110389649561358,0,0.0,0.007353887650681,0.2277956320613237,0.4062623947795569,universal_pareto_additive_ar1_xi1.00_theta0.60,Northrop-disjoint-OLS
universal,pareto_additive_ar1,1.0,0.6,0.4,northrop_sliding_fgls,log_wald,365.0,100,100,74,0.5474669305906243,0.0737788592750336,-0.0525330694093756,0.0744482246164305,0.1240803743607175,0.08551146883584,0.1072054553419266,0.0566477153277558,0.1858154530038357,0.2087911915621523,0.2042302095837979,0.1810888271837337,0.2339934071675113,0.6226400236469627,0.9731574688889744,100,0.2195582407681079,0.1970088871189076,0.3560100589302851,0.74,,10.0,16.0,,,sliding,northrop,FGLS,bootstrap_cov,0.0973157468888974,0.5253242767580653,0.7199557705358601,0,0.0,0.0073778859275033,0.6462882736813838,0.8159542187301354,universal_pareto_additive_ar1_xi1.00_theta0.60,Northrop-sliding-FGLS
universal,pareto_additive_ar1,1.0,0.6,0.4,northrop_sliding_ols,log_wald,365.0,100,100,1,0.5469736109483133,0.0770879748776513,-0.0530263890516866,0.0772895880180663,0.1288159800301105,0.087380635785906,0.1194429540163105,0.0602759137915247,0.1828801879242869,0.0117487877562995,0.0066974655912196,0.0044952040132213,0.0157085309664237,2.870364754844674,2.072042958730791,100,2.4951016052149684,1.259523870808936,4.245263321099253,0.01,,10.0,16.0,,,sliding,northrop,OLS,ols,0.2072042958730791,2.6631604589715945,3.077569050717753,0,0.0,0.0077087974877651,0.0017673865655472,0.0544875247609346,universal_pareto_additive_ar1_xi1.00_theta0.60,Northrop-sliding-OLS
universal,pareto_additive_ar1,1.0,0.8,0.1999999999999999,bb_disjoint_fgls,log_wald,365.0,100,100,75,0.7775421194940645,0.1039098676598446,-0.0224578805059354,0.0868944255851486,0.1086180319814357,0.0758267062347526,0.094372397936099,0.0450672536845331,0.1694666226443182,0.2449626867266949,0.2494799501193136,0.2234201781523008,0.2716939481176993,0.7479694612293506,1.0423733401709976,100,0.2725190129650202,0.2447500870462217,0.3624517320203243,0.75,,10.0,15.0,,,disjoint,bb,FGLS,mixed,0.1042373340170997,0.6437321272122508,0.8522067952464504,0,0.0,0.0103909867659844,0.6569535362992417,0.8245490599627573,universal_pareto_additive_ar1_xi1.00_theta0.80,BB-disjoint-FGLS
universal,pareto_additive_ar1,1.0,0.8,0.1999999999999999,bb_disjoint_ols,log_wald,365.0,100,100,30,0.7770263663827852,0.1043771001023201,-0.0229736336172147,0.0880706132150167,0.1100882665187709,0.0749261859516276,0.0946424929854167,0.042220610923285,0.1677369275873369,0.0675998346697831,0.0616729620951373,0.0420670162149367,0.0877495567472592,2.518636493885634,2.4077606173963124,100,1.8768908876897532,0.1418023405962241,4.1229828197946805,0.3,,10.0,15.0,,,disjoint,bb,OLS,mixed,0.2407760617396312,2.277860432146003,2.759412555625265,0,0.0,0.010437710010232,0.2189475386622811,0.3958503843281195,universal_pareto_additive_ar1_xi1.00_theta0.80,BB-disjoint-OLS
universal,pareto_additive_ar1,1.0,0.8,0.1999999999999999,bb_sliding_fgls,log_wald,365.0,100,100,75,0.7639455028355201,0.0914585790907927,-0.0360544971644799,0.0816293081104604,0.1020366351380755,0.0678587524455546,0.0841716115109289,0.0482095089020002,0.1491375366481969,0.2359567053061529,0.2327308112020146,0.2140328151158682,0.2586181534940539,0.7012095749388423,1.114208641060498,100,0.2589723053824974,0.2294797711890316,0.3675289273137601,0.75,,10.0,16.0,,,sliding,bb,FGLS,mixed,0.1114208641060497,0.5897887108327925,0.8126304390448921,0,0.0,0.0091458579090792,0.6569535362992417,0.8245490599627573,universal_pareto_additive_ar1_xi1.00_theta0.80,BB-sliding-FGLS
universal,pareto_additive_ar1,1.0,0.8,0.1999999999999999,bb_sliding_ols,log_wald,365.0,100,100,5,0.7634063102164957,0.0918660476119091,-0.0365936897835043,0.0812079402117162,0.1015099252646453,0.0699402881068457,0.0813012778824055,0.046359143617926,0.1505074736587659,0.0149762840692322,0.0099786918709722,0.0046404785767709,0.0194756520730902,2.985054159224754,2.2476399039666313,100,2.4450569185772073,1.3454246176524018,4.448590798277112,0.05,,10.0,16.0,,,sliding,bb,OLS,mixed,0.2247639903966631,2.760290168828091,3.2098181496214173,0,0.0,0.0091866047611909,0.0215433614563135,0.1117519652720881,universal_pareto_additive_ar1_xi1.00_theta0.80,BB-sliding-OLS
universal,pareto_additive_ar1,1.0,0.8,0.1999999999999999,northrop_disjoint_fgls,log_wald,365.0,100,100,69,0.7769110246156647,0.105892211228355,-0.0230889753843353,0.0890939480861111,0.1113674351076389,0.0763803736554796,0.0982392994703723,0.0462270126909871,0.1701898003268258,0.2484489117687039,0.2492004604161484,0.2276561897852755,0.2779286031559289,0.7251193353330635,0.9710481055221684,100,0.2857326143562328,0.2492176390911081,0.5388526741029538,0.69,,10.0,15.5,,,disjoint,northrop,FGLS,mixed,0.0971048105522168,0.6280145247808466,0.8222241458852804,0,0.0,0.0105892211228355,0.5937376052204429,0.7722043679386762,universal_pareto_additive_ar1_xi1.00_theta0.80,Northrop-disjoint-FGLS
universal,pareto_additive_ar1,1.0,0.8,0.1999999999999999,northrop_disjoint_ols,log_wald,365.0,100,100,28,0.7765789074733828,0.1062864674725244,-0.0234210925266172,0.0901740957175934,0.1127176196469917,0.0753885670149032,0.0973231018718404,0.0490762128495369,0.1733186715729685,0.0697272788020738,0.0654006452021069,0.0417610706243452,0.0944189852411697,2.553732728818398,2.440872791137795,100,1.9210342570522947,0.1459593820262049,4.509788298368237,0.28,,10.0,15.5,,,disjoint,northrop,OLS,mixed,0.2440872791137795,2.309645449704619,2.797820007932178,0,0.0,0.0106286467472524,0.2013955916759837,0.3748821236134572,universal_pareto_additive_ar1_xi1.00_theta0.80,Northrop-disjoint-OLS
universal,pareto_additive_ar1,1.0,0.8,0.1999999999999999,northrop_sliding_fgls,log_wald,365.0,100,100,74,0.7627433549202648,0.0940943995559686,-0.0372566450797351,0.0840691186346567,0.1050863982933209,0.0697856947027669,0.0916773592662283,0.0524700015789586,0.1579414237416958,0.2402544917726399,0.2400146236239571,0.2163795786521369,0.2672090275348695,0.7366419031943265,1.134122095969829,100,0.269603778456807,0.2335827810288039,0.3716489989727319,0.74,,10.0,16.0,,,sliding,northrop,FGLS,mixed,0.1134122095969829,0.6232296935973436,0.8500541127913095,0,0.0,0.0094094399555968,0.6462882736813838,0.8159542187301354,universal_pareto_additive_ar1_xi1.00_theta0.80,Northrop-sliding-FGLS
universal,pareto_additive_ar1,1.0,0.8,0.1999999999999999,northrop_sliding_ols,log_wald,365.0,100,100,5,0.7615235858188103,0.0944151783170687,-0.0384764141811897,0.0842808106291805,0.1053510132864756,0.0710920303306072,0.0888028259083523,0.0509243726849422,0.1576285392763549,0.0162890742513717,0.0120334121338509,0.0060052869215868,0.0196431308494591,3.075337882994793,2.295956125214871,100,2.5374234673321214,1.2404626812030628,4.751593988669767,0.05,,10.0,16.0,,,sliding,northrop,OLS,mixed,0.229595612521487,2.845742270473306,3.30493349551628,0,0.0,0.0094415178317068,0.0215433614563135,0.1117519652720881,universal_pareto_additive_ar1_xi1.00_theta0.80,Northrop-sliding-OLS
universal,pareto_additive_ar1,1.0,1.0,0.0,bb_disjoint_fgls,log_wald,365.0,100,100,88,0.966651159954304,0.0516370252228826,-0.033348840045696,0.033348840045696,0.033348840045696,0.0516370252228826,0.0042917149538809,0.0,0.0533900146605721,0.0962496229809625,0.0816151793305996,0.0484232825542815,0.1334546725551747,0.2994821842447881,0.7365619929560194,100,0.0816151793305996,0.0484232825542815,0.1334546725551747,0.88,,10.0,14.0,,,disjoint,bb,FGLS,mixed,0.0736561992956019,0.2258259849491861,0.3731383835403901,0,0.0,0.0051637025222882,0.8018773199709163,0.9300066263473222,universal_pareto_additive_ar1_xi1.00_theta1.00,BB-disjoint-FGLS
universal,pareto_additive_ar1,1.0,1.0,0.0,bb_disjoint_ols,log_wald,365.0,100,100,64,0.9663183684769632,0.0519896815892407,-0.033681631523037,0.033681631523037,0.033681631523037,0.0519896815892407,0.0032254927718911,0.0,0.0545671013371988,0.0306633719990985,0.0091886924089857,0.0,0.0535931763222496,0.7720197414396123,1.5445039098809843,100,0.009517310334394,0.0,0.9655703619836716,0.64,,10.0,14.0,,,disjoint,bb,OLS,mixed,0.1544503909880984,0.6175693504515138,0.9264701324277108,0,0.0,0.005198968158924,0.542352199811621,0.7272892540950986,universal_pareto_additive_ar1_xi1.00_theta1.00,BB-disjoint-OLS
universal,pareto_additive_ar1,1.0,1.0,0.0,bb_sliding_fgls,log_wald,365.0,100,100,86,0.9633554543235274,0.0584653880219502,-0.0366445456764724,0.0366445456764724,0.0366445456764724,0.0584653880219502,0.0,0.0,0.0613285445273242,0.0912938729505245,0.0686984023020838,0.0323117459495185,0.1467607543047741,0.2969348582676263,0.7887026733135938,100,0.0686984023020838,0.0323117459495185,0.1467607543047741,0.86,,8.0,12.0,,,sliding,bb,FGLS,mixed,0.0788702673313593,0.2180645909362669,0.3758051255989857,0,0.0,0.005846538802195,0.7786263961619276,0.914737342455351,universal_pareto_additive_ar1_xi1.00_theta1.00,BB-sliding-FGLS
universal,pareto_additive_ar1,1.0,1.0,0.0,bb_sliding_ols,log_wald,365.0,100,100,57,0.960774120585908,0.061112354881595,-0.0392258794140919,0.0392258794140919,0.0392258794140919,0.061112354881595,0.0,0.0,0.061159962319699,0.006334778200476,0.0,0.0,0.0087489964490014,1.4485496151242134,2.3370949016739866,100,0.0,0.0,2.0978051732648386,0.57,,8.0,12.0,,,sliding,bb,OLS,mixed,0.2337094901673986,1.2148401249568148,1.682259105291612,0,0.0,0.0061112354881595,0.4721521169586435,0.6626686099947162,universal_pareto_additive_ar1_xi1.00_theta1.00,BB-sliding-OLS
universal,pareto_additive_ar1,1.0,1.0,0.0,northrop_disjoint_fgls,log_wald,365.0,100,100,88,0.9674573705745216,0.0520697219641674,-0.0325426294254783,0.0325426294254783,0.0325426294254783,0.0520697219641674,0.0030993444516004,0.0,0.0507799741160008,0.0968731337405192,0.0810926160184843,0.0518194763414714,0.1316262583809447,0.2989447892181928,0.7463201827846658,100,0.0810926160184843,0.0518194763414714,0.1316262583809447,0.88,,9.5,13.0,,,disjoint,northrop,FGLS,mixed,0.0746320182784665,0.2243127709397262,0.3735768074966593,0,0.0,0.0052069721964167,0.8018773199709163,0.9300066263473222,universal_pareto_additive_ar1_xi1.00_theta1.00,Northrop-disjoint-FGLS
universal,pareto_additive_ar1,1.0,1.0,0.0,northrop_disjoint_ols,log_wald,365.0,100,100,65,0.96701830976271,0.0525471301020461,-0.03298169023729,0.03298169023729,0.03298169023729,0.0525471301020461,0.0041126937598572,0.0,0.0528473482330802,0.0299794563874594,0.0090082887202277,0.0,0.0552332187723635,0.7580232434419181,1.5622893903918338,100,0.010659485244916,0.0,0.8547108196329501,0.65,,9.5,13.0,,,disjoint,northrop,OLS,mixed,0.1562289390391834,0.6017943044027347,0.9142521824811014,0,0.0,0.0052547130102046,0.5525426042919797,0.7363589534652197,universal_pareto_additive_ar1_xi1.00_theta1.00,Northrop-disjoint-OLS
universal,pareto_additive_ar1,1.0,1.0,0.0,northrop_sliding_fgls,log_wald,365.0,100,100,86,0.9626470923698992,0.0601531213205356,-0.0373529076301008,0.0373529076301008,0.0373529076301008,0.0601531213205356,0.0,0.0,0.062396714877116,0.0928071791151573,0.067894720608691,0.0292610167703341,0.1450343135405833,0.3047881554230938,0.8285895667101664,100,0.067894720608691,0.0292610167703341,0.1450343135405833,0.86,,8.0,12.0,,,sliding,northrop,FGLS,mixed,0.0828589566710166,0.2219291987520771,0.3876471120941104,0,0.0,0.0060153121320535,0.7786263961619276,0.914737342455351,universal_pareto_additive_ar1_xi1.00_theta1.00,Northrop-sliding-FGLS
universal,pareto_additive_ar1,1.0,1.0,0.0,northrop_sliding_ols,log_wald,365.0,100,100,57,0.9603565413275152,0.0621910705390078,-0.0396434586724848,0.0396434586724848,0.0396434586724848,0.0621910705390078,0.0,0.0,0.063409296237659,0.0054584336870311,0.0,0.0,0.0071237151586329,1.481884427024733,2.392130067939608,100,0.0,0.0,2.2119099908497315,0.57,,8.0,12.0,,,sliding,northrop,OLS,mixed,0.2392130067939608,1.2426714202307725,1.721097433818694,0,0.0,0.0062191070539007,0.4721521169586435,0.6626686099947162,universal_pareto_additive_ar1_xi1.00_theta1.00,Northrop-sliding-OLS
universal,pareto_additive_ar1,5.0,0.1,0.5904900000000001,bb_disjoint_fgls,log_wald,365.0,100,100,0,0.1943467933901257,0.0312762183596434,0.0943467933901257,0.0943467933901257,0.9434679339012578,0.3127621835964344,0.9151703277039352,0.7020757774253317,1.181995089123124,0.0692736931499732,0.0669540109311654,0.0586533506830161,0.076988328018116,2.583999450014559,1.128661023206825,100,2.466831964093342,1.6535520568704938,3.5176652039884737,0.0,,9.0,15.0,,,disjoint,bb,FGLS,bootstrap_cov,0.1128661023206825,2.4711333476938764,2.6968655523352414,0,0.0,0.0031276218359643,0.0,0.0369948074760019,universal_pareto_additive_ar1_xi5.00_theta0.10,BB-disjoint-FGLS
universal,pareto_additive_ar1,5.0,0.1,0.5904900000000001,bb_disjoint_ols,log_wald,365.0,100,100,0,0.1884559660823091,0.0303276844351483,0.0884559660823091,0.0884559660823091,0.8845596608230915,0.3032768443514833,0.8576096475075854,0.6426685868085986,1.1018326583873392,0.0171729765518969,0.0169230516949948,0.0115459110212245,0.0219592438152037,3.2211780568351385,1.176281827824027,100,3.126368261755914,2.2756597427934047,4.016127183040744,0.0,,9.0,15.0,,,disjoint,bb,OLS,ols,0.1176281827824027,3.1035498740527356,3.3388062396175413,0,0.0,0.0030327684435148,0.0,0.0369948074760019,universal_pareto_additive_ar1_xi5.00_theta0.10,BB-disjoint-OLS
universal,pareto_additive_ar1,5.0,0.1,0.5904900000000001,bb_sliding_fgls,log_wald,365.0,100,100,0,0.1838830848985662,0.0237609930367636,0.0838830848985662,0.0838830848985662,0.8388308489856625,0.2376099303676359,0.7905301489896616,0.6838691638067523,0.9709587709939792,0.071836531436767,0.0690564461070073,0.0602062455680683,0.079651086996066,2.1315046468129917,0.769017225492318,100,1.9902802412656604,1.5883406347791085,2.553336667893886,0.0,,12.0,17.5,,,sliding,bb,FGLS,bootstrap_cov,0.0769017225492318,2.05460292426376,2.2084063693622236,0,0.0,0.0023760993036763,0.0,0.0369948074760019,universal_pareto_additive_ar1_xi5.00_theta0.10,BB-sliding-FGLS
universal,pareto_additive_ar1,5.0,0.1,0.5904900000000001,bb_sliding_ols,log_wald,365.0,100,100,0,0.176164869876029,0.0244841230572835,0.076164869876029,0.076164869876029,0.7616486987602907,0.2448412305728358,0.718328923792648,0.6067662138841105,0.9126735665913144,0.0122416130896562,0.0127365809716162,0.0102027230564196,0.0154452312282048,2.818937820206303,1.012487109235143,100,2.638481596913987,2.1162603564468982,3.437879186618825,0.0,,12.0,17.5,,,sliding,bb,OLS,ols,0.1012487109235143,2.7176891092827886,2.920186531129817,0,0.0,0.0024484123057283,0.0,0.0369948074760019,universal_pareto_additive_ar1_xi5.00_theta0.10,BB-sliding-OLS
universal,pareto_additive_ar1,5.0,0.1,0.5904900000000001,northrop_disjoint_fgls,log_wald,365.0,100,100,0,0.1944555420523263,0.0316620723554193,0.0944555420523262,0.0944555420523262,0.9445554205232628,0.3166207235541931,0.9065166598815996,0.6802523432867023,1.185480415105382,0.0694436877135654,0.0693099880127896,0.0587987969562131,0.07763305482008,2.5858331957317775,1.1571292661726211,100,2.5128935128637826,1.5980027569833612,3.477933737521621,0.0,,9.0,15.0,,,disjoint,northrop,FGLS,bootstrap_cov,0.1157129266172621,2.470120269114515,2.70154612234904,0,0.0,0.0031662072355419,0.0,0.0369948074760019,universal_pareto_additive_ar1_xi5.00_theta0.10,Northrop-disjoint-FGLS
universal,pareto_additive_ar1,5.0,0.1,0.5904900000000001,northrop_disjoint_ols,log_wald,365.0,100,100,0,0.187337693708217,0.0302870329693029,0.087337693708217,0.087337693708217,0.8733769370821705,0.3028703296930291,0.8318790373924446,0.6386164558349451,1.0860649676673666,0.0192224106194512,0.0189294043496798,0.0120675241178202,0.0258726882376092,3.140060191975855,1.174346844057521,100,2.9146386170111973,2.156047840462438,3.902576935677137,0.0,,9.0,15.0,,,disjoint,northrop,OLS,ols,0.1174346844057521,3.022625507570103,3.2574948763816067,0,0.0,0.0030287032969302,0.0,0.0369948074760019,universal_pareto_additive_ar1_xi5.00_theta0.10,Northrop-disjoint-OLS
universal,pareto_additive_ar1,5.0,0.1,0.5904900000000001,northrop_sliding_fgls,log_wald,365.0,100,100,0,0.1838635618527397,0.0237601264381841,0.0838635618527397,0.0838635618527397,0.8386356185273972,0.2376012643818412,0.8196384203917851,0.6675691835381021,0.993740118545122,0.0711645038201125,0.068513237776843,0.05918994496211,0.0800782027755815,2.141273813298821,0.7829215965384557,100,2.0704854024220136,1.5764284027152478,2.599510561548106,0.0,,12.0,16.0,,,sliding,northrop,FGLS,bootstrap_cov,0.0782921596538455,2.0629816536449757,2.2195659729526667,0,0.0,0.0023760126438184,0.0,0.0369948074760019,universal_pareto_additive_ar1_xi5.00_theta0.10,Northrop-sliding-FGLS
universal,pareto_additive_ar1,5.0,0.1,0.5904900000000001,northrop_sliding_ols,log_wald,365.0,100,100,0,0.1762324387743667,0.0244176484498366,0.0762324387743667,0.0762324387743667,0.7623243877436674,0.2441764844983669,0.7075810657420178,0.603392956581098,0.9298557213055264,0.0124952631658257,0.0131507222675147,0.0090594495793836,0.0160523314018308,2.817249061264821,1.0088855895692053,100,2.5599767691633657,2.1174991537672336,3.490909068606024,0.0,,12.0,16.0,,,sliding,northrop,OLS,ols,0.1008885589569205,2.7163605023079005,2.9181376202217417,0,0.0,0.0024417648449836,0.0,0.0369948074760019,universal_pareto_additive_ar1_xi5.00_theta0.10,Northrop-sliding-OLS
universal,pareto_additive_ar1,5.0,0.15,0.4437053124999999,bb_disjoint_fgls,log_wald,365.0,100,100,9,0.2425555865722032,0.0373290016090855,0.0925555865722032,0.0925555865722032,0.6170372438146885,0.2488600107272368,0.6383090161684628,0.4233393102539837,0.7557704695159241,0.0947507270733609,0.088804181693309,0.07850943647903,0.103105776506566,2.110889128526,1.2510258042365627,100,2.251522608441171,0.9989902377981916,3.033989357816254,0.09,,9.0,15.0,,,disjoint,bb,FGLS,bootstrap_cov,0.1251025804236562,1.9857865481023436,2.235991708949656,0,0.0,0.0037329001609085,0.0480719951638848,0.1622637469664366,universal_pareto_additive_ar1_xi5.00_theta0.15,BB-disjoint-FGLS
universal,pareto_additive_ar1,5.0,0.15,0.4437053124999999,bb_disjoint_ols,log_wald,365.0,100,100,0,0.2366208657376635,0.0379285258464226,0.0866208657376635,0.0866208657376635,0.5774724382510906,0.2528568389761507,0.5746899483915779,0.3881008095232722,0.7284383359013067,0.0223303632374277,0.0212587304924627,0.0139220224367172,0.0303329990840664,3.0531230341349955,1.4597276243407782,100,2.933160664036113,1.9710725465084495,3.966691408423299,0.0,,9.0,15.0,,,disjoint,bb,OLS,ols,0.1459727624340778,2.907150271700918,3.199095796569073,0,0.0,0.0037928525846422,0.0,0.0369948074760019,universal_pareto_additive_ar1_xi5.00_theta0.15,BB-disjoint-OLS
universal,pareto_additive_ar1,5.0,0.15,0.4437053124999999,bb_sliding_fgls,log_wald,365.0,100,100,8,0.2308672903362275,0.0362210695443845,0.0808672903362275,0.0808672903362275,0.5391152689081838,0.2414737969625638,0.4917350055438659,0.3784155432031141,0.7264635616075387,0.096935066954693,0.0951938319152798,0.0813918695879703,0.1060356124481076,1.623225798997553,1.1855530401960312,100,1.3908682364207272,0.7406993548327181,2.376843803468874,0.08,,12.0,18.5,,,sliding,bb,FGLS,bootstrap_cov,0.1185553040196031,1.5046704949779497,1.7417811030171562,0,0.0,0.0036221069544384,0.0410929694858109,0.1499826687940307,universal_pareto_additive_ar1_xi5.00_theta0.15,BB-sliding-FGLS
universal,pareto_additive_ar1,5.0,0.15,0.4437053124999999,bb_sliding_ols,log_wald,365.0,100,100,0,0.2249422467997979,0.0371684436139367,0.0749422467997979,0.0749422467997979,0.4996149786653198,0.2477896240929116,0.4633226650213293,0.318612631909654,0.6562870945702461,0.0105786925214988,0.0109147116008697,0.0056307846127348,0.0155762568487728,2.800216254643968,1.5375917145213684,100,2.6585160533465313,1.6935179732495833,3.649871290875238,0.0,,12.0,18.5,,,sliding,bb,OLS,ols,0.1537591714521368,2.646457083191831,2.953975426096105,0,0.0,0.0037168443613936,0.0,0.0369948074760019,universal_pareto_additive_ar1_xi5.00_theta0.15,BB-sliding-OLS
universal,pareto_additive_ar1,5.0,0.15,0.4437053124999999,northrop_disjoint_fgls,log_wald,365.0,100,100,8,0.2437017670966884,0.0389632419706776,0.0937017670966884,0.0938881931664571,0.6259212877763811,0.2567150877931623,0.6675189933678882,0.4136017788409289,0.7924008707426872,0.0956016372820871,0.0901118466064777,0.0800318404588695,0.1042966046655487,2.1499043950164163,1.2923047253041344,100,2.337979827724337,0.9534090932976336,3.104154469124347,0.08,,9.0,14.0,,,disjoint,northrop,FGLS,bootstrap_cov,0.1292304725304134,2.020673922486002,2.27913486754683,0,0.0,0.0038963241970677,0.0410929694858109,0.1499826687940307,universal_pareto_additive_ar1_xi5.00_theta0.15,Northrop-disjoint-FGLS
universal,pareto_additive_ar1,5.0,0.15,0.4437053124999999,northrop_disjoint_ols,log_wald,365.0,100,100,0,0.2389726073693731,0.0384362384499175,0.0889726073693731,0.0891595709639131,0.5943971397594211,0.253307348441635,0.5921404878348088,0.3846662308376721,0.7495325292898063,0.0245550979244266,0.0243505889294409,0.015253710121356,0.0330470890916452,3.1151511016532134,1.4455329900138607,100,3.0187599757159087,1.9160924112043132,4.154226048866281,0.0,,9.0,14.0,,,disjoint,northrop,OLS,ols,0.144553299001386,2.9705978026518274,3.259704400654599,0,0.0,0.0038436238449917,0.0,0.0369948074760019,universal_pareto_additive_ar1_xi5.00_theta0.15,Northrop-disjoint-OLS
universal,pareto_additive_ar1,5.0,0.15,0.4437053124999999,northrop_sliding_fgls,log_wald,365.0,100,100,6,0.2324798381571947,0.0347074761651101,0.0824798381571947,0.0824798381571947,0.5498655877146319,0.2313831744340676,0.5137172740540767,0.3815399877777835,0.707467807417779,0.0958935196653559,0.093934428948505,0.0834410117489104,0.1052249982157373,1.697808191782658,1.1530628842379758,100,1.4980076571074572,0.8637228041766166,2.4245998273692786,0.06,,12.0,16.0,,,sliding,northrop,FGLS,bootstrap_cov,0.1153062884237975,1.5825019033588603,1.8131144802064556,0,0.0,0.003470747616511,0.0277857452666566,0.124769685312225,universal_pareto_additive_ar1_xi5.00_theta0.15,Northrop-sliding-FGLS
universal,pareto_additive_ar1,5.0,0.15,0.4437053124999999,northrop_sliding_ols,log_wald,365.0,100,100,0,0.2267836201278076,0.0351633367954967,0.0767836201278076,0.0767836201278076,0.5118908008520507,0.2344222453033115,0.4884487530703364,0.3402458443602911,0.6875914689854741,0.0107412969329167,0.0099463997522335,0.0055139488910161,0.0156054369673717,2.870970655166049,1.4510553958233832,100,2.775355428575385,1.7930203993695168,3.955275710977684,0.0,,12.0,16.0,,,sliding,northrop,OLS,ols,0.1451055395823383,2.725865115583711,3.0160761947483876,0,0.0,0.0035163336795496,0.0,0.0369948074760019,universal_pareto_additive_ar1_xi5.00_theta0.15,Northrop-sliding-OLS
universal,pareto_additive_ar1,5.0,0.25,0.2373046875,bb_disjoint_fgls,log_wald,365.0,100,100,26,0.3334782384788315,0.0412614303542335,0.0834782384788315,0.0834782384788315,0.3339129539153261,0.1650457214169339,0.3301274370020081,0.2243648691843139,0.4265679064243389,0.1357219215709884,0.1288908069701667,0.1176716282542281,0.1508701436209278,1.2577204391661696,1.128208783030529,100,1.0018265420773207,0.1569753727147145,1.8834546861149304,0.26,,9.0,14.0,,,disjoint,bb,FGLS,bootstrap_cov,0.1128208783030529,1.1448995608631167,1.3705413174692225,0,0.0,0.0041261430354233,0.1840457812698646,0.3537117263186163,universal_pareto_additive_ar1_xi5.00_theta0.25,BB-disjoint-FGLS
universal,pareto_additive_ar1,5.0,0.25,0.2373046875,bb_disjoint_ols,log_wald,365.0,100,100,3,0.3285308146070961,0.0423665478775475,0.0785308146070962,0.0785308146070962,0.3141232584283848,0.1694661915101902,0.3013166366657096,0.1990878853078466,0.4106195324418878,0.0280421752194123,0.0272459762594675,0.0178541447945086,0.0348827028482527,2.6372147605209295,1.6448832733465102,100,2.5522251592960172,1.4387181634705088,3.5910464466055503,0.03,,9.0,14.0,,,disjoint,bb,OLS,ols,0.164488327334651,2.4727264331862786,2.8017030878555804,0,0.0,0.0042366547877547,0.0102543382234148,0.0845207808040269,universal_pareto_additive_ar1_xi5.00_theta0.25,BB-disjoint-OLS
universal,pareto_additive_ar1,5.0,0.25,0.2373046875,bb_sliding_fgls,log_wald,365.0,100,100,40,0.3222044608427115,0.0393024856395238,0.0722044608427115,0.0725301601003994,0.2901206404015976,0.1547679169670026,0.2698845229506846,0.1967726171615724,0.3708137992615545,0.1374913429588836,0.1316206036711234,0.1179162403196565,0.1506605819783477,0.9224683515104116,1.058849187481637,100,0.3931678547064596,0.1401722825399002,1.2944036915532393,0.4,,12.0,16.0,,,sliding,bb,FGLS,bootstrap_cov,0.1058849187481637,0.8165834327622478,1.0283532702585751,0,0.0,0.0039302485639523,0.3093997461136028,0.4979992153815976,universal_pareto_additive_ar1_xi5.00_theta0.25,BB-sliding-FGLS
universal,pareto_additive_ar1,5.0,0.25,0.2373046875,bb_sliding_ols,log_wald,365.0,100,100,4,0.315046518524157,0.0395322737580184,0.0650465185241569,0.0656256259925324,0.2625025039701298,0.1542135183580795,0.2418516088179567,0.159702420112445,0.3506808493002069,0.0109541370149567,0.0076088643147108,0.0035151789372465,0.0183879909351305,2.430856232349092,1.5945642455719669,100,2.2911301119260696,1.25600518305887,3.316353064089536,0.04,,12.0,16.0,,,sliding,bb,OLS,ols,0.1594564245571967,2.2713998077918953,2.5903126569062884,0,0.0,0.0039532273758018,0.015663050551848,0.0983721723260737,universal_pareto_additive_ar1_xi5.00_theta0.25,BB-sliding-OLS
universal,pareto_additive_ar1,5.0,0.25,0.2373046875,northrop_disjoint_fgls,log_wald,365.0,100,100,26,0.3316854800824962,0.0408140953025111,0.0816854800824962,0.0816854800824962,0.3267419203299848,0.1632563812100444,0.318468921261462,0.2169104348460193,0.4280979656475662,0.1348375740037758,0.1302195519813446,0.1183239330740888,0.1478847862386211,1.2335878435274616,1.1263007269872616,100,0.8424310357640599,0.160114033730477,2.016773486056397,0.26,,9.0,14.0,,,disjoint,northrop,FGLS,bootstrap_cov,0.1126300726987261,1.1209577708287355,1.3462179162261878,0,0.0,0.0040814095302511,0.1840457812698646,0.3537117263186163,universal_pareto_additive_ar1_xi5.00_theta0.25,Northrop-disjoint-FGLS
universal,pareto_additive_ar1,5.0,0.25,0.2373046875,northrop_disjoint_ols,log_wald,365.0,100,100,4,0.3275098878023468,0.0403485110925046,0.0775098878023467,0.0775098878023467,0.3100395512093871,0.1613940443700184,0.2882033268729782,0.1939752251861752,0.4100951340150265,0.0286702308009329,0.0261762089745442,0.0198423697414637,0.0371648856171893,2.581562736930477,1.54562075076588,100,2.346367395193792,1.4696056004250655,3.455742010690045,0.04,,9.0,14.0,,,disjoint,northrop,OLS,ols,0.1545620750765879,2.427000661853889,2.736124812007065,0,0.0,0.0040348511092504,0.015663050551848,0.0983721723260737,universal_pareto_additive_ar1_xi5.00_theta0.25,Northrop-disjoint-OLS
universal,pareto_additive_ar1,5.0,0.25,0.2373046875,northrop_sliding_fgls,log_wald,365.0,100,100,44,0.3227767361077071,0.0386959277880838,0.0727767361077071,0.0727796890778765,0.2911187563115063,0.154761269674021,0.2648415919624814,0.1841613881754051,0.3893494119673095,0.1356065158122144,0.1293447720108634,0.1174395030340841,0.1491452474166646,0.9648098625043464,1.1127428713378713,100,0.320424097711787,0.1337895619209771,1.6069733957405434,0.44,,12.0,16.0,,,sliding,northrop,FGLS,bootstrap_cov,0.1112742871337871,0.8535355753705592,1.0760841496381337,0,0.0,0.0038695927788083,0.3467186540096832,0.537720722887437,universal_pareto_additive_ar1_xi5.00_theta0.25,Northrop-sliding-FGLS
universal,pareto_additive_ar1,5.0,0.25,0.2373046875,northrop_sliding_ols,log_wald,365.0,100,100,3,0.3159083674754669,0.0384868273689856,0.0659083674754669,0.0661814345403485,0.2647257381613942,0.1520422135737997,0.2432558058735441,0.1618196396831404,0.3418155812887067,0.0112074532486943,0.0081692628925261,0.0032272568623999,0.0184357738631689,2.443125129472788,1.5703293461173444,100,2.302571538400777,1.3636983766113402,3.281453149520582,0.03,,12.0,16.0,,,sliding,northrop,OLS,ols,0.1570329346117344,2.2860921948610535,2.600158064084522,0,0.0,0.0038486827368985,0.0102543382234148,0.0845207808040269,universal_pareto_additive_ar1_xi5.00_theta0.25,Northrop-sliding-OLS
universal,pareto_additive_ar1,5.0,0.4,0.0777599999999999,bb_disjoint_fgls,log_wald,365.0,100,100,62,0.4771405116916308,0.0679158930478958,0.0771405116916308,0.0821556735950976,0.205389183987744,0.1542239181858571,0.1617035291714912,0.1022978497200705,0.275429175459477,0.192359515241341,0.1875160197188894,0.1670595280857095,0.2044432526741677,0.9314647485302414,1.357656215409647,100,0.1997061012342189,0.1684925914422828,1.0971607728281945,0.62,,9.0,14.5,,,disjoint,bb,FGLS,bootstrap_cov,0.1357656215409647,0.7956991269892767,1.067230370071206,0,0.0,0.0067915893047895,0.5220957382071033,0.7090255079986562,universal_pareto_additive_ar1_xi5.00_theta0.40,BB-disjoint-FGLS
universal,pareto_additive_ar1,5.0,0.4,0.0777599999999999,bb_disjoint_ols,log_wald,365.0,100,100,11,0.4739945020574814,0.069229986085823,0.0739945020574814,0.0804170443721372,0.201042610930343,0.153928939825296,0.1591264702968587,0.087037734963967,0.2708600634983942,0.0407016944343604,0.0377549577750607,0.0255072833848006,0.0484348261840136,2.512667685889638,2.3031978584558823,100,1.929646619998865,0.7708400420726716,3.5191382534000275,0.11,,9.0,14.5,,,disjoint,bb,OLS,ols,0.2303197858455882,2.2823479000440496,2.7429874717352263,0,0.0,0.0069229986085823,0.0625413195522512,0.1863146302790302,universal_pareto_additive_ar1_xi5.00_theta0.40,BB-disjoint-OLS
universal,pareto_additive_ar1,5.0,0.4,0.0777599999999999,bb_sliding_fgls,log_wald,365.0,100,100,64,0.4698172119074357,0.0651983398342292,0.0698172119074357,0.0772254526043147,0.1930636315107868,0.1403231261708162,0.1668255903960586,0.0842726690662135,0.2525753383666478,0.18610285461455,0.1820982820133584,0.1622375790435886,0.2092429972782765,0.9012185542140996,1.2788184861918448,100,0.2086673772347577,0.1710063469543915,1.0304977637776518,0.64,,11.0,16.0,,,sliding,bb,FGLS,bootstrap_cov,0.1278818486191844,0.773336705594915,1.029100402833284,0,0.0,0.0065198339834229,0.542352199811621,0.7272892540950986,universal_pareto_additive_ar1_xi5.00_theta0.40,BB-sliding-FGLS
universal,pareto_additive_ar1,5.0,0.4,0.0777599999999999,bb_sliding_ols,log_wald,365.0,100,100,11,0.4643136638719155,0.0676470429154274,0.0643136638719155,0.0734175195081517,0.1835437987703793,0.1438222014756685,0.1590446054340172,0.0756011657847874,0.245819918123779,0.011385944643975,0.0063835385287808,0.0033279369004218,0.0191159623048807,2.747403725992845,2.3078578670748264,100,2.4265154778447418,1.0264145917972485,3.8519833039381512,0.11,,11.0,16.0,,,sliding,bb,OLS,ols,0.2307857867074826,2.5166179392853625,2.978189512700328,0,0.0,0.0067647042915427,0.0625413195522512,0.1863146302790302,universal_pareto_additive_ar1_xi5.00_theta0.40,BB-sliding-OLS
universal,pareto_additive_ar1,5.0,0.4,0.0777599999999999,northrop_disjoint_fgls,log_wald,365.0,100,100,61,0.4757248899292308,0.0698795403315904,0.0757248899292307,0.082321496979019,0.2058037424475475,0.1547184789724792,0.1613546271632027,0.088093364587643,0.2879229242287969,0.195732462775651,0.189747811665471,0.1690378432257438,0.209239417933129,0.9175290113000468,1.3214102880384613,100,0.2017598602420614,0.1729057036133265,1.1504490285765765,0.61,,10.0,15.0,,,disjoint,northrop,FGLS,bootstrap_cov,0.1321410288038461,0.7853879824962007,1.049670040103893,0,0.0,0.006987954033159,0.5120283616749817,0.699832780680298,universal_pareto_additive_ar1_xi5.00_theta0.40,Northrop-disjoint-FGLS
universal,pareto_additive_ar1,5.0,0.4,0.0777599999999999,northrop_disjoint_ols,log_wald,365.0,100,100,15,0.4735093852693607,0.0703880841684449,0.0735093852693607,0.0809304908693649,0.2023262271734122,0.1540452621751102,0.1506185133178819,0.084801169995293,0.277746561297976,0.0426016922657301,0.040023097045402,0.0253581378394122,0.0501800305159863,2.510547160384947,2.324943142153153,100,1.836600805325628,0.7604934122180913,3.611586953611228,0.15,,10.0,15.0,,,disjoint,northrop,OLS,ols,0.2324943142153152,2.278052846169632,2.743041474600262,0,0.0,0.0070388084168444,0.0930590319116229,0.2328373333215783,universal_pareto_additive_ar1_xi5.00_theta0.40,Northrop-disjoint-OLS
universal,pareto_additive_ar1,5.0,0.4,0.0777599999999999,northrop_sliding_fgls,log_wald,365.0,100,100,63,0.4718575005957905,0.0639917174312061,0.0718575005957905,0.0785470130454636,0.196367532613659,0.1387138258037426,0.1599002831684613,0.1055484874124519,0.2589490561444934,0.1853963222235795,0.1817317391685861,0.1609218752316278,0.2066398201244116,0.887243929848636,1.2696716600615607,100,0.2047163149804336,0.1713133816738867,0.9919000103021384,0.63,,11.0,16.0,,,sliding,northrop,FGLS,bootstrap_cov,0.126967166006156,0.7602767638424799,1.014211095854792,0,0.0,0.0063991717431206,0.5322034757513312,0.7181778743049083,universal_pareto_additive_ar1_xi5.00_theta0.40,Northrop-sliding-FGLS
universal,pareto_additive_ar1,5.0,0.4,0.0777599999999999,northrop_sliding_ols,log_wald,365.0,100,100,9,0.4655434822659885,0.0659519849657601,0.0655434822659885,0.073650366856392,0.18412591714098,0.1416385713492179,0.1559445473601889,0.0819614316562947,0.2398070844584937,0.0127977281358521,0.0075630014932795,0.0040870605900236,0.0198215549532924,2.7340247331201204,2.2561913449029984,100,2.3939580711397888,1.13866694884644,3.604639509117202,0.09,,11.0,16.0,,,sliding,northrop,OLS,ols,0.2256191344902998,2.5084055986298206,2.95964386761042,0,0.0,0.006595198496576,0.0480719951638848,0.1622637469664366,universal_pareto_additive_ar1_xi5.00_theta0.40,Northrop-sliding-OLS
universal,pareto_additive_ar1,5.0,0.6,0.01024,bb_disjoint_fgls,log_wald,365.0,100,100,80,0.6541145379262967,0.0786762533493938,0.0541145379262967,0.0732312517632342,0.1220520862720571,0.1018022264101227,0.0874464839783673,0.0466171570089308,0.184560031120839,0.2464792680123351,0.2478823168305091,0.2135450042672751,0.2718362044300391,0.6391655841487098,1.0664551584754154,100,0.2561657176477388,0.2203943985655243,0.309494982145085,0.8,,10.5,16.0,,,disjoint,bb,FGLS,bootstrap_cov,0.1066455158475415,0.5325200683011683,0.7458110999962514,0,0.0,0.0078676253349393,0.7111690380734977,0.8666340774409013,universal_pareto_additive_ar1_xi5.00_theta0.60,BB-disjoint-FGLS
universal,pareto_additive_ar1,5.0,0.6,0.01024,bb_disjoint_ols,log_wald,365.0,100,100,22,0.6501784080510257,0.0809482581631149,0.0501784080510256,0.0727176135617931,0.1211960226029885,0.1021254978139963,0.0876411383066858,0.0499769957622485,0.184120276536567,0.0589451797097466,0.0549221875258233,0.0376276309501163,0.0703657221450009,1.9496507923872408,2.2114599037628526,100,1.3421748440433008,0.2365327628242767,2.9979703464909,0.22,,10.5,16.0,,,disjoint,bb,OLS,ols,0.2211459903762852,1.7285048020109557,2.170796782763526,0,0.0,0.0080948258163115,0.150011745036558,0.3107053471500031,universal_pareto_additive_ar1_xi5.00_theta0.60,BB-disjoint-OLS
universal,pareto_additive_ar1,5.0,0.6,0.01024,bb_sliding_fgls,log_wald,365.0,100,100,71,0.6557667666510034,0.0790059094271035,0.0557667666510034,0.0775108800947658,0.129184800157943,0.0959550919793898,0.1093921855417628,0.0572398430719842,0.1831279462705441,0.2331581187338418,0.2304735299950129,0.2106403528963329,0.2549347161178907,0.6863971502147899,1.0321976273752864,100,0.2438740336922124,0.2224256310167956,0.442858477895295,0.71,,10.0,16.0,,,sliding,bb,FGLS,bootstrap_cov,0.1032197627375286,0.5831773874772612,0.7896169129523185,0,0.0,0.0079005909427103,0.6146092505999207,0.7898529302601586,universal_pareto_additive_ar1_xi5.00_theta0.60,BB-sliding-FGLS
universal,pareto_additive_ar1,5.0,0.6,0.01024,bb_sliding_ols,log_wald,365.0,100,100,6,0.6502947151031361,0.0804787563507403,0.0502947151031361,0.075025472300893,0.1250424538348218,0.0964114649842487,0.1005392714770035,0.0494397217485133,0.1904942050702745,0.0124257018819858,0.0080649776657997,0.0043684565773985,0.0172126323518514,2.7837499350855324,2.310203612370555,100,2.2189904726596774,0.8868328075102476,4.386326440702277,0.06,,10.0,16.0,,,sliding,bb,OLS,ols,0.2310203612370555,2.552729573848477,3.014770296322588,0,0.0,0.008047875635074,0.0277857452666566,0.124769685312225,universal_pareto_additive_ar1_xi5.00_theta0.60,BB-sliding-OLS
universal,pareto_additive_ar1,5.0,0.6,0.01024,northrop_disjoint_fgls,log_wald,365.0,100,100,78,0.6596845001396241,0.0809445037083331,0.0596845001396241,0.0783285731388267,0.1305476218980445,0.104786763605798,0.1010333716505951,0.0517562920349138,0.1797168782107316,0.2476878312805744,0.2479839935225751,0.2191194593478928,0.2760057128805854,0.6796560941463323,1.1698085590992908,100,0.2556379742316225,0.2242569534807173,0.3158827881593965,0.78,,10.0,15.0,,,disjoint,northrop,FGLS,bootstrap_cov,0.116980855909929,0.5626752382364032,0.7966369500562615,0,0.0,0.0080944503708333,0.6892946528499969,0.849988254963442,universal_pareto_additive_ar1_xi5.00_theta0.60,Northrop-disjoint-FGLS
universal,pareto_additive_ar1,5.0,0.6,0.01024,northrop_disjoint_ols,log_wald,365.0,100,100,25,0.6548596164410214,0.0836537448440807,0.0548596164410215,0.0765898600285186,0.1276497667141976,0.1068834654045509,0.0988367561564416,0.0484757783817701,0.1853634346006263,0.0613445973787356,0.0553178489211726,0.0420506899330494,0.0742959655668394,2.0805902934790357,2.3474347444215544,100,1.4091775680513683,0.1335465436281696,3.2430440168129597,0.25,,10.0,15.0,,,disjoint,northrop,OLS,ols,0.2347434744421554,1.84584681903688,2.315333767921191,0,0.0,0.008365374484408,0.1754509400372426,0.3430464637007583,universal_pareto_additive_ar1_xi5.00_theta0.60,Northrop-disjoint-OLS
universal,pareto_additive_ar1,5.0,0.6,0.01024,northrop_sliding_fgls,log_wald,365.0,100,100,71,0.6593515226957295,0.079186956061427,0.0593515226957296,0.0798508097885244,0.133084682980874,0.0970137692072496,0.1165830593297314,0.0634905307876918,0.1879614129087611,0.2315780240106128,0.2302793851014078,0.2058622608629407,0.2489740451573087,0.7423047077482141,1.115211126619194,100,0.2439804254551241,0.2176412468071745,0.5871298799884428,0.71,,10.0,16.0,,,sliding,northrop,FGLS,bootstrap_cov,0.1115211126619194,0.6307835950862947,0.8538258204101336,0,0.0,0.0079186956061427,0.6146092505999207,0.7898529302601586,universal_pareto_additive_ar1_xi5.00_theta0.60,Northrop-sliding-FGLS
universal,pareto_additive_ar1,5.0,0.6,0.01024,northrop_sliding_ols,log_wald,365.0,100,100,7,0.6536997878827598,0.0811308117956084,0.0536997878827599,0.0773148194458704,0.128858032409784,0.0979943716903182,0.1021995857099507,0.059255573882786,0.195695070539097,0.0139847260749698,0.009126340993026,0.0048734070871327,0.0194399411296881,2.8533116423496097,2.3365927750029987,100,2.1589274335584094,1.1335430394944177,4.468317388757321,0.07,,10.0,16.0,,,sliding,northrop,OLS,ols,0.2336592775002998,2.6196523648493097,3.0869709198499096,0,0.0,0.0081130811795608,0.034318824364064,0.1374967100652975,universal_pareto_additive_ar1_xi5.00_theta0.60,Northrop-sliding-OLS
universal,pareto_additive_ar1,5.0,0.8,0.0003199999999999,bb_disjoint_fgls,log_wald,365.0,100,100,79,0.8402888816577425,0.0832813490970008,0.0402888816577423,0.0739273282077627,0.0924091602597034,0.0690891474784477,0.075701261718408,0.0383173568797497,0.1294391204793242,0.2165348293449184,0.2209092855614007,0.2036097372136707,0.2489058439267973,0.7081651059769908,1.2068596213281475,100,0.24462855423646,0.2186407577881923,0.288688749577896,0.79,,10.0,15.0,,,disjoint,bb,FGLS,mixed,0.1206859621328147,0.587479143844176,0.8288510681098056,0,0.0,0.0083281349097,0.7001985069803768,0.8583445046835422,universal_pareto_additive_ar1_xi5.00_theta0.80,BB-disjoint-FGLS
universal,pareto_additive_ar1,5.0,0.8,0.0003199999999999,bb_disjoint_ols,log_wald,365.0,100,100,29,0.8402368100048372,0.0839214133269956,0.0402368100048371,0.0749452089076237,0.0936815111345296,0.0685182286974949,0.0742260544752068,0.0417450822192695,0.1304130077161304,0.0684402291766394,0.0634874429164,0.0449048832720297,0.0871657912953629,1.9112880445115168,2.2058524886711064,100,1.0191277649969208,0.1188723954475873,2.8826412176193696,0.29,,10.0,15.0,,,disjoint,bb,OLS,mixed,0.2205852488671106,1.6907027956444058,2.1318732933786273,0,0.0,0.0083921413326995,0.2101470697398414,0.3853907494000793,universal_pareto_additive_ar1_xi5.00_theta0.80,BB-disjoint-OLS
universal,pareto_additive_ar1,5.0,0.8,0.0003199999999999,bb_sliding_fgls,log_wald,365.0,100,100,82,0.8386737801522236,0.0745476989207622,0.0386737801522235,0.0650329769662606,0.0812912212078257,0.066097941065811,0.0593863266122366,0.0300611430781096,0.1144908830387556,0.2163389339958271,0.2213867632624269,0.199334242425887,0.2503118928530301,0.7178608862020189,1.326813910110167,100,0.2407267574517944,0.2131816627152434,0.2846109870950593,0.82,,9.5,16.0,,,sliding,bb,FGLS,mixed,0.1326813910110167,0.5851794951910022,0.8505422772130357,0,0.0,0.0074547698920762,0.7333246397578691,0.8829986834574896,universal_pareto_additive_ar1_xi5.00_theta0.80,BB-sliding-FGLS
universal,pareto_additive_ar1,5.0,0.8,0.0003199999999999,bb_sliding_ols,log_wald,365.0,100,100,8,0.8354368044892648,0.0764971026627883,0.0354368044892647,0.065528556862157,0.0819106960776963,0.0659414148823046,0.061673809990921,0.0295224610754276,0.1207540140700522,0.011269033627159,0.0073424976768341,0.0043226069197213,0.0147367688574873,2.4277632221605914,2.1245908883559426,100,1.6945978280092175,0.7448508955920204,3.5508963131775304,0.08,,9.5,16.0,,,sliding,bb,OLS,mixed,0.2124590888355942,2.215304133324997,2.6402223109961858,0,0.0,0.0076497102662788,0.0410929694858109,0.1499826687940307,universal_pareto_additive_ar1_xi5.00_theta0.80,BB-sliding-OLS
universal,pareto_additive_ar1,5.0,0.8,0.0003199999999999,northrop_disjoint_fgls,log_wald,365.0,100,100,78,0.8415441760096312,0.0848656891498328,0.041544176009631,0.0754060770208676,0.0942575962760845,0.0707330557078871,0.0793953595738952,0.0428248612879014,0.1343299039059061,0.2172914973629947,0.2244948430629488,0.199020881610678,0.2496740500573809,0.7222832354799366,1.21568319484886,100,0.2459064153339633,0.2222899273799703,0.2883940887681638,0.78,,10.0,15.0,,,disjoint,northrop,FGLS,mixed,0.121568319484886,0.6007149159950506,0.8438515549648226,0,0.0,0.0084865689149832,0.6892946528499969,0.849988254963442,universal_pareto_additive_ar1_xi5.00_theta0.80,Northrop-disjoint-FGLS
universal,pareto_additive_ar1,5.0,0.8,0.0003199999999999,northrop_disjoint_ols,log_wald,365.0,100,100,27,0.8418402609291311,0.0850041918867925,0.0418402609291311,0.076188375538649,0.0952354694233113,0.0699408387638673,0.0819503199832658,0.0406223236638979,0.1316874123912795,0.0697554578772102,0.0655835639996363,0.0474023352065183,0.0904367491369649,1.9585418793296696,2.2628255833799664,100,0.965856994714338,0.1209465918963895,2.6611279883049948,0.27,,10.0,15.0,,,disjoint,northrop,OLS,mixed,0.2262825583379966,1.732259320991673,2.1848244376676664,0,0.0,0.0085004191886792,0.1926946091766482,0.3643230022623127,universal_pareto_additive_ar1_xi5.00_theta0.80,Northrop-disjoint-OLS
universal,pareto_additive_ar1,5.0,0.8,0.0003199999999999,northrop_sliding_fgls,log_wald,365.0,100,100,82,0.8425860317637993,0.0748503796394862,0.0425860317637992,0.0667435504751666,0.0834294380939583,0.0677168946826208,0.0644111083049148,0.035432462367506,0.1253404767734276,0.2170642684047931,0.2213660599994967,0.2012606524681026,0.2528872994939272,0.7280643522476703,1.3606577594956697,100,0.2401738517497634,0.2156680893261293,0.2844140564438486,0.82,,10.0,16.0,,,sliding,northrop,FGLS,mixed,0.1360657759495669,0.5919985762981034,0.8641301281972372,0,0.0,0.0074850379639486,0.7333246397578691,0.8829986834574896,universal_pareto_additive_ar1_xi5.00_theta0.80,Northrop-sliding-FGLS
universal,pareto_additive_ar1,5.0,0.8,0.0003199999999999,northrop_sliding_ols,log_wald,365.0,100,100,8,0.8380432278951396,0.0772049062174466,0.0380432278951394,0.0669151300357481,0.0836439125446851,0.0673103880232053,0.0661229816685887,0.0280054165209805,0.1288200010264086,0.0127317072399555,0.0085643285321879,0.0051290246487687,0.015182775291516,2.4661483214210533,2.169075681389764,100,1.8626898949716768,0.7038727600432251,3.748513257983612,0.08,,10.0,16.0,,,sliding,northrop,OLS,mixed,0.2169075681389764,2.249240753282077,2.6830558895600296,0,0.0,0.0077204906217446,0.0410929694858109,0.1499826687940307,universal_pareto_additive_ar1_xi5.00_theta0.80,Northrop-sliding-OLS
universal,pareto_additive_ar1,5.0,1.0,0.0,bb_disjoint_fgls,log_wald,365.0,100,100,94,0.9784158575744694,0.0344379872204006,-0.0215841424255305,0.0215841424255305,0.0215841424255305,0.0344379872204006,0.0041004328876833,0.0,0.0362800613838879,0.0847802013882328,0.0758464817016656,0.0476301162468614,0.1096336397969802,0.1281071404147742,0.3097323669298985,100,0.0758464817016656,0.0476301162468614,0.1158640474145988,0.94,,9.0,14.0,,,disjoint,bb,FGLS,mixed,0.0309732366929898,0.0971339037217843,0.159080377107764,0,0.0,0.00344379872204,0.8752303146877748,0.9722142547333432,universal_pareto_additive_ar1_xi5.00_theta1.00,BB-disjoint-FGLS
universal,pareto_additive_ar1,5.0,1.0,0.0,bb_disjoint_ols,log_wald,365.0,100,100,70,0.974535852260902,0.0406218695310893,-0.0254641477390979,0.0254641477390979,0.0254641477390979,0.0406218695310893,0.0035484985233413,0.0,0.0389698477952963,0.0301000350619156,0.0104670701110863,0.0,0.061592518592308,0.4704730166765287,1.1259967437847525,100,0.0104670701110863,0.0,0.205874137817141,0.7,,9.0,14.0,,,disjoint,bb,OLS,mixed,0.1125996743784752,0.3578733422980534,0.5830726910550039,0,0.0,0.0040621869531089,0.6041496156718804,0.7810524613377188,universal_pareto_additive_ar1_xi5.00_theta1.00,BB-disjoint-OLS
universal,pareto_additive_ar1,5.0,1.0,0.0,bb_sliding_fgls,log_wald,365.0,100,99,93,0.9780082117689066,0.0428329458266026,-0.0219917882310933,0.0219917882310933,0.0219917882310933,0.0428329458266026,0.0,0.0,0.0226761708637872,0.0749304681537846,0.0556308865623451,0.030102812969936,0.0948964339847692,0.1508967815536384,0.361381250315731,99,0.0556308865623451,0.030102812969936,0.0948964339847692,0.93,,8.0,12.0,,,sliding,bb,FGLS,mixed,0.0363201822292964,0.1145765993243419,0.1872169637829348,1,0.01,0.0043048730294684,0.8625032899347026,0.965681175635936,universal_pareto_additive_ar1_xi5.00_theta1.00,BB-sliding-FGLS
universal,pareto_additive_ar1,5.0,1.0,0.0,bb_sliding_ols,log_wald,365.0,100,100,64,0.9733231980140972,0.0474703878959162,-0.0266768019859028,0.0266768019859028,0.0266768019859028,0.0474703878959162,0.0,0.0,0.0385351785924332,0.0074804180890382,0.0,0.0,0.0086168732543223,0.9255808015385054,1.7605904564464556,100,0.0,0.0,0.9365952743452997,0.64,,8.0,12.0,,,sliding,bb,OLS,mixed,0.1760590456446455,0.7495217558938598,1.101639847183151,0,0.0,0.0047470387895916,0.542352199811621,0.7272892540950986,universal_pareto_additive_ar1_xi5.00_theta1.00,BB-sliding-OLS
universal,pareto_additive_ar1,5.0,1.0,0.0,northrop_disjoint_fgls,log_wald,365.0,100,100,94,0.9780561267553038,0.037374383732825,-0.0219438732446962,0.0219438732446962,0.0219438732446962,0.037374383732825,0.0025301876870236,0.0,0.0305620072027226,0.0860586389701455,0.0753816506062953,0.0465019805412274,0.1138938145925178,0.1491517986763092,0.3132214929889855,100,0.0753816506062953,0.0465019805412274,0.1169071167791096,0.94,,9.0,13.0,,,disjoint,northrop,FGLS,mixed,0.0313221492988985,0.1178296493774107,0.1804739479752078,0,0.0,0.0037374383732825,0.8752303146877748,0.9722142547333432,universal_pareto_additive_ar1_xi5.00_theta1.00,Northrop-disjoint-FGLS
universal,pareto_additive_ar1,5.0,1.0,0.0,northrop_disjoint_ols,log_wald,365.0,100,100,73,0.9747340619641892,0.0426167920920429,-0.0252659380358106,0.0252659380358106,0.0252659380358106,0.0426167920920429,0.0030231797246728,0.0,0.0328870853959844,0.0288632207087898,0.0084206669682729,0.0,0.0497066514562424,0.4937100012622428,1.2096281140445495,100,0.0084206669682729,0.0,0.1589384387208145,0.73,,9.0,13.0,,,disjoint,northrop,OLS,mixed,0.1209628114044549,0.3727471898577879,0.6146728126666977,0,0.0,0.0042616792092042,0.6356769977376873,0.8073053908233518,universal_pareto_additive_ar1_xi5.00_theta1.00,Northrop-disjoint-OLS
universal,pareto_additive_ar1,5.0,1.0,0.0,northrop_sliding_fgls,log_wald,365.0,100,99,93,0.9787925268446004,0.0425135264783,-0.0212074731553996,0.0212074731553996,0.0212074731553996,0.0425135264783,0.0,0.0,0.0163788517705572,0.0748811663474445,0.0540861321118671,0.0297169870901136,0.0943600732811519,0.1463480072978055,0.3504903585881472,99,0.0540861321118671,0.0297169870901136,0.0943600732811519,0.93,,8.0,11.0,,,sliding,northrop,FGLS,mixed,0.0352256064264849,0.1111224008713206,0.1815736137242904,1,0.01,0.0042727701770715,0.8625032899347026,0.965681175635936,universal_pareto_additive_ar1_xi5.00_theta1.00,Northrop-sliding-FGLS
universal,pareto_additive_ar1,5.0,1.0,0.0,northrop_sliding_ols,log_wald,365.0,100,100,69,0.975084630128344,0.0470736171981276,-0.0249153698716559,0.0249153698716559,0.0249153698716559,0.0470736171981276,0.0,0.0,0.0305090214600721,0.0062659405556136,0.0,0.0,0.0079081530949763,0.8784319649069126,1.7355494142564003,100,0.0,0.0,0.8686477049857712,0.69,,8.0,11.0,,,sliding,northrop,OLS,mixed,0.17355494142564,0.7048770234812725,1.0519869063325529,0,0.0,0.0047073617198127,0.5937376052204429,0.7722043679386762,universal_pareto_additive_ar1_xi5.00_theta1.00,Northrop-sliding-OLS
universal,frechet_max_ar,0.01,0.1,0.9989469496904544,bb_sliding_native,wald,365.0,100,100,0,0.1855843542832876,0.023877674512739,0.0855843542832875,0.0855843542832875,0.8558435428328757,0.2387767451273907,0.8105925198082635,0.6978545883129916,1.003019880545056,0.0407118916854002,0.0400687844222794,0.0370535982030696,0.0441214296196406,2.6498482293088976,0.8675427336067382,100,2.4829394699289464,2.0781869454072424,3.1310280965400556,0.0,12.0,12.0,16.0,,,sliding,bb,,default,0.0867542733606738,2.563093955948224,2.7366025026695713,0,0.0,0.0023877674512739,0.0,0.0369948074760019,universal_frechet_max_ar_xi0.01_theta0.10,BB
universal,frechet_max_ar,0.01,0.1,0.9989469496904544,ferro_segers,wald,365.0,100,100,83,0.2687425210772856,0.3134492195372105,0.1687425210772856,0.1783287439606513,1.7832874396065137,3.0804172384505057,0.4409168240699808,0.1906380914966507,1.0727761216450624,0.2404475245150589,0.259204435455898,0.1906658128151089,0.3299422515609949,5.6506686880196435,12.814190168760206,100,0.2901781170491239,0.2355709280352495,0.3697988837012878,0.83,,,,0.9,,,,,default,1.2814190168760209,4.369249671143622,6.932087704895665,0,0.0,0.031344921953721,0.7445181876635703,0.8910652394022684,universal_frechet_max_ar_xi0.01_theta0.10,Ferro-Segers
universal,frechet_max_ar,0.01,0.1,0.9989469496904544,k_gaps,profile,365.0,100,100,89,0.1111878439803517,0.0573044380879602,0.0111878439803517,0.0450393412160749,0.4503934121607497,0.368944198523869,0.3760570369046886,0.1652138843574775,0.6053716694252312,0.1608498969935569,0.1639693533911521,0.1408378268565809,0.1842373558719515,0.3396879277704757,0.6383903343917469,100,0.167759272659067,0.1449115618422072,0.1865610089532033,0.89,,,,0.9,1.0,,,,default,0.0638390334391746,0.275848894331301,0.4035269612096504,0,0.0,0.005730443808796,0.8136853697209698,0.9374586804477488,universal_frechet_max_ar_xi0.01_theta0.10,K-gaps
universal,frechet_max_ar,0.01,0.1,0.9989469496904544,northrop_sliding_native,profile,365.0,100,100,0,0.187610218864375,0.0248994426026321,0.087610218864375,0.087610218864375,0.8761021886437503,0.2489944260263219,0.8180057945759385,0.6992379516432313,1.0490295259194196,0.0374877161913105,0.0369237892781315,0.0335418766482745,0.0404023898165609,2.8181700445476157,0.9170374287954208,100,2.6518879651904053,2.1667578214520677,3.4976041311720163,0.0,12.0,12.0,16.0,,,sliding,northrop,,chandwich_adjusted,0.091703742879542,2.7264663016680735,2.909873787427158,0,0.0,0.0024899442602632,0.0,0.0369948074760019,universal_frechet_max_ar_xi0.01_theta0.10,Northrop
universal,frechet_max_ar,0.01,0.15,0.9983761306100158,bb_sliding_native,wald,365.0,100,100,1,0.2352290513182688,0.0313366976960811,0.0852290513182688,0.0852290513182688,0.5681936754551258,0.2089113179738744,0.5413889654953274,0.4228804628158373,0.689116314200666,0.0514653670838533,0.0507792296784812,0.0456896748355968,0.0559200890324791,2.4318917024565407,1.1190041422601773,100,2.3020564944638924,1.5904562720637654,3.077150572843113,0.01,12.0,12.0,19.0,,,sliding,bb,,default,0.1119004142260177,2.319991288230523,2.5437921166825586,0,0.0,0.0031336697696081,0.0017673865655472,0.0544875247609346,universal_frechet_max_ar_xi0.01_theta0.15,BB
universal,frechet_max_ar,0.01,0.15,0.9983761306100158,ferro_segers,wald,365.0,100,100,88,0.2857400608359479,0.2609704364901689,0.1357400608359479,0.147856104379512,0.9857073625300806,1.6948916389268822,0.3741377765172035,0.1245712127226027,0.677285797312565,0.2985993094214394,0.3292077371971565,0.2732464239112235,0.3755385227530988,4.081258584453904,10.580557523651688,100,0.3458883217344891,0.2954172338827234,0.4127273298731314,0.88,,,,0.9,,,,,default,1.0580557523651688,3.023202832088735,5.139314336819073,0,0.0,0.0260970436490168,0.8018773199709163,0.9300066263473222,universal_frechet_max_ar_xi0.01_theta0.15,Ferro-Segers
universal,frechet_max_ar,0.01,0.15,0.9983761306100158,k_gaps,profile,365.0,100,100,89,0.167636090031318,0.0622337740557415,0.017636090031318,0.0512238221366519,0.3414921475776796,0.2613496803272405,0.3149514610011695,0.1525210512845392,0.4762516616197725,0.1898618932236782,0.1923138612462006,0.1741204182156294,0.2080030662439951,0.32216857468443,0.611231709114678,100,0.1941704087866872,0.1766675905810981,0.2129291334687471,0.89,,,,0.9,1.0,,,,default,0.0611231709114677,0.2610454037729622,0.3832917455958978,0,0.0,0.0062233774055741,0.8136853697209698,0.9374586804477488,universal_frechet_max_ar_xi0.01_theta0.15,K-gaps
universal,frechet_max_ar,0.01,0.15,0.9983761306100158,northrop_sliding_native,profile,365.0,100,100,1,0.2349812936295023,0.0313740780916077,0.0849812936295023,0.0849812936295023,0.5665419575300153,0.2091605206107186,0.543629589079813,0.4289386891785224,0.694911162686488,0.0483601957300805,0.047015718529244,0.0427501342928248,0.0522310180423196,2.5157955122542184,1.1423893649711023,100,2.387361717555462,1.7183167052000905,3.2533211915314917,0.01,12.0,12.0,18.5,,,sliding,northrop,,chandwich_adjusted,0.1142389364971102,2.401556575757108,2.6300344487513287,0,0.0,0.0031374078091607,0.0017673865655472,0.0544875247609346,universal_frechet_max_ar_xi0.01_theta0.15,Northrop
universal,frechet_max_ar,0.01,0.25,0.9971273133589336,bb_sliding_native,wald,365.0,100,100,13,0.3321992434312502,0.0493173117160192,0.0821992434312501,0.0823096292702403,0.3292385170809614,0.1965239672375173,0.3126887573465171,0.167729074369606,0.4303823179419004,0.071471062266604,0.0709853654655878,0.0620077359463944,0.0803197762374621,2.010211997138201,1.6771699580005135,100,1.7487156230234913,0.5107799925074004,2.9140415328480915,0.13,12.0,12.0,16.0,,,sliding,bb,,default,0.1677169958000513,1.8424950013381496,2.177928992938252,0,0.0,0.0049317311716019,0.0775709385841426,0.2098052189480987,universal_frechet_max_ar_xi0.01_theta0.25,BB
universal,frechet_max_ar,0.01,0.25,0.9971273133589336,ferro_segers,wald,365.0,100,100,96,0.294740875267913,0.1017380536329892,0.0447408752679129,0.0855295803918842,0.3421183215675368,0.2823726898742907,0.2301435557414373,0.1249857726010745,0.4638966409982832,0.393749275734076,0.3926981662570442,0.3463722767958119,0.4488884059068356,0.4141092737447452,0.1392619928567907,100,0.3956812654789051,0.3470970770117267,0.4511425444397211,0.96,,,,0.9,,,,,default,0.013926199285679,0.4001830744590662,0.4280354730304243,0,0.0,0.0101738053632989,0.9016278276739262,0.984336949448152,universal_frechet_max_ar_xi0.01_theta0.25,Ferro-Segers
universal,frechet_max_ar,0.01,0.25,0.9971273133589336,k_gaps,profile,365.0,100,100,94,0.261228764059862,0.0636798200009615,0.011228764059862,0.0511086664535535,0.204434665814214,0.1571749401082267,0.1944912350056321,0.0605053420568487,0.2987150078891589,0.2222894014024661,0.2244493709634524,0.2117235374052996,0.2363164631754354,0.292307753508042,0.3244021974768709,100,0.2264301716903098,0.2127466185413141,0.2388985139578217,0.94,,,,0.9,1.0,,,,default,0.032440219747687,0.259867533760355,0.3247479732557291,0,0.0,0.0063679820000961,0.8752303146877748,0.9722142547333432,universal_frechet_max_ar_xi0.01_theta0.25,K-gaps
universal,frechet_max_ar,0.01,0.25,0.9971273133589336,northrop_sliding_native,profile,365.0,100,100,15,0.3326866249035015,0.0510002478924806,0.0826866249035015,0.0830010182934136,0.3320040731736546,0.2019270368250028,0.3162347678217777,0.1834172847684532,0.4292606737440934,0.0691011713191023,0.0682779137028073,0.0588688944271267,0.0768197987005976,2.128289187532173,1.7611775896642246,100,1.8365523312630532,0.7924024607408531,2.943573587417662,0.15,12.0,12.0,16.0,,,sliding,northrop,,chandwich_adjusted,0.1761177589664224,1.9521714285657503,2.3044069464985952,0,0.0,0.005100024789248,0.0930590319116229,0.2328373333215783,universal_frechet_max_ar_xi0.01_theta0.25,Northrop
universal,frechet_max_ar,0.01,0.4,0.9949047687155308,bb_sliding_native,wald,365.0,100,100,28,0.4780416248137301,0.0585614972551007,0.0780416248137301,0.081324062581883,0.2033101564547076,0.1346536550470457,0.1921853513793764,0.1017820182697039,0.2865468169087422,0.1010026126658534,0.100862162934316,0.0900142685785653,0.1097968701240744,1.590980877031334,1.6329387424984254,100,1.1545330876402882,0.0985746437352813,2.566092023896954,0.28,11.0,11.0,16.0,,,sliding,bb,,default,0.1632938742498425,1.4276870027814916,1.7542747512811765,0,0.0,0.00585614972551,0.2013955916759837,0.3748821236134572,universal_frechet_max_ar_xi0.01_theta0.40,BB
universal,frechet_max_ar,0.01,0.4,0.9949047687155308,ferro_segers,wald,365.0,100,100,89,0.453598058918125,0.1316858078884825,0.0535980589181249,0.1029657291795189,0.2574143229487973,0.24410410065044,0.1819930581106121,0.0869912885425673,0.3591052552395751,0.4510671301848131,0.4608321563406653,0.4177551726958843,0.5001784758662805,0.8195061327205642,1.931667330183514,100,0.472114112367746,0.4247002288027065,0.5042326821021037,0.89,,,,0.9,,,,,default,0.1931667330183513,0.6263393997022128,1.0126728657389157,0,0.0,0.0131685807888482,0.8136853697209698,0.9374586804477488,universal_frechet_max_ar_xi0.01_theta0.40,Ferro-Segers
universal,frechet_max_ar,0.01,0.4,0.9949047687155308,k_gaps,profile,365.0,100,100,94,0.403248605027282,0.071783202262544,0.003248605027282,0.0565156079146298,0.1412890197865745,0.1100344110104893,0.1162023784999909,0.055442543950959,0.2149763787817531,0.2527717344103069,0.2553330449509061,0.2469975122050774,0.2612395003891612,0.3400963411392162,0.389501780823479,100,0.2560626252283194,0.2480294248533236,0.2619776237135108,0.94,,,,0.9,1.0,,,,default,0.0389501780823479,0.3011461630568683,0.3790465192215641,0,0.0,0.0071783202262544,0.8752303146877748,0.9722142547333432,universal_frechet_max_ar_xi0.01_theta0.40,K-gaps
universal,frechet_max_ar,0.01,0.4,0.9949047687155308,northrop_sliding_native,profile,365.0,100,100,25,0.4808538242356399,0.0590003933075673,0.0808538242356398,0.0840582823784938,0.2101457059462345,0.1357215566181751,0.1951421655056945,0.1023947741003177,0.2895143609703664,0.0982758903017084,0.099785869372486,0.0875460537692106,0.1056517148303085,1.7527769827529724,1.7474476501706695,100,1.4429660464362393,0.0993987451351067,2.8223118597930084,0.25,11.0,11.0,16.0,,,sliding,northrop,,chandwich_adjusted,0.1747447650170669,1.5780322177359054,1.9275217477700397,0,0.0,0.0059000393307567,0.1754509400372426,0.3430464637007583,universal_frechet_max_ar_xi0.01_theta0.40,Northrop
universal,frechet_max_ar,0.01,0.6,0.9908789441918076,bb_sliding_native,wald,365.0,100,100,59,0.6432035167414376,0.070362494141846,0.0432035167414377,0.0638213420421882,0.1063689034036469,0.0869541969359218,0.0943404957291554,0.0447887761601489,0.149206216129826,0.1332229367035489,0.1334008881482521,0.12174927503151,0.1439412983254639,0.7586317196177588,1.4057989169977674,100,0.1416866238687675,0.1264739623529455,0.7597185206983132,0.59,10.0,10.0,16.0,,,sliding,bb,,default,0.1405798916997767,0.6180518279179821,0.8992116113175355,0,0.0,0.0070362494141846,0.4920125056109662,0.6813284290433533,universal_frechet_max_ar_xi0.01_theta0.60,BB
universal,frechet_max_ar,0.01,0.6,0.9908789441918076,ferro_segers,wald,365.0,100,100,93,0.6251839723218903,0.1335428249096459,0.0251839723218903,0.1055720466888464,0.1759534111480774,0.1415812244205101,0.1523205337787741,0.0627677963001486,0.2346708838337445,0.4814287401141716,0.4930946676647115,0.4502501854894127,0.5193322358246093,0.6367678530199963,0.6414248286971636,100,0.4977049022759581,0.4681130061181806,0.5291458753795577,0.93,,,,0.9,,,,,default,0.0641424828697163,0.5726253701502799,0.7009103358897126,0,0.0,0.0133542824909645,0.8625032899347026,0.965681175635936,universal_frechet_max_ar_xi0.01_theta0.60,Ferro-Segers
universal,frechet_max_ar,0.01,0.6,0.9908789441918076,k_gaps,profile,365.0,100,100,84,0.5610724137626857,0.0859453526478949,-0.0389275862373143,0.0764433126800715,0.1274055211334525,0.091509883094793,0.1228942939051768,0.0485668526559861,0.1740598855885114,0.2620098835607051,0.2644107528462807,0.2605772411275572,0.265508055259868,0.4876644042573575,0.7183158928750158,100,0.2650802987795076,0.2636414248241217,0.2659237603640009,0.84,,,,0.9,1.0,,,,default,0.0718315892875015,0.4158328149698559,0.5594959935448591,0,0.0,0.0085945352647895,0.7557955544110557,0.8990479765052628,universal_frechet_max_ar_xi0.01_theta0.60,K-gaps
universal,frechet_max_ar,0.01,0.6,0.9908789441918076,northrop_sliding_native,profile,365.0,100,100,53,0.6458631582450353,0.073243689074192,0.0458631582450353,0.0664527824377656,0.110754637396276,0.0917232546453817,0.0922206500214482,0.0450401329562526,0.1462239856345956,0.1309385526991337,0.1307903802367757,0.1189676172820615,0.1391719722398906,0.8880836146891241,1.569910869972271,100,0.1413802227278421,0.1228469806577315,0.9803985011147182,0.53,11.0,11.0,16.0,,,sliding,northrop,,chandwich_adjusted,0.1569910869972271,0.731092527691897,1.0450747016863513,0,0.0,0.0073243689074192,0.4328868313724773,0.6248934801789626,universal_frechet_max_ar_xi0.01_theta0.60,Northrop
universal,frechet_max_ar,0.01,0.8,0.9840344433634576,bb_sliding_native,wald,365.0,100,100,55,0.8374669297246501,0.0957884859470018,0.03746692972465,0.0848929616981439,0.1061162021226799,0.0719567286402301,0.0911170227633038,0.0470511804087385,0.1525309591585643,0.1562458874842262,0.1616696374373021,0.1418651974138856,0.1734257139190314,1.0819958139030783,1.3549032525373077,100,0.1851179654826712,0.1646228420597458,1.8092866180190317,0.55,10.0,10.0,16.0,,,sliding,bb,,default,0.1354903252537307,0.9465054886493476,1.217486139156809,0,0.0,0.0095788485947001,0.4524442703164344,0.6438562489359654,universal_frechet_max_ar_xi0.01_theta0.80,BB
universal,frechet_max_ar,0.01,0.8,0.9840344433634576,ferro_segers,wald,365.0,100,100,99,0.841580794950344,0.1178075062923905,0.041580794950344,0.106357941618504,0.13294742702313,0.0809973072958242,0.1241694911471989,0.0610685003394945,0.2088499610944408,0.4067448001264552,0.4125536370597682,0.3418459133280873,0.4753736314917606,0.4092315675974294,0.095442998197092,100,0.4125536370597682,0.3418459133280873,0.4766562134446195,0.99,,,,0.9,,,,,default,0.0095442998197092,0.3996872677777202,0.4187758674171386,0,0.0,0.011780750629239,0.9455124752390652,0.9982326134344526,universal_frechet_max_ar_xi0.01_theta0.80,Ferro-Segers
universal,frechet_max_ar,0.01,0.8,0.9840344433634576,k_gaps,profile,365.0,100,100,89,0.751843942681626,0.0593955555384867,-0.0481560573183739,0.060888625735216,0.07611078216902,0.0576274226313682,0.065090593757331,0.0322274419050663,0.1048410283448273,0.2388819324877255,0.2407299196631429,0.2300220728573253,0.2504632997721129,0.3749713055903867,0.5114678878132473,100,0.2407299196631429,0.2300220728573253,0.2504632997721129,0.89,,,,0.9,1.0,,,,default,0.0511467887813247,0.323824516809062,0.4261180943717114,0,0.0,0.0059395555538486,0.8136853697209698,0.9374586804477488,universal_frechet_max_ar_xi0.01_theta0.80,K-gaps
universal,frechet_max_ar,0.01,0.8,0.9840344433634576,northrop_sliding_native,profile,365.0,100,100,54,0.8402508957623889,0.0965658092821994,0.0402508957623888,0.0868568480163218,0.1085710600204022,0.0722532431012448,0.0932238171181835,0.0494329858790687,0.1558277710504049,0.1507496473005264,0.1560163646560484,0.1347987450531026,0.1713865675238587,1.2048060169655972,1.5217852090563024,100,0.1858968105204695,0.1637840838570341,1.9267577255153745,0.54,10.0,10.0,16.0,,,sliding,northrop,,chandwich_adjusted,0.1521785209056302,1.0526274960599669,1.3569845378712275,0,0.0,0.0096565809282199,0.4426468539352385,0.6343935614666815,universal_frechet_max_ar_xi0.01_theta0.80,Northrop
universal,frechet_max_ar,0.01,1.0,0.0,bb_sliding_native,wald,365.0,100,100,86,0.9715783093124088,0.0513633027126042,-0.0284216906875911,0.0284216906875911,0.0284216906875911,0.0513633027126041,0.0,0.0,0.0401070101008223,0.1236431838004881,0.1111553223382046,0.1044195070751961,0.137384936707104,0.4077589305098509,0.9602873842411082,100,0.1111553223382046,0.1044195070751961,0.137384936707104,0.86,8.0,8.0,11.0,,,sliding,bb,,default,0.0960287384241108,0.3117301920857401,0.5037876689339618,0,0.0,0.0051363302712604,0.7786263961619276,0.914737342455351,universal_frechet_max_ar_xi0.01_theta1.00,BB
universal,frechet_max_ar,0.01,1.0,0.0,ferro_segers,wald,365.0,100,100,95,0.9662885394140396,0.0745799868652772,-0.0337114605859603,0.0337114605859603,0.0337114605859603,0.0745799868652772,0.0,0.0,0.0144570459847441,0.2903766715208437,0.2575465428214883,0.234812905067522,0.3186600970242986,0.3678754919960202,0.4573500154330697,100,0.2575465428214883,0.234812905067522,0.3186600970242986,0.95,,,,0.9,,,,,default,0.0457350015433069,0.3221404904527132,0.4136104935393271,0,0.0,0.0074579986865277,0.8882480347279118,0.9784566385436864,universal_frechet_max_ar_xi0.01_theta1.00,Ferro-Segers
universal,frechet_max_ar,0.01,1.0,0.0,k_gaps,profile,365.0,100,100,0,0.9152808682872648,0.0479911123507813,-0.0847191317127352,0.0847191317127352,0.0847191317127352,0.0479911123507814,0.0763015176986211,0.0504953396720364,0.1210287550653531,0.1580942460444844,0.158997829755742,0.1340744577820867,0.1872239712572639,1.2843664957370122,1.089847140983475,100,0.9591228112374957,0.4830972368102786,2.0440674645927865,0.0,,,,0.9,1.0,,,,default,0.1089847140983475,1.1753817816386647,1.3933512098353598,0,0.0,0.0047991112350781,0.0,0.0369948074760019,universal_frechet_max_ar_xi0.01_theta1.00,K-gaps
universal,frechet_max_ar,0.01,1.0,0.0,northrop_sliding_native,profile,365.0,100,100,76,0.9730665937134364,0.052179906922962,-0.0269334062865636,0.0269334062865636,0.0269334062865636,0.052179906922962,0.0,0.0,0.0329759757439694,0.0914402231652161,0.0809790704924669,0.0525268853344619,0.1242435299048302,0.3892952995093053,0.9771483608117136,100,0.0809790704924669,0.0525268853344619,0.1444879214551254,0.76,8.0,8.0,11.0,,,sliding,northrop,,chandwich_adjusted,0.0977148360811713,0.2915804634281339,0.4870101355904767,0,0.0,0.0052179906922962,0.6676748127670786,0.8330878873454004,universal_frechet_max_ar_xi0.01_theta1.00,Northrop
universal,frechet_max_ar,0.5,0.1,0.9486832980505138,bb_sliding_native,wald,365.0,100,100,0,0.1887914307996974,0.0264151629677981,0.0887914307996974,0.0887914307996974,0.8879143079969745,0.2641516296779811,0.8477088157356198,0.7096802949516237,1.0208986966997406,0.0418871139069418,0.0410482162156624,0.0368293005630284,0.0451621027680168,2.7558020677560027,0.938826789335202,100,2.6033543114616613,2.15720182953821,3.1781099096334997,0.0,12.0,12.0,16.0,,,sliding,bb,,default,0.0938826789335201,2.6619193888224824,2.849684746689523,0,0.0,0.0026415162967798,0.0,0.0369948074760019,universal_frechet_max_ar_xi0.50_theta0.10,BB
universal,frechet_max_ar,0.5,0.1,0.9486832980505138,ferro_segers,wald,365.0,100,100,83,0.2772080704194591,0.3225690356844403,0.1772080704194591,0.1923591474884052,1.9235914748840524,3.136795855290306,0.4493852416560145,0.2759438115806354,1.2783521917611222,0.233148948103284,0.2574852199212111,0.1733331430412945,0.3224338276313365,6.01170245277655,13.155689086819576,100,0.2976018141550501,0.2235826257117072,0.3865945313586203,0.83,,,,0.9,,,,,default,1.3155689086819575,4.696133544094593,7.327271361458507,0,0.0,0.032256903568444,0.7445181876635703,0.8910652394022684,universal_frechet_max_ar_xi0.50_theta0.10,Ferro-Segers
universal,frechet_max_ar,0.5,0.1,0.9486832980505138,k_gaps,profile,365.0,100,100,90,0.1151975809360317,0.0504227567569656,0.0151975809360317,0.0408382433133168,0.4083824331331687,0.3303249401697942,0.3608052958774539,0.1817167333553653,0.5718476608021651,0.1640227058374216,0.1696998887231525,0.1431984660812033,0.184515977178399,0.2549765949504045,0.4245289935477694,100,0.1717552712509897,0.1461859175951211,0.1847138853516897,0.9,,,,0.9,1.0,,,,default,0.0424528993547769,0.2125236955956276,0.2974294943051815,0,0.0,0.0050422756756965,0.8256326956323347,0.944771458386864,universal_frechet_max_ar_xi0.50_theta0.10,K-gaps
universal,frechet_max_ar,0.5,0.1,0.9486832980505138,northrop_sliding_native,profile,365.0,100,100,0,0.1894421277550491,0.024306147816675,0.0894421277550491,0.0894421277550491,0.8944212775504917,0.2430614781667501,0.857998474031222,0.7345675808434144,1.0107467339876992,0.0385327361825682,0.0373279258934284,0.0333693147506169,0.0417070680116385,2.8723204250499648,0.8750845254918727,100,2.72807592438264,2.2566181058234975,3.31764722460069,0.0,12.0,12.0,16.0,,,sliding,northrop,,chandwich_adjusted,0.0875084525491872,2.7848119725007776,2.959828877599152,0,0.0,0.0024306147816675,0.0,0.0369948074760019,universal_frechet_max_ar_xi0.50_theta0.10,Northrop
universal,frechet_max_ar,0.5,0.15,0.9219544457292888,bb_sliding_native,wald,365.0,100,100,0,0.23537200916914,0.0304224210684459,0.08537200916914,0.08537200916914,0.5691467277942669,0.2028161404563065,0.5601890932599558,0.4297965194217176,0.7012144116495932,0.051765541098823,0.051465564172781,0.046020543503433,0.0573157212114978,2.4313350858879628,1.0897044298680714,100,2.354149638679769,1.704708893310826,3.159514962599801,0.0,12.0,12.0,16.0,,,sliding,bb,,default,0.1089704429868071,2.3223646429011557,2.54030552887477,0,0.0,0.0030422421068445,0.0,0.0369948074760019,universal_frechet_max_ar_xi0.50_theta0.15,BB
universal,frechet_max_ar,0.5,0.15,0.9219544457292888,ferro_segers,wald,365.0,100,100,91,0.2545546763834203,0.2326556651145338,0.1045546763834203,0.1285123057441707,0.8567487049611384,1.4680073387454038,0.4268490109297073,0.1815531279170115,0.6458335355368149,0.301087948091294,0.3278398014039304,0.2569961090228838,0.3696849619466053,3.038304306476312,9.17831970166038,100,0.3377605468852949,0.2961935890211217,0.391633034686598,0.91,,,,0.9,,,,,default,0.917831970166038,2.120472336310274,3.95613627664235,0,0.0,0.0232655665114533,0.8377362530335634,0.9519280048361152,universal_frechet_max_ar_xi0.50_theta0.15,Ferro-Segers
universal,frechet_max_ar,0.5,0.15,0.9219544457292888,k_gaps,profile,365.0,100,100,88,0.1646316067176562,0.0599530946932285,0.0146316067176562,0.0477397764265783,0.3182651761771888,0.2589305025334239,0.2348073803679474,0.1102179540515171,0.4571880602556087,0.1872595535584988,0.1884198668331957,0.1741148270103211,0.2068993625589039,0.3123359015416424,0.4465607865141504,100,0.1896209437465734,0.179236205310268,0.2102797007030341,0.88,,,,0.9,1.0,,,,default,0.044656078651415,0.2676798228902274,0.3569919801930574,0,0.0,0.0059953094693228,0.8018773199709163,0.9300066263473222,universal_frechet_max_ar_xi0.50_theta0.15,K-gaps
universal,frechet_max_ar,0.5,0.15,0.9219544457292888,northrop_sliding_native,profile,365.0,100,100,0,0.2354353855101785,0.0315259714362764,0.0854353855101785,0.0854353855101785,0.5695692367345238,0.2101731429085096,0.5347594721131668,0.4385225482684109,0.7078318920179608,0.0489258546515542,0.0489815203305575,0.0434531728003714,0.0540022967791404,2.5217920251171773,1.155706132541153,100,2.339068035105384,1.8103808558712444,3.307225578691502,0.0,12.0,12.0,16.0,,,sliding,northrop,,chandwich_adjusted,0.1155706132541153,2.406221411863062,2.6373626383712927,0,0.0,0.0031525971436276,0.0,0.0369948074760019,universal_frechet_max_ar_xi0.50_theta0.15,Northrop
universal,frechet_max_ar,0.5,0.25,0.8660254037844386,bb_sliding_native,wald,365.0,100,100,8,0.3366645399208116,0.0456077774206364,0.0866645399208115,0.0866645399208115,0.3466581596832463,0.1824311096825456,0.3341573073449192,0.2130760924377112,0.4493067827542565,0.0719713048172534,0.0705114835956181,0.0638211880845841,0.079064851640336,2.1290759644926727,1.574863778792726,100,1.9574927237691664,0.8713888307097634,3.015982234375796,0.08,12.0,12.0,16.0,,,sliding,bb,,default,0.1574863778792726,1.9715895866134,2.2865623423719454,0,0.0,0.0045607777420636,0.0410929694858109,0.1499826687940307,universal_frechet_max_ar_xi0.50_theta0.25,BB
universal,frechet_max_ar,0.5,0.25,0.8660254037844386,ferro_segers,wald,365.0,100,100,93,0.2941421743768307,0.1034823506813094,0.0441421743768307,0.0878129879318424,0.3512519517273698,0.2796512010084492,0.297258082384673,0.1331812583511018,0.4871305651229947,0.3914320350365127,0.4022124734152404,0.3475398132189538,0.4450833556074178,0.4778573878534035,0.4216511033944767,100,0.4060675222372695,0.3556502326805064,0.4480224014971004,0.93,,,,0.9,,,,,default,0.0421651103394476,0.4356922775139558,0.5200224981928512,0,0.0,0.0103482350681309,0.8625032899347026,0.965681175635936,universal_frechet_max_ar_xi0.50_theta0.25,Ferro-Segers
universal,frechet_max_ar,0.5,0.25,0.8660254037844386,k_gaps,profile,365.0,100,100,88,0.2606217962174753,0.0721377189939977,0.0106217962174752,0.0578512128269109,0.2314048513076436,0.1760565439923449,0.1835910446983663,0.0951563758237395,0.3601515009562527,0.2207729985165779,0.2214376050449354,0.2103200494245269,0.2385244134203123,0.3526246144290297,0.4228179583910362,100,0.2221015070099581,0.2127719412134705,0.2399424887763003,0.88,,,,0.9,1.0,,,,default,0.0422817958391036,0.3103428185899261,0.3949064102681334,0,0.0,0.0072137718993997,0.8018773199709163,0.9300066263473222,universal_frechet_max_ar_xi0.50_theta0.25,K-gaps
universal,frechet_max_ar,0.5,0.25,0.8660254037844386,northrop_sliding_native,profile,365.0,100,100,5,0.3383058431041779,0.0435095288869035,0.0883058431041779,0.0883058431041779,0.3532233724167116,0.1740381155476144,0.3255997236006167,0.2276062210225332,0.4512733548853891,0.0695331032758576,0.0687887086083696,0.0612575544844542,0.0759391094679272,2.2787197311155447,1.539169773349874,100,2.092033140971404,1.1520418757169315,3.186165529491829,0.05,11.0,11.0,16.0,,,sliding,northrop,,chandwich_adjusted,0.1539169773349874,2.1248027537805574,2.432636708450532,0,0.0,0.0043509528886903,0.0215433614563135,0.1117519652720881,universal_frechet_max_ar_xi0.50_theta0.25,Northrop
universal,frechet_max_ar,0.5,0.4,0.7745966692414834,bb_sliding_native,wald,365.0,100,100,32,0.4754343404421867,0.0669369488763141,0.0754343404421867,0.0815525393782319,0.2038813484455799,0.1481210732874921,0.1828535192746942,0.0918297238527533,0.2657715325833873,0.1011144249943831,0.1010811931601972,0.0905535816106951,0.111860366875392,1.6254465154746396,1.8285689532906584,100,1.017210170807827,0.0984165240191746,2.3053854298591308,0.32,10.0,10.0,16.0,,,sliding,bb,,default,0.1828568953290658,1.4425896201455737,1.8083034108037055,0,0.0,0.0066936948876314,0.2366901081545688,0.4166280225367919,universal_frechet_max_ar_xi0.50_theta0.40,BB
universal,frechet_max_ar,0.5,0.4,0.7745966692414834,ferro_segers,wald,365.0,100,100,92,0.4524442263246661,0.1160589973321614,0.052444226324666,0.0990690331159985,0.2476725827899964,0.1989669898225208,0.1900087396611249,0.1056606411617717,0.3503094165236891,0.4539314284509366,0.4533105008635131,0.42579807705871,0.4937258271702301,0.5827173945951336,0.5589335916298218,100,0.4577820532547767,0.4300850034874873,0.500762332138775,0.92,,,,0.9,,,,,default,0.0558933591629821,0.5268240354321514,0.6386107537581158,0,0.0,0.0116058997332161,0.8500173312059693,0.9589070305141892,universal_frechet_max_ar_xi0.50_theta0.40,Ferro-Segers
universal,frechet_max_ar,0.5,0.4,0.7745966692414834,k_gaps,profile,365.0,100,100,87,0.4130631264468462,0.0804203730058821,0.0130631264468461,0.0629511462595454,0.1573778656488635,0.1283776115968944,0.1214871040257205,0.0532110755964759,0.2460536909846477,0.2531189989536935,0.2565902250562732,0.2478958017378038,0.2635411956037877,0.4165723198928039,0.5800629442633437,100,0.2569551114972624,0.2497975423102993,0.2644788900527867,0.87,,,,0.9,1.0,,,,default,0.0580062944263343,0.3585660254664696,0.4745786143191383,0,0.0,0.0080420373005882,0.7901947810519012,0.9224290614158576,universal_frechet_max_ar_xi0.50_theta0.40,K-gaps
universal,frechet_max_ar,0.5,0.4,0.7745966692414834,northrop_sliding_native,profile,365.0,100,100,29,0.4750384086358397,0.0672994150118826,0.0750384086358397,0.0818501311046752,0.2046253277616882,0.1468361184744054,0.1877929648207734,0.0830847093418142,0.2745516223415485,0.0984250228068199,0.0982473434429594,0.0881852707511151,0.1083017076523251,1.725193130863061,1.8527981295624445,100,1.1390319981414652,0.0991788173353315,2.556819008734693,0.29,10.0,10.0,16.0,,,sliding,northrop,,chandwich_adjusted,0.1852798129562444,1.5399133179068163,1.9104729438193055,0,0.0,0.0067299415011882,0.2101470697398414,0.3853907494000793,universal_frechet_max_ar_xi0.50_theta0.40,Northrop
universal,frechet_max_ar,0.5,0.6,0.6324555320336759,bb_sliding_native,wald,365.0,100,100,66,0.6548650626681561,0.0833702075540258,0.054865062668156,0.071430919407479,0.1190515323457983,0.1159173198744719,0.0862611547132264,0.0377771147284793,0.1488807961323968,0.1343368416648085,0.132658021369955,0.1228964550185966,0.1457377215444581,1.1255613125999455,2.0046394903396205,100,0.1368497213952619,0.1259511145773716,1.258113197622562,0.66,10.5,10.5,16.0,,,sliding,bb,,default,0.200463949033962,0.9250973635659836,1.3260252616339077,0,0.0,0.0083370207554025,0.5627754565831095,0.74538620502457,universal_frechet_max_ar_xi0.50_theta0.60,BB
universal,frechet_max_ar,0.5,0.6,0.6324555320336759,ferro_segers,wald,365.0,100,100,89,0.6431485877045479,0.1445174938708635,0.0431485877045478,0.1195805307429445,0.1993008845715743,0.152041386563384,0.1498747170705768,0.0847498531073568,0.2815195406340835,0.4759107268486316,0.4819327532494551,0.4429829245818054,0.5184872819864194,0.7370285556135184,0.8427840882776553,100,0.4990035697403411,0.4627747543686752,0.5381085631378479,0.89,,,,0.9,,,,,default,0.0842784088277655,0.6527501467857529,0.8213069644412839,0,0.0,0.0144517493870863,0.8136853697209698,0.9374586804477488,universal_frechet_max_ar_xi0.50_theta0.60,Ferro-Segers
universal,frechet_max_ar,0.5,0.6,0.6324555320336759,k_gaps,profile,365.0,100,100,94,0.5804027480304734,0.0753348956196793,-0.0195972519695265,0.0629455978362043,0.1049093297270072,0.0756657142371649,0.0954867109907734,0.0479849826782792,0.1523137396868007,0.2625217895329379,0.2646389704331338,0.2621769997068359,0.2656052404375733,0.3417850998090326,0.5087384105622326,100,0.2649497954185373,0.262816292916369,0.2659027739643502,0.94,,,,0.9,1.0,,,,default,0.0508738410562232,0.2909112587528093,0.3926589408652559,0,0.0,0.0075334895619679,0.8752303146877748,0.9722142547333432,universal_frechet_max_ar_xi0.50_theta0.60,K-gaps
universal,frechet_max_ar,0.5,0.6,0.6324555320336759,northrop_sliding_native,profile,365.0,100,100,59,0.6586583239650103,0.0853049077099881,0.0586583239650103,0.0751273672223137,0.1252122787038562,0.1184547401011124,0.093799829001153,0.0441633830185216,0.171931986948688,0.1318524789885593,0.1310782241109518,0.1206428856996565,0.1424382013591631,1.2650308892043278,2.131234184662916,100,0.1381082131319723,0.1235019210119968,1.6218893680760689,0.59,10.0,10.0,16.0,,,sliding,northrop,,chandwich_adjusted,0.2131234184662916,1.0519074707380365,1.4781543076706194,0,0.0,0.0085304907709988,0.4920125056109662,0.6813284290433533,universal_frechet_max_ar_xi0.50_theta0.60,Northrop
universal,frechet_max_ar,0.5,0.8,0.4472135954999578,bb_sliding_native,wald,365.0,100,100,62,0.8307410481550206,0.0919988238520944,0.0307410481550204,0.0774805488580819,0.0968506860726024,0.0723972009854103,0.0739170623162827,0.0387911679864991,0.1527235223245428,0.1574351435776594,0.1611397668344402,0.1470346621967732,0.1733969424708721,0.9602945811339336,1.323141203261341,100,0.1788759861639097,0.1622756897938276,1.6095939864491444,0.62,11.0,11.0,16.0,,,sliding,bb,,default,0.1323141203261341,0.8279804608077996,1.0926087014600678,0,0.0,0.0091998823852094,0.5220957382071033,0.7090255079986562,universal_frechet_max_ar_xi0.50_theta0.80,BB
universal,frechet_max_ar,0.5,0.8,0.4472135954999578,ferro_segers,wald,365.0,100,100,96,0.8520180433734283,0.1366862434459753,0.0520180433734283,0.1230708297922374,0.1538385372402967,0.0977633837823142,0.1524831483361028,0.0693602649015097,0.2451302195894769,0.3883089201120377,0.3815093823703063,0.2993326520261979,0.4578230022216475,0.5037634463165156,0.9221260677216911,100,0.3950617857036544,0.2993326520261979,0.4628440070762961,0.96,,,,0.9,,,,,default,0.0922126067721691,0.4115508395443464,0.5959760530886847,0,0.0,0.0136686243445975,0.9016278276739262,0.984336949448152,universal_frechet_max_ar_xi0.50_theta0.80,Ferro-Segers
universal,frechet_max_ar,0.5,0.8,0.4472135954999578,k_gaps,profile,365.0,100,100,85,0.7502914454654831,0.0707771562252064,-0.0497085545345169,0.0666198744568006,0.0832748430710008,0.0687189381869252,0.0701923673008754,0.0289490040496183,0.11111310133996,0.2378721669059221,0.2407863213904029,0.2273505550627677,0.252109111055447,0.4974158831397662,0.8119885719462384,100,0.2407863213904029,0.2273505550627677,0.252109111055447,0.85,,,,0.9,1.0,,,,default,0.0811988571946238,0.4162170259451423,0.5786147403343901,0,0.0,0.0070777156225206,0.7671626666784216,0.906940968088377,universal_frechet_max_ar_xi0.50_theta0.80,K-gaps
universal,frechet_max_ar,0.5,0.8,0.4472135954999578,northrop_sliding_native,profile,365.0,100,100,60,0.8349496037477853,0.0931015482687022,0.0349496037477852,0.0805135010108798,0.1006418762635998,0.072390092853154,0.0790129799023962,0.0432452016979575,0.1501612837029978,0.1531771874929737,0.1581067726728771,0.1451420420048219,0.1697666615682007,1.0551984631233773,1.4483768730313058,100,0.174371230047546,0.1589687973655265,1.668417309131902,0.6,11.0,11.0,16.0,,,sliding,northrop,,chandwich_adjusted,0.1448376873031305,0.9103607758202468,1.2000361504265078,0,0.0,0.0093101548268702,0.5020007846184025,0.6906002538863971,universal_frechet_max_ar_xi0.50_theta0.80,Northrop
universal,frechet_max_ar,0.5,1.0,0.0,bb_sliding_native,wald,365.0,100,100,92,0.9745578771552248,0.0400787360171588,-0.0254421228447751,0.0254421228447751,0.0254421228447751,0.0400787360171588,0.0,0.0,0.0458106171251109,0.1259297313431527,0.1111121553927879,0.1047950967538562,0.1463018007378738,0.2188681421021191,0.4175291862140834,100,0.1111121553927879,0.1047950967538562,0.1463018007378738,0.92,8.0,8.0,12.0,,,sliding,bb,,default,0.0417529186214083,0.1771152234807108,0.2606210607235275,0,0.0,0.0040078736017158,0.8500173312059693,0.9589070305141892,universal_frechet_max_ar_xi0.50_theta1.00,BB
universal,frechet_max_ar,0.5,1.0,0.0,ferro_segers,wald,365.0,100,100,97,0.9616030488534908,0.0840328641490696,-0.0383969511465094,0.0383969511465094,0.0383969511465094,0.0840328641490697,0.0,0.0,0.0566148237339725,0.2864125991380854,0.2594564497939113,0.2386294908521525,0.3277700486951163,0.5343545937813279,1.6981857298833138,100,0.2594564497939113,0.2386294908521525,0.3277700486951163,0.97,,,,0.9,,,,,default,0.1698185729883314,0.3645360207929965,0.7041731667696592,0,0.0,0.0084032864149069,0.915479219195973,0.9897456617765852,universal_frechet_max_ar_xi0.50_theta1.00,Ferro-Segers
universal,frechet_max_ar,0.5,1.0,0.0,k_gaps,profile,365.0,100,100,0,0.9085077445514668,0.0435292221865257,-0.091492255448533,0.091492255448533,0.091492255448533,0.0435292221865257,0.0947364519821147,0.0667530066119507,0.1238954229948108,0.1643307708758924,0.1687301784463917,0.1477431917219621,0.1904389747512559,1.4108802114859311,0.975097589498384,100,1.4125519972413485,0.7981417881077149,2.097615831164558,0.0,,,,0.9,1.0,,,,default,0.0975097589498384,1.313370452536093,1.5083899704357695,0,0.0,0.0043529222186525,0.0,0.0369948074760019,universal_frechet_max_ar_xi0.50_theta1.00,K-gaps
universal,frechet_max_ar,0.5,1.0,0.0,northrop_sliding_native,profile,365.0,100,100,71,0.974155932380564,0.0409813108351344,-0.0258440676194359,0.0258440676194359,0.0258440676194359,0.0409813108351344,0.0,0.0,0.0441804832787106,0.0987938039795802,0.0936681498808537,0.0553953036036466,0.1355204642399788,0.2151981980404484,0.4705577418198256,100,0.0936681498808537,0.0553953036036466,0.1766196435749892,0.71,8.0,8.0,12.0,,,sliding,northrop,,chandwich_adjusted,0.0470557741819825,0.1681424238584659,0.262253972222431,0,0.0,0.0040981310835134,0.6146092505999207,0.7898529302601586,universal_frechet_max_ar_xi0.50_theta1.00,Northrop
universal,frechet_max_ar,1.0,0.1,0.9,bb_sliding_native,wald,365.0,100,100,0,0.1860617858072208,0.0232008446205725,0.0860617858072208,0.0860617858072208,0.8606178580722087,0.2320084462057256,0.8676048138177499,0.691606989014908,1.006972772683853,0.0413300289328182,0.0410009028341904,0.0371884506227932,0.0442069814771551,2.6572008825652875,0.8325611474133148,100,2.656166494754208,2.0325747319165557,3.229356362281533,0.0,12.0,12.0,16.0,,,sliding,bb,,default,0.0832561147413314,2.573944767823956,2.740456997306619,0,0.0,0.0023200844620572,0.0,0.0369948074760019,universal_frechet_max_ar_xi1.00_theta0.10,BB
universal,frechet_max_ar,1.0,0.1,0.9,ferro_segers,wald,365.0,100,100,81,0.2991943766520812,0.3346377854026912,0.1991943766520812,0.2101172455148269,2.10117245514827,3.278207285588067,0.5972851886851988,0.3077091876796781,1.280639999181454,0.2347839934376582,0.2666888895730283,0.1826811764457371,0.3355678805173879,6.668719957810506,13.679131075252338,100,0.311503237949554,0.2366449854463528,0.3663601158111574,0.81,,,,0.9,,,,,default,1.3679131075252338,5.300806850285272,8.036633065335739,0,0.0,0.0334637785402691,0.7222097592919214,0.8748534600729574,universal_frechet_max_ar_xi1.00_theta0.10,Ferro-Segers
universal,frechet_max_ar,1.0,0.1,0.9,k_gaps,profile,365.0,100,100,82,0.1187976119257265,0.056116403097787,0.0187976119257265,0.0454969852657547,0.4549698526575473,0.3761762341535011,0.3817257342911274,0.1432521146362728,0.6478197215404943,0.1649690179557048,0.1689477075058572,0.1503345236325435,0.1857333200214284,0.348269114728315,0.5246611059227522,100,0.1720458378545469,0.1525709680042306,0.1954099979906954,0.82,,,,0.9,1.0,,,,default,0.0524661105922752,0.2958030041360398,0.4007352253205903,0,0.0,0.0056116403097787,0.7333246397578691,0.8829986834574896,universal_frechet_max_ar_xi1.00_theta0.10,K-gaps
universal,frechet_max_ar,1.0,0.1,0.9,northrop_sliding_native,profile,365.0,100,100,0,0.1866025913801961,0.0234743142438503,0.0866025913801961,0.0866025913801961,0.866025913801961,0.2347431424385034,0.8425664824051493,0.7057560381355101,0.989539287702874,0.0378627647338134,0.0375122991790223,0.0336722941253683,0.0414134585802669,2.771005565715872,0.8613273969584296,100,2.677358144814031,2.190554819137658,3.2200615687406726,0.0,12.0,12.0,16.0,,,sliding,northrop,,chandwich_adjusted,0.0861327396958429,2.684872826020029,2.857138305411715,0,0.0,0.002347431424385,0.0,0.0369948074760019,universal_frechet_max_ar_xi1.00_theta0.10,Northrop
universal,frechet_max_ar,1.0,0.15,0.85,bb_sliding_native,wald,365.0,100,100,0,0.2315774734623359,0.0291606752889526,0.0815774734623359,0.0815774734623359,0.54384982308224,0.1944045019263512,0.5300175049547984,0.3969635823420652,0.6377378035650911,0.0516099838273603,0.0502780923269732,0.0456582396314995,0.057507629634053,2.2825092457735936,1.0469520084670716,100,2.159260922427648,1.4969170980111504,2.778189380583873,0.0,12.0,12.0,19.0,,,sliding,bb,,default,0.1046952008467071,2.1778140449268863,2.387204446620301,0,0.0,0.0029160675288952,0.0,0.0369948074760019,universal_frechet_max_ar_xi1.00_theta0.15,BB
universal,frechet_max_ar,1.0,0.15,0.85,ferro_segers,wald,365.0,100,100,94,0.2353484030822245,0.1888014217769934,0.0853484030822244,0.1022210468340355,0.6814736455602367,1.2009110755639114,0.3598254267557172,0.1373689699055254,0.6590891952181582,0.318394714018997,0.3333799862533008,0.2808593651627972,0.3732166669746041,2.0294284159579634,7.372800001109297,100,0.3377674174502504,0.2916878205240898,0.3944537242992314,0.94,,,,0.9,,,,,default,0.7372800001109298,1.2921484158470338,2.766708416068893,0,0.0,0.0188801421776993,0.8752303146877748,0.9722142547333432,universal_frechet_max_ar_xi1.00_theta0.15,Ferro-Segers
universal,frechet_max_ar,1.0,0.15,0.85,k_gaps,profile,365.0,100,100,88,0.164688228617537,0.0590040827822727,0.0146882286175369,0.0499139420383697,0.3327596135891318,0.2292827265084383,0.3006341054548453,0.1717519230166591,0.4461825289002916,0.1874888149869271,0.1894014687981837,0.1637336569109717,0.2074558028766542,0.2736880180821893,0.305348490341207,100,0.1911280904898381,0.1659949437002189,0.2081081114155148,0.88,,,,0.9,1.0,,,,default,0.0305348490341207,0.2431531690480685,0.3042228671163099,0,0.0,0.0059004082782272,0.8018773199709163,0.9300066263473222,universal_frechet_max_ar_xi1.00_theta0.15,K-gaps
universal,frechet_max_ar,1.0,0.15,0.85,northrop_sliding_native,profile,365.0,100,100,0,0.229871102463353,0.0299066316286157,0.0798711024633529,0.0798711024633529,0.5324740164223533,0.1993775441907719,0.5170789342256543,0.3833631215008882,0.6375901916412814,0.0481404502061941,0.0473686158244824,0.042271463737775,0.0525844139145608,2.3136122576329563,1.0939415029187596,100,2.206034683257549,1.4803407291300543,2.9678210674355903,0.0,12.0,12.0,19.0,,,sliding,northrop,,chandwich_adjusted,0.1093941502918759,2.2042181073410805,2.423006407924832,0,0.0,0.0029906631628615,0.0,0.0369948074760019,universal_frechet_max_ar_xi1.00_theta0.15,Northrop
universal,frechet_max_ar,1.0,0.25,0.75,bb_sliding_native,wald,365.0,100,100,11,0.3288795836432002,0.0398821201665367,0.0788795836432001,0.0794478647937186,0.3177914591748745,0.1549038499737093,0.3116804355442903,0.210191326589622,0.4146715114393988,0.0707204838964053,0.0707779107465828,0.0648847094734677,0.0752869927890441,1.8853871081029565,1.333763789175116,100,1.809486776168012,0.90570783057024,2.7004342855729173,0.11,12.0,12.0,16.0,,,sliding,bb,,default,0.1333763789175115,1.752010729185445,2.0187634870204683,0,0.0,0.0039882120166536,0.0625413195522512,0.1863146302790302,universal_frechet_max_ar_xi1.00_theta0.25,BB
universal,frechet_max_ar,1.0,0.25,0.75,ferro_segers,wald,365.0,100,100,96,0.2990400865211333,0.116755247013763,0.0490400865211333,0.0885227644692024,0.3540910578768096,0.3610113758508183,0.275717307971255,0.1308707955994986,0.4412523951653768,0.3893210010222923,0.3992069979207436,0.3425140763779092,0.4457143276321829,0.722554819380528,2.9641099500206756,100,0.4063016750361538,0.3560808779932002,0.4596660281722385,0.96,,,,0.9,,,,,default,0.2964109950020676,0.4261438243784604,1.0189658143825957,0,0.0,0.0116755247013763,0.9016278276739262,0.984336949448152,universal_frechet_max_ar_xi1.00_theta0.25,Ferro-Segers
universal,frechet_max_ar,1.0,0.25,0.75,k_gaps,profile,365.0,100,100,89,0.2612169752448021,0.0682211896585504,0.011216975244802,0.0538948666201823,0.2155794664807294,0.1719174477429406,0.1779951463358117,0.0650206300289577,0.3169677757187594,0.2224911705675191,0.2228519351534343,0.20962287458037,0.2382904973183467,0.3181647612302438,0.3355468172629252,100,0.223210795462703,0.2105474678047746,0.2387114972464339,0.89,,,,0.9,1.0,,,,default,0.0335546817262925,0.2846100795039513,0.3517194429565363,0,0.0,0.006822118965855,0.8136853697209698,0.9374586804477488,universal_frechet_max_ar_xi1.00_theta0.25,K-gaps
universal,frechet_max_ar,1.0,0.25,0.75,northrop_sliding_native,profile,365.0,100,100,11,0.3284056177525073,0.0417577888037242,0.0784056177525073,0.0791010078303846,0.3164040313215387,0.161645440750328,0.3000421043137506,0.2150893967758005,0.4145785667923879,0.0681225645845705,0.0682537845381945,0.0623769816421726,0.0726190177442155,1.9698131908761043,1.422166485669116,100,1.7122336596437608,0.9908707259757324,2.7580010430220208,0.11,12.0,12.0,16.0,,,sliding,northrop,,chandwich_adjusted,0.1422166485669116,1.8275965423091929,2.112029839443016,0,0.0,0.0041757788803724,0.0625413195522512,0.1863146302790302,universal_frechet_max_ar_xi1.00_theta0.25,Northrop
universal,frechet_max_ar,1.0,0.4,0.6,bb_sliding_native,wald,365.0,100,100,38,0.4718338854431039,0.059825902034943,0.0718338854431039,0.075169308986746,0.187923272466865,0.138831461050431,0.1744440145151811,0.0841184500331889,0.2592068448035867,0.0999018234518397,0.0975580929850608,0.0892679796367742,0.1086012356781999,1.4102638499655071,1.7260665272951028,100,0.8755594597666227,0.0930209427956021,2.071732039239681,0.38,11.0,11.0,16.0,,,sliding,bb,,default,0.1726066527295102,1.2376571972359969,1.5828705026950174,0,0.0,0.0059825902034943,0.2909744920013438,0.4779042617928966,universal_frechet_max_ar_xi1.00_theta0.40,BB
universal,frechet_max_ar,1.0,0.4,0.6,ferro_segers,wald,365.0,100,100,93,0.4485602429007758,0.1224224137676199,0.0485602429007757,0.1000512595207318,0.2501281488018295,0.2129817411920395,0.2018914525049615,0.1169981529286929,0.3262768268897821,0.451987862282533,0.4644368350323091,0.4133094689945922,0.4997945638272452,0.6676627122546378,1.002071108309924,100,0.4676481174967645,0.4281660429916666,0.5079655108025751,0.93,,,,0.9,,,,,default,0.1002071108309924,0.5674556014236454,0.7678698230856302,0,0.0,0.0122422413767619,0.8625032899347026,0.965681175635936,universal_frechet_max_ar_xi1.00_theta0.40,Ferro-Segers
universal,frechet_max_ar,1.0,0.4,0.6,k_gaps,profile,365.0,100,100,87,0.3997334654967775,0.0779648730911108,-0.0002665345032225,0.0599041647800827,0.1497604119502067,0.1238405393819267,0.1174252537088445,0.0528638869573654,0.1913707782148671,0.2515546114953279,0.2530200113893168,0.2474786959920992,0.2606715519329648,0.4160075488002923,0.5653646008887434,100,0.255739950297876,0.2488065188314129,0.2614103292929975,0.87,,,,0.9,1.0,,,,default,0.0565364600888743,0.3594710887114179,0.4725440088891666,0,0.0,0.007796487309111,0.7901947810519012,0.9224290614158576,universal_frechet_max_ar_xi1.00_theta0.40,K-gaps
universal,frechet_max_ar,1.0,0.4,0.6,northrop_sliding_native,profile,365.0,100,100,29,0.4720786536965382,0.0592819625787455,0.0720786536965382,0.0758307933555241,0.1895769833888104,0.135871454821963,0.1745965187755596,0.0941037249724781,0.2564942676659684,0.0976775373184356,0.094768127805692,0.0874233961339708,0.105002397439716,1.5168744268431498,1.7160689448977893,100,1.0480365181640188,0.0997666161227165,2.35271976806251,0.29,11.0,11.0,16.0,,,sliding,northrop,,chandwich_adjusted,0.1716068944897789,1.345267532353371,1.6884813213329286,0,0.0,0.0059281962578745,0.2101470697398414,0.3853907494000793,universal_frechet_max_ar_xi1.00_theta0.40,Northrop
universal,frechet_max_ar,1.0,0.6,0.4,bb_sliding_native,wald,365.0,100,100,60,0.6463466629660302,0.0675351980779745,0.0463466629660301,0.0621085689822762,0.103514281637127,0.0887298415590946,0.0862369227228178,0.0334905273043928,0.1491372673329687,0.1342750568328436,0.1331739403209848,0.1218734513706952,0.1448137082697065,0.8309954661155237,1.2304197425937602,100,0.1381464099505325,0.1255363441908117,1.0657867777753316,0.6,10.0,10.0,16.0,,,sliding,bb,,default,0.123041974259376,0.7079534918561476,0.9540374403748996,0,0.0,0.0067535198077974,0.5020007846184025,0.6906002538863971,universal_frechet_max_ar_xi1.00_theta0.60,BB
universal,frechet_max_ar,1.0,0.6,0.4,ferro_segers,wald,365.0,100,100,88,0.6457904781322512,0.1454008157440177,0.0457904781322511,0.1183577108770859,0.19726285146181,0.1590710565726731,0.1619660064075933,0.0741121195387508,0.2715227716057639,0.4756013115135641,0.48957903152476,0.4514635757333631,0.51307816746364,0.7665407948248182,0.9262221171277896,100,0.4999964782647872,0.4719928670662954,0.5300936332540724,0.88,,,,0.9,,,,,default,0.0926222117127789,0.6739185831120392,0.8591630065375971,0,0.0,0.0145400815744017,0.8018773199709163,0.9300066263473222,universal_frechet_max_ar_xi1.00_theta0.60,Ferro-Segers
universal,frechet_max_ar,1.0,0.6,0.4,k_gaps,profile,365.0,100,100,90,0.5773593223495647,0.0826455135596921,-0.0226406776504353,0.06968995360563,0.11614992267605,0.0823662530690165,0.0950561432814511,0.0519489300467263,0.1589261240746367,0.2619695870241529,0.2640877934517647,0.260638806573449,0.2656450217218191,0.4360508117279809,0.561613127580523,100,0.2649028664538629,0.2622908695984545,0.2659237603640009,0.9,,,,0.9,1.0,,,,default,0.0561613127580522,0.3798894989699286,0.4922121244860332,0,0.0,0.0082645513559692,0.8256326956323347,0.944771458386864,universal_frechet_max_ar_xi1.00_theta0.60,K-gaps
universal,frechet_max_ar,1.0,0.6,0.4,northrop_sliding_native,profile,365.0,100,100,56,0.6466463663402005,0.0683905239897411,0.0466463663402004,0.0631277460572514,0.105212910095419,0.0889719041699347,0.0806914475395019,0.0343603850397032,0.1616480420256331,0.1312055888917971,0.130763213053364,0.1191730761829356,0.1417054016374135,0.9274366586468504,1.3087746681503072,100,0.1413798914621604,0.120907088151475,1.292912841220765,0.56,10.0,10.0,16.0,,,sliding,northrop,,chandwich_adjusted,0.1308774668150307,0.7965591918318198,1.0583141254618813,0,0.0,0.0068390523989741,0.4622792771125631,0.6532813459903167,universal_frechet_max_ar_xi1.00_theta0.60,Northrop
universal,frechet_max_ar,1.0,0.8,0.1999999999999999,bb_sliding_native,wald,365.0,100,100,68,0.8322011615814036,0.0879918319014246,0.0322011615814035,0.0704019498107806,0.0880024372634758,0.0768872108494913,0.0657346937413982,0.0268526375138066,0.1264478538605377,0.1591350275176523,0.161056998403173,0.1483491230015267,0.1735471516258862,0.877810739095462,1.3396107168089273,100,0.1738537416326648,0.1611313310364674,0.7640459884499375,0.68,10.0,10.0,15.0,,,sliding,bb,,default,0.1339610716808927,0.7438496674145694,1.0117718107763547,0,0.0,0.0087991831901424,0.5833719774632081,0.7633098918454312,universal_frechet_max_ar_xi1.00_theta0.80,BB
universal,frechet_max_ar,1.0,0.8,0.1999999999999999,ferro_segers,wald,365.0,100,100,98,0.8512452478638312,0.1235153774041871,0.0512452478638311,0.1099714100691877,0.1374642625864847,0.0943131433746307,0.1367192807846299,0.047786014826688,0.2240688604340613,0.3984491403463002,0.4104068414515328,0.3151426880425427,0.4704699291985589,0.4721348327164478,0.5364915850477568,100,0.4122253690126259,0.3151426880425427,0.4708907616451847,0.98,,,,0.9,,,,,default,0.0536491585047756,0.4184856742116721,0.5257839912212235,0,0.0,0.0123515377404187,0.9299868370580064,0.9944981477650318,universal_frechet_max_ar_xi1.00_theta0.80,Ferro-Segers
universal,frechet_max_ar,1.0,0.8,0.1999999999999999,k_gaps,profile,365.0,100,100,89,0.745789618061473,0.0585813869660558,-0.0542103819385269,0.0632023096749017,0.0790028870936272,0.0607935563131459,0.065102870638523,0.0326672556868171,0.11303994071023,0.240670247991851,0.2398707142907335,0.2328596293760627,0.2519212257567123,0.3922959667995181,0.5541720261977632,100,0.2398707142907335,0.2328596293760627,0.2519212257567123,0.89,,,,0.9,1.0,,,,default,0.0554172026197763,0.3368787641797418,0.4477131694192944,0,0.0,0.0058581386966055,0.8136853697209698,0.9374586804477488,universal_frechet_max_ar_xi1.00_theta0.80,K-gaps
universal,frechet_max_ar,1.0,0.8,0.1999999999999999,northrop_sliding_native,profile,365.0,100,100,66,0.8334778723373083,0.0886197689667024,0.0334778723373081,0.0710127456165112,0.088765932020639,0.077980413817377,0.0676838009216569,0.025223061684678,0.1348182861253934,0.1545831099406013,0.1574522889450767,0.1457739883970855,0.1687614069373476,1.0162395274107765,1.5734809952276454,100,0.1728530355107063,0.1572894051664598,1.2812754157902058,0.66,10.0,10.0,15.0,,,sliding,northrop,,chandwich_adjusted,0.1573480995227645,0.8588914278880118,1.1735876269335408,0,0.0,0.0088619768966702,0.5627754565831095,0.74538620502457,universal_frechet_max_ar_xi1.00_theta0.80,Northrop
universal,frechet_max_ar,1.0,1.0,0.0,bb_sliding_native,wald,365.0,100,100,85,0.9668551811112268,0.0530316283944673,-0.0331448188887733,0.0331448188887733,0.0331448188887733,0.0530316283944673,0.0,0.0,0.0611142770458292,0.1275349635732904,0.1123962416930451,0.1049675546749273,0.1595021265808041,0.4368086330656344,0.9094100065328556,100,0.1123962416930451,0.1049675546749273,0.159562752968195,0.85,8.0,8.0,11.0,,,sliding,bb,,default,0.0909410006532855,0.3458676324123488,0.52774963371892,0,0.0,0.0053031628394467,0.7671626666784216,0.906940968088377,universal_frechet_max_ar_xi1.00_theta1.00,BB
universal,frechet_max_ar,1.0,1.0,0.0,ferro_segers,wald,365.0,100,100,97,0.9551155559007872,0.0780109373006805,-0.0448844440992127,0.0448844440992127,0.0448844440992127,0.0780109373006805,0.0,0.0,0.0570967654502726,0.3004235274684409,0.2696740872349764,0.2471787900004665,0.3347539069190877,0.390840659801629,0.5959393502849782,100,0.2696740872349764,0.2471787900004665,0.3347539069190877,0.97,,,,0.9,,,,,default,0.0595939350284978,0.3312467247731312,0.4504345948301268,0,0.0,0.007801093730068,0.915479219195973,0.9897456617765852,universal_frechet_max_ar_xi1.00_theta1.00,Ferro-Segers
universal,frechet_max_ar,1.0,1.0,0.0,k_gaps,profile,365.0,100,100,0,0.8991633600332102,0.0495562464093031,-0.1008366399667898,0.1008366399667898,0.1008366399667898,0.0495562464093031,0.1013031386192682,0.0734471764382468,0.1279851851922917,0.1704322351725202,0.1776352310342906,0.1542565455866915,0.1949041810100434,1.6425306199701344,1.1592062584633434,100,1.5184882546797829,0.9213838609762036,2.174796636111874,0.0,,,,0.9,1.0,,,,default,0.1159206258463343,1.5266099941238,1.7584512458164687,0,0.0,0.0049556246409303,0.0,0.0369948074760019,universal_frechet_max_ar_xi1.00_theta1.00,K-gaps
universal,frechet_max_ar,1.0,1.0,0.0,northrop_sliding_native,profile,365.0,100,100,73,0.9668590321151644,0.0533558778194387,-0.0331409678848355,0.0331409678848355,0.0331409678848355,0.0533558778194387,0.0,0.0,0.060298598289845,0.096473115517509,0.0769030885812074,0.0494543490963294,0.1516149595267745,0.3945419386429328,0.8885952279991245,100,0.0769030885812074,0.0494543490963294,0.1874892813926367,0.73,8.0,8.0,11.0,,,sliding,northrop,,chandwich_adjusted,0.0888595227999124,0.3056824158430204,0.4834014614428453,0,0.0,0.0053355877819438,0.6356769977376873,0.8073053908233518,universal_frechet_max_ar_xi1.00_theta1.00,Northrop
universal,frechet_max_ar,5.0,0.1,0.5904900000000001,bb_sliding_native,wald,365.0,100,100,0,0.1886757050012035,0.0230198859189196,0.0886757050012035,0.0886757050012035,0.8867570500120351,0.2301988591891962,0.8403501973039218,0.7279084848541914,1.0455907698782765,0.0412914338655079,0.040385571798741,0.0370758524695338,0.0454248391159808,2.76249095660349,0.8250512164714663,100,2.6686340466138505,2.19215331621807,3.311182978152139,0.0,12.0,12.0,16.0,,,sliding,bb,,default,0.0825051216471466,2.6799858349563435,2.8449960782506363,0,0.0,0.0023019885918919,0.0,0.0369948074760019,universal_frechet_max_ar_xi5.00_theta0.10,BB
universal,frechet_max_ar,5.0,0.1,0.5904900000000001,ferro_segers,wald,365.0,100,100,81,0.2944430407925643,0.3362197740987533,0.1944430407925643,0.2034840109463437,2.0348401094634365,3.3077144682126955,0.4423872514540271,0.198813325736408,1.1595288691891377,0.2321378128593714,0.25901141116708,0.1779172682371341,0.3212902042067487,6.665646699077195,13.680555649347074,100,0.2936599926956816,0.2514006542516352,0.3770016117186726,0.81,,,,0.9,,,,,default,1.3680555649347077,5.297591134142488,8.033702264011902,0,0.0,0.0336219774098753,0.7222097592919214,0.8748534600729574,universal_frechet_max_ar_xi5.00_theta0.10,Ferro-Segers
universal,frechet_max_ar,5.0,0.1,0.5904900000000001,k_gaps,profile,365.0,100,100,85,0.1137139317655673,0.0496434764720482,0.0137139317655672,0.0407369521237138,0.4073695212371382,0.3127594139124303,0.3153385520814277,0.1522542670642387,0.5836617903116392,0.1621442234735548,0.1699069941519138,0.1459824698096177,0.1829241967752732,0.2759253893743083,0.3806608541050288,100,0.1720840043703981,0.1506499213833755,0.1872495557083605,0.85,,,,0.9,1.0,,,,default,0.0380660854105028,0.2378593039638054,0.3139914747848112,0,0.0,0.0049643476472048,0.7671626666784216,0.906940968088377,universal_frechet_max_ar_xi5.00_theta0.10,K-gaps
universal,frechet_max_ar,5.0,0.1,0.5904900000000001,northrop_sliding_native,profile,365.0,100,100,0,0.1909167161984483,0.0228859385926845,0.0909167161984483,0.0909167161984483,0.9091671619844836,0.2288593859268459,0.8781318456321132,0.7360171517056937,1.0299810816767092,0.037980020481927,0.0363623579303556,0.0339465299157949,0.0423343163606221,2.9414180172970004,0.8376992819959838,100,2.875293719096823,2.312154510452406,3.380680186614149,0.0,12.0,12.0,16.0,,,sliding,northrop,,chandwich_adjusted,0.0837699281995983,2.857648089097402,3.025187945496598,0,0.0,0.0022885938592684,0.0,0.0369948074760019,universal_frechet_max_ar_xi5.00_theta0.10,Northrop
universal,frechet_max_ar,5.0,0.15,0.4437053124999999,bb_sliding_native,wald,365.0,100,100,2,0.234988222043541,0.0318688606082229,0.084988222043541,0.084988222043541,0.5665881469569406,0.212459070721486,0.5582592205701282,0.4159144887326768,0.744244749198552,0.0510615012443619,0.0510146640225633,0.0454989574338665,0.0553860580050735,2.4343870792553517,1.1350202984642237,100,2.4313866481174378,1.6512260845364748,3.3677253892899293,0.02,12.0,12.0,16.0,,,sliding,bb,,default,0.1135020298464223,2.3208850494089295,2.547889109101774,0,0.0,0.0031868860608222,0.0055018522349681,0.0700131629419936,universal_frechet_max_ar_xi5.00_theta0.15,BB
universal,frechet_max_ar,5.0,0.15,0.4437053124999999,ferro_segers,wald,365.0,100,100,91,0.2432980493273292,0.2093976811384889,0.0932980493273292,0.118153354919478,0.7876890327965205,1.3087502405870417,0.3978797993162915,0.1924941254092012,0.6763563809293943,0.3114410126156706,0.3211830398499946,0.2452364788825747,0.3874443555677879,2.3292435202530033,7.830119491839011,100,0.3347514326726244,0.2692009602759158,0.3998630049738315,0.91,,,,0.9,,,,,default,0.7830119491839012,1.546231571069102,3.1122554694369047,0,0.0,0.0209397681138488,0.8377362530335634,0.9519280048361152,universal_frechet_max_ar_xi5.00_theta0.15,Ferro-Segers
universal,frechet_max_ar,5.0,0.15,0.4437053124999999,k_gaps,profile,365.0,100,100,81,0.1701512354141842,0.0632755783253555,0.0201512354141841,0.0529164251737352,0.352776167824902,0.2654589706300524,0.2894796595417224,0.1232547374465613,0.5478869430075429,0.1907572808103024,0.1927757117101764,0.174771505147195,0.2120049646692661,0.3257628005843802,0.386617096962815,100,0.1968630333757891,0.1798289175180899,0.2163188445303256,0.81,,,,0.9,1.0,,,,default,0.0386617096962815,0.2871010908880987,0.3644245102806617,0,0.0,0.0063275578325355,0.7222097592919214,0.8748534600729574,universal_frechet_max_ar_xi5.00_theta0.15,K-gaps
universal,frechet_max_ar,5.0,0.15,0.4437053124999999,northrop_sliding_native,profile,365.0,100,100,0,0.2363023006658834,0.0324457609742969,0.0863023006658834,0.0863023006658834,0.5753486711058899,0.2163050731619799,0.5607905828386408,0.4289822308751444,0.7555676919648694,0.0479130973652702,0.046956566039645,0.0413249419247616,0.0527757169229564,2.574999357381419,1.1824934564480514,100,2.45376501594807,1.681312371944931,3.4281074201715285,0.0,12.0,12.0,17.5,,,sliding,northrop,,chandwich_adjusted,0.1182493456448051,2.456750011736614,2.6932487030262244,0,0.0,0.0032445760974296,0.0,0.0369948074760019,universal_frechet_max_ar_xi5.00_theta0.15,Northrop
universal,frechet_max_ar,5.0,0.25,0.2373046875,bb_sliding_native,wald,365.0,100,100,11,0.3299672626007484,0.0435469672298073,0.0799672626007484,0.0803973012030031,0.3215892048120125,0.170958652618043,0.2871090102680095,0.2115615463733989,0.436093718550947,0.0715567931797943,0.0715029759270839,0.0640372400089715,0.077388981221213,1.903897417823953,1.446313116329293,100,1.5614539272696784,0.8879040485453639,2.916567177319542,0.11,11.0,11.0,16.0,,,sliding,bb,,default,0.1446313116329293,1.7592661061910235,2.048528729456882,0,0.0,0.0043546967229807,0.0625413195522512,0.1863146302790302,universal_frechet_max_ar_xi5.00_theta0.25,BB
universal,frechet_max_ar,5.0,0.25,0.2373046875,ferro_segers,wald,365.0,100,100,94,0.3000645241793249,0.0997996612513937,0.0500645241793249,0.0844972644553225,0.3379890578212901,0.2906500285175086,0.2681449020960583,0.1401788393939627,0.4295036266123609,0.3954983293297872,0.3946913771643526,0.3596207258466533,0.4422809957758173,0.4953673402568585,0.5612507991996178,100,0.3989862843635239,0.3611061825129741,0.4481141082146188,0.94,,,,0.9,,,,,default,0.0561250799199617,0.4392422603368967,0.5514924201768203,0,0.0,0.0099799661251393,0.8752303146877748,0.9722142547333432,universal_frechet_max_ar_xi5.00_theta0.25,Ferro-Segers
universal,frechet_max_ar,5.0,0.25,0.2373046875,k_gaps,profile,365.0,100,100,88,0.2675957882232395,0.0693405096357178,0.0175957882232395,0.0579009764619621,0.2316039058478486,0.1665873218028294,0.1928319024312852,0.095125276775849,0.3227186243013853,0.2227279289749849,0.2258010406172091,0.2097641785718217,0.2384308958190832,0.3639297254825401,0.4531312213787657,100,0.2269732015392951,0.2110581943777535,0.2417736780260055,0.88,,,,0.9,1.0,,,,default,0.0453131221378765,0.3186166033446635,0.4092428476204167,0,0.0,0.0069340509635717,0.8018773199709163,0.9300066263473222,universal_frechet_max_ar_xi5.00_theta0.25,K-gaps
universal,frechet_max_ar,5.0,0.25,0.2373046875,northrop_sliding_native,profile,365.0,100,100,7,0.3295292416419492,0.0424588548794722,0.0795292416419491,0.0798242599004228,0.3192970396016912,0.1675836409456718,0.2952090406432355,0.211878934405286,0.4338304076174904,0.0689470688336849,0.0683907805363715,0.0614196945996706,0.0774871163089147,1.9720799457125504,1.44393297821359,100,1.6720531993611267,0.90955520137982,2.942734824644209,0.07,11.0,11.0,16.0,,,sliding,northrop,,chandwich_adjusted,0.144393297821359,1.8276866478911915,2.1164732435339095,0,0.0,0.0042458854879472,0.034318824364064,0.1374967100652975,universal_frechet_max_ar_xi5.00_theta0.25,Northrop
universal,frechet_max_ar,5.0,0.4,0.0777599999999999,bb_sliding_native,wald,365.0,100,100,45,0.4622211392073875,0.0580470541199635,0.0622211392073875,0.0665018400167489,0.1662546000418724,0.1325912427820396,0.13438564588398,0.0628394745179283,0.247734983523192,0.0979685246359591,0.097501026093158,0.0882087739329326,0.1074633695335201,1.1811944081618757,1.583784879666961,100,0.3667024939857496,0.0890875015434594,2.065471146776826,0.45,11.0,11.0,16.0,,,sliding,bb,,default,0.158378487966696,1.0228159201951796,1.3395728961285718,0,0.0,0.0058047054119963,0.3561437510640346,0.5475557296835656,universal_frechet_max_ar_xi5.00_theta0.40,BB
universal,frechet_max_ar,5.0,0.4,0.0777599999999999,ferro_segers,wald,365.0,100,100,95,0.4367111631221986,0.1102597934690337,0.0367111631221986,0.0941528385451918,0.2353820963629795,0.1688979864942566,0.2269132189536397,0.1018639084221056,0.2982578191622504,0.4515200257344521,0.465432611104885,0.4077952518691097,0.498305368202158,0.5887682879374065,0.6960445045822272,100,0.4700424647650144,0.4219036290429812,0.5026606296120418,0.95,,,,0.9,,,,,default,0.0696044504582227,0.5191638374791838,0.6583727383956293,0,0.0,0.0110259793469033,0.8882480347279118,0.9784566385436864,universal_frechet_max_ar_xi5.00_theta0.40,Ferro-Segers
universal,frechet_max_ar,5.0,0.4,0.0777599999999999,k_gaps,profile,365.0,100,100,96,0.3919033604634425,0.0715920872000708,-0.0080966395365574,0.0587870809431266,0.1469677023578165,0.1031023617985618,0.1228045321093349,0.0667118169803193,0.2048946151378823,0.2507225845271016,0.2514348896231571,0.2435458577921174,0.2602868721520405,0.3006685048573495,0.3372136203468966,100,0.2529576707282637,0.2443402524165497,0.2613063043536228,0.96,,,,0.9,1.0,,,,default,0.0337213620346896,0.2669471428226598,0.3343898668920391,0,0.0,0.007159208720007,0.9016278276739262,0.984336949448152,universal_frechet_max_ar_xi5.00_theta0.40,K-gaps
universal,frechet_max_ar,5.0,0.4,0.0777599999999999,northrop_sliding_native,profile,365.0,100,100,42,0.4625064941606384,0.0586490997640818,0.0625064941606383,0.0664911680997303,0.1662279202493258,0.1351043861086318,0.1218747665027683,0.0633320542986552,0.2555065872601952,0.0962198896785569,0.0934928208916877,0.0848223761421759,0.1077164159398827,1.2304990317963458,1.6882447517195152,100,0.3266365765271352,0.0873075208508834,2.1366380769118556,0.42,11.0,11.0,16.0,,,sliding,northrop,,chandwich_adjusted,0.1688244751719515,1.0616745566243944,1.3993235069682972,0,0.0,0.0058649099764081,0.327982249185113,0.5179369200110473,universal_frechet_max_ar_xi5.00_theta0.40,Northrop
universal,frechet_max_ar,5.0,0.6,0.01024,bb_sliding_native,wald,365.0,100,100,59,0.6478463580252687,0.0822614674173276,0.0478463580252687,0.0710353594204837,0.1183922657008062,0.1051765020149247,0.0911183406584501,0.0444383563795247,0.1559657892015603,0.1327693854950433,0.1299343543871145,0.1219958492232061,0.1415845196040279,1.0608368481201615,1.7843752370878352,100,0.135992571991496,0.1242077947232329,1.0718614771161372,0.59,10.0,10.0,16.0,,,sliding,bb,,default,0.1784375237087835,0.882399324411378,1.239274371828945,0,0.0,0.0082261467417327,0.4920125056109662,0.6813284290433533,universal_frechet_max_ar_xi5.00_theta0.60,BB
universal,frechet_max_ar,5.0,0.6,0.01024,ferro_segers,wald,365.0,100,100,92,0.6131484255826313,0.1332191447368823,0.0131484255826313,0.1034546967655288,0.1724244946092147,0.1405444153731593,0.1479517789499722,0.0706718847247358,0.2312540818822483,0.475755050702491,0.4787149642139985,0.4501487647393056,0.5086935707252656,0.752734164345657,1.047659292623318,100,0.4868647305587853,0.46081226974938,0.5240367472778065,0.92,,,,0.9,,,,,default,0.1047659292623317,0.6479682350833252,0.8575000936079887,0,0.0,0.0133219144736882,0.8500173312059693,0.9589070305141892,universal_frechet_max_ar_xi5.00_theta0.60,Ferro-Segers
universal,frechet_max_ar,5.0,0.6,0.01024,k_gaps,profile,365.0,100,100,88,0.5627059012437746,0.0787225398242949,-0.0372940987562253,0.0727138681530452,0.1211897802550754,0.0792573744720677,0.1112085973294851,0.057393211320651,0.1800734187105493,0.2625789559444043,0.2646606537217569,0.2610832664675924,0.2657572374844326,0.3841153824116571,0.4828252379933198,100,0.2653240193567184,0.2634494297782661,0.2660669007620287,0.88,,,,0.9,1.0,,,,default,0.0482825237993319,0.3358328586123251,0.432397906210989,0,0.0,0.0078722539824294,0.8018773199709163,0.9300066263473222,universal_frechet_max_ar_xi5.00_theta0.60,K-gaps
universal,frechet_max_ar,5.0,0.6,0.01024,northrop_sliding_native,profile,365.0,100,100,51,0.6500112458390389,0.0818836339168043,0.0500112458390388,0.0726530489048499,0.1210884148414165,0.1040770915008609,0.0939551392287805,0.0438199948953791,0.1576169875987291,0.1304163922529801,0.1275200910329653,0.1208579913112004,0.1397910259639865,1.1514730827439643,1.8111652885171563,100,0.1398541081060718,0.1240852554178141,1.3909066017555856,0.51,10.0,10.0,16.0,,,sliding,northrop,,chandwich_adjusted,0.1811165288517156,0.9703565538922488,1.33258961159568,0,0.0,0.0081883633916804,0.4134784047743415,0.6057816990761385,universal_frechet_max_ar_xi5.00_theta0.60,Northrop
universal,frechet_max_ar,5.0,0.8,0.0003199999999999,bb_sliding_native,wald,365.0,100,100,71,0.8477421134650109,0.0844235163000945,0.0477421134650109,0.0749537022882124,0.0936921278602656,0.0765961129041948,0.0728710977603711,0.0368370938819764,0.1339194547677524,0.1571694017692838,0.1641841188620136,0.1461668058886975,0.1745741938667524,0.9134192510910728,1.349515295267002,100,0.1767904351140861,0.164233860100334,1.05177658984878,0.71,10.0,10.0,16.0,,,sliding,bb,,default,0.1349515295267002,0.7784677215643727,1.0483707806177731,0,0.0,0.0084423516300094,0.6146092505999207,0.7898529302601586,universal_frechet_max_ar_xi5.00_theta0.80,BB
universal,frechet_max_ar,5.0,0.8,0.0003199999999999,ferro_segers,wald,365.0,100,100,97,0.8449919054051185,0.1356593937694555,0.0449919054051184,0.1209107577237868,0.1511384471547336,0.094216404012119,0.1429384549572002,0.0681621593246852,0.2499999999999999,0.3898121929437622,0.3965425130078641,0.3021853050674978,0.4608748976780204,0.4910454324866813,0.9119693468284842,100,0.4001778764774517,0.3021853050674978,0.4692625048339696,0.97,,,,0.9,,,,,default,0.0911969346828484,0.3998484978038329,0.5822423671695297,0,0.0,0.0135659393769455,0.915479219195973,0.9897456617765852,universal_frechet_max_ar_xi5.00_theta0.80,Ferro-Segers
universal,frechet_max_ar,5.0,0.8,0.0003199999999999,k_gaps,profile,365.0,100,100,89,0.7597302976452579,0.0679927485005954,-0.0402697023547421,0.0642041266991949,0.0802551583739936,0.0572444744024111,0.0673717691519732,0.0299065084730388,0.1263073960308858,0.2353338600604492,0.2404824867404725,0.2213791830902476,0.2525564139477376,0.3428207770173103,0.4268121325099395,100,0.2410172882314153,0.2217164681320365,0.2529983549458058,0.89,,,,0.9,1.0,,,,default,0.0426812132509939,0.3001395637663163,0.3855019902683042,0,0.0,0.0067992748500595,0.8136853697209698,0.9374586804477488,universal_frechet_max_ar_xi5.00_theta0.80,K-gaps
universal,frechet_max_ar,5.0,0.8,0.0003199999999999,northrop_sliding_native,profile,365.0,100,100,69,0.849425407801172,0.0868375348695912,0.0494254078011719,0.0771808667558107,0.0964760834447634,0.0789703969630065,0.0695268323696464,0.0386611838678532,0.1372214283297056,0.1519152421161741,0.1613480355243832,0.1414152257348429,0.1716489159456828,1.049790105534762,1.5612545783427605,100,0.175216832128639,0.1633950917635195,1.3894238937803511,0.69,10.0,10.0,16.0,,,sliding,northrop,,chandwich_adjusted,0.156125457834276,0.893664647700486,1.2059155633690382,0,0.0,0.0086837534869591,0.5937376052204429,0.7722043679386762,universal_frechet_max_ar_xi5.00_theta0.80,Northrop
universal,frechet_max_ar,5.0,1.0,0.0,bb_sliding_native,wald,365.0,100,100,82,0.9696204882203274,0.0506683690276594,-0.0303795117796725,0.0303795117796725,0.0303795117796725,0.0506683690276594,0.0,0.0,0.0547577879593745,0.1279618279857541,0.1125856353348748,0.106096885468133,0.150211802616324,0.3531906240518222,0.8055987635282991,100,0.1125856353348748,0.106096885468133,0.150211802616324,0.82,8.0,8.0,12.0,,,sliding,bb,,default,0.0805598763528299,0.2726307476989923,0.4337505004046521,0,0.0,0.0050668369027659,0.7333246397578691,0.8829986834574896,universal_frechet_max_ar_xi5.00_theta1.00,BB
universal,frechet_max_ar,5.0,1.0,0.0,ferro_segers,wald,365.0,100,100,96,0.9520370127306156,0.0862609551978147,-0.0479629872693843,0.0479629872693843,0.0479629872693843,0.0862609551978147,0.0,0.0,0.074372987544641,0.3104727628052877,0.2820893767077269,0.2473922665154463,0.3659546735900991,0.4640964355089336,0.9485898501631423,100,0.2820893767077269,0.2473922665154463,0.3659546735900991,0.96,,,,0.9,,,,,default,0.0948589850163142,0.3692374504926194,0.5589554205252479,0,0.0,0.0086260955197814,0.9016278276739262,0.984336949448152,universal_frechet_max_ar_xi5.00_theta1.00,Ferro-Segers
universal,frechet_max_ar,5.0,1.0,0.0,k_gaps,profile,365.0,100,100,0,0.9118417323805112,0.0441191935569536,-0.0881582676194888,0.0881582676194888,0.0881582676194888,0.0441191935569536,0.0770785293478555,0.050821323769517,0.1252779327291095,0.1612899932367149,0.1602688689937715,0.1347896288506741,0.1919635099251908,1.3391023922972274,0.9802506552509596,100,0.9694432924605856,0.4862475402672436,2.1236068790574167,0.0,,,,0.9,1.0,,,,default,0.0980250655250959,1.2410773267721311,1.4371274578223234,0,0.0,0.0044119193556953,0.0,0.0369948074760019,universal_frechet_max_ar_xi5.00_theta1.00,K-gaps
universal,frechet_max_ar,5.0,1.0,0.0,northrop_sliding_native,profile,365.0,100,100,72,0.9690661849319336,0.0517815887516821,-0.0309338150680662,0.0309338150680662,0.0309338150680662,0.0517815887516821,0.0,0.0,0.0488349699126073,0.0980362316107052,0.0855872218796118,0.0472054453966045,0.1455913893058839,0.3458423906730982,0.840513336599254,100,0.0855872218796118,0.0472054453966045,0.1958465036085585,0.72,8.0,8.0,12.0,,,sliding,northrop,,chandwich_adjusted,0.0840513336599254,0.2617910570131728,0.4298937243330236,0,0.0,0.0051781588751682,0.6251178763865427,0.7986044083240164,universal_frechet_max_ar_xi5.00_theta1.00,Northrop
universal,moving_maxima_q99,0.01,0.1,0.9989469791807266,bb_sliding_native,wald,365.0,100,100,0,0.1879110725382913,0.0254961340934605,0.0879110725382913,0.0879110725382913,0.8791107253829137,0.254961340934605,0.816594910159979,0.6950994655733903,1.045295006516164,0.0413378135967798,0.0400568091789728,0.0369849916457216,0.0449213576069234,2.7310244431928368,0.9205138387505392,100,2.48088934307725,2.0208178762633384,3.3862919232601074,0.0,12.0,12.0,16.0,,,sliding,bb,,default,0.0920513838750539,2.6389730593177827,2.823075827067891,0,0.0,0.002549613409346,0.0,0.0369948074760019,universal_moving_maxima_q99_xi0.01_theta0.10,BB
universal,moving_maxima_q99,0.01,0.1,0.9989469791807266,ferro_segers,wald,365.0,100,100,80,0.2859754117989836,0.3302860306930805,0.1859754117989836,0.1982896715418322,1.9828967154183224,3.229692317395244,0.4940849017969466,0.2178944763821685,1.082518100121419,0.2312123838836312,0.2589424985659304,0.180898082243158,0.3231875121991727,6.381478305783681,13.474923206604895,100,0.3072982215475664,0.229498625108907,0.3743705181606557,0.8,,,,0.9,,,,,default,1.3474923206604896,5.033985985123191,7.72897062644417,0,0.0,0.033028603069308,0.7111690380734977,0.8666340774409013,universal_moving_maxima_q99_xi0.01_theta0.10,Ferro-Segers
universal,moving_maxima_q99,0.01,0.1,0.9989469791807266,k_gaps,profile,365.0,100,100,90,0.1164610553102794,0.0544242736963658,0.0164610553102794,0.0427155973995813,0.4271559739958136,0.3731825496948917,0.311908719617983,0.1741991089694229,0.5748838588643097,0.1658060235584829,0.1647793434565246,0.150297765641959,0.1834693889995111,0.2992644327948243,0.6272895821538191,100,0.1655256123636034,0.1525035184678177,0.1852044973645058,0.9,,,,0.9,1.0,,,,default,0.0627289582153819,0.2365354745794423,0.3619933910102062,0,0.0,0.0054424273696365,0.8256326956323347,0.944771458386864,universal_moving_maxima_q99_xi0.01_theta0.10,K-gaps
universal,moving_maxima_q99,0.01,0.1,0.9989469791807266,northrop_sliding_native,profile,365.0,100,100,0,0.188817977851363,0.0259360866086916,0.088817977851363,0.088817977851363,0.88817977851363,0.2593608660869161,0.8227397377070864,0.68886546680606,1.0625094576476732,0.0382168065293052,0.0371372019961541,0.0331020575893051,0.0414383246221854,2.8531358234367024,0.9494009314278145,100,2.6599121546777424,2.105796609278796,3.452895508597552,0.0,12.0,12.0,16.0,,,sliding,northrop,,chandwich_adjusted,0.0949400931427814,2.758195730293921,2.9480759165794836,0,0.0,0.0025936086608691,0.0,0.0369948074760019,universal_moving_maxima_q99_xi0.01_theta0.10,Northrop
universal,moving_maxima_q99,0.01,0.15,0.998376130764136,bb_sliding_native,wald,365.0,100,100,0,0.2403263147884817,0.0323359512820242,0.0903263147884817,0.0903263147884817,0.6021754319232113,0.2155730085468287,0.5722145137621897,0.4489163279505726,0.741650239971094,0.0524820453043878,0.0520750657909914,0.047494710599474,0.0554274966001335,2.6158937307558987,1.1676755513004249,100,2.402803252714194,1.7793464521510516,3.3938705783512764,0.0,12.0,12.0,16.0,,,sliding,bb,,default,0.1167675551300424,2.499126175625856,2.732661285885942,0,0.0,0.0032335951282024,0.0,0.0369948074760019,universal_moving_maxima_q99_xi0.01_theta0.15,BB
universal,moving_maxima_q99,0.01,0.15,0.998376130764136,ferro_segers,wald,365.0,100,100,94,0.2317339547211125,0.1894961993554882,0.0817339547211125,0.1018997704847105,0.679331803231404,1.1957011965661746,0.3400680078734379,0.1890550654501745,0.6373326507239009,0.3125545164290929,0.3325489930570315,0.2646927705628156,0.3753918959460598,2.0197034055799783,7.374523679681539,100,0.3388335778405539,0.2788069334164472,0.3835003949520382,0.94,,,,0.9,,,,,default,0.7374523679681538,1.2822510376118244,2.757155773548132,0,0.0,0.0189496199355488,0.8752303146877748,0.9722142547333432,universal_moving_maxima_q99_xi0.01_theta0.15,Ferro-Segers
universal,moving_maxima_q99,0.01,0.15,0.998376130764136,k_gaps,profile,365.0,100,100,90,0.169615829067339,0.055133220559276,0.0196158290673389,0.0450838650429175,0.3005591002861169,0.2472294201141662,0.2432675447778174,0.1345925621067407,0.3861121005130564,0.1898888750147998,0.1915297512962344,0.1749928510508821,0.2059112023172243,0.2910525007525829,0.4328073551029029,100,0.1937593030688006,0.1762273513775842,0.2086840217138856,0.9,,,,0.9,1.0,,,,default,0.0432807355102903,0.2477717652422925,0.3343332362628731,0,0.0,0.0055133220559276,0.8256326956323347,0.944771458386864,universal_moving_maxima_q99_xi0.01_theta0.15,K-gaps
universal,moving_maxima_q99,0.01,0.15,0.998376130764136,northrop_sliding_native,profile,365.0,100,100,0,0.2401480740668572,0.0329876327343837,0.0901480740668572,0.0901480740668572,0.600987160445715,0.2199175515625584,0.5541269842278995,0.4456716881421516,0.7571982396625656,0.0499798940623758,0.0494734643529432,0.045032447606861,0.0538432436173187,2.6909963181990344,1.2143018103651733,100,2.4693150820798566,1.7488463006466557,3.5921063689707378,0.0,12.0,12.0,16.0,,,sliding,northrop,,chandwich_adjusted,0.1214301810365173,2.569566137162517,2.812426499235552,0,0.0,0.0032987632734383,0.0,0.0369948074760019,universal_moving_maxima_q99_xi0.01_theta0.15,Northrop
universal,moving_maxima_q99,0.01,0.25,0.9971273133589346,bb_sliding_native,wald,365.0,100,100,10,0.3311966267933244,0.0412405358018809,0.0811966267933244,0.081400517809568,0.3256020712382721,0.1633300867082433,0.3228886433859602,0.2138470263283887,0.4173385156402904,0.0718112500600156,0.0711569302825325,0.0643991372635895,0.0802594765735923,1.9367111924318288,1.3920132251501212,100,1.8340255370290532,0.8727143538487294,2.6851376086756957,0.1,11.0,11.0,16.0,,,sliding,bb,,default,0.1392013225150121,1.7975098699168166,2.075912514946841,0,0.0,0.004124053580188,0.0552285416131361,0.1743673043676654,universal_moving_maxima_q99_xi0.01_theta0.25,BB
universal,moving_maxima_q99,0.01,0.25,0.9971273133589346,ferro_segers,wald,365.0,100,100,97,0.2903911533764206,0.0915634140555987,0.0403911533764205,0.0764044862467994,0.3056179449871978,0.2572212020738479,0.2663018639941662,0.102969816066999,0.4514142860543697,0.3909780171050216,0.3923668265322702,0.3360700173955193,0.4423946899231732,0.4276676694032241,0.3231047593010033,100,0.3961855080372297,0.3392629873349214,0.4426449361596316,0.97,,,,0.9,,,,,default,0.0323104759301003,0.3953571934731238,0.4599781453333245,0,0.0,0.0091563414055598,0.915479219195973,0.9897456617765852,universal_moving_maxima_q99_xi0.01_theta0.25,Ferro-Segers
universal,moving_maxima_q99,0.01,0.25,0.9971273133589346,k_gaps,profile,365.0,100,100,95,0.2662144461065751,0.0607659231310616,0.016214446106575,0.0502690606540016,0.2010762426160066,0.1499630792723733,0.165420112737938,0.0809466326019114,0.2978684066471522,0.2244200012287446,0.2254867629563106,0.2109027216880735,0.2380338413561165,0.2822901639513795,0.4042269687870881,100,0.2262447881887846,0.2110857560394874,0.238354675987047,0.95,,,,0.9,1.0,,,,default,0.0404226968787088,0.2418674670726707,0.3227128608300883,0,0.0,0.0060765923131061,0.8882480347279118,0.9784566385436864,universal_moving_maxima_q99_xi0.01_theta0.25,K-gaps
universal,moving_maxima_q99,0.01,0.25,0.9971273133589346,northrop_sliding_native,profile,365.0,100,100,10,0.3300925980839269,0.0421564128168659,0.0800925980839269,0.0801654153047866,0.3206616612191467,0.1680654979111305,0.2962166331451942,0.1970205743333577,0.4277794070164936,0.0693114645615856,0.0681285460275256,0.0615101443311619,0.0770412281902909,1.9794296633092672,1.487982119153317,100,1.6158893041126647,0.8396197299438185,2.9347649521066304,0.1,11.0,11.0,16.0,,,sliding,northrop,,chandwich_adjusted,0.1487982119153316,1.8306314513939357,2.128227875224599,0,0.0,0.0042156412816865,0.0552285416131361,0.1743673043676654,universal_moving_maxima_q99_xi0.01_theta0.25,Northrop
universal,moving_maxima_q99,0.01,0.4,0.9949047687155308,bb_sliding_native,wald,365.0,100,100,32,0.4626807913338375,0.0576769210435763,0.0626807913338375,0.0700828985802483,0.1752072464506208,0.1207779360390677,0.163323995560331,0.0830822691237713,0.243567030938457,0.098192873603082,0.0988735019270422,0.0867374438465382,0.1061529854752615,1.256733020033329,1.3745826144766828,100,0.7476683123970088,0.0916970769697818,2.0313180361725083,0.32,11.0,11.0,16.0,,,sliding,bb,,default,0.1374582614476683,1.1192747585856608,1.3941912814809974,0,0.0,0.0057676921043576,0.2366901081545688,0.4166280225367919,universal_moving_maxima_q99_xi0.01_theta0.40,BB
universal,moving_maxima_q99,0.01,0.4,0.9949047687155308,ferro_segers,wald,365.0,100,100,92,0.4301159603299727,0.1280744133083293,0.0301159603299727,0.1051057350871201,0.2627643377178004,0.1962202867749973,0.2417057378969911,0.1145775812425439,0.3840251070756241,0.4443482762451275,0.4527072989321253,0.4014915361671026,0.4958786544789463,0.6180856522910739,0.6435943665337236,100,0.4570425250595445,0.4064000557768553,0.501096344354535,0.92,,,,0.9,,,,,default,0.0643594366533723,0.5537262156377015,0.6824450889444463,0,0.0,0.0128074413308329,0.8500173312059693,0.9589070305141892,universal_moving_maxima_q99_xi0.01_theta0.40,Ferro-Segers
universal,moving_maxima_q99,0.01,0.4,0.9949047687155308,k_gaps,profile,365.0,100,100,89,0.3957088249887596,0.0849279662381349,-0.0042911750112403,0.0699167846821319,0.1747919617053298,0.1197295262421854,0.1618522652371153,0.0714134718130503,0.2514783028097221,0.2509435083704651,0.2538111043812456,0.2410902455357068,0.2624661056826567,0.39018291695812,0.5321755917189628,100,0.2551962355228638,0.245865479226593,0.2631182358708001,0.89,,,,0.9,1.0,,,,default,0.0532175591718962,0.3369653577862237,0.4434004761300163,0,0.0,0.0084927966238134,0.8136853697209698,0.9374586804477488,universal_moving_maxima_q99_xi0.01_theta0.40,K-gaps
universal,moving_maxima_q99,0.01,0.4,0.9949047687155308,northrop_sliding_native,profile,365.0,100,100,35,0.4631107554692776,0.0582102348782891,0.0631107554692776,0.0716099383425775,0.1790248458564439,0.1181061443882831,0.1618179835813908,0.0845283988694352,0.2654053907570297,0.0957432233844886,0.0968148541729419,0.0857138189441097,0.1051299992827411,1.3594362091996015,1.4441329657523938,100,0.816234375284689,0.0921961055859525,2.464766534926623,0.35,11.0,11.0,16.0,,,sliding,northrop,,chandwich_adjusted,0.1444132965752393,1.215022912624362,1.5038495057748409,0,0.0,0.0058210234878289,0.2636410465347802,0.4474573957080203,universal_moving_maxima_q99_xi0.01_theta0.40,Northrop
universal,moving_maxima_q99,0.01,0.6,0.9908789441918076,bb_sliding_native,wald,365.0,100,100,55,0.6462164129489105,0.0723651923522824,0.0462164129489104,0.0713329863857436,0.118888310642906,0.0791352628249938,0.1032712245302677,0.0572123484492239,0.1649115264906358,0.1351616373015818,0.1348499379854508,0.12344130903126,0.148823975179482,0.9029853622017014,1.2104440560305674,100,0.1501712785927752,0.1287003105055282,1.2444743414086106,0.55,10.0,10.0,16.0,,,sliding,bb,,default,0.1210444056030567,0.7819409565986447,1.024029767804758,0,0.0,0.0072365192352282,0.4524442703164344,0.6438562489359654,universal_moving_maxima_q99_xi0.01_theta0.60,BB
universal,moving_maxima_q99,0.01,0.6,0.9908789441918076,ferro_segers,wald,365.0,100,100,91,0.6209731873442672,0.1449203093903264,0.0209731873442672,0.1187714334132498,0.197952389022083,0.1413925681229312,0.185645140425855,0.0763462722239476,0.2712407078896313,0.4749366243682187,0.4800389697550955,0.4405367513762809,0.5124392096726339,0.7549456935128839,1.0376980693366686,100,0.4938989305014462,0.4674850427143061,0.5287793962501515,0.91,,,,0.9,,,,,default,0.1037698069336668,0.651175886579217,0.8587155004465508,0,0.0,0.0144920309390326,0.8377362530335634,0.9519280048361152,universal_moving_maxima_q99_xi0.01_theta0.60,Ferro-Segers
universal,moving_maxima_q99,0.01,0.6,0.9908789441918076,k_gaps,profile,365.0,100,100,86,0.5720216254510503,0.0814144289787545,-0.0279783745489497,0.0679998793672554,0.113333132278759,0.0873739592761394,0.0915975783572231,0.0504332602656939,0.1532646976826783,0.2623248269928783,0.2639109504685506,0.2606216181093705,0.2657723354499,0.4670667891118376,0.7103843627102452,100,0.26542891461616,0.2628968747608032,0.2661679478273795,0.86,,,,0.9,1.0,,,,default,0.0710384362710245,0.3960283528408131,0.5381052253828622,0,0.0,0.0081414428978754,0.7786263961619276,0.914737342455351,universal_moving_maxima_q99_xi0.01_theta0.60,K-gaps
universal,moving_maxima_q99,0.01,0.6,0.9908789441918076,northrop_sliding_native,profile,365.0,100,100,50,0.6460415787218414,0.0733263414970302,0.0460415787218415,0.0717609432411981,0.1196015720686636,0.0802139890235457,0.1049334577468295,0.0619832954908443,0.1670707746417831,0.1325231301496209,0.1327389295337556,0.1197758351979101,0.1459573943958531,0.9967259452029696,1.2801299219714557,100,0.1547570928350657,0.1254477891198087,1.6278901607032523,0.5,10.0,10.0,16.0,,,sliding,northrop,,chandwich_adjusted,0.1280129921971455,0.8687129530058241,1.124738937400115,0,0.0,0.007332634149703,0.4038298285901471,0.5961701714098528,universal_moving_maxima_q99_xi0.01_theta0.60,Northrop
universal,moving_maxima_q99,0.01,0.8,0.9840344433634576,bb_sliding_native,wald,365.0,100,100,66,0.8311797187511499,0.0824753275570514,0.0311797187511498,0.0688481770573517,0.0860602213216897,0.0684222125742714,0.0666220542045693,0.0290973325788373,0.1268422035179205,0.1595062579242096,0.1624839878353132,0.1507328087597989,0.172413037862078,0.7451331579105536,1.1131810270472235,100,0.1714698230298489,0.1602511183305434,0.8248357598578072,0.66,10.0,10.0,16.0,,,sliding,bb,,default,0.1113181027047223,0.6338150552058313,0.8564512606152759,0,0.0,0.0082475327557051,0.5627754565831095,0.74538620502457,universal_moving_maxima_q99_xi0.01_theta0.80,BB
universal,moving_maxima_q99,0.01,0.8,0.9840344433634576,ferro_segers,wald,365.0,100,100,93,0.8130091728935633,0.1493819226436476,0.0130091728935633,0.1245728413834373,0.1557160517292967,0.10315918084912,0.139296123434883,0.076761691895852,0.2479393144172198,0.412697524064572,0.4115236160149467,0.3440344221545856,0.4852965821547422,0.6464130256970873,1.0406835055215249,100,0.4126764616899153,0.3440344221545856,0.5113276393662679,0.93,,,,0.9,,,,,default,0.1040683505521525,0.5423446751449348,0.7504813762492397,0,0.0,0.0149381922643647,0.8625032899347026,0.965681175635936,universal_moving_maxima_q99_xi0.01_theta0.80,Ferro-Segers
universal,moving_maxima_q99,0.01,0.8,0.9840344433634576,k_gaps,profile,365.0,100,100,81,0.7395472759624419,0.0679835361144404,-0.0604527240375581,0.0742059973384874,0.0927574966731093,0.0655631367066985,0.0793084353731929,0.0377291451433667,0.1391086517698987,0.2410268060255309,0.2460480263510649,0.2301395101289375,0.2554534646236404,0.4736938215477773,0.5984333164694075,100,0.2463164472040985,0.2314645491376583,0.2555807718225117,0.81,,,,0.9,1.0,,,,default,0.0598433316469407,0.4138504899008366,0.5335371531947181,0,0.0,0.006798353611444,0.7222097592919214,0.8748534600729574,universal_moving_maxima_q99_xi0.01_theta0.80,K-gaps
universal,moving_maxima_q99,0.01,0.8,0.9840344433634576,northrop_sliding_native,profile,365.0,100,100,62,0.8326809211129681,0.0839583624068719,0.032680921112968,0.071150170557441,0.0889377131968013,0.0686289382494718,0.066774577042914,0.0370124882146065,0.1359993154400489,0.1548188207293513,0.157872669284693,0.1480124726209082,0.1684206259186989,0.8375731504762304,1.195823854401879,100,0.1744009197446034,0.155532783512343,1.2422418082037896,0.62,10.0,10.0,16.0,,,sliding,northrop,,chandwich_adjusted,0.1195823854401879,0.7179907650360424,0.9571555359164184,0,0.0,0.0083958362406871,0.5220957382071033,0.7090255079986562,universal_moving_maxima_q99_xi0.01_theta0.80,Northrop
universal,moving_maxima_q99,0.01,1.0,0.0,bb_sliding_native,wald,365.0,100,100,92,0.9781714986804376,0.041251127528654,-0.0218285013195624,0.0218285013195624,0.0218285013195624,0.041251127528654,0.0,0.0,0.0336491846830528,0.1212480239965163,0.1084916834161408,0.1041567208229463,0.1280042781387649,0.2539236787082689,0.6033750561563875,100,0.1084916834161408,0.1041567208229463,0.1280042781387649,0.92,8.0,8.0,11.5,,,sliding,bb,,default,0.0603375056156387,0.1935861730926301,0.3142611843239077,0,0.0,0.0041251127528654,0.8500173312059693,0.9589070305141892,universal_moving_maxima_q99_xi0.01_theta1.00,BB
universal,moving_maxima_q99,0.01,1.0,0.0,ferro_segers,wald,365.0,100,100,96,0.9615801870736796,0.0807210617103681,-0.0384198129263204,0.0384198129263204,0.0384198129263204,0.0807210617103681,0.0,0.0,0.0385606362220531,0.2933715029026919,0.2628875804814321,0.2436606023731048,0.3137906945061764,0.4562920623335492,0.8848475602434374,100,0.2628875804814321,0.2436606023731048,0.3137906945061764,0.96,,,,0.9,,,,,default,0.0884847560243437,0.3678073063092054,0.5447768183578929,0,0.0,0.0080721061710368,0.9016278276739262,0.984336949448152,universal_moving_maxima_q99_xi0.01_theta1.00,Ferro-Segers
universal,moving_maxima_q99,0.01,1.0,0.0,k_gaps,profile,365.0,100,100,0,0.9074224133385078,0.0413836483797523,-0.0925775866614921,0.0925775866614921,0.0925775866614921,0.0413836483797523,0.0777795433208889,0.0665233862108245,0.1261703580608953,0.1657177948266674,0.1614093267889292,0.1473512954389536,0.1929394112010082,1.4210950555358866,0.928555122835808,100,0.9787712156872274,0.7951268870323783,2.140437916207773,0.0,,,,0.9,1.0,,,,default,0.0928555122835807,1.3282395432523058,1.5139505678194674,0,0.0,0.0041383648379752,0.0,0.0369948074760019,universal_moving_maxima_q99_xi0.01_theta1.00,K-gaps
universal,moving_maxima_q99,0.01,1.0,0.0,northrop_sliding_native,profile,365.0,100,100,75,0.9774600793511082,0.0434931562214867,-0.0225399206488917,0.0225399206488917,0.0225399206488917,0.0434931562214867,0.0,0.0,0.0339599306849016,0.0930793459276356,0.0857811858403037,0.0583838958359807,0.1237536995689197,0.2652501464858621,0.6946682301242955,100,0.0857811858403037,0.0583838958359807,0.1615449300951352,0.75,8.0,8.0,11.0,,,sliding,northrop,,chandwich_adjusted,0.0694668230124295,0.1957833234734326,0.3347169694982916,0,0.0,0.0043493156221486,0.6569535362992417,0.8245490599627573,universal_moving_maxima_q99_xi0.01_theta1.00,Northrop
universal,moving_maxima_q99,0.5,0.1,0.9486846983725729,bb_sliding_native,wald,365.0,100,100,0,0.1872801985033698,0.0212391767237353,0.0872801985033698,0.0872801985033698,0.8728019850336985,0.2123917672373532,0.8572299438286604,0.7300157464119164,0.9981922664759602,0.0420780724615756,0.0419232121202728,0.0386184720803824,0.0447538602758024,2.6917245633648577,0.7553447495399199,100,2.629958167608154,2.181133924118595,3.150545550384354,0.0,12.0,12.0,16.0,,,sliding,bb,,default,0.0755344749539919,2.6161900884108658,2.7672590383188496,0,0.0,0.0021239176723735,0.0,0.0369948074760019,universal_moving_maxima_q99_xi0.50_theta0.10,BB
universal,moving_maxima_q99,0.5,0.1,0.9486846983725729,ferro_segers,wald,365.0,100,100,80,0.3115223389444884,0.3388949467826525,0.2115223389444883,0.2167236601974295,2.1672366019742957,3.3555899703834293,0.6185208431602989,0.2130876614497019,1.2627033422039435,0.237341691156367,0.2650444736229261,0.1968778244853785,0.3343564386091728,7.079946858808439,14.07736828642412,100,0.3165542709464331,0.2495417865970103,0.3948254560070217,0.8,,,,0.9,,,,,default,1.407736828642412,5.672210030166028,8.48768368745085,0,0.0,0.0338894946782652,0.7111690380734977,0.8666340774409013,universal_moving_maxima_q99_xi0.50_theta0.10,Ferro-Segers
universal,moving_maxima_q99,0.5,0.1,0.9486846983725729,k_gaps,profile,365.0,100,100,84,0.1225503246493143,0.0567745905842772,0.0225503246493143,0.0482488865007921,0.482488865007921,0.3722281650494684,0.4309337749768397,0.1857121247808693,0.6683454547435577,0.1667043170297889,0.1737834010460537,0.1479265920804343,0.193512932985757,0.3717466391878583,0.552582219870196,100,0.1778203391949406,0.1524674900434285,0.1961691908681618,0.84,,,,0.9,1.0,,,,default,0.0552582219870195,0.3164884172008387,0.4270048611748778,0,0.0,0.0056774590584277,0.7557955544110557,0.8990479765052628,universal_moving_maxima_q99_xi0.50_theta0.10,K-gaps
universal,moving_maxima_q99,0.5,0.1,0.9486846983725729,northrop_sliding_native,profile,365.0,100,100,0,0.1871707246194412,0.0208771608015247,0.0871707246194411,0.0871707246194411,0.8717072461944119,0.2087716080152478,0.859395212097715,0.7378500633452272,0.9907459969790549,0.0385770029245352,0.0379964202064787,0.0345340994432794,0.0413504717922402,2.780654727967044,0.755530251907165,100,2.6802730713019263,2.2838004931399256,3.2547175536725304,0.0,12.0,12.0,16.0,,,sliding,northrop,,chandwich_adjusted,0.0755530251907165,2.705101702776328,2.8562077531577605,0,0.0,0.0020877160801524,0.0,0.0369948074760019,universal_moving_maxima_q99_xi0.50_theta0.10,Northrop
universal,moving_maxima_q99,0.5,0.15,0.921954452845438,bb_sliding_native,wald,365.0,100,100,1,0.2340916628729801,0.0305838054407787,0.0840916628729801,0.0840916628729801,0.5606110858198676,0.2038920362718586,0.5637157549013457,0.411990007845089,0.6852052758370804,0.0508418394841782,0.0506789201028733,0.0452626744375233,0.0549772761481746,2.398105568490279,1.0971269619976634,100,2.347198804042569,1.5321268688584928,3.1009927831574085,0.01,12.0,12.0,19.0,,,sliding,bb,,default,0.1097126961997663,2.288392872290513,2.5078182646900458,0,0.0,0.0030583805440778,0.0017673865655472,0.0544875247609346,universal_moving_maxima_q99_xi0.50_theta0.15,BB
universal,moving_maxima_q99,0.5,0.15,0.921954452845438,ferro_segers,wald,365.0,100,100,92,0.2449514436408277,0.2175361194606742,0.0949514436408277,0.112151167758882,0.7476744517258804,1.3940169710928745,0.3164309016183124,0.1383989368462519,0.6311165915362971,0.3053439350295945,0.3214132460957868,0.2628953390548115,0.3798032644259563,2.693133896415952,8.6330710653362,100,0.3376077087792268,0.2907687497984116,0.3866521746656816,0.92,,,,0.9,,,,,default,0.86330710653362,1.829826789882332,3.556441002949572,0,0.0,0.0217536119460674,0.8500173312059693,0.9589070305141892,universal_moving_maxima_q99_xi0.50_theta0.15,Ferro-Segers
universal,moving_maxima_q99,0.5,0.15,0.921954452845438,k_gaps,profile,365.0,100,100,94,0.1674466820325749,0.0528968063842686,0.0174466820325749,0.0448646300073975,0.2990975333826503,0.2183134098030026,0.2501325225631255,0.1513436261989553,0.4028693590286374,0.1896992961330169,0.1944154690559761,0.1713658502625722,0.2087281750188346,0.2527468493570717,0.3900186207589381,100,0.1973057119860379,0.1737185158875549,0.2105171111895747,0.94,,,,0.9,1.0,,,,default,0.0390018620758938,0.2137449872811779,0.2917487114329655,0,0.0,0.0052896806384268,0.8752303146877748,0.9722142547333432,universal_moving_maxima_q99_xi0.50_theta0.15,K-gaps
universal,moving_maxima_q99,0.5,0.15,0.921954452845438,northrop_sliding_native,profile,365.0,100,100,0,0.2346154997997135,0.0307592898228048,0.0846154997997135,0.0846154997997135,0.5641033319980906,0.2050619321520319,0.5360307025293258,0.4148357497668116,0.6871453096489546,0.0479642234205668,0.0478396332697597,0.0421135458723283,0.0526313360443025,2.5065999037797853,1.1138445035895128,100,2.3173199597203142,1.709079343858273,3.2023006798260294,0.0,12.0,12.0,19.0,,,sliding,northrop,,chandwich_adjusted,0.1113844503589512,2.395215453420834,2.6179843541387364,0,0.0,0.0030759289822804,0.0,0.0369948074760019,universal_moving_maxima_q99_xi0.50_theta0.15,Northrop
universal,moving_maxima_q99,0.5,0.25,0.866025403784486,bb_sliding_native,wald,365.0,100,100,11,0.3263127645368884,0.0376759943428518,0.0763127645368883,0.0765357762025651,0.3061431048102607,0.1488649981075349,0.2891854121854766,0.1842952477694039,0.4002334137076274,0.0713066824421875,0.0693348954125375,0.063451400128954,0.0792664697692906,1.7298046788188954,1.3001343054352938,100,1.5945765180937108,0.634012587857644,2.5323042150239,0.11,12.0,12.0,16.0,,,sliding,bb,,default,0.1300134305435293,1.599791248275366,1.8598181093624249,0,0.0,0.0037675994342851,0.0625413195522512,0.1863146302790302,universal_moving_maxima_q99_xi0.50_theta0.25,BB
universal,moving_maxima_q99,0.5,0.25,0.866025403784486,ferro_segers,wald,365.0,100,100,95,0.3042320425790132,0.10897127341397,0.0542320425790131,0.0858968236160999,0.3435872944643997,0.343924849205456,0.2914167767838612,0.1583643802435213,0.4457551410438758,0.3923677595243273,0.4130855116099025,0.3525346193954525,0.4442716692733427,0.7587503499926466,2.972034409403114,100,0.4222807389830443,0.3755509846295158,0.4473838965987688,0.95,,,,0.9,,,,,default,0.2972034409403113,0.4615469090523352,1.055953790932958,0,0.0,0.010897127341397,0.8882480347279118,0.9784566385436864,universal_moving_maxima_q99_xi0.50_theta0.25,Ferro-Segers
universal,moving_maxima_q99,0.5,0.25,0.866025403784486,k_gaps,profile,365.0,100,100,92,0.2608776047726399,0.0669637177352523,0.0108776047726399,0.0530862095981069,0.2123448383924277,0.1676684913012542,0.1829218839920187,0.0852660768650354,0.2940876514201037,0.2215499046576084,0.226398881337777,0.2132173608934691,0.2361672014961575,0.3595707827564806,0.700731019914341,100,0.2284404031360199,0.2163994291507769,0.2395458565854258,0.92,,,,0.9,1.0,,,,default,0.0700731019914341,0.2894976807650465,0.4296438847479147,0,0.0,0.0066963717735252,0.8500173312059693,0.9589070305141892,universal_moving_maxima_q99_xi0.50_theta0.25,K-gaps
universal,moving_maxima_q99,0.5,0.25,0.866025403784486,northrop_sliding_native,profile,365.0,100,100,11,0.3259522342843343,0.0386735371581982,0.0759522342843343,0.0759929675041201,0.3039718700164805,0.1543705019324734,0.2826597711914137,0.2012589775995999,0.3910805623538597,0.0691140237367798,0.0671149017536006,0.0613457389396232,0.0768728843036504,1.8121269629005627,1.3580992873111657,100,1.6149534234910805,0.796836186825216,2.6069828284694765,0.11,11.0,11.0,16.0,,,sliding,northrop,,chandwich_adjusted,0.1358099287311165,1.6763170341694462,1.9479368916316793,0,0.0,0.0038673537158198,0.0625413195522512,0.1863146302790302,universal_moving_maxima_q99_xi0.50_theta0.25,Northrop
universal,moving_maxima_q99,0.5,0.4,0.7745966692414834,bb_sliding_native,wald,365.0,100,100,32,0.475798523409136,0.0558413304492638,0.0757985234091359,0.0790849896397465,0.1977124740993662,0.1275757897431142,0.1896185845390061,0.0935065667180124,0.2888321011154864,0.100226285843372,0.0992377733624143,0.091403896505424,0.1101808091258064,1.536354987481711,1.5273989756572233,100,1.16187932449636,0.0969385615552013,2.536819816975817,0.32,10.0,10.0,16.0,,,sliding,bb,,default,0.1527398975657223,1.3836150899159887,1.6890948850474334,0,0.0,0.0055841330449263,0.2366901081545688,0.4166280225367919,universal_moving_maxima_q99_xi0.50_theta0.40,BB
universal,moving_maxima_q99,0.5,0.4,0.7745966692414834,ferro_segers,wald,365.0,100,100,93,0.4677391665614862,0.1253993010242216,0.0677391665614861,0.1097139540557536,0.2742848851393841,0.2264010506750307,0.1787351878383786,0.1119593794955288,0.4389807924470187,0.463986911839977,0.4654603096907758,0.4371742818048272,0.5057362103104596,0.6253646877954404,0.8237282768649116,100,0.4689688501742887,0.4407031817880421,0.5107344374405485,0.93,,,,0.9,,,,,default,0.0823728276864911,0.5429918601089493,0.7077375154819315,0,0.0,0.0125399301024221,0.8625032899347026,0.965681175635936,universal_moving_maxima_q99_xi0.50_theta0.40,Ferro-Segers
universal,moving_maxima_q99,0.5,0.4,0.7745966692414834,k_gaps,profile,365.0,100,100,95,0.4045080566487256,0.0797960597569836,0.0045080566487256,0.062786239116226,0.156965597790565,0.1226276852999596,0.1366969288246116,0.0680070462714117,0.2101300579415335,0.2520693883541652,0.2552691494219701,0.2462269768179453,0.2620947220762745,0.4243996277585508,0.8220361071075705,100,0.2565902250562732,0.2477353768527689,0.2624775859437591,0.95,,,,0.9,1.0,,,,default,0.082203610710757,0.3421960170477937,0.5066032384693078,0,0.0,0.0079796059756983,0.8882480347279118,0.9784566385436864,universal_moving_maxima_q99_xi0.50_theta0.40,K-gaps
universal,moving_maxima_q99,0.5,0.4,0.7745966692414834,northrop_sliding_native,profile,365.0,100,100,29,0.4770920732653876,0.0562063728236608,0.0770920732653875,0.0798651331766967,0.1996628329417418,0.1303722585240306,0.1898920919848609,0.0831369802197275,0.2845399580053434,0.0977661184028235,0.0970974045695196,0.0876355659039733,0.1071342156015866,1.6532606249555442,1.6196145892252354,100,1.1887970608314502,0.0962279605766551,2.6072738704518112,0.29,10.0,10.0,16.0,,,sliding,northrop,,chandwich_adjusted,0.1619614589225235,1.4912991660330206,1.8152220838780675,0,0.0,0.005620637282366,0.2101470697398414,0.3853907494000793,universal_moving_maxima_q99_xi0.50_theta0.40,Northrop
universal,moving_maxima_q99,0.5,0.6,0.6324555320336759,bb_sliding_native,wald,365.0,100,100,64,0.6339314310356445,0.064922355986117,0.0339314310356446,0.0550216623505157,0.0917027705841929,0.08027593175384,0.0778068528106226,0.031456384118262,0.1226675602116862,0.1324052864523343,0.1323503501439539,0.1193747817135597,0.144496085939918,0.6112354373239235,1.1493768827207966,100,0.1373391338061241,0.1256390092990071,0.5753164818752776,0.64,10.0,10.0,16.0,,,sliding,bb,,default,0.1149376882720796,0.4962977490518438,0.7261731255960031,0,0.0,0.0064922355986117,0.542352199811621,0.7272892540950986,universal_moving_maxima_q99_xi0.50_theta0.60,BB
universal,moving_maxima_q99,0.5,0.6,0.6324555320336759,ferro_segers,wald,365.0,100,100,91,0.6208900439029255,0.1404657243642982,0.0208900439029254,0.1126705972019941,0.1877843286699902,0.1428726052308184,0.161446138820691,0.0784362083911593,0.2620053735469858,0.4807008950925365,0.4847631866547288,0.4482390457128308,0.5198554711331975,0.666519720882848,0.68819662143827,100,0.5024447541460259,0.4625740445792751,0.5292282621776936,0.91,,,,0.9,,,,,default,0.068819662143827,0.5977000587390211,0.735339383026675,0,0.0,0.0140465724364298,0.8377362530335634,0.9519280048361152,universal_moving_maxima_q99_xi0.50_theta0.60,Ferro-Segers
universal,moving_maxima_q99,0.5,0.6,0.6324555320336759,k_gaps,profile,365.0,100,100,85,0.5573812160070434,0.0823572757045946,-0.0426187839929565,0.0741694021054774,0.1236156701757958,0.0922069202532998,0.1003039948191101,0.0510871646399462,0.1710659437588213,0.2626511431581114,0.2643085908085105,0.2611550169589109,0.2657339073837138,0.5332402689227395,0.8577962466364405,100,0.2655024467939531,0.2632106416294639,0.2660160534018126,0.85,,,,0.9,1.0,,,,default,0.085779624663644,0.4474606442590954,0.6190198935863835,0,0.0,0.0082357275704594,0.7671626666784216,0.906940968088377,universal_moving_maxima_q99_xi0.50_theta0.60,K-gaps
universal,moving_maxima_q99,0.5,0.6,0.6324555320336759,northrop_sliding_native,profile,365.0,100,100,63,0.6345636940771594,0.0649116134014585,0.0345636940771594,0.0549466778793933,0.0915777964656555,0.0811480114817127,0.0787635839714064,0.027011917555924,0.131297193323429,0.1299359176338158,0.1306520491059067,0.117160713315288,0.1419649739469076,0.6604888147752422,1.2003453263816737,100,0.1339847002039144,0.1220667503772364,0.6683790338292559,0.63,10.0,10.0,16.0,,,sliding,northrop,,chandwich_adjusted,0.1200345326381673,0.5404542821370749,0.7805233474134096,0,0.0,0.0064911613401458,0.5322034757513312,0.7181778743049083,universal_moving_maxima_q99_xi0.50_theta0.60,Northrop
universal,moving_maxima_q99,0.5,0.8,0.447213595499958,bb_sliding_native,wald,365.0,100,100,65,0.8196599508548004,0.0890894923598175,0.0196599508548002,0.0723315290482024,0.090414411310253,0.0689503719839259,0.0736736411220675,0.0301184851455046,0.1294819021545223,0.1578455912587526,0.1598998574335093,0.1477091765766354,0.1698708751416647,0.8376232048316823,1.234342264861155,100,0.1732449084098004,0.1615066856692444,1.1919814105476187,0.65,10.0,10.0,16.0,,,sliding,bb,,default,0.1234342264861155,0.7141889783455668,0.9610574313177978,0,0.0,0.0089089492359817,0.5525426042919797,0.7363589534652197,universal_moving_maxima_q99_xi0.50_theta0.80,BB
universal,moving_maxima_q99,0.5,0.8,0.447213595499958,ferro_segers,wald,365.0,100,100,95,0.8203843919500131,0.1365637711697694,0.0203843919500131,0.1179229971971973,0.1474037464964966,0.0885921836935955,0.1352848913315338,0.0676758982304747,0.2080937698308399,0.4088698569847003,0.4181058628554898,0.3300018513790053,0.4801730765205956,0.5251157792578766,0.6279464802269821,100,0.426658334152064,0.3300018513790053,0.4861719266464709,0.95,,,,0.9,,,,,default,0.0627946480226982,0.4623211312351784,0.5879104272805747,0,0.0,0.0136563771169769,0.8882480347279118,0.9784566385436864,universal_moving_maxima_q99_xi0.50_theta0.80,Ferro-Segers
universal,moving_maxima_q99,0.5,0.8,0.447213595499958,k_gaps,profile,365.0,100,100,86,0.7473471295031979,0.0726165487894284,-0.0526528704968021,0.0725236893872678,0.0906546117340847,0.0656776877927231,0.0779907621769902,0.0389331898185736,0.12714383958161,0.238136666077656,0.2432121027221806,0.2316127994641716,0.2527043272379811,0.4916966321379039,0.8123075946353221,100,0.2439563409897409,0.2318102546272305,0.2529699582579731,0.86,,,,0.9,1.0,,,,default,0.0812307594635322,0.4104658726743717,0.5729273916014361,0,0.0,0.0072616548789428,0.7786263961619276,0.914737342455351,universal_moving_maxima_q99_xi0.50_theta0.80,K-gaps
universal,moving_maxima_q99,0.5,0.8,0.447213595499958,northrop_sliding_native,profile,365.0,100,100,62,0.822020411962616,0.0907569776660677,0.022020411962616,0.0745449826532469,0.0931812283165586,0.0697488822880147,0.0818555345964238,0.0344900718550685,0.1306806959184598,0.1526339742020544,0.1575753331309695,0.1435978371956065,0.167098327360636,0.9676756597646484,1.4887963055050433,100,0.1704617896377331,0.1585769316678673,1.095305081760206,0.62,10.0,10.0,16.0,,,sliding,northrop,,chandwich_adjusted,0.1488796305505043,0.8187960292141442,1.1165552903151528,0,0.0,0.0090756977666067,0.5220957382071033,0.7090255079986562,universal_moving_maxima_q99_xi0.50_theta0.80,Northrop
universal,moving_maxima_q99,0.5,1.0,0.0,bb_sliding_native,wald,365.0,100,100,84,0.9663607451647006,0.0518802545932444,-0.0336392548352993,0.0336392548352993,0.0336392548352993,0.0518802545932444,0.0,0.0,0.06676791287487,0.1299775484839357,0.1126884184033706,0.1060472900657368,0.1549961132883576,0.3848573386744799,0.7829466761927095,100,0.1126884184033706,0.1060472900657368,0.1598549643390414,0.84,8.0,8.0,12.5,,,sliding,bb,,default,0.0782946676192709,0.306562671055209,0.4631520062937509,0,0.0,0.0051880254593244,0.7557955544110557,0.8990479765052628,universal_moving_maxima_q99_xi0.50_theta1.00,BB
universal,moving_maxima_q99,0.5,1.0,0.0,ferro_segers,wald,365.0,100,100,97,0.9607713949579348,0.0697485052542947,-0.0392286050420651,0.0392286050420651,0.0392286050420651,0.0697485052542947,0.0,0.0,0.0653160234996599,0.3091575731242952,0.2685809894824971,0.2469128305197398,0.3514868836543781,0.3409397150115907,0.235994078875847,100,0.2685809894824971,0.2469128305197398,0.3514868836543781,0.97,,,,0.9,,,,,default,0.0235994078875847,0.317340307124006,0.3645391228991754,0,0.0,0.0069748505254294,0.915479219195973,0.9897456617765852,universal_moving_maxima_q99_xi0.50_theta1.00,Ferro-Segers
universal,moving_maxima_q99,0.5,1.0,0.0,k_gaps,profile,365.0,100,100,0,0.9108291392611002,0.0407044387494437,-0.0891708607388997,0.0891708607388997,0.0891708607388997,0.0407044387494437,0.0770778591326442,0.0512112777481953,0.1080232918455707,0.163641320087626,0.1602681795304181,0.1356421517523985,0.1823998674364249,1.338073394839299,0.9277162294100328,100,0.9694332950053572,0.4900170906882594,1.6787036846201988,0.0,,,,0.9,1.0,,,,default,0.0927716229410032,1.245301771898296,1.4308450177803027,0,0.0,0.0040704438749443,0.0,0.0369948074760019,universal_moving_maxima_q99_xi0.50_theta1.00,K-gaps
universal,moving_maxima_q99,0.5,1.0,0.0,northrop_sliding_native,profile,365.0,100,100,70,0.9667033797677104,0.0538678518975977,-0.0332966202322896,0.0332966202322896,0.0332966202322896,0.0538678518975976,0.0,0.0,0.0627331959177048,0.1012422103269427,0.0915718231550201,0.0574379519867476,0.150067402488692,0.3934843139236069,0.8849856090831615,100,0.0915718231550201,0.0574379519867476,0.1915457764996798,0.7,8.0,8.0,13.0,,,sliding,northrop,,chandwich_adjusted,0.0884985609083161,0.3049857530152907,0.481982874831923,0,0.0,0.0053867851897597,0.6041496156718804,0.7810524613377188,universal_moving_maxima_q99_xi0.50_theta1.00,Northrop
universal,moving_maxima_q99,1.0,0.1,0.9000026569262596,bb_sliding_native,wald,365.0,100,100,0,0.1882458052816303,0.0209624351246874,0.0882458052816303,0.0882458052816303,0.8824580528163033,0.2096243512468739,0.8994774781528223,0.7293857501485865,0.9991673426922016,0.0418915933263132,0.0421275094454125,0.038436127720763,0.0447345363534365,2.733891938065262,0.7560745826915574,100,2.7538152712152866,2.1868379982724115,3.1530383801339132,0.0,12.0,12.0,16.0,,,sliding,bb,,default,0.0756074582691557,2.6582844797961065,2.809499396334418,0,0.0,0.0020962435124687,0.0,0.0369948074760019,universal_moving_maxima_q99_xi1.00_theta0.10,BB
universal,moving_maxima_q99,1.0,0.1,0.9000026569262596,ferro_segers,wald,365.0,100,100,87,0.2453771972143053,0.2966178873106533,0.1453771972143052,0.1553342371105426,1.553342371105426,2.9147509485769945,0.4035073129131556,0.1776749384445924,0.7993923199353304,0.2372911589959561,0.2587540726901906,0.1922242182028238,0.3048532708657804,4.860994862699659,11.945476347978351,100,0.2743566400672687,0.226754692275839,0.3454401026169382,0.87,,,,0.9,,,,,default,1.1945476347978352,3.666447227901824,6.055542497497495,0,0.0,0.0296617887310653,0.7901947810519012,0.9224290614158576,universal_moving_maxima_q99_xi1.00_theta0.10,Ferro-Segers
universal,moving_maxima_q99,1.0,0.1,0.9000026569262596,k_gaps,profile,365.0,100,100,91,0.1150672327369721,0.0474328379216392,0.0150672327369721,0.037107566862828,0.3710756686282799,0.3298952016084428,0.2840809371329754,0.1342075879958426,0.5085701453783558,0.164058811722005,0.1641855105018308,0.1460167890925517,0.1885056680481533,0.280074248510685,0.4532187279494917,100,0.1644651442927541,0.1478684188911697,0.1891059514573289,0.91,,,,0.9,1.0,,,,default,0.0453218727949491,0.2347523757157358,0.3253961213056342,0,0.0,0.0047432837921639,0.8377362530335634,0.9519280048361152,universal_moving_maxima_q99_xi1.00_theta0.10,K-gaps
universal,moving_maxima_q99,1.0,0.1,0.9000026569262596,northrop_sliding_native,profile,365.0,100,100,0,0.1886808873991513,0.021727218598219,0.0886808873991513,0.0886808873991513,0.8868088739915132,0.2172721859821906,0.8474482994612436,0.7332694197448621,1.0216153179251264,0.0383572061858127,0.0392289388242603,0.034674467225108,0.0413021394367822,2.8450844503051287,0.8028941830614661,100,2.731709083962435,2.305616529556621,3.3396473277927456,0.0,12.0,12.0,16.0,,,sliding,northrop,,chandwich_adjusted,0.0802894183061466,2.764795031998982,2.9253738686112754,0,0.0,0.0021727218598219,0.0,0.0369948074760019,universal_moving_maxima_q99_xi1.00_theta0.10,Northrop
universal,moving_maxima_q99,1.0,0.15,0.8500000131215307,bb_sliding_native,wald,365.0,100,100,0,0.2239591167907992,0.0251488962846766,0.0739591167907992,0.0739591167907992,0.4930607786053285,0.1676593085645112,0.48203996914627,0.3918588959087691,0.5735221721557626,0.0491675235085785,0.0487618558990147,0.0442769739101283,0.0535240661570299,2.0241817249689795,0.8933770166116848,100,1.956199080266146,1.4983848500823256,2.4636438306470927,0.0,12.0,12.0,19.0,,,sliding,bb,,default,0.0893377016611684,1.934844023307811,2.113519426630148,0,0.0,0.0025148896284676,0.0,0.0369948074760019,universal_moving_maxima_q99_xi1.00_theta0.15,BB
universal,moving_maxima_q99,1.0,0.15,0.8500000131215307,ferro_segers,wald,365.0,100,100,94,0.2282631211350519,0.2068325373187544,0.0782631211350519,0.1066755850636305,0.7111705670908706,1.2905133822128416,0.361013255402844,0.1866526515697623,0.6292725283927838,0.3017280661991579,0.3271331292977187,0.2391631334361588,0.373635646375351,2.341728066199158,8.038956527522737,100,0.3411010994895288,0.2712818220145916,0.3856427943623285,0.94,,,,0.9,,,,,default,0.8038956527522737,1.537832413446884,3.145623718951432,0,0.0,0.0206832537318754,0.8752303146877748,0.9722142547333432,universal_moving_maxima_q99_xi1.00_theta0.15,Ferro-Segers
universal,moving_maxima_q99,1.0,0.15,0.8500000131215307,k_gaps,profile,365.0,100,100,91,0.1583696852924143,0.0560749578285072,0.0083696852924143,0.0464673258348361,0.3097821722322407,0.2143867246513408,0.2675413066747621,0.146591515339873,0.428877179347105,0.1865132809366604,0.1888264775950532,0.1688805478734322,0.209161539824367,0.25632042786879,0.252891673817662,100,0.1917664847958066,0.1711344808194615,0.2117419619652993,0.91,,,,0.9,1.0,,,,default,0.0252891673817662,0.2310312604870238,0.2816095952505562,0,0.0,0.0056074957828507,0.8377362530335634,0.9519280048361152,universal_moving_maxima_q99_xi1.00_theta0.15,K-gaps
universal,moving_maxima_q99,1.0,0.15,0.8500000131215307,northrop_sliding_native,profile,365.0,100,100,0,0.2244544292691365,0.0250545025206506,0.0744544292691365,0.0744544292691365,0.4963628617942436,0.1670300168043378,0.4891613430477468,0.3829570069428679,0.6079268121635211,0.0459785200067638,0.0446815374471762,0.0410920120745056,0.0497442805518386,2.13651621076791,0.9071623371596014,100,2.1171772227358883,1.4929277070755596,2.7184039848291315,0.0,12.0,12.0,16.0,,,sliding,northrop,,chandwich_adjusted,0.0907162337159601,2.04579997705195,2.22723244448387,0,0.0,0.002505450252065,0.0,0.0369948074760019,universal_moving_maxima_q99_xi1.00_theta0.15,Northrop
universal,moving_maxima_q99,1.0,0.25,0.7500000000000819,bb_sliding_native,wald,365.0,100,100,6,0.3335420055917417,0.0397807410635073,0.0835420055917416,0.0835420055917416,0.3341680223669666,0.1591229642540295,0.2886507353173173,0.2230957160321801,0.4215629003918745,0.0714608840116816,0.0692429881768458,0.0639201417101739,0.0779673318359256,1.999010125015943,1.3926968080368274,100,1.6457027820106338,0.9831063660958618,2.8437253922082495,0.06,11.0,11.0,16.0,,,sliding,bb,,default,0.1392696808036827,1.8597404442122607,2.138279805819626,0,0.0,0.0039780741063507,0.0277857452666566,0.124769685312225,universal_moving_maxima_q99_xi1.00_theta0.25,BB
universal,moving_maxima_q99,1.0,0.25,0.7500000000000819,ferro_segers,wald,365.0,100,100,93,0.2766626959035531,0.1004555930907672,0.026662695903553,0.0787893663100895,0.3151574652403583,0.2694865460013267,0.2610480909935575,0.0979628713858897,0.4584780423941001,0.3804227128485817,0.3899959131154362,0.3383572060000138,0.4244082497256466,0.4823579810038,0.3998924313836406,100,0.3970436419590517,0.3476814226629826,0.4279280843583377,0.93,,,,0.9,,,,,default,0.039989243138364,0.4423687378654359,0.5223472241421641,0,0.0,0.0100455593090767,0.8625032899347026,0.965681175635936,universal_moving_maxima_q99_xi1.00_theta0.25,Ferro-Segers
universal,moving_maxima_q99,1.0,0.25,0.7500000000000819,k_gaps,profile,365.0,100,100,90,0.2516584021802661,0.0708792551385048,0.001658402180266,0.0569856478295321,0.2279425913181287,0.1671636884904375,0.1934502375560465,0.108928997887615,0.3252381362479812,0.2187629405265671,0.2204925881805212,0.2010157710752664,0.235567384581838,0.3307782925928073,0.4584105978131832,100,0.2215441474244142,0.2036377844828228,0.2369170210682253,0.9,,,,0.9,1.0,,,,default,0.0458410597813183,0.2849372328114889,0.3766193523741256,0,0.0,0.0070879255138504,0.8256326956323347,0.944771458386864,universal_moving_maxima_q99_xi1.00_theta0.25,K-gaps
universal,moving_maxima_q99,1.0,0.25,0.7500000000000819,northrop_sliding_native,profile,365.0,100,100,5,0.3345358534095223,0.0392649135950302,0.0845358534095224,0.0845358534095224,0.3381434136380896,0.1570596543801211,0.3041143552693247,0.2193405082290013,0.437190113309218,0.0693345427829308,0.0684521864632577,0.0615321010022183,0.0764734288080928,2.127661220125575,1.409256744016029,100,1.8538120754102465,1.0370144878153666,2.987790109840315,0.05,11.0,11.0,16.0,,,sliding,northrop,,chandwich_adjusted,0.1409256744016029,1.986735545723972,2.2685868945271777,0,0.0,0.003926491359503,0.0215433614563135,0.1117519652720881,universal_moving_maxima_q99_xi1.00_theta0.25,Northrop
universal,moving_maxima_q99,1.0,0.4,0.6,bb_sliding_native,wald,365.0,100,100,39,0.4628834705862444,0.0581852654580112,0.0628834705862444,0.0699896609762675,0.1749741524406688,0.1232823424140445,0.1593650404724395,0.0727458061348057,0.2591692434209156,0.0989735883458486,0.0978462864805906,0.0887145238400545,0.105666032391957,1.2637115929189675,1.4207151632634474,100,0.779180288945593,0.0903230330712813,2.1658990814083783,0.39,10.0,10.0,16.0,,,sliding,bb,,default,0.1420715163263447,1.1216400765926229,1.4057831092453124,0,0.0,0.0058185265458011,0.300167219319702,0.4879716383250184,universal_moving_maxima_q99_xi1.00_theta0.40,BB
universal,moving_maxima_q99,1.0,0.4,0.6,ferro_segers,wald,365.0,100,100,94,0.4294100767056545,0.1221714947464971,0.0294100767056545,0.0960172844628391,0.2400432111570977,0.2013566532049849,0.196711493691277,0.0683963038764701,0.3757316358222479,0.4450173020342597,0.4545299171652763,0.4028142552975319,0.4902866624526799,0.558413186662767,0.6785650473505476,100,0.4614435336020314,0.4194202205151737,0.500682211838538,0.94,,,,0.9,,,,,default,0.0678565047350547,0.4905566819277122,0.6262696913978217,0,0.0,0.0122171494746497,0.8752303146877748,0.9722142547333432,universal_moving_maxima_q99_xi1.00_theta0.40,Ferro-Segers
universal,moving_maxima_q99,1.0,0.4,0.6,k_gaps,profile,365.0,100,100,91,0.3945468680642213,0.0756649848728206,-0.0054531319357787,0.0616535088562548,0.1541337721406371,0.109421098656658,0.1444980470517932,0.0597001362365667,0.2205676713787709,0.2517127800839469,0.2534057189427264,0.246454553175146,0.2611027352466338,0.3418755527774126,0.3598542316387271,100,0.2562383237061421,0.2485585688597752,0.2624870173949671,0.91,,,,0.9,1.0,,,,default,0.0359854231638727,0.3058901296135399,0.3778609759412853,0,0.0,0.007566498487282,0.8377362530335634,0.9519280048361152,universal_moving_maxima_q99_xi1.00_theta0.40,K-gaps
universal,moving_maxima_q99,1.0,0.4,0.6,northrop_sliding_native,profile,365.0,100,100,38,0.461699658885537,0.0580524086598754,0.0616996588855369,0.0698191455782853,0.1745478639457134,0.1196722203438971,0.1500685655528136,0.0853188059386421,0.2502802455231613,0.0964504944224093,0.0957593900676445,0.0873355608439551,0.103916390534496,1.3023283119020894,1.450903639020344,100,0.7070176942179714,0.0886234697540647,2.170293985049722,0.38,10.0,10.0,16.0,,,sliding,northrop,,chandwich_adjusted,0.1450903639020344,1.157237948000055,1.447418675804124,0,0.0,0.0058052408659875,0.2909744920013438,0.4779042617928966,universal_moving_maxima_q99_xi1.00_theta0.40,Northrop
universal,moving_maxima_q99,1.0,0.6,0.4,bb_sliding_native,wald,365.0,100,100,56,0.6466682376802391,0.0791202634774725,0.046668237680239,0.0707514252764368,0.1179190421273946,0.0972341430115872,0.1010157354716836,0.0470491694837323,0.1583272070188803,0.1346216765212229,0.1324736523327864,0.1217739716097434,0.1462366404092013,0.9899988937118636,1.5101161917431052,100,0.1436711730350707,0.1255390691741739,1.2719310232881913,0.56,10.0,10.0,16.0,,,sliding,bb,,default,0.1510116191743105,0.8389872745375531,1.141010512886174,0,0.0,0.0079120263477472,0.4622792771125631,0.6532813459903167,universal_moving_maxima_q99_xi1.00_theta0.60,BB
universal,moving_maxima_q99,1.0,0.6,0.4,ferro_segers,wald,365.0,100,100,95,0.6467567250985414,0.1306555041598145,0.0467567250985414,0.106106613877265,0.1768443564621084,0.1482002958906912,0.1549663717702232,0.0551162847124098,0.2452785357492244,0.4863303966458731,0.4905384691337198,0.4574026674045035,0.52338090788002,0.6402094461601809,0.7409017498665136,100,0.4990409672759438,0.4623119241920082,0.5287050418284713,0.95,,,,0.9,,,,,default,0.0740901749866513,0.5661192711735296,0.7142996211468323,0,0.0,0.0130655504159814,0.8882480347279118,0.9784566385436864,universal_moving_maxima_q99_xi1.00_theta0.60,Ferro-Segers
universal,moving_maxima_q99,1.0,0.6,0.4,k_gaps,profile,365.0,100,100,93,0.5692964407839233,0.0764457797338458,-0.0307035592160767,0.0666900803855053,0.1111501339758422,0.0799947282465213,0.09867430423686,0.0467932906658562,0.1724731142695962,0.2626532039954428,0.2647176350148166,0.2626267104058808,0.2657750802845169,0.3791634142120804,0.5164538414259239,100,0.2649096570619931,0.2634707771659609,0.2658339232722603,0.93,,,,0.9,1.0,,,,default,0.0516453841425923,0.327518030069488,0.4308087983546728,0,0.0,0.0076445779733845,0.8625032899347026,0.965681175635936,universal_moving_maxima_q99_xi1.00_theta0.60,K-gaps
universal,moving_maxima_q99,1.0,0.6,0.4,northrop_sliding_native,profile,365.0,100,100,51,0.6473261593585597,0.0790744160969797,0.0473261593585597,0.0708400469850477,0.1180667449750796,0.097839867095727,0.1020278922788804,0.0378541086466979,0.1601877707660814,0.1313393218253754,0.1294027990488704,0.1181769765424905,0.1426801430149374,1.072359229461891,1.5841845031770625,100,0.1468350362524334,0.1219864276512281,1.4177412244900256,0.51,10.5,10.5,16.0,,,sliding,northrop,,chandwich_adjusted,0.1584184503177062,0.9139407791441848,1.2307776797795973,0,0.0,0.0079074416096979,0.4134784047743415,0.6057816990761385,universal_moving_maxima_q99_xi1.00_theta0.60,Northrop
universal,moving_maxima_q99,1.0,0.8,0.2,bb_sliding_native,wald,365.0,100,100,66,0.8220680773075031,0.0823106902046917,0.0220680773075031,0.0704421669778622,0.0880527087223278,0.0593552315877364,0.078159434381873,0.0449699086898107,0.1274100225352302,0.1631048961962054,0.1653607441158542,0.1508707097220958,0.1770339375807379,0.6894767657741729,1.0257289075023217,100,0.1785829835603266,0.1639714933896863,0.7158177173508655,0.66,10.0,10.0,16.0,,,sliding,bb,,default,0.1025728907502321,0.5869038750239408,0.7920496565244051,0,0.0,0.0082310690204691,0.5627754565831095,0.74538620502457,universal_moving_maxima_q99_xi1.00_theta0.80,BB
universal,moving_maxima_q99,1.0,0.8,0.2,ferro_segers,wald,365.0,100,100,97,0.8196542754539066,0.1326829369797969,0.0196542754539064,0.1139146964022422,0.1423933705028027,0.0873867108878206,0.1298226561191302,0.069761234561561,0.2042426464849983,0.4113019072470765,0.4057652665632493,0.340119979061287,0.4811551659339909,0.5504791716418747,0.8552397466385464,100,0.4140267986450889,0.340119979061287,0.4957411730122404,0.97,,,,0.9,,,,,default,0.0855239746638546,0.46495519697802,0.6360031463057293,0,0.0,0.0132682936979796,0.915479219195973,0.9897456617765852,universal_moving_maxima_q99_xi1.00_theta0.80,Ferro-Segers
universal,moving_maxima_q99,1.0,0.8,0.2,k_gaps,profile,365.0,100,100,84,0.7428173110199237,0.0663658206820344,-0.0571826889800764,0.0717432329376418,0.0896790411720522,0.0626027738323778,0.0787822991356244,0.0375358617836197,0.1342036927428788,0.2404332312638567,0.2449645194511287,0.2307046736928653,0.2544453700704385,0.4239083204148102,0.6125541342936932,100,0.2449645194511287,0.2307046736928653,0.2544453700704385,0.84,,,,0.9,1.0,,,,default,0.0612554134293693,0.3626529069854409,0.4851637338441795,0,0.0,0.0066365820682034,0.7557955544110557,0.8990479765052628,universal_moving_maxima_q99_xi1.00_theta0.80,K-gaps
universal,moving_maxima_q99,1.0,0.8,0.2,northrop_sliding_native,profile,365.0,100,100,63,0.8250413083912305,0.0843347702678011,0.0250413083912303,0.0722803810793818,0.0903504763492273,0.0621053649428176,0.0773214496925365,0.043326738025748,0.1322735120411926,0.1587733152218328,0.1611199294413817,0.1459951901822292,0.1740349431398962,0.8035007740032434,1.139819873827116,100,0.1814482269111477,0.1626738012515987,1.0350370043761166,0.63,10.0,10.0,16.0,,,sliding,northrop,,chandwich_adjusted,0.1139819873827116,0.6895187866205318,0.917482761385955,0,0.0,0.0084334770267801,0.5322034757513312,0.7181778743049083,universal_moving_maxima_q99_xi1.00_theta0.80,Northrop
universal,moving_maxima_q99,1.0,1.0,0.0,bb_sliding_native,wald,365.0,100,100,94,0.9813969330513796,0.0392156580631545,-0.0186030669486204,0.0186030669486204,0.0186030669486204,0.0392156580631545,0.0,0.0,0.0,0.1210087390640718,0.1086015899827099,0.1046995807378322,0.1233539857564469,0.2188684518202043,0.49732309255358,100,0.1086015899827099,0.1046995807378322,0.1233539857564469,0.94,8.0,8.0,11.0,,,sliding,bb,,default,0.049732309255358,0.1691361425648463,0.2686007610755623,0,0.0,0.0039215658063154,0.8752303146877748,0.9722142547333432,universal_moving_maxima_q99_xi1.00_theta1.00,BB
universal,moving_maxima_q99,1.0,1.0,0.0,ferro_segers,wald,365.0,100,100,98,0.9709220563174614,0.0692965118806361,-0.0290779436825386,0.0290779436825386,0.0290779436825386,0.0692965118806361,0.0,0.0,0.0162151296238999,0.2923559756259789,0.262268068299502,0.2393211364282125,0.32226093682122,0.3637772685092358,0.6409525097508861,100,0.262268068299502,0.2393211364282125,0.32226093682122,0.98,,,,0.9,,,,,default,0.0640952509750886,0.2996820175341472,0.4278725194843245,0,0.0,0.0069296511880636,0.9299868370580064,0.9944981477650318,universal_moving_maxima_q99_xi1.00_theta1.00,Ferro-Segers
universal,moving_maxima_q99,1.0,1.0,0.0,k_gaps,profile,365.0,100,100,0,0.9188161185022478,0.042025125921184,-0.0811838814977522,0.0811838814977522,0.0811838814977522,0.042025125921184,0.076731051649605,0.0502898559359548,0.1035021650341743,0.1560897009235976,0.1597017451044059,0.1336237307230957,0.1805070592290371,1.1907682708148617,0.8869617153534258,100,0.9648245565504168,0.4811200231071865,1.554453245180322,0.0,,,,0.9,1.0,,,,default,0.0886961715353425,1.102072099279519,1.279464442350204,0,0.0,0.0042025125921184,0.0,0.0369948074760019,universal_moving_maxima_q99_xi1.00_theta1.00,K-gaps
universal,moving_maxima_q99,1.0,1.0,0.0,northrop_sliding_native,profile,365.0,100,100,83,0.9812022951843584,0.0397572824409377,-0.0187977048156415,0.0187977048156415,0.0187977048156415,0.0397572824409377,0.0,0.0,0.0,0.0923027157461789,0.0831416502649128,0.0609851103872098,0.1038199964532283,0.1993313480704724,0.4849617298521205,100,0.0831416502649128,0.0609851103872098,0.1038199964532283,0.83,8.0,8.0,11.0,,,sliding,northrop,,chandwich_adjusted,0.048496172985212,0.1508351750852603,0.2478275210556844,0,0.0,0.0039757282440937,0.7445181876635703,0.8910652394022684,universal_moving_maxima_q99_xi1.00_theta1.00,Northrop
universal,moving_maxima_q99,5.0,0.1,0.5904987160980567,bb_sliding_native,wald,365.0,100,100,0,0.1893322901636224,0.0227402747586341,0.0893322901636224,0.0893322901636224,0.8933229016362244,0.2274027475863419,0.8618336692114138,0.7222150353690806,1.0357077848773657,0.0418959987597587,0.0411924543626674,0.0375484792204935,0.0455657618295319,2.7772676301094816,0.8140899764788725,100,2.661546828109302,2.184569658896651,3.294677655327084,0.0,12.0,12.0,19.0,,,sliding,bb,,default,0.0814089976478872,2.6958586324615945,2.8586766277573687,0,0.0,0.0022740274758634,0.0,0.0369948074760019,universal_moving_maxima_q99_xi5.00_theta0.10,BB
universal,moving_maxima_q99,5.0,0.1,0.5904987160980567,ferro_segers,wald,365.0,100,100,84,0.2516790209749915,0.2967015589207842,0.1516790209749915,0.1620852476324784,1.6208524763247845,2.910905909517166,0.4104628233044118,0.1209966320985016,1.114327162265711,0.2417339423393698,0.2599205726795632,0.1922103870350947,0.3244239129778115,4.945076665150088,12.06704438354451,100,0.2740745288781015,0.2357350376442161,0.3716332422530199,0.84,,,,0.9,,,,,default,1.206704438354451,3.7383722267956374,6.151781103504539,0,0.0,0.0296701558920784,0.7557955544110557,0.8990479765052628,universal_moving_maxima_q99_xi5.00_theta0.10,Ferro-Segers
universal,moving_maxima_q99,5.0,0.1,0.5904987160980567,k_gaps,profile,365.0,100,100,88,0.1170175418241436,0.0535003557390025,0.0170175418241436,0.0414045848441407,0.4140458484414075,0.3772471080380817,0.2997879312232258,0.1671654172982135,0.5622383008120815,0.1640558947221748,0.1626004397878932,0.1422318504174891,0.1822521260444102,0.3254508053058537,0.5800186402347633,100,0.1651142154305407,0.1435402284766906,0.184076343520343,0.88,,,,0.9,1.0,,,,default,0.0580018640234763,0.2674489412823774,0.3834526693293301,0,0.0,0.0053500355739002,0.8018773199709163,0.9300066263473222,universal_moving_maxima_q99_xi5.00_theta0.10,K-gaps
universal,moving_maxima_q99,5.0,0.1,0.5904987160980567,northrop_sliding_native,profile,365.0,100,100,0,0.1899684912764339,0.0229995212977027,0.0899684912764339,0.0899684912764339,0.8996849127643398,0.2299952129770275,0.8815837525429968,0.7347942744616587,1.0358189156454831,0.0389586202810394,0.0388906429992556,0.0344898758505325,0.0423658287824954,2.88557282542901,0.8383579159056217,100,2.8270068556275065,2.2713779851290106,3.4204800928974386,0.0,12.0,12.0,19.0,,,sliding,northrop,,chandwich_adjusted,0.0838357915905621,2.8017370338384477,2.969408617019572,0,0.0,0.0022999521297702,0.0,0.0369948074760019,universal_moving_maxima_q99_xi5.00_theta0.10,Northrop
universal,moving_maxima_q99,5.0,0.15,0.4437053467476063,bb_sliding_native,wald,365.0,100,100,0,0.2337579342793768,0.0317138858368504,0.0837579342793768,0.0837579342793768,0.5583862285291789,0.2114259055790031,0.5604141883109621,0.3812701673191976,0.7010459802043578,0.0512419944519889,0.0516352550883268,0.0447440648828896,0.0574280267728268,2.3767194765872826,1.145038733875417,100,2.354106807010827,1.3657426167636255,3.114997317995636,0.0,12.0,12.0,19.0,,,sliding,bb,,default,0.1145038733875417,2.2622156031997407,2.4912233499748244,0,0.0,0.003171388583685,0.0,0.0369948074760019,universal_moving_maxima_q99_xi5.00_theta0.15,BB
universal,moving_maxima_q99,5.0,0.15,0.4437053467476063,ferro_segers,wald,365.0,100,100,95,0.2213477897797582,0.1727821446358775,0.0713477897797582,0.0939815203532884,0.6265434690219227,1.0764933249764943,0.383845113792551,0.2054327418850921,0.5959768097318388,0.3126338649862615,0.3304316429512716,0.2673293243172666,0.3725693850785124,1.6839773956270978,6.631349899504666,100,0.3444587880499923,0.2806843313803907,0.3902019625127731,0.95,,,,0.9,,,,,default,0.6631349899504666,1.0208424056766312,2.3471123855775646,0,0.0,0.0172782144635877,0.8882480347279118,0.9784566385436864,universal_moving_maxima_q99_xi5.00_theta0.15,Ferro-Segers
universal,moving_maxima_q99,5.0,0.15,0.4437053467476063,k_gaps,profile,365.0,100,100,87,0.1682543219172888,0.0577013257897578,0.0182543219172888,0.0477606408409712,0.3184042722731414,0.2460270187672138,0.2741727820340359,0.1468395191017146,0.408993071836106,0.1887970872928217,0.1929971698911482,0.1744427129178097,0.2040308199345035,0.3024428056517551,0.4209209853820035,100,0.1958067656661521,0.1756497999942286,0.2052895160669767,0.87,,,,0.9,1.0,,,,default,0.0420920985382003,0.2603507071135548,0.3445349041899554,0,0.0,0.0057701325789757,0.7901947810519012,0.9224290614158576,universal_moving_maxima_q99_xi5.00_theta0.15,K-gaps
universal,moving_maxima_q99,5.0,0.15,0.4437053467476063,northrop_sliding_native,profile,365.0,100,100,0,0.2336725150576915,0.0336881193236468,0.0836725150576915,0.0836725150576915,0.5578167670512773,0.2245874621576456,0.5677208760609262,0.378700002093007,0.7149598082189383,0.048284834565417,0.0495183559921536,0.0419407458345005,0.0552028218801676,2.4630205207622096,1.2402831443677644,100,2.6356924122855556,1.5165842928515874,3.2102061326724924,0.0,12.0,12.0,16.0,,,sliding,northrop,,chandwich_adjusted,0.1240283144367764,2.338992206325433,2.587048835198986,0,0.0,0.0033688119323646,0.0,0.0369948074760019,universal_moving_maxima_q99_xi5.00_theta0.15,Northrop
universal,moving_maxima_q99,5.0,0.25,0.2373046875001296,bb_sliding_native,wald,365.0,100,100,12,0.3292716224398721,0.0453268023424312,0.0792716224398721,0.0800535636671056,0.3202142546684224,0.1756668513105916,0.3065559752928852,0.1732876579879237,0.4295172086511883,0.0712735710683949,0.0696997072791326,0.0625162385416699,0.079460542667084,1.900956016231316,1.5116837176427664,100,1.7405063134189729,0.6290658273942071,2.8584635499573072,0.12,12.0,12.0,16.0,,,sliding,bb,,default,0.1511683717642766,1.7497876444670395,2.0521243879955926,0,0.0,0.0045326802342431,0.0699933736526777,0.1981226800290836,universal_moving_maxima_q99_xi5.00_theta0.25,BB
universal,moving_maxima_q99,5.0,0.25,0.2373046875001296,ferro_segers,wald,365.0,100,100,93,0.2929606342226677,0.1101781011916876,0.0429606342226677,0.08816774124734,0.3526709649893603,0.3137234795691325,0.2505622792964961,0.1149787336756965,0.5321806180934051,0.3881946934475258,0.3829897204040576,0.3379288575581298,0.4508608602333798,0.4897899649512589,0.5678823479586597,100,0.3849541305795285,0.3455834581979745,0.4538017809363769,0.93,,,,0.9,,,,,default,0.0567882347958659,0.4330017301553929,0.5465781997471248,0,0.0,0.0110178101191687,0.8625032899347026,0.965681175635936,universal_moving_maxima_q99_xi5.00_theta0.25,Ferro-Segers
universal,moving_maxima_q99,5.0,0.25,0.2373046875001296,k_gaps,profile,365.0,100,100,92,0.2696249357605604,0.0737549153566839,0.0196249357605603,0.0595959923452376,0.2383839693809504,0.1893677076722235,0.2107422826565055,0.0862305314752609,0.3550713415537133,0.2247357994027735,0.2281124041851072,0.2090046213584847,0.243088482913604,0.3682055543625902,0.745486118729247,100,0.2281124041851072,0.2090046213584847,0.243088482913604,0.92,,,,0.9,1.0,,,,default,0.0745486118729246,0.2936569424896655,0.4427541662355149,0,0.0,0.0073754915356683,0.8500173312059693,0.9589070305141892,universal_moving_maxima_q99_xi5.00_theta0.25,K-gaps
universal,moving_maxima_q99,5.0,0.25,0.2373046875001296,northrop_sliding_native,profile,365.0,100,100,10,0.3299737721575277,0.0461329740080778,0.0799737721575278,0.080629920228871,0.322519680915484,0.179858034921564,0.3087169614684103,0.1860496903949069,0.4305497902589847,0.0684599575464714,0.0677094459400909,0.0600530062714357,0.0757270087093059,2.026052414981612,1.5779378597809768,100,1.7667197351281003,0.7414617314248766,2.935992634073475,0.1,12.0,12.0,16.0,,,sliding,northrop,,chandwich_adjusted,0.1577937859780976,1.8682586290035144,2.1838462009597097,0,0.0,0.0046132974008077,0.0552285416131361,0.1743673043676654,universal_moving_maxima_q99_xi5.00_theta0.25,Northrop
universal,moving_maxima_q99,5.0,0.4,0.0777599999999999,bb_sliding_native,wald,365.0,100,100,37,0.4754477211133337,0.0707957581887581,0.0754477211133336,0.0793807437357085,0.1984518593392714,0.165773651680793,0.1660100503669755,0.0761259584279148,0.265293972462256,0.1002400065685073,0.0978272597808769,0.0889718041098327,0.1089761329106469,1.5911166249245092,2.114396305805693,100,0.7997159420551136,0.0912607510370874,2.138112606690317,0.37,11.0,11.0,16.0,,,sliding,bb,,default,0.2114396305805693,1.37967699434394,1.8025562555050785,0,0.0,0.0070795758188758,0.2818221256950916,0.4677965242486688,universal_moving_maxima_q99_xi5.00_theta0.40,BB
universal,moving_maxima_q99,5.0,0.4,0.0777599999999999,ferro_segers,wald,365.0,100,100,95,0.4571138958317965,0.1177992397986257,0.0571138958317965,0.1011245187793593,0.2528112969483983,0.2067931413909382,0.2186510498611418,0.0925217817627032,0.3399342326860476,0.4589907493504681,0.4628778635645953,0.4138091104553467,0.4977618734227839,0.5741228122206811,0.7007926715973228,100,0.4661020023051961,0.4138091104553467,0.500931243830623,0.95,,,,0.9,,,,,default,0.0700792671597322,0.5040435450609488,0.6442020793804133,0,0.0,0.0117799239798625,0.8882480347279118,0.9784566385436864,universal_moving_maxima_q99_xi5.00_theta0.40,Ferro-Segers
universal,moving_maxima_q99,5.0,0.4,0.0777599999999999,k_gaps,profile,365.0,100,100,83,0.4007030728400307,0.0867464140669529,0.0007030728400307,0.0681844389752844,0.1704610974382112,0.1329793488321093,0.1313051614832824,0.0656774451224612,0.2420127071204958,0.251062856633054,0.2533444852706855,0.24447025155552,0.2622899789403504,0.4947649064379377,0.7298097402722251,100,0.2553155690930865,0.2456137027338617,0.2640065606225868,0.83,,,,0.9,1.0,,,,default,0.0729809740272225,0.4217839324107152,0.5677458804651602,0,0.0,0.0086746414066952,0.7445181876635703,0.8910652394022684,universal_moving_maxima_q99_xi5.00_theta0.40,K-gaps
universal,moving_maxima_q99,5.0,0.4,0.0777599999999999,northrop_sliding_native,profile,365.0,100,100,35,0.4748537192970191,0.0660598552826103,0.074853719297019,0.0786660805728254,0.1966652014320635,0.1535561723764782,0.1661131007664527,0.0765902212552184,0.2597875146854356,0.0968094692172928,0.0938268139190661,0.0865542492818075,0.1060977733815231,1.6643252244672262,1.9513812735537357,100,0.9829205410862998,0.0882346104460478,2.49129820759793,0.35,10.0,10.0,16.0,,,sliding,northrop,,chandwich_adjusted,0.1951381273553735,1.4691870971118526,1.8594633518226,0,0.0,0.006605985528261,0.2636410465347802,0.4474573957080203,universal_moving_maxima_q99_xi5.00_theta0.40,Northrop
universal,moving_maxima_q99,5.0,0.6,0.01024,bb_sliding_native,wald,365.0,100,100,53,0.6592352784057269,0.0804778315677855,0.0592352784057269,0.0777854812381514,0.1296424687302524,0.1042065805882709,0.1061774078257659,0.0546634486890816,0.1733298685921211,0.1368659912353101,0.1375164027032873,0.1242359447144283,0.1487437538598753,1.1718403650313416,1.8013802335433695,100,0.1475014951209041,0.1282127079297328,1.4669438782739426,0.53,10.0,10.0,16.0,,,sliding,bb,,default,0.1801380233543369,0.9917023416770046,1.3519783883856786,0,0.0,0.0080477831567785,0.4328868313724773,0.6248934801789626,universal_moving_maxima_q99_xi5.00_theta0.60,BB
universal,moving_maxima_q99,5.0,0.6,0.01024,ferro_segers,wald,365.0,100,100,95,0.6435541436054654,0.1318038653860506,0.0435541436054653,0.1154016231228992,0.1923360385381653,0.1273264443110059,0.1802928010425784,0.0891708115865769,0.273554327347387,0.4800800168329773,0.4847982490686714,0.4406863643924672,0.5163067849206229,0.5431536054159887,0.477903525174054,100,0.4929380714309969,0.4575830432588357,0.52183278503587,0.95,,,,0.9,,,,,default,0.0477903525174054,0.4953632528985833,0.590943957933394,0,0.0,0.013180386538605,0.8882480347279118,0.9784566385436864,universal_moving_maxima_q99_xi5.00_theta0.60,Ferro-Segers
universal,moving_maxima_q99,5.0,0.6,0.01024,k_gaps,profile,365.0,100,100,91,0.5782664808962596,0.0785208564154402,-0.0217335191037402,0.0636535412929471,0.1060892354882451,0.0841615772837342,0.0854279660004137,0.042796840403703,0.1625113955413959,0.26221241377428,0.2644417805958979,0.2606862772271305,0.2657205423850132,0.3986255159911629,0.6483414417007564,100,0.2651350764970546,0.2624140809279092,0.2657800741887061,0.91,,,,0.9,1.0,,,,default,0.0648341441700756,0.3337913718210873,0.4634596601612385,0,0.0,0.007852085641544,0.8377362530335634,0.9519280048361152,universal_moving_maxima_q99_xi5.00_theta0.60,K-gaps
universal,moving_maxima_q99,5.0,0.6,0.01024,northrop_sliding_native,profile,365.0,100,100,50,0.6616732105484759,0.0806471401426125,0.0616732105484759,0.0786638403201727,0.1311064005336212,0.1066596526325189,0.1018189418112943,0.0588096500884198,0.1793252644249398,0.1345183128204014,0.1351289124282444,0.1234648493961191,0.1446272286575867,1.2722643143041588,1.9200457715721404,100,0.181505003558583,0.1273414038113925,1.7696862836147176,0.5,10.0,10.0,16.0,,,sliding,northrop,,chandwich_adjusted,0.192004577157214,1.080259737146945,1.4642688914613728,0,0.0,0.0080647140142612,0.4038298285901471,0.5961701714098528,universal_moving_maxima_q99_xi5.00_theta0.60,Northrop
universal,moving_maxima_q99,5.0,0.8,0.00032,bb_sliding_native,wald,365.0,100,100,71,0.837152948004852,0.0827341791444806,0.0371529480048519,0.0677518228786628,0.0846897785983286,0.0750265840595598,0.0619459422249509,0.0267835192188024,0.1167974852348731,0.1593919111345999,0.161720674935846,0.150598662669666,0.1743806532475346,0.8076671517676068,1.2335786799776844,100,0.175482966223138,0.1604632031581293,0.6583003688596005,0.71,10.0,10.0,16.0,,,sliding,bb,,default,0.1233578679977684,0.6843092837698384,0.9310250197653752,0,0.0,0.008273417914448,0.6146092505999207,0.7898529302601586,universal_moving_maxima_q99_xi5.00_theta0.80,BB
universal,moving_maxima_q99,5.0,0.8,0.00032,ferro_segers,wald,365.0,100,100,97,0.8330476257436144,0.1236317286691183,0.0330476257436143,0.1035066330479323,0.1293832913099154,0.0932582115561158,0.1092961461525197,0.0513631133617647,0.1906972188708137,0.4188387742442001,0.4249765334505415,0.3462249902547095,0.4928050411466473,0.5062935651649707,0.6359611046451493,100,0.427042745886711,0.3462249902547095,0.5008755203574913,0.97,,,,0.9,,,,,default,0.0635961104645149,0.4426974547004557,0.5698896756294857,0,0.0,0.0123631728669118,0.915479219195973,0.9897456617765852,universal_moving_maxima_q99_xi5.00_theta0.80,Ferro-Segers
universal,moving_maxima_q99,5.0,0.8,0.00032,k_gaps,profile,365.0,100,100,83,0.7404840798600464,0.0700501806861433,-0.0595159201399537,0.0707585346099472,0.088448168262434,0.0731822227757159,0.0768659894024034,0.02661455204498,0.1326743484509112,0.2406382744922117,0.2446881351512013,0.229212997842101,0.2540785087485999,0.522023187769676,0.8803487499724522,100,0.2446881351512013,0.229212997842101,0.2540785087485999,0.83,,,,0.9,1.0,,,,default,0.0880348749972452,0.4339883127724308,0.6100580627669212,0,0.0,0.0070050180686143,0.7445181876635703,0.8910652394022684,universal_moving_maxima_q99_xi5.00_theta0.80,K-gaps
universal,moving_maxima_q99,5.0,0.8,0.00032,northrop_sliding_native,profile,365.0,100,100,66,0.8381060123007471,0.084470942139403,0.038106012300747,0.0709337336315197,0.0886671670393997,0.0741583698097636,0.0690231471381144,0.0333521786314749,0.1193306215733507,0.1547567730887626,0.1582538318737726,0.1452969506951864,0.1706564386132553,0.8994319445996056,1.4106318681373873,100,0.1744647962314721,0.158784821877904,0.5925693388589415,0.66,10.5,10.5,16.0,,,sliding,northrop,,chandwich_adjusted,0.1410631868137387,0.7583687577858669,1.0404951314133444,0,0.0,0.0084470942139403,0.5627754565831095,0.74538620502457,universal_moving_maxima_q99_xi5.00_theta0.80,Northrop
universal,moving_maxima_q99,5.0,1.0,0.0,bb_sliding_native,wald,365.0,100,100,89,0.9736546053276244,0.0456797000741584,-0.0263453946723755,0.0263453946723755,0.0263453946723755,0.0456797000741584,0.0,0.0,0.0396457697272098,0.1250976463583576,0.1113141831510298,0.1046894909309912,0.1376861168015857,0.3079397892617077,0.7305878486229693,100,0.1113141831510298,0.1046894909309912,0.1376861168015857,0.89,8.0,8.0,11.0,,,sliding,bb,,default,0.0730587848622969,0.2348810043994107,0.3809985741240046,0,0.0,0.0045679700074158,0.8136853697209698,0.9374586804477488,universal_moving_maxima_q99_xi5.00_theta1.00,BB
universal,moving_maxima_q99,5.0,1.0,0.0,ferro_segers,wald,365.0,100,100,96,0.9613591105473044,0.0756365340142738,-0.0386408894526957,0.0386408894526957,0.0386408894526957,0.0756365340142738,0.0,0.0,0.0399041568441843,0.2981574737647755,0.2654123064382098,0.2404656054373109,0.3238673023072891,0.3735927736516721,0.5195989865790248,100,0.2654123064382098,0.2404656054373109,0.3238673023072891,0.96,,,,0.9,,,,,default,0.0519598986579024,0.3216328749937696,0.4255526723095745,0,0.0,0.0075636534014273,0.9016278276739262,0.984336949448152,universal_moving_maxima_q99_xi5.00_theta1.00,Ferro-Segers
universal,moving_maxima_q99,5.0,1.0,0.0,k_gaps,profile,365.0,100,100,0,0.9069733517447738,0.0473844741281214,-0.0930266482552263,0.0930266482552263,0.0930266482552263,0.0473844741281214,0.0917849145132072,0.0675711794666946,0.1260425299414106,0.1648940772500695,0.1646260910055079,0.1491304817163954,0.192799845355798,1.4591868683899485,1.10359898192133,100,1.3653288937854084,0.8088916651687785,2.1380256566236326,0.0,,,,0.9,1.0,,,,default,0.110359898192133,1.3488269701978153,1.5695467665820813,0,0.0,0.0047384474128121,0.0,0.0369948074760019,universal_moving_maxima_q99_xi5.00_theta1.00,K-gaps
universal,moving_maxima_q99,5.0,1.0,0.0,northrop_sliding_native,profile,365.0,100,100,74,0.9733648710368878,0.0468583962873969,-0.0266351289631121,0.0266351289631121,0.0266351289631121,0.0468583962873969,0.0,0.0,0.0386501985354167,0.0979818585251655,0.0864123929337894,0.0613966985671634,0.1387738808024565,0.2947487733793013,0.7655088146920931,100,0.0864123929337894,0.0613966985671634,0.1514322591606515,0.74,8.0,8.0,11.0,,,sliding,northrop,,chandwich_adjusted,0.0765508814692093,0.218197891910092,0.3712996548485106,0,0.0,0.0046858396287396,0.6462882736813838,0.8159542187301354,universal_moving_maxima_q99_xi5.00_theta1.00,Northrop
universal,pareto_additive_ar1,0.01,0.1,0.9989469496904544,bb_sliding_native,wald,365.0,100,100,0,0.0884976525821596,0.0,-0.0115023474178403,0.0115023474178403,0.1150234741784035,0.0,0.1150234741784035,0.1150234741784035,0.1150234741784035,0.0206401450542455,0.0206401450542455,0.0206401450542455,0.0206401450542455,0.0679311406829487,0.0,100,0.0679311406829487,0.0679311406829487,0.0679311406829487,0.0,12.0,12.0,16.0,,,sliding,bb,,default,0.0,0.0679311406829487,0.0679311406829487,0,0.0,0.0,0.0,0.0369948074760019,universal_pareto_additive_ar1_xi0.01_theta0.10,BB
universal,pareto_additive_ar1,0.01,0.1,0.9989469496904544,ferro_segers,wald,365.0,100,100,0,1.0,0.0,0.9,0.9,9.0,0.0,9.0,9.0,9.0,0.0,0.0,0.0,0.0,36.0,0.0,100,36.0,36.0,36.0,0.0,,,,0.9,,,,,default,0.0,36.0,36.0,0,0.0,0.0,0.0,0.0369948074760019,universal_pareto_additive_ar1_xi0.01_theta0.10,Ferro-Segers
universal,pareto_additive_ar1,0.01,0.1,0.9989469496904544,k_gaps,profile,365.0,100,100,0,5.970860867331917e-06,0.0,-0.0999940291391326,0.0999940291391326,0.9999402913913268,0.0,0.9999402913913268,0.9999402913913268,0.9999402913913268,0.0519609210564698,0.0519609210564698,0.0519609210564698,0.0519609210564698,1.9735236787976749,0.0,100,1.9735236787976744,1.9735236787976744,1.9735236787976744,0.0,,,,0.9,1.0,,,,default,0.0,1.9735236787976749,1.9735236787976749,0,0.0,0.0,0.0,0.0369948074760019,universal_pareto_additive_ar1_xi0.01_theta0.10,K-gaps
universal,pareto_additive_ar1,0.01,0.1,0.9989469496904544,northrop_sliding_native,profile,365.0,100,100,100,0.0937392185127116,0.0,-0.0062607814872883,0.0062607814872883,0.0626078148728838,0.0,0.0626078148728838,0.0626078148728838,0.0626078148728838,0.0170027764346428,0.0170027764346428,0.0170027764346428,0.0170027764346428,0.0170027764346428,0.0,100,0.0170027764346428,0.0170027764346428,0.0170027764346428,1.0,12.0,12.0,16.0,,,sliding,northrop,,chandwich_adjusted,0.0,0.0170027764346428,0.0170027764346428,0,0.0,0.0,0.963005192523998,1.0,universal_pareto_additive_ar1_xi0.01_theta0.10,Northrop
universal,pareto_additive_ar1,0.01,0.15,0.9983761306100158,bb_sliding_native,wald,365.0,100,100,0,0.0884976525821596,0.0,-0.0615023474178403,0.0615023474178403,0.410015649452269,0.0,0.410015649452269,0.410015649452269,0.410015649452269,0.0206401450542455,0.0206401450542455,0.0206401450542455,0.0206401450542455,2.0679311406829486,0.0,100,2.0679311406829486,2.0679311406829486,2.0679311406829486,0.0,12.0,12.0,16.0,,,sliding,bb,,default,0.0,2.0679311406829486,2.0679311406829486,0,0.0,0.0,0.0,0.0369948074760019,universal_pareto_additive_ar1_xi0.01_theta0.15,BB
universal,pareto_additive_ar1,0.01,0.15,0.9983761306100158,ferro_segers,wald,365.0,100,100,0,1.0,0.0,0.85,0.85,5.666666666666668,0.0,5.666666666666667,5.666666666666667,5.666666666666667,0.0,0.0,0.0,0.0,34.0,0.0,100,34.0,34.0,34.0,0.0,,,,0.9,,,,,default,0.0,34.0,34.0,0,0.0,0.0,0.0,0.0369948074760019,universal_pareto_additive_ar1_xi0.01_theta0.15,Ferro-Segers
universal,pareto_additive_ar1,0.01,0.15,0.9983761306100158,k_gaps,profile,365.0,100,100,0,5.970860867331917e-06,0.0,-0.1499940291391326,0.1499940291391326,0.9999601942608844,0.0,0.9999601942608844,0.9999601942608844,0.9999601942608844,0.0519609210564698,0.0519609210564698,0.0519609210564698,0.0519609210564698,3.9735236787976738,0.0,100,3.9735236787976738,3.9735236787976738,3.9735236787976738,0.0,,,,0.9,1.0,,,,default,0.0,3.9735236787976738,3.9735236787976738,0,0.0,0.0,0.0,0.0369948074760019,universal_pareto_additive_ar1_xi0.01_theta0.15,K-gaps
universal,pareto_additive_ar1,0.01,0.15,0.9983761306100158,northrop_sliding_native,profile,365.0,100,100,0,0.0937392185127116,0.0,-0.0562607814872883,0.0562607814872883,0.3750718765819225,0.0,0.3750718765819225,0.3750718765819225,0.3750718765819225,0.0170027764346428,0.0170027764346428,0.0170027764346428,0.0170027764346428,1.915575536953657,0.0,100,1.915575536953657,1.915575536953657,1.915575536953657,0.0,12.0,12.0,16.0,,,sliding,northrop,,chandwich_adjusted,0.0,1.915575536953657,1.915575536953657,0,0.0,0.0,0.0,0.0369948074760019,universal_pareto_additive_ar1_xi0.01_theta0.15,Northrop
universal,pareto_additive_ar1,0.01,0.25,0.9971273133589336,bb_sliding_native,wald,365.0,100,100,0,0.1026081512044198,0.0054275015588727,-0.1473918487955801,0.1473918487955801,0.5895673951823205,0.0217100062354911,0.5945906966099828,0.5800464176639581,0.6050242251692015,0.0250873009699793,0.024779003319633,0.023597204508712,0.0258418460199832,5.419015233393597,0.2541874077483013,100,5.474573786237784,5.308317614513461,5.59985691764419,0.0,12.0,12.0,16.0,,,sliding,bb,,default,0.0254187407748301,5.393596492618767,5.444433974168427,0,0.0,0.0005427501558872,0.0,0.0369948074760019,universal_pareto_additive_ar1_xi0.01_theta0.25,BB
universal,pareto_additive_ar1,0.01,0.25,0.9971273133589336,ferro_segers,wald,365.0,100,100,60,0.3174518324916035,0.3195279010342662,0.0674518324916035,0.2177813447567368,0.8711253790269473,0.9698329280372676,0.5354406130268199,0.3283674736188701,0.7353888815285874,0.314601335678479,0.2753699466258987,0.1863666997000891,0.3867224189654452,5.119567183056895,9.724990802548216,100,0.5026418446824441,0.3431018631672545,2.7316987116965237,0.6,,,,0.9,,,,,default,0.9724990802548216,4.1470681028020735,6.092066263311716,0,0.0,0.0319527901034266,0.5020007846184025,0.6906002538863971,universal_pareto_additive_ar1_xi0.01_theta0.25,Ferro-Segers
universal,pareto_additive_ar1,0.01,0.25,0.9971273133589336,k_gaps,profile,365.0,100,100,63,0.2036902716222704,0.1219608415761362,-0.0463097283777295,0.1067321129586515,0.4269284518346062,0.2975604354872508,0.4002709828614456,0.2077731797226924,0.5868513268406379,0.2310856138617072,0.2321268921636426,0.191544571066264,0.2610697833831691,1.1699812073883764,1.8467726768513473,100,0.2670140194240002,0.240265986914528,1.2256004564701102,0.63,,,,0.9,1.0,,,,default,0.1846772676851347,0.9853039397032416,1.3546584750735111,0,0.0,0.0121960841576136,0.5322034757513312,0.7181778743049083,universal_pareto_additive_ar1_xi0.01_theta0.25,K-gaps
universal,pareto_additive_ar1,0.01,0.25,0.9971273133589336,northrop_sliding_native,profile,365.0,100,100,0,0.1037149785042905,0.0036723040783747,-0.1462850214957094,0.1462850214957094,0.5851400859828378,0.0146892163134991,0.587855792525313,0.5790682685725477,0.5953556289631351,0.0198853293150911,0.0195810672888474,0.0190428008971321,0.0204477947029805,5.459775615311538,0.166542405075304,100,5.494596300405761,5.384276636770744,5.582045926761211,0.0,12.0,12.0,16.0,,,sliding,northrop,,chandwich_adjusted,0.0166542405075304,5.443121374804008,5.4764298558190685,0,0.0,0.0003672304078374,0.0,0.0369948074760019,universal_pareto_additive_ar1_xi0.01_theta0.25,Northrop
universal,pareto_additive_ar1,0.01,0.4,0.9949047687155308,bb_sliding_native,wald,365.0,100,100,0,0.1353294903007889,0.019672574346473,-0.2646705096992111,0.2646705096992111,0.6616762742480278,0.0491814358661826,0.6750834798793083,0.6363912470929526,0.6944288751858905,0.032215794437775,0.0306438216797222,0.0286307048583025,0.0354800611384459,9.97472029365072,0.8724352483017646,100,10.220275432726543,9.538201809402024,10.541153367483131,0.0,12.0,12.0,16.0,,,sliding,bb,,default,0.0872435248301764,9.887476768820544,10.061963818480896,0,0.0,0.0019672574346473,0.0,0.0369948074760019,universal_pareto_additive_ar1_xi0.01_theta0.40,BB
universal,pareto_additive_ar1,0.01,0.4,0.9949047687155308,ferro_segers,wald,365.0,100,100,17,0.2053252230902843,0.2355660978511801,-0.1946747769097157,0.2826747769097157,0.7066869422742893,0.2857043380644541,0.7125352808575618,0.5540536643566685,0.8334978886344726,0.2685079397608695,0.2289244049185226,0.1817029556817155,0.3271012076258909,6.5156569722141215,5.467561769284072,100,6.699940043629439,2.640669081186706,8.913584728413094,0.17,,,,0.9,,,,,default,0.5467561769284072,5.968900795285714,7.062413149142529,0,0.0,0.023556609785118,0.1089347605977315,0.2554818123364297,universal_pareto_additive_ar1_xi0.01_theta0.40,Ferro-Segers
universal,pareto_additive_ar1,0.01,0.4,0.9949047687155308,k_gaps,profile,365.0,100,100,36,0.2324091095863643,0.12288485063779,-0.1675908904136357,0.178744713169215,0.4468617829230376,0.2645597843827049,0.4205115212226696,0.2427965846167907,0.6323952954994505,0.23440116348915,0.2385361378407506,0.1930534661927819,0.260178966091619,3.348381090635434,3.638083682511819,100,1.3926764677037728,0.2768414724044722,5.8660770470435635,0.36,,,,0.9,1.0,,,,default,0.3638083682511819,2.984572722384252,3.712189458886616,0,0.0,0.012288485063779,0.2727107459049014,0.4576478001883791,universal_pareto_additive_ar1_xi0.01_theta0.40,K-gaps
universal,pareto_additive_ar1,0.01,0.4,0.9949047687155308,northrop_sliding_native,profile,365.0,100,100,0,0.1350145141488567,0.0194137733753445,-0.2649854858511433,0.2649854858511433,0.6624637146278584,0.0485344334383613,0.6754923486562601,0.6404714549044024,0.6964065991102555,0.0269186505384352,0.0254922822111315,0.023530234288811,0.0292300091558139,10.069279727736694,0.859252361441358,100,10.314476877268415,9.694125120615888,10.685851131853134,0.0,12.0,12.0,16.0,,,sliding,northrop,,chandwich_adjusted,0.0859252361441358,9.98335449159256,10.155204963880829,0,0.0,0.0019413773375344,0.0,0.0369948074760019,universal_pareto_additive_ar1_xi0.01_theta0.40,Northrop
universal,pareto_additive_ar1,0.01,0.6,0.9908789441918076,bb_sliding_native,wald,365.0,100,100,0,0.1415088158791318,0.0204541084258457,-0.4584911841208681,0.4584911841208681,0.7641519735347803,0.0340901807097429,0.7720106487438045,0.7459289292643575,0.7911812417915204,0.0344845611845782,0.0331316369922274,0.0300148887884945,0.0385127275256619,17.684440702327738,0.9157082484881198,100,17.84880913176886,17.162128895939215,18.414473046349116,0.0,12.0,12.0,16.0,,,sliding,bb,,default,0.0915708248488119,17.592869877478925,17.77601152717655,0,0.0,0.0020454108425845,0.0,0.0369948074760019,universal_pareto_additive_ar1_xi0.01_theta0.60,BB
universal,pareto_additive_ar1,0.01,0.6,0.9908789441918076,ferro_segers,wald,365.0,100,100,3,0.2142814339150769,0.2495220560938144,-0.385718566084923,0.449718566084923,0.7495309434748718,0.1514118688299028,0.7927722646077122,0.6666666666666667,0.8587463452269876,0.2592531725936796,0.2206375186637663,0.1826872744242736,0.3017909215450322,12.91163472546831,4.46404668141185,100,14.709628167774872,10.458430951078736,16.347189654808368,0.03,,,,0.9,,,,,default,0.446404668141185,12.465230057327126,13.358039393609497,0,0.0,0.0249522056093814,0.0102543382234148,0.0845207808040269,universal_pareto_additive_ar1_xi0.01_theta0.60,Ferro-Segers
universal,pareto_additive_ar1,0.01,0.6,0.9908789441918076,k_gaps,profile,365.0,100,100,1,0.2212326969582409,0.1102760427870278,-0.378767303041759,0.378767303041759,0.6312788384029318,0.1837934046450463,0.6345863520442918,0.5097064367410881,0.7650653906392371,0.2200075479303319,0.22039604954323,0.1912347022698832,0.2540921291904084,10.35994998567802,4.973479030241623,100,10.526906082345404,6.262809173757999,13.784078614770523,0.01,,,,0.9,1.0,,,,default,0.4973479030241622,9.862602082653858,10.85729788870218,0,0.0,0.0110276042787027,0.0017673865655472,0.0544875247609346,universal_pareto_additive_ar1_xi0.01_theta0.60,K-gaps
universal,pareto_additive_ar1,0.01,0.6,0.9908789441918076,northrop_sliding_native,profile,365.0,100,100,0,0.136963494018894,0.01782407070134,-0.4630365059811059,0.4630365059811059,0.7717275099685099,0.0297067845022334,0.779267522340813,0.7551290685270966,0.7945449094380019,0.0285464152008625,0.0274285092411628,0.0247687175126344,0.0308890247566722,17.959260135525714,0.7981208446782456,100,18.167847011423643,17.500643494826072,18.573456581196027,0.0,12.0,12.0,16.0,,,sliding,northrop,,chandwich_adjusted,0.0798120844678245,17.87944805105789,18.03907221999354,0,0.0,0.001782407070134,0.0,0.0369948074760019,universal_pareto_additive_ar1_xi0.01_theta0.60,Northrop
universal,pareto_additive_ar1,0.01,0.8,0.9840344433634576,bb_sliding_native,wald,365.0,100,100,0,0.1499579728331873,0.0227567948157432,-0.6500420271668126,0.6500420271668126,0.8125525339585158,0.0284459935196789,0.8171253901918694,0.7993142623322289,0.832700936602155,0.036613784232986,0.0352373966236512,0.0326393918035602,0.0393162662075966,25.30601918624577,1.018891086514483,100,25.438013939511247,24.81631708599936,26.00142192543743,0.0,12.0,12.0,16.0,,,sliding,bb,,default,0.1018891086514482,25.20413007759432,25.40790829489722,0,0.0,0.0022756794815743,0.0,0.0369948074760019,universal_pareto_additive_ar1_xi0.01_theta0.80,BB
universal,pareto_additive_ar1,0.01,0.8,0.9840344433634576,ferro_segers,wald,365.0,100,100,1,0.2003974783796029,0.2304610703132946,-0.5996025216203972,0.6276025216203971,0.7845031520254964,0.1695742620512705,0.8271303080788797,0.7696461835000445,0.8858991944362737,0.2556270488013884,0.2404008120519306,0.1841624943104585,0.3093747025105145,19.91725652522551,5.789966317624234,100,21.366816539680073,18.35064303922498,23.957831182887595,0.01,,,,0.9,,,,,default,0.5789966317624234,19.33825989346309,20.496253156987933,0,0.0,0.0230461070313294,0.0017673865655472,0.0544875247609346,universal_pareto_additive_ar1_xi0.01_theta0.80,Ferro-Segers
universal,pareto_additive_ar1,0.01,0.8,0.9840344433634576,k_gaps,profile,365.0,100,100,0,0.2616917412108885,0.1025143134854123,-0.5383082587891115,0.5383082587891115,0.6728853234863892,0.1281428918567654,0.6739171562480157,0.6015774455695154,0.7683639563866312,0.2380313648877485,0.2391033808397618,0.210743612963953,0.2575766268639999,16.4734370414469,4.701318312851174,100,16.622551628293664,13.919848068920068,19.883216629801343,0.0,,,,0.9,1.0,,,,default,0.4701318312851174,16.003305210161784,16.943568872732016,0,0.0,0.0102514313485412,0.0,0.0369948074760019,universal_pareto_additive_ar1_xi0.01_theta0.80,K-gaps
universal,pareto_additive_ar1,0.01,0.8,0.9840344433634576,northrop_sliding_native,profile,365.0,100,100,0,0.1441184114361529,0.0203105531270057,-0.655881588563847,0.655881588563847,0.8198519857048089,0.0253881914087572,0.8246487514349292,0.8074610656031767,0.8387083162060852,0.0309506866781887,0.0298245433369676,0.0270084396417962,0.0334934859029233,25.625713496191924,0.9111818966909492,100,25.809298877093024,25.1921753670925,26.283329228196852,0.0,12.0,12.0,16.0,,,sliding,northrop,,chandwich_adjusted,0.0911181896690949,25.534595306522828,25.71683168586102,0,0.0,0.0020310553127005,0.0,0.0369948074760019,universal_pareto_additive_ar1_xi0.01_theta0.80,Northrop
universal,pareto_additive_ar1,0.01,1.0,0.0,bb_sliding_native,wald,365.0,100,100,83,0.9615672525829364,0.0556748586882057,-0.0384327474170635,0.0384327474170635,0.0384327474170635,0.0556748586882057,0.0,0.0,0.0732310160918681,0.1312726382807735,0.1139331656823937,0.1063839147394356,0.1615270912355267,0.4607568696098135,1.153871630719684,100,0.1139331656823937,0.1063839147394356,0.1663109423839842,0.83,9.0,9.0,14.0,,,sliding,bb,,default,0.1153871630719683,0.3453697065378451,0.5761440326817819,0,0.0,0.0055674858688205,0.7445181876635703,0.8910652394022684,universal_pareto_additive_ar1_xi0.01_theta1.00,BB
universal,pareto_additive_ar1,0.01,1.0,0.0,ferro_segers,wald,365.0,100,100,96,0.9626767478912956,0.0730408451555031,-0.0373232521087043,0.0373232521087043,0.0373232521087043,0.0730408451555031,0.0,0.0,0.0367594242038394,0.2876291039000806,0.2614225082951902,0.2398557438701827,0.3019659575184147,0.3799264450809441,0.6206911698608181,100,0.2614225082951902,0.2398557438701827,0.3019659575184147,0.96,,,,0.9,,,,,default,0.0620691169860818,0.3178573280948623,0.4419955620670259,0,0.0,0.0073040845155503,0.9016278276739262,0.984336949448152,universal_pareto_additive_ar1_xi0.01_theta1.00,Ferro-Segers
universal,pareto_additive_ar1,0.01,1.0,0.0,k_gaps,profile,365.0,100,100,0,0.9019190713004585,0.0502631446571836,-0.0980809286995416,0.0980809286995416,0.0980809286995416,0.0502631446571836,0.0993873714900415,0.0734077570617963,0.1267492444785548,0.1685579162432703,0.1750948423411738,0.1541899851122256,0.1935691507397588,1.579583109347521,1.227853197707566,100,1.4873341246441076,0.9208655896654352,2.151383338638473,0.0,,,,0.9,1.0,,,,default,0.1227853197707566,1.4567977895767643,1.7023684291182777,0,0.0,0.0050263144657183,0.0,0.0369948074760019,universal_pareto_additive_ar1_xi0.01_theta1.00,K-gaps
universal,pareto_additive_ar1,0.01,1.0,0.0,northrop_sliding_native,profile,365.0,100,100,67,0.9636328415658568,0.0547304618964981,-0.0363671584341432,0.0363671584341432,0.0363671584341432,0.0547304618964981,0.0,0.0,0.0708534116970369,0.1034998825973847,0.0946338073324758,0.0603836845122456,0.1500228420844903,0.4310775281147029,1.099192734224316,100,0.0946338073324758,0.0603836845122456,0.2570109059348526,0.67,9.0,9.0,14.0,,,sliding,northrop,,chandwich_adjusted,0.1099192734224316,0.3211582546922713,0.5409968015371345,0,0.0,0.0054730461896498,0.5730516033971139,0.7543701620610456,universal_pareto_additive_ar1_xi0.01_theta1.00,Northrop
universal,pareto_additive_ar1,0.5,0.1,0.9486832980505138,bb_sliding_native,wald,365.0,100,100,0,0.1656943025829179,0.0251213193595672,0.0656943025829179,0.0656943025829179,0.6569430258291797,0.2512131935956725,0.6376588033819157,0.4847028178013035,0.7361136877499231,0.0394735408213083,0.0390963246444253,0.0353790455272323,0.0418627302994269,1.87777482771186,0.8949010070593482,100,1.793316951058177,1.3180295394308894,2.1793093273712096,0.0,12.0,12.0,16.0,,,sliding,bb,,default,0.0894901007059348,1.788284727005925,1.9672649284177943,0,0.0,0.0025121319359567,0.0,0.0369948074760019,universal_pareto_additive_ar1_xi0.50_theta0.10,BB
universal,pareto_additive_ar1,0.5,0.1,0.9486832980505138,ferro_segers,wald,365.0,100,100,89,0.2180508749089806,0.2673141333881582,0.1180508749089806,0.132453093211938,1.3245309321193803,2.6040850700494085,0.4131236177368353,0.1562847668229594,0.8730142326982819,0.2339855494913177,0.2471467604338823,0.186570442672972,0.3063186008203489,3.843373180121253,10.773601741363082,100,0.2635183718183781,0.2089600409769155,0.3305806018596049,0.89,,,,0.9,,,,,default,1.077360174136308,2.766013005984945,4.920733354257561,0,0.0,0.0267314133388158,0.8136853697209698,0.9374586804477488,universal_pareto_additive_ar1_xi0.50_theta0.10,Ferro-Segers
universal,pareto_additive_ar1,0.5,0.1,0.9486832980505138,k_gaps,profile,365.0,100,100,53,0.1788984003245738,0.0982848554583022,0.0788984003245738,0.0962139069259649,0.9621390692596488,0.8122269780386911,0.8250595131649171,0.4073216700768537,1.30496504890445,0.1951210299105476,0.2059313677343672,0.1690715813202562,0.2270991551514269,1.2529544179398713,2.11033265321674,100,0.2120534705349206,0.1774677614909668,1.9574545539755488,0.53,,,,0.9,1.0,,,,default,0.211033265321674,1.0419211526181973,1.4639876832615453,0,0.0,0.0098284855458302,0.4328868313724773,0.6248934801789626,universal_pareto_additive_ar1_xi0.50_theta0.10,K-gaps
universal,pareto_additive_ar1,0.5,0.1,0.9486832980505138,northrop_sliding_native,profile,365.0,100,100,0,0.1593090916926765,0.0236854083352392,0.0593090916926765,0.0593090916926765,0.5930909169267655,0.2368540833523926,0.5735818920439864,0.4706157265052614,0.662095507341417,0.0345892169828902,0.0335499133107941,0.0304125294241396,0.0368594383590796,1.7391892316533424,0.8518298182909385,100,1.6526195355169333,1.2729136799194554,2.032249849233475,0.0,12.0,12.0,16.0,,,sliding,northrop,,chandwich_adjusted,0.0851829818290938,1.6540062498242485,1.8243722134824365,0,0.0,0.0023685408335239,0.0,0.0369948074760019,universal_pareto_additive_ar1_xi0.50_theta0.10,Northrop
universal,pareto_additive_ar1,0.5,0.15,0.9219544457292888,bb_sliding_native,wald,365.0,100,100,15,0.1899663338075325,0.0214436869024229,0.0399663338075325,0.0400006853892498,0.2666712359283325,0.14252593790675,0.2602541141242436,0.1578154925678495,0.3450886269995296,0.044844893627481,0.0437999849657845,0.0399810662483767,0.0494230491026787,0.793364051397974,0.6959197916869112,100,0.6811613397719286,0.1674326013718692,1.1874714009825689,0.15,12.0,12.0,19.0,,,sliding,bb,,default,0.0695919791686911,0.7237720722292829,0.862956030566665,0,0.0,0.0021443686902422,0.0930590319116229,0.2328373333215783,universal_pareto_additive_ar1_xi0.50_theta0.15,BB
universal,pareto_additive_ar1,0.5,0.15,0.9219544457292888,ferro_segers,wald,365.0,100,100,91,0.2390519176360293,0.2498511650229433,0.0890519176360293,0.1276964409917759,0.8513096066118397,1.548689197877308,0.3380099000650669,0.1693390024088641,0.6291459199289287,0.2688281848590955,0.2860178880461622,0.2170494827279996,0.3498199534477992,3.3288281848590953,9.694501172455563,100,0.3086173059037725,0.2515772635780688,0.3646475194296471,0.91,,,,0.9,,,,,default,0.9694501172455564,2.359378067613539,4.298278302104651,0,0.0,0.0249851165022943,0.8377362530335634,0.9519280048361152,universal_pareto_additive_ar1_xi0.50_theta0.15,Ferro-Segers
universal,pareto_additive_ar1,0.5,0.15,0.9219544457292888,k_gaps,profile,365.0,100,100,64,0.1961085058506139,0.0860582792325494,0.0461085058506139,0.0782739220050839,0.5218261467005598,0.3867127916260639,0.4818820959351253,0.1859755729078888,0.7545428550385072,0.2011677881587153,0.2067546014544602,0.1780049253952999,0.2307513144959661,0.7368560576428203,1.0598616276205564,100,0.2091333647071437,0.1845090485881823,0.830685445985391,0.64,,,,0.9,1.0,,,,default,0.1059861627620556,0.6308698948807646,0.8428422204048759,0,0.0,0.0086058279232549,0.542352199811621,0.7272892540950986,universal_pareto_additive_ar1_xi0.50_theta0.15,K-gaps
universal,pareto_additive_ar1,0.5,0.15,0.9219544457292888,northrop_sliding_native,profile,365.0,100,100,24,0.1825200949740207,0.0209916303610784,0.0325200949740207,0.0328909902449059,0.2192732682993728,0.1359971937376058,0.209378392928989,0.1235329662706511,0.2883593434927523,0.0405347126332021,0.0402079728590395,0.0352700318277049,0.0448433006002951,0.6571584853739797,0.6531849170417411,100,0.5105606696747631,0.0589939482592068,0.9946766142687502,0.24,12.0,12.0,18.5,,,sliding,northrop,,chandwich_adjusted,0.0653184917041741,0.5918399936698056,0.7224769770781538,0,0.0,0.0020991630361078,0.1669121126545996,0.3323251872329213,universal_pareto_additive_ar1_xi0.50_theta0.15,Northrop
universal,pareto_additive_ar1,0.5,0.25,0.8660254037844386,bb_sliding_native,wald,365.0,100,100,55,0.243314682935879,0.0324524634813587,-0.0066853170641209,0.0275280524741292,0.1101122098965168,0.0729777110988298,0.1048244451205954,0.0573006705256622,0.1552679153119099,0.0574714859892483,0.0564237965675879,0.0515547577110336,0.0631224698608607,0.3471970274896264,0.4584533305973742,100,0.0665665229230069,0.0577911841179546,0.5048992225363471,0.55,12.0,12.0,19.0,,,sliding,bb,,default,0.0458453330597374,0.3013516944298889,0.3930423605493638,0,0.0,0.0032452463481358,0.4524442703164344,0.6438562489359654,universal_pareto_additive_ar1_xi0.50_theta0.25,BB
universal,pareto_additive_ar1,0.5,0.25,0.8660254037844386,ferro_segers,wald,365.0,100,100,88,0.2291970115321085,0.1106258492426859,-0.0208029884678914,0.0755435291877115,0.3021741167508462,0.3325235560886614,0.2388681395069298,0.1159579757920594,0.4134264446815178,0.3413314642279952,0.3480628652701111,0.2947333748196954,0.3888855885243137,0.7212165423980922,2.970322880812677,100,0.3700939784830506,0.3173584731675155,0.4174482925663683,0.88,,,,0.9,,,,,default,0.2970322880812677,0.4241842543168245,1.0182488304793598,0,0.0,0.0110625849242685,0.8018773199709163,0.9300066263473222,universal_pareto_additive_ar1_xi0.50_theta0.25,Ferro-Segers
universal,pareto_additive_ar1,0.5,0.25,0.8660254037844386,k_gaps,profile,365.0,100,100,82,0.2519704826994812,0.0835466678666319,0.0019704826994812,0.065326867708125,0.2613074708325003,0.2068143523931584,0.2131761577256986,0.1141994946908506,0.3698362033621868,0.2195796799673237,0.2248183982559994,0.202164063503028,0.2391076878742311,0.5074443385195212,0.9059545830556924,100,0.2332514157252683,0.2114731038766055,0.2465752978427508,0.82,,,,0.9,1.0,,,,default,0.0905954583055692,0.4168488802139519,0.5980397968250905,0,0.0,0.0083546667866631,0.7333246397578691,0.8829986834574896,universal_pareto_additive_ar1_xi0.50_theta0.25,K-gaps
universal,pareto_additive_ar1,0.5,0.25,0.8660254037844386,northrop_sliding_native,profile,365.0,100,100,45,0.233521626555126,0.0345341310257168,-0.0164783734448739,0.0322286607456539,0.1289146429826156,0.08175156863904,0.1194050095584131,0.059141285636234,0.1791606368033269,0.0541010539550524,0.0524453513734297,0.0470227859028303,0.0603271025859706,0.51925435624017,0.6104194579765772,100,0.1715971888771712,0.0598230156691103,0.7312812138714542,0.45,12.0,12.0,18.5,,,sliding,northrop,,chandwich_adjusted,0.0610419457976577,0.4582124104425123,0.5802963020378278,0,0.0,0.0034534131025716,0.3561437510640346,0.5475557296835656,universal_pareto_additive_ar1_xi0.50_theta0.25,Northrop
universal,pareto_additive_ar1,0.5,0.4,0.7745966692414834,bb_sliding_native,wald,365.0,100,100,20,0.3281446125549302,0.0429276514801972,-0.0718553874450698,0.0746014052847342,0.1865035132118356,0.0947545494567926,0.1844206352934621,0.1317299901209003,0.2589739000259566,0.0780348457934882,0.0778223297812671,0.0693057719283551,0.0846505845696142,1.71453312757905,1.405729537902778,100,1.4603923379554975,0.4548906763308868,2.865152993947171,0.2,11.0,11.0,16.0,,,sliding,bb,,default,0.1405729537902778,1.573960173788772,1.8551060813693276,0,0.0,0.0042927651480197,0.1333659225590988,0.2888309619265023,universal_pareto_additive_ar1_xi0.50_theta0.40,BB
universal,pareto_additive_ar1,0.5,0.4,0.7745966692414834,ferro_segers,wald,365.0,100,100,83,0.3456796926120367,0.1087740953925751,-0.0543203073879632,0.0984754289765002,0.2461885724412505,0.177075917363528,0.2054479979658315,0.1253119809427826,0.3295446321792147,0.4071709936929331,0.4120758341405091,0.3588054184398467,0.458815457630777,0.8769009457710637,1.161233434740178,100,0.4433638857822156,0.3996379996348334,0.498172874561628,0.83,,,,0.9,,,,,default,0.1161233434740178,0.7607776022970459,0.9930242892450816,0,0.0,0.0108774095392575,0.7445181876635703,0.8910652394022684,universal_pareto_additive_ar1_xi0.50_theta0.40,Ferro-Segers
universal,pareto_additive_ar1,0.5,0.4,0.7745966692414834,k_gaps,profile,365.0,100,100,81,0.3618483875450128,0.0782264753629794,-0.0381516124549872,0.0700138584299312,0.1750346460748281,0.1284079081311721,0.1556130344718805,0.062884674995869,0.2627682682240071,0.2459550158401128,0.2493702306745157,0.2369525227148332,0.2589786882392869,0.4752577978382521,0.6043637402544052,100,0.2565580316280912,0.2468312909033336,0.2637976555650246,0.81,,,,0.9,1.0,,,,default,0.0604363740254405,0.4148214238128117,0.5356941718636927,0,0.0,0.0078226475362979,0.7222097592919214,0.8748534600729574,universal_pareto_additive_ar1_xi0.50_theta0.40,K-gaps
universal,pareto_additive_ar1,0.5,0.4,0.7745966692414834,northrop_sliding_native,profile,365.0,100,100,14,0.3167347417607862,0.0407023524737607,-0.0832652582392137,0.0847380822001308,0.2118452055003271,0.0937664240366278,0.2228010821830983,0.1573456641057281,0.2807510536707905,0.0747557426000361,0.0740320851455449,0.0652018179682489,0.0829752957062667,2.0722002450601114,1.4284299022936988,100,2.1191422259559465,0.997172418200868,3.049181800798232,0.14,11.0,11.0,16.0,,,sliding,northrop,,chandwich_adjusted,0.1428429902293699,1.9293572548307416,2.2150432352894813,0,0.0,0.004070235247376,0.085262657544649,0.2213736038380723,universal_pareto_additive_ar1_xi0.50_theta0.40,Northrop
universal,pareto_additive_ar1,0.5,0.6,0.6324555320336759,bb_sliding_native,wald,365.0,100,100,8,0.4612689457919184,0.0606781426288989,-0.1387310542080816,0.1409566219549558,0.2349277032582596,0.0920912230070327,0.2354708074323178,0.183716026635434,0.2986049926273835,0.1072826244102371,0.1057709795253526,0.0980176538810389,0.1159981821256097,3.686473063809458,2.2598432707918645,100,3.6840144563934807,2.135682574243312,5.2785611646255814,0.08,10.0,10.0,16.0,,,sliding,bb,,default,0.2259843270791864,3.4604887367302717,3.912457390888645,0,0.0,0.0060678142628898,0.0410929694858109,0.1499826687940307,universal_pareto_additive_ar1_xi0.50_theta0.60,BB
universal,pareto_additive_ar1,0.5,0.6,0.6324555320336759,ferro_segers,wald,365.0,100,100,77,0.4812821010772514,0.1149682040886069,-0.1187178989227486,0.1334618197994477,0.2224363663324128,0.1621214684028895,0.181819945357226,0.0889142655885694,0.3546501935657162,0.4609192701401365,0.4667175022714967,0.4260839997141052,0.5124019405389695,1.22817575503751,1.8079536601284625,100,0.5109358234052767,0.4636700831955794,0.5532838883691131,0.77,,,,0.9,,,,,default,0.1807953660128462,1.0473803890246638,1.4089711210503564,0,0.0,0.0114968204088606,0.6784543514317231,0.841568452531236,universal_pareto_additive_ar1_xi0.50_theta0.60,Ferro-Segers
universal,pareto_additive_ar1,0.5,0.6,0.6324555320336759,k_gaps,profile,365.0,100,100,52,0.4736395858420457,0.0780035766106353,-0.1263604141579543,0.1316354385912809,0.2193923976521349,0.1143809026978215,0.2171417103205554,0.1384386381210399,0.293013633917687,0.2600649202102773,0.2622087342797186,0.2571170202184716,0.2653129367368007,1.304351838289071,1.6650604905778197,100,0.2675520427277259,0.2650776140331706,1.853248922060534,0.52,,,,0.9,1.0,,,,default,0.1665060490577819,1.1378457892312892,1.470857887346853,0,0.0,0.0078003576610635,0.4231640509017654,0.6153561567991945,universal_pareto_additive_ar1_xi0.50_theta0.60,K-gaps
universal,pareto_additive_ar1,0.5,0.6,0.6324555320336759,northrop_sliding_native,profile,365.0,100,100,7,0.4491794150580275,0.0632888346083495,-0.1508205849419724,0.1529616618718007,0.2549361031196679,0.0964434997957656,0.2564998804705569,0.2033179201407824,0.3228124728615583,0.1044995432994529,0.1046167738012466,0.0945023866507163,0.1114866059447821,4.13316510121891,2.3592968519591797,100,4.168301129865059,2.587518928101268,5.806745280407358,0.07,10.0,10.0,16.0,,,sliding,northrop,,chandwich_adjusted,0.2359296851959179,3.897235416022992,4.369094786414828,0,0.0,0.0063288834608349,0.034318824364064,0.1374967100652975,universal_pareto_additive_ar1_xi0.50_theta0.60,Northrop
universal,pareto_additive_ar1,0.5,0.8,0.4472135954999578,bb_sliding_native,wald,365.0,100,100,7,0.6251358079614249,0.0686589869150855,-0.1748641920385751,0.175846616993419,0.2198082712417738,0.0825949185051631,0.2101477297419507,0.1742195533972347,0.273503089112576,0.1412505111042783,0.1404233187935123,0.1302892739583849,0.1502613717812585,4.472061109362846,2.6581717393258266,100,4.051496373538227,2.8107119409441927,6.208598030115044,0.07,9.0,9.0,16.0,,,sliding,bb,,default,0.2658171739325826,4.206243935430264,4.737878283295428,0,0.0,0.0068658986915085,0.034318824364064,0.1374967100652975,universal_pareto_additive_ar1_xi0.50_theta0.80,BB
universal,pareto_additive_ar1,0.5,0.8,0.4472135954999578,ferro_segers,wald,365.0,100,100,75,0.6690111160327874,0.1401884518508487,-0.1309888839672127,0.1542602656098161,0.1928253320122701,0.1422344470391238,0.1559280566117315,0.0817821420772067,0.2829830712740719,0.4725940901650292,0.4826845720709778,0.4426652856748505,0.5072005651427589,1.4707706220112513,2.221074446184148,100,0.5067976755775827,0.473270213923954,0.6602422855501985,0.75,,,,0.9,,,,,default,0.2221074446184148,1.2486631773928365,1.692878066629666,0,0.0,0.0140188451850848,0.6569535362992417,0.8245490599627573,universal_pareto_additive_ar1_xi0.50_theta0.80,Ferro-Segers
universal,pareto_additive_ar1,0.5,0.8,0.4472135954999578,k_gaps,profile,365.0,100,100,21,0.6231984083653369,0.0652433475408029,-0.1768015916346632,0.1768015916346632,0.221001989543329,0.0815541844260036,0.2328342000601959,0.1694324471462109,0.2826903269722441,0.2607779077527422,0.2636735710261649,0.2588887171049547,0.2655947791520108,2.5042389667173257,1.9506878867166615,100,2.5309021604676287,0.7039052693359138,3.997339030694338,0.21,,,,0.9,1.0,,,,default,0.1950687886716661,2.3091701780456595,2.699307755388992,0,0.0,0.0065243347540802,0.1416554953164578,0.2998014930196232,universal_pareto_additive_ar1_xi0.50_theta0.80,K-gaps
universal,pareto_additive_ar1,0.5,0.8,0.4472135954999578,northrop_sliding_native,profile,365.0,100,100,8,0.6157058122777344,0.0718872917702163,-0.1842941877222657,0.1850393761344279,0.2312992201680349,0.0874086987484584,0.228566101102187,0.1875494245537423,0.2841356795751088,0.1387319980291004,0.1384317739196428,0.1273259439279463,0.1490957555916061,4.820114269284451,2.723298312703526,100,4.414971734353816,2.995565104753702,6.389153588956621,0.08,9.0,9.0,16.0,,,sliding,northrop,,chandwich_adjusted,0.2723298312703526,4.547784438014098,5.092444100554804,0,0.0,0.0071887291770216,0.0410929694858109,0.1499826687940307,universal_pareto_additive_ar1_xi0.50_theta0.80,Northrop
universal,pareto_additive_ar1,0.5,1.0,0.0,bb_sliding_native,wald,365.0,100,100,94,0.9785505962198454,0.0411738948703768,-0.0214494037801546,0.0214494037801546,0.0214494037801546,0.0411738948703768,0.0,0.0,0.0310417092738245,0.1208809428363197,0.1107734710123407,0.1054870433139378,0.1286902096777374,0.2772794117289072,0.6712708641269408,100,0.1107734710123407,0.1054870433139378,0.1286902096777374,0.94,8.0,8.0,12.0,,,sliding,bb,,default,0.067127086412694,0.2101523253162131,0.3444064981416013,0,0.0,0.0041173894870376,0.8752303146877748,0.9722142547333432,universal_pareto_additive_ar1_xi0.50_theta1.00,BB
universal,pareto_additive_ar1,0.5,1.0,0.0,ferro_segers,wald,365.0,100,100,98,0.9633357341907796,0.0737036995279832,-0.0366642658092203,0.0366642658092203,0.0366642658092203,0.0737036995279832,0.0,0.0,0.0434075938782309,0.3004599851769391,0.2732527982830729,0.2418073073876056,0.3279877117088541,0.3350141623459645,0.3437235405073264,100,0.2732527982830729,0.2418073073876056,0.3279877117088541,0.98,,,,0.9,,,,,default,0.0343723540507326,0.3006418082952319,0.3693865163966972,0,0.0,0.0073703699527983,0.9299868370580064,0.9944981477650318,universal_pareto_additive_ar1_xi0.50_theta1.00,Ferro-Segers
universal,pareto_additive_ar1,0.5,1.0,0.0,k_gaps,profile,365.0,100,100,0,0.9046490207936267,0.0403131789156425,-0.0953509792063732,0.0953509792063732,0.0953509792063732,0.0403131789156425,0.1008723282234269,0.0516379522644057,0.1262345709095253,0.1679143143670108,0.1770670725237396,0.1365706612014918,0.1930093246466897,1.480811759869945,0.8940760175029673,100,1.5114682157087354,0.4941433588292823,2.141650976957487,0.0,,,,0.9,1.0,,,,default,0.0894076017502967,1.3914041581196483,1.5702193616202418,0,0.0,0.0040313178915642,0.0,0.0369948074760019,universal_pareto_additive_ar1_xi0.50_theta1.00,K-gaps
universal,pareto_additive_ar1,0.5,1.0,0.0,northrop_sliding_native,profile,365.0,100,100,74,0.9800975626596355,0.0411233895312758,-0.0199024373403643,0.0199024373403643,0.0199024373403643,0.0411233895312758,0.0,0.0,0.0221603617903768,0.0938040455872754,0.0868815846486223,0.0663517263676865,0.1088577852597261,0.2699404356595698,0.6967019218139535,100,0.0868815846486223,0.0663517263676865,0.1487771294863882,0.74,9.0,9.0,12.0,,,sliding,northrop,,chandwich_adjusted,0.0696701921813953,0.2002702434781744,0.3396106278409652,0,0.0,0.0041123389531275,0.6462882736813838,0.8159542187301354,universal_pareto_additive_ar1_xi0.50_theta1.00,Northrop
universal,pareto_additive_ar1,1.0,0.1,0.9,bb_sliding_native,wald,365.0,100,100,0,0.1772377235167809,0.0225758388675146,0.0772377235167809,0.0772377235167809,0.7723772351678092,0.2257583886751462,0.7531781065507515,0.6051668380244469,0.8943889520835461,0.0406929062367636,0.0405088097031791,0.0368376384086141,0.0444149306821728,2.3163437221727277,0.8082228183849833,100,2.245559084216511,1.701016918653032,2.7560626124889356,0.0,12.0,12.0,19.0,,,sliding,bb,,default,0.0808222818384983,2.2355214403342294,2.397166004011226,0,0.0,0.0022575838867514,0.0,0.0369948074760019,universal_pareto_additive_ar1_xi1.00_theta0.10,BB
universal,pareto_additive_ar1,1.0,0.1,0.9,ferro_segers,wald,365.0,100,100,83,0.2748818820471682,0.3329747075351046,0.1748818820471681,0.1899570582158538,1.899570582158538,3.2452517451001164,0.4386310513506348,0.2554411168892588,0.867176264521246,0.2180238724185054,0.2413222228883593,0.17096688531919,0.2974477540031522,6.225431279825913,13.269614854899972,100,0.283648105147991,0.2119135017661233,0.3467153955144495,0.83,,,,0.9,,,,,default,1.3269614854899972,4.898469794335916,7.55239276531591,0,0.0,0.0332974707535104,0.7445181876635703,0.8910652394022684,universal_pareto_additive_ar1_xi1.00_theta0.10,Ferro-Segers
universal,pareto_additive_ar1,1.0,0.1,0.9,k_gaps,profile,365.0,100,100,76,0.1260550710271438,0.0646941396691364,0.0260550710271438,0.0549450786895963,0.5494507868959637,0.4268019961137342,0.5395721319870856,0.1779569886779797,0.7922153596840794,0.1672698323272012,0.172834153268185,0.1443411804940408,0.1992232776610457,0.4589853708955171,0.7155320953899931,100,0.1778950264354259,0.1510334824027313,0.2112582838341583,0.76,,,,0.9,1.0,,,,default,0.0715532095389993,0.3874321613565178,0.5305385804345164,0,0.0,0.0064694139669136,0.6676748127670786,0.8330878873454004,universal_pareto_additive_ar1_xi1.00_theta0.10,K-gaps
universal,pareto_additive_ar1,1.0,0.1,0.9,northrop_sliding_native,profile,365.0,100,100,0,0.1738851276690515,0.0226812023668734,0.0738851276690515,0.0738851276690515,0.7388512766905153,0.2268120236687344,0.7024976478213009,0.5558859831714749,0.8864130919461704,0.0371206006964035,0.036584953174529,0.0334621907898248,0.0396723166824623,2.275889739534483,0.8350088076507022,100,2.152298936157965,1.5851915841216062,2.8057787945949757,0.0,12.0,12.0,19.0,,,sliding,northrop,,chandwich_adjusted,0.0835008807650702,2.1923888587694127,2.359390620299553,0,0.0,0.0022681202366873,0.0,0.0369948074760019,universal_pareto_additive_ar1_xi1.00_theta0.10,Northrop
universal,pareto_additive_ar1,1.0,0.15,0.85,bb_sliding_native,wald,365.0,100,100,5,0.2088337628218519,0.0258385861269157,0.0588337628218519,0.0588337628218519,0.3922250854790129,0.172257240846105,0.3672070965402005,0.2802376778813708,0.4751030511702536,0.0473826751846118,0.0464684810286033,0.0430085107847812,0.0504711036240167,1.461496578623854,0.911296785317185,100,1.2958498374160026,0.8823662691923834,1.8761777157349109,0.05,12.0,12.0,19.0,,,sliding,bb,,default,0.0911296785317185,1.3703669000921357,1.552626257155573,0,0.0,0.0025838586126915,0.0215433614563135,0.1117519652720881,universal_pareto_additive_ar1_xi1.00_theta0.15,BB
universal,pareto_additive_ar1,1.0,0.15,0.85,ferro_segers,wald,365.0,100,100,93,0.2239331561807745,0.2224915078631329,0.0739331561807745,0.1084127738688001,0.7227518257920009,1.3848665537646945,0.3261159484401415,0.1743363474598674,0.563224477745083,0.2803617330981007,0.2921724246964758,0.2311671624322563,0.3539229454700455,2.660361733098101,8.64168021571048,100,0.3011041547886551,0.241242852173016,0.3843362020505952,0.93,,,,0.9,,,,,default,0.864168021571048,1.796193711527053,3.5245297546691488,0,0.0,0.0222491507863132,0.8625032899347026,0.965681175635936,universal_pareto_additive_ar1_xi1.00_theta0.15,Ferro-Segers
universal,pareto_additive_ar1,1.0,0.15,0.85,k_gaps,profile,365.0,100,100,87,0.1640619982950054,0.0617825543518383,0.0140619982950054,0.0497320198256625,0.3315467988377507,0.2597917824744705,0.2865137218693309,0.1575631679104873,0.4294872534229679,0.1884840593812484,0.1902405697519257,0.1653328154856897,0.2100115259302786,0.3231629155932586,0.4714730747541076,100,0.1934201492578613,0.1758129490578956,0.2117618101444366,0.87,,,,0.9,1.0,,,,default,0.0471473074754107,0.2760156081178478,0.3703102230686693,0,0.0,0.0061782554351838,0.7901947810519012,0.9224290614158576,universal_pareto_additive_ar1_xi1.00_theta0.15,K-gaps
universal,pareto_additive_ar1,1.0,0.15,0.85,northrop_sliding_native,profile,365.0,100,100,5,0.2054061849643566,0.0259446033522095,0.0554061849643565,0.0554061849643565,0.369374566429044,0.1729640223480634,0.3213977090142246,0.2515855086787583,0.4630904945117595,0.0441511988632177,0.0432184330740793,0.0396294003355042,0.0472362688950354,1.41697632473182,0.936629934557006,100,1.2045849566686413,0.7276050859076968,2.0458158066596828,0.05,12.0,12.0,18.0,,,sliding,northrop,,chandwich_adjusted,0.0936629934557006,1.3233133312761194,1.5106393181875204,0,0.0,0.0025944603352209,0.0215433614563135,0.1117519652720881,universal_pareto_additive_ar1_xi1.00_theta0.15,Northrop
universal,pareto_additive_ar1,1.0,0.25,0.75,bb_sliding_native,wald,365.0,100,100,41,0.2855839586160066,0.0366855013191886,0.0355839586160066,0.0414270458712859,0.1657081834851438,0.1194185054528283,0.1527520759496301,0.0648674880848778,0.2346357543726791,0.0650938944298309,0.0652644948405498,0.0580360369505584,0.0715872571058258,0.6712432897495212,0.7975203354673716,100,0.3508243230390325,0.0598188155653129,1.1401789940798386,0.41,12.0,12.0,18.5,,,sliding,bb,,default,0.0797520335467371,0.5914912562027841,0.7509953232962583,0,0.0,0.0036685501319188,0.3186715709566465,0.5079874943890338,universal_pareto_additive_ar1_xi1.00_theta0.25,BB
universal,pareto_additive_ar1,1.0,0.25,0.75,ferro_segers,wald,365.0,100,100,96,0.2785376449503686,0.1333366960545289,0.0285376449503686,0.0818570788792942,0.3274283155171769,0.4351189984453971,0.2443602476858716,0.1157084039633132,0.3504012624911251,0.3658696265858757,0.3652352973919353,0.3290208061395485,0.4164364292971524,0.991175900631358,4.169142277887499,100,0.3728796609401174,0.3328305546333062,0.4255478510005289,0.96,,,,0.9,,,,,default,0.4169142277887498,0.5742616728426082,1.408090128420108,0,0.0,0.0133336696054528,0.9016278276739262,0.984336949448152,universal_pareto_additive_ar1_xi1.00_theta0.25,Ferro-Segers
universal,pareto_additive_ar1,1.0,0.25,0.75,k_gaps,profile,365.0,100,100,89,0.2571896600237139,0.0732558403708178,0.0071896600237139,0.0590829146051992,0.236331658420797,0.1740151801093001,0.2226842145698343,0.103164703649297,0.3152585441937764,0.2207056579368267,0.222323584138858,0.2070421409946649,0.2403162335997148,0.3994823229293322,0.6900181246797282,100,0.224410603570045,0.2108173318984751,0.2415802010072838,0.89,,,,0.9,1.0,,,,default,0.0690018124679728,0.3304805104613594,0.468484135397305,0,0.0,0.0073255840370817,0.8136853697209698,0.9374586804477488,universal_pareto_additive_ar1_xi1.00_theta0.25,K-gaps
universal,pareto_additive_ar1,1.0,0.25,0.75,northrop_sliding_native,profile,365.0,100,100,48,0.2791702632733249,0.0362780538146077,0.0291702632733249,0.0378203120225719,0.1512812480902878,0.1081311941379562,0.1332278170177153,0.0698290725352613,0.2226923056708837,0.0628078229776647,0.0625072145240794,0.0546476362938543,0.0690235497510914,0.6086096026302521,0.7377983616534008,100,0.1211232980382852,0.0576118965647915,1.0322294465612671,0.48,12.0,12.0,16.0,,,sliding,northrop,,chandwich_adjusted,0.07377983616534,0.534829766464912,0.6823894387955922,0,0.0,0.0036278053814607,0.3846438432008054,0.5768359490982345,universal_pareto_additive_ar1_xi1.00_theta0.25,Northrop
universal,pareto_additive_ar1,1.0,0.4,0.6,bb_sliding_native,wald,365.0,100,100,70,0.3982392847973909,0.0483024701469209,-0.0017607152026091,0.0373905945193897,0.0934764862984743,0.0759967808820556,0.0716338228758335,0.040772631938518,0.1282637284472119,0.0901526114832988,0.0897695431238488,0.0823246694756399,0.0991288491789274,0.4600931841261841,0.7928188923785335,100,0.0967205327511098,0.0880893193478856,0.3751983210226596,0.7,11.0,11.0,16.0,,,sliding,bb,,default,0.0792818892378533,0.3808112948883307,0.5393750733640374,0,0.0,0.004830247014692,0.6041496156718804,0.7810524613377188,universal_pareto_additive_ar1_xi1.00_theta0.40,BB
universal,pareto_additive_ar1,1.0,0.4,0.6,ferro_segers,wald,365.0,100,100,95,0.3862609730203802,0.0871903516545455,-0.0137390269796197,0.0722041138563554,0.1805102846408886,0.1256664720477164,0.1619809234666355,0.0815437033837583,0.2558616860122109,0.4274316261593825,0.4351264594857578,0.4008936272430947,0.4744629028369065,0.5270550370512468,0.527921093914874,100,0.4393366780278794,0.4125671824275305,0.480001845261319,0.95,,,,0.9,,,,,default,0.0527921093914873,0.4742629276597594,0.5798471464427342,0,0.0,0.0087190351654545,0.8882480347279118,0.9784566385436864,universal_pareto_additive_ar1_xi1.00_theta0.40,Ferro-Segers
universal,pareto_additive_ar1,1.0,0.4,0.6,k_gaps,profile,365.0,100,100,93,0.3872976709193348,0.0688246332218141,-0.0127023290806651,0.0555931586747435,0.1389828966868589,0.1054155949572533,0.1080918033730224,0.0545021118626972,0.2025609633963992,0.2506892990866861,0.2515876398743419,0.2451618099196988,0.2583775768265177,0.3335083417584387,0.3640296129311124,100,0.2525851988804293,0.2472089316045435,0.258713514019557,0.93,,,,0.9,1.0,,,,default,0.0364029612931112,0.2971053804653275,0.3699113030515499,0,0.0,0.0068824633221814,0.8625032899347026,0.965681175635936,universal_pareto_additive_ar1_xi1.00_theta0.40,K-gaps
universal,pareto_additive_ar1,1.0,0.4,0.6,northrop_sliding_native,profile,365.0,100,100,62,0.3925160695762551,0.0519447089706767,-0.0074839304237448,0.0405742529522639,0.1014356323806598,0.0826108634547449,0.0838613876060263,0.0395913963588998,0.1517866920004637,0.0881650310144887,0.0870409467550091,0.0791499706440943,0.0980724067167285,0.5767229668209016,0.906386984901864,100,0.1003120692191768,0.0867136520097674,0.6081655587115269,0.62,11.0,11.0,16.0,,,sliding,northrop,,chandwich_adjusted,0.0906386984901864,0.4860842683307152,0.667361665311088,0,0.0,0.0051944708970676,0.5220957382071033,0.7090255079986562,universal_pareto_additive_ar1_xi1.00_theta0.40,Northrop
universal,pareto_additive_ar1,1.0,0.6,0.4,bb_sliding_native,wald,365.0,100,100,53,0.5533811116379682,0.0696153959085688,-0.0466188883620317,0.0677949202087245,0.1129915336812076,0.0816326435696696,0.0932196672333031,0.0439564429781709,0.1693665266312077,0.1235416067267543,0.122667982597893,0.1127266139699806,0.135112504843823,1.125653280077045,1.5143660275053548,100,0.1482487313063158,0.1297736215283413,1.9566316670881911,0.53,10.0,10.0,16.0,,,sliding,bb,,default,0.1514366027505354,0.9742166773265092,1.27708988282758,0,0.0,0.0069615395908568,0.4328868313724773,0.6248934801789626,universal_pareto_additive_ar1_xi1.00_theta0.60,BB
universal,pareto_additive_ar1,1.0,0.6,0.4,ferro_segers,wald,365.0,100,100,93,0.5800421777447726,0.1254693946532447,-0.0199578222552273,0.1002263764758617,0.1670439607931028,0.1290791376332857,0.1381927066778784,0.0616011439070902,0.2608669110125881,0.4835482925904607,0.4875118987428679,0.4498488087595174,0.5259127420654611,0.6356211855803873,0.79872339693093,100,0.4942330239654348,0.4672140162559756,0.5341541579612679,0.93,,,,0.9,,,,,default,0.079872339693093,0.5557488458872942,0.7154935252734803,0,0.0,0.0125469394653244,0.8625032899347026,0.965681175635936,universal_pareto_additive_ar1_xi1.00_theta0.60,Ferro-Segers
universal,pareto_additive_ar1,1.0,0.6,0.4,k_gaps,profile,365.0,100,100,79,0.5262555070527974,0.0721111256346584,-0.0737444929472025,0.0855618226357861,0.1426030377263102,0.0957198353404373,0.1269092859329672,0.0692872641818412,0.2133057723542492,0.2631017976138572,0.265114951352777,0.2617370929023598,0.2657927312478185,0.5734026170353806,0.7890279659019258,100,0.2657540166493566,0.2648331963664631,0.2669060509812698,0.79,,,,0.9,1.0,,,,default,0.0789027965901925,0.494499820445188,0.6523054136255733,0,0.0,0.0072111125634658,0.7001985069803768,0.8583445046835422,universal_pareto_additive_ar1_xi1.00_theta0.60,K-gaps
universal,pareto_additive_ar1,1.0,0.6,0.4,northrop_sliding_native,profile,365.0,100,100,49,0.5475424259902666,0.0714981857395263,-0.0524575740097333,0.0728276398924251,0.1213793998207086,0.0839004707552661,0.1069216890354379,0.0480911165336443,0.184615468322467,0.1218276428047651,0.1220374363041688,0.1102696155474542,0.1342418564658025,1.2335526385331186,1.5661738175970763,100,0.2074580385496453,0.1281656024982877,2.157752729062118,0.49,10.0,10.0,16.0,,,sliding,northrop,,chandwich_adjusted,0.1566173817597076,1.076935256773411,1.3901700202928262,0,0.0,0.0071498185739526,0.3942183009238614,0.5865215952256586,universal_pareto_additive_ar1_xi1.00_theta0.60,Northrop
universal,pareto_additive_ar1,1.0,0.8,0.1999999999999999,bb_sliding_native,wald,365.0,100,100,61,0.7618995052730355,0.0888631435730408,-0.0381004947269645,0.0794504939031702,0.0993131173789628,0.0683148351233388,0.081572150459165,0.043271706334388,0.1498714066475796,0.1608222255869952,0.1609517382160202,0.1491562793843445,0.1722096333816464,1.096614741374394,1.5223596308850404,100,0.1829540331885937,0.165136783518574,1.7350934615858444,0.61,10.0,10.0,16.0,,,sliding,bb,,default,0.152235963088504,0.94437877828589,1.248850704462898,0,0.0,0.008886314357304,0.5120283616749817,0.699832780680298,universal_pareto_additive_ar1_xi1.00_theta0.80,BB
universal,pareto_additive_ar1,1.0,0.8,0.1999999999999999,ferro_segers,wald,365.0,100,100,92,0.7727286535735264,0.1407774330458684,-0.0272713464264736,0.1095132884827234,0.1368916106034042,0.1149403445131029,0.1060632882878143,0.0521511494256774,0.1903688113814183,0.439654453371189,0.4513388372845875,0.3923917048503577,0.4969213432237863,0.7879262315143091,1.585493657814142,100,0.4553689082386143,0.3972129906202114,0.5032324125492843,0.92,,,,0.9,,,,,default,0.1585493657814141,0.6293768657328949,0.9464755972957232,0,0.0,0.0140777433045868,0.8500173312059693,0.9589070305141892,universal_pareto_additive_ar1_xi1.00_theta0.80,Ferro-Segers
universal,pareto_additive_ar1,1.0,0.8,0.1999999999999999,k_gaps,profile,365.0,100,100,66,0.6975106250973282,0.0676606908644644,-0.1024893749026717,0.1055070816713627,0.1318838520892034,0.0785011609089798,0.1245392193009347,0.0752399264398202,0.1809097990074152,0.2506693185464092,0.25263496772515,0.2457335421189856,0.2607718812473932,0.9230065883093846,1.2730926379418497,100,0.25263496772515,0.2457335421189856,1.0060083315578912,0.66,,,,0.9,1.0,,,,default,0.1273092637941849,0.7956973245151997,1.0503158521035696,0,0.0,0.0067660690864464,0.5627754565831095,0.74538620502457,universal_pareto_additive_ar1_xi1.00_theta0.80,K-gaps
universal,pareto_additive_ar1,1.0,0.8,0.1999999999999999,northrop_sliding_native,profile,365.0,100,100,57,0.7603882315014117,0.0917897676487152,-0.0396117684985883,0.0822778545135946,0.1028473181419932,0.0704037182238415,0.0900208842832149,0.0392167011883954,0.1625270973024314,0.1578990578109772,0.1580473753431287,0.1446327984705624,0.1703517075656972,1.1841883509366382,1.5730721525812867,100,0.1910631206325733,0.1630186010829833,2.1352321565906216,0.57,10.0,10.0,16.0,,,sliding,northrop,,chandwich_adjusted,0.1573072152581286,1.0268811356785097,1.341495566194767,0,0.0,0.0091789767648715,0.4721521169586435,0.6626686099947162,universal_pareto_additive_ar1_xi1.00_theta0.80,Northrop
universal,pareto_additive_ar1,1.0,1.0,0.0,bb_sliding_native,wald,365.0,100,100,85,0.9628472270093016,0.0576801940885451,-0.0371527729906983,0.0371527729906983,0.0371527729906983,0.0576801940885451,0.0,0.0,0.0678110465084407,0.129841747505689,0.1115128770769934,0.1052926455226538,0.1568446349506548,0.5043147670905459,1.1328590199117008,100,0.1115128770769934,0.1052926455226538,0.1582197727700426,0.85,8.0,8.0,12.0,,,sliding,bb,,default,0.11328590199117,0.3910288650993758,0.617600669081716,0,0.0,0.0057680194088545,0.7671626666784216,0.906940968088377,universal_pareto_additive_ar1_xi1.00_theta1.00,BB
universal,pareto_additive_ar1,1.0,1.0,0.0,ferro_segers,wald,365.0,100,100,94,0.9443195415765444,0.0958569076191294,-0.0556804584234555,0.0556804584234555,0.0556804584234555,0.0958569076191294,0.0,0.0,0.091277681665686,0.3138410528516139,0.2676458853638495,0.2478225836573274,0.3671041773259317,0.5470506258553303,1.166010792862388,100,0.2676458853638495,0.2478225836573274,0.3671041773259317,0.94,,,,0.9,,,,,default,0.1166010792862387,0.4304495465690914,0.663651705141569,0,0.0,0.0095856907619129,0.8752303146877748,0.9722142547333432,universal_pareto_additive_ar1_xi1.00_theta1.00,Ferro-Segers
universal,pareto_additive_ar1,1.0,1.0,0.0,k_gaps,profile,365.0,100,100,0,0.9074113228565168,0.0430252185389038,-0.0925886771434831,0.0925886771434831,0.0925886771434831,0.0430252185389038,0.0981460391925304,0.0741726016854122,0.1216209469619111,0.1654933868500022,0.1734276521287635,0.1554732578112327,0.1878991104997262,1.4301008482348991,0.9577521700196936,100,1.4672475311323674,0.9309563018450716,2.055059803707562,0.0,,,,0.9,1.0,,,,default,0.0957752170019693,1.3343256312329297,1.5258760652368686,0,0.0,0.0043025218538903,0.0,0.0369948074760019,universal_pareto_additive_ar1_xi1.00_theta1.00,K-gaps
universal,pareto_additive_ar1,1.0,1.0,0.0,northrop_sliding_native,profile,365.0,100,100,65,0.962169024140847,0.0595426438014338,-0.037830975859153,0.037830975859153,0.037830975859153,0.0595426438014338,0.0,0.0,0.0634354359248905,0.1042779116167797,0.0925092515143796,0.0592977891328123,0.1500728855624037,0.506030051188167,1.2107278515452964,100,0.0925092515143796,0.0592977891328123,0.2290000971844472,0.65,8.0,8.0,12.0,,,sliding,northrop,,chandwich_adjusted,0.1210727851545296,0.3849572660336374,0.6271028363426967,0,0.0,0.0059542643801433,0.5525426042919797,0.7363589534652197,universal_pareto_additive_ar1_xi1.00_theta1.00,Northrop
universal,pareto_additive_ar1,5.0,0.1,0.5904900000000001,bb_sliding_native,wald,365.0,100,100,0,0.187379256982941,0.0233833105105493,0.087379256982941,0.087379256982941,0.8737925698294103,0.2338331051054934,0.835499561322943,0.7293058092951326,0.9999307320601128,0.0417681212561364,0.0410813793290973,0.0375454794613439,0.0447381080806865,2.7015759754510493,0.8438871488352412,100,2.5408189653517557,2.1503143575948473,3.1859905430643747,0.0,12.0,12.0,17.5,,,sliding,bb,,default,0.0843887148835241,2.6171872605675253,2.7859646903345734,0,0.0,0.0023383310510549,0.0,0.0369948074760019,universal_pareto_additive_ar1_xi5.00_theta0.10,BB
universal,pareto_additive_ar1,5.0,0.1,0.5904900000000001,ferro_segers,wald,365.0,100,100,83,0.2758619723581952,0.3218702518285975,0.1758619723581952,0.185594964733565,1.8559496473356496,3.163018581418452,0.4304443497301037,0.2338639201725613,1.0002187690195643,0.2340506614072313,0.2651804998883156,0.1858124660051864,0.3078935503734019,5.944639359409468,13.04423550480622,100,0.2885638859565411,0.2332720123955911,0.3722536895954389,0.83,,,,0.9,,,,,default,1.304423550480622,4.640215808928846,7.24906290989009,0,0.0,0.0321870251828597,0.7445181876635703,0.8910652394022684,universal_pareto_additive_ar1_xi5.00_theta0.10,Ferro-Segers
universal,pareto_additive_ar1,5.0,0.1,0.5904900000000001,k_gaps,profile,365.0,100,100,90,0.1217494121800328,0.043225107070753,0.0217494121800328,0.0366377440485552,0.3663774404855528,0.314696972037507,0.2948638118501525,0.1054383427687982,0.5069810448634073,0.1688040751712443,0.1705266854048376,0.1533336165560088,0.1851565638242232,0.2348118988670834,0.2577560239267532,100,0.1708174061380621,0.1538713843613662,0.1860198836152789,0.9,,,,0.9,1.0,,,,default,0.0257756023926753,0.2090362964744081,0.2605875012597587,0,0.0,0.0043225107070753,0.8256326956323347,0.944771458386864,universal_pareto_additive_ar1_xi5.00_theta0.10,K-gaps
universal,pareto_additive_ar1,5.0,0.1,0.5904900000000001,northrop_sliding_native,profile,365.0,100,100,0,0.1876685179403816,0.0235790194210015,0.0876685179403816,0.0876685179403816,0.8766851794038157,0.2357901942100154,0.8497306512367686,0.7133236119942739,1.0234936033334072,0.0383687074187351,0.0365805314870657,0.0341807505185966,0.0413173100906447,2.8043759872066447,0.8641391305045979,100,2.6757002498152263,2.1959547886647535,3.3421024582859538,0.0,12.0,12.0,16.0,,,sliding,northrop,,chandwich_adjusted,0.0864139130504597,2.7179620741561847,2.8907899002571047,0,0.0,0.0023579019421001,0.0,0.0369948074760019,universal_pareto_additive_ar1_xi5.00_theta0.10,Northrop
universal,pareto_additive_ar1,5.0,0.15,0.4437053124999999,bb_sliding_native,wald,365.0,100,100,0,0.2345618375973167,0.0352084456700222,0.0845618375973167,0.0845618375973167,0.5637455839821117,0.2347229711334817,0.515537196353233,0.404357987466623,0.7372272184972258,0.0505581840092792,0.0491156249229606,0.0433863031086208,0.0561652667727236,2.421868007716365,1.254087787560154,100,2.190578140756734,1.5252343677298963,3.3099862966334546,0.0,12.0,12.0,18.5,,,sliding,bb,,default,0.1254087787560154,2.29645922896035,2.54727678647238,0,0.0,0.0035208445670022,0.0,0.0369948074760019,universal_pareto_additive_ar1_xi5.00_theta0.15,BB
universal,pareto_additive_ar1,5.0,0.15,0.4437053124999999,ferro_segers,wald,365.0,100,100,96,0.2000399035347835,0.1572221692218246,0.0500399035347835,0.0821420729194941,0.5476138194632945,0.9529514478966612,0.3403707212038099,0.1769654271403589,0.5405035777548283,0.2990906837182449,0.3158375267305244,0.2414413043596973,0.3592534538249909,1.3362621963545982,5.776815940046719,100,0.3177883735613366,0.2457681194637984,0.3674087339904957,0.96,,,,0.9,,,,,default,0.5776815940046719,0.7585806023499263,1.9139437903592704,0,0.0,0.0157222169221824,0.9016278276739262,0.984336949448152,universal_pareto_additive_ar1_xi5.00_theta0.15,Ferro-Segers
universal,pareto_additive_ar1,5.0,0.15,0.4437053124999999,k_gaps,profile,365.0,100,100,91,0.1629712234560862,0.0565318252873515,0.0129712234560862,0.0439954466676167,0.2933029777841115,0.2503906808721363,0.2325551632692317,0.0966825678656575,0.4361096348453981,0.1891765488906828,0.1908409864578423,0.1772249607306322,0.2079701182722807,0.2996556262957479,0.4532521206389316,100,0.1926907614781596,0.1786132203025475,0.2092516426448724,0.91,,,,0.9,1.0,,,,default,0.0453252120638931,0.2543304142318547,0.3449808383596411,0,0.0,0.0056531825287351,0.8377362530335634,0.9519280048361152,universal_pareto_additive_ar1_xi5.00_theta0.15,K-gaps
universal,pareto_additive_ar1,5.0,0.15,0.4437053124999999,northrop_sliding_native,profile,365.0,100,100,1,0.2362648934194555,0.0337405150525931,0.0862648934194555,0.0862648934194555,0.5750992894630371,0.2249367670172879,0.5325306963613419,0.4120627698496341,0.7199584382049192,0.0481756273858476,0.0459099797137542,0.0404749586111705,0.053739124125414,2.569325956593572,1.2085943957300684,100,2.368314813598185,1.68726889290421,3.3583435592647337,0.01,12.0,12.0,16.0,,,sliding,northrop,,chandwich_adjusted,0.1208594395730068,2.4484665170205653,2.6901853961665787,0,0.0,0.0033740515052593,0.0017673865655472,0.0544875247609346,universal_pareto_additive_ar1_xi5.00_theta0.15,Northrop
universal,pareto_additive_ar1,5.0,0.25,0.2373046875,bb_sliding_native,wald,365.0,100,100,12,0.3256200578494072,0.0377438036687785,0.0756200578494071,0.0757267903610063,0.3029071614440253,0.1501081166723845,0.2891652743294821,0.2147675017071472,0.3906583811847454,0.069543948239647,0.0683598995128234,0.0636436644029016,0.0773126951695549,1.751731009014645,1.267635420336375,100,1.5852768883019013,0.7763615879252701,2.496546092466108,0.12,12.0,12.0,16.0,,,sliding,bb,,default,0.1267635420336375,1.6249674669810077,1.8784945510482824,0,0.0,0.0037743803668778,0.0699933736526777,0.1981226800290836,universal_pareto_additive_ar1_xi5.00_theta0.25,BB
universal,pareto_additive_ar1,5.0,0.25,0.2373046875,ferro_segers,wald,365.0,100,100,91,0.2841983474253245,0.0964473152811326,0.0341983474253245,0.0820595950352708,0.3282383801410832,0.2427057447043121,0.2946124509207604,0.1341711700670368,0.4848154460468605,0.3865874222120811,0.4046316914630502,0.3375560665585244,0.4400131577219714,0.4576050915564808,0.3064335693154739,100,0.4062921147351976,0.3567842591473922,0.4483453719880578,0.91,,,,0.9,,,,,default,0.0306433569315473,0.4269617346249334,0.4882484484880282,0,0.0,0.0096447315281132,0.8377362530335634,0.9519280048361152,universal_pareto_additive_ar1_xi5.00_theta0.25,Ferro-Segers
universal,pareto_additive_ar1,5.0,0.25,0.2373046875,k_gaps,profile,365.0,100,100,90,0.2573825087071355,0.0675716849976805,0.0073825087071355,0.0542583672914855,0.2170334691659423,0.162346645012775,0.1758020778076471,0.0895958206590102,0.319322296081524,0.2207189217154372,0.2242677088583739,0.209687833431056,0.2365266849998997,0.3460280920805816,0.5364693712925175,100,0.2283895853598259,0.2119870627483403,0.2379159806290168,0.9,,,,0.9,1.0,,,,default,0.0536469371292517,0.2923811549513299,0.3996750292098334,0,0.0,0.006757168499768,0.8256326956323347,0.944771458386864,universal_pareto_additive_ar1_xi5.00_theta0.25,K-gaps
universal,pareto_additive_ar1,5.0,0.25,0.2373046875,northrop_sliding_native,profile,365.0,100,100,5,0.3261571592117915,0.0373142561660731,0.0761571592117915,0.0761571592117915,0.304628636847166,0.1492570246642924,0.2789867830046907,0.1966575220501037,0.3940971735811467,0.0674424380491365,0.0678956879521677,0.0613566848069626,0.0734383822694637,1.8260715864067243,1.3307071392550784,100,1.5658485672038085,0.7905082989911745,2.6647727409341013,0.05,12.0,12.0,16.0,,,sliding,northrop,,chandwich_adjusted,0.1330707139255078,1.6930008724812164,1.959142300332232,0,0.0,0.0037314256166073,0.0215433614563135,0.1117519652720881,universal_pareto_additive_ar1_xi5.00_theta0.25,Northrop
universal,pareto_additive_ar1,5.0,0.4,0.0777599999999999,bb_sliding_native,wald,365.0,100,100,30,0.4727267276191856,0.0637906348170764,0.0727267276191856,0.0793412793648509,0.1983531984121272,0.1381399464788091,0.1690810089293046,0.0945903827598308,0.2652993802025324,0.0991088573444038,0.0979372271204131,0.089057756532928,0.1089913330574725,1.5011972304308758,1.7588045874418647,100,0.7417186322633412,0.0949894950674049,2.068229183906137,0.3,11.0,11.0,16.0,,,sliding,bb,,default,0.1758804587441864,1.3253167716866894,1.6770776891750625,0,0.0,0.0063790634817076,0.2189475386622811,0.3958503843281195,universal_pareto_additive_ar1_xi5.00_theta0.40,BB
universal,pareto_additive_ar1,5.0,0.4,0.0777599999999999,ferro_segers,wald,365.0,100,100,93,0.4321213807498021,0.1295070432959562,0.0321213807498021,0.1017074049375046,0.2542685123437616,0.2145546892147012,0.2159550722225465,0.094078130017036,0.3573974535947482,0.4434308620152566,0.4597010702616011,0.3880473120016504,0.491422094355974,0.6950758813976438,1.3007457306754902,100,0.4704353137991331,0.4105922409661302,0.5071298576137317,0.93,,,,0.9,,,,,default,0.130074573067549,0.5650013083300948,0.8251504544651928,0,0.0,0.0129507043295956,0.8625032899347026,0.965681175635936,universal_pareto_additive_ar1_xi5.00_theta0.40,Ferro-Segers
universal,pareto_additive_ar1,5.0,0.4,0.0777599999999999,k_gaps,profile,365.0,100,100,90,0.4001657773889187,0.0772940814183675,0.0001657773889187,0.058947956659961,0.1473698916499025,0.1241078557042262,0.1105200979253816,0.0586560386360323,0.2083966181174933,0.2518491398299481,0.2545365817709678,0.2475191669465761,0.2602900785692057,0.3882713196673375,0.777519601404184,100,0.2574542556152063,0.2499555784479115,0.2617435970357361,0.9,,,,0.9,1.0,,,,default,0.0777519601404184,0.3105193595269191,0.4660232798077559,0,0.0,0.0077294081418367,0.8256326956323347,0.944771458386864,universal_pareto_additive_ar1_xi5.00_theta0.40,K-gaps
universal,pareto_additive_ar1,5.0,0.4,0.0777599999999999,northrop_sliding_native,profile,365.0,100,100,21,0.4750414256683497,0.0626319355717278,0.0750414256683496,0.0808263526862071,0.2020658817155178,0.1372034920031725,0.1633975685968589,0.118274263671688,0.2664202497254354,0.0967834145399026,0.0948480145277411,0.0852234387849484,0.1068610423128367,1.628730702683115,1.8025944207879063,100,0.8997735271701928,0.265313276716702,2.570994678087681,0.21,11.0,11.0,16.0,,,sliding,northrop,,chandwich_adjusted,0.1802594420787906,1.4484712606043244,1.8089901447619057,0,0.0,0.0062631935571727,0.1416554953164578,0.2998014930196232,universal_pareto_additive_ar1_xi5.00_theta0.40,Northrop
universal,pareto_additive_ar1,5.0,0.6,0.01024,bb_sliding_native,wald,365.0,100,100,49,0.657187120865787,0.0777825609709549,0.057187120865787,0.0775440671751478,0.1292401119585798,0.095447877464138,0.111962389737725,0.0567125839093389,0.1829425347951304,0.1339694413765916,0.1320273530535938,0.1230102485622649,0.1469941172342908,1.180330568432905,1.5618969404473866,100,0.2128740109517483,0.1278958097913381,1.978100186965524,0.49,10.0,10.0,16.0,,,sliding,bb,,default,0.1561896940447386,1.0241408743881664,1.3365202624776438,0,0.0,0.0077782560970954,0.3942183009238614,0.5865215952256586,universal_pareto_additive_ar1_xi5.00_theta0.60,BB
universal,pareto_additive_ar1,5.0,0.6,0.01024,ferro_segers,wald,365.0,100,100,91,0.638994224631501,0.1336563377274134,0.038994224631501,0.1062804589777526,0.1771340982962544,0.1489807311587203,0.1362640650533004,0.0697125516251487,0.2416627219717629,0.4754303408708198,0.4830886118893409,0.4497783641617738,0.5177004070243955,0.7033571591198466,0.8885205997489588,100,0.4956460203016442,0.4626687469178319,0.5253217307506273,0.91,,,,0.9,,,,,default,0.0888520599748958,0.6145050991449508,0.7922092190947425,0,0.0,0.0133656337727413,0.8377362530335634,0.9519280048361152,universal_pareto_additive_ar1_xi5.00_theta0.60,Ferro-Segers
universal,pareto_additive_ar1,5.0,0.6,0.01024,k_gaps,profile,365.0,100,100,87,0.5797516911380138,0.0821198817112636,-0.0202483088619861,0.0677916328326124,0.1129860547210207,0.0835943177908237,0.0907994409949439,0.0458006803595461,0.1604872745535726,0.2618005597298468,0.2647146761233306,0.2607991448172704,0.2658864160734982,0.4194222400177465,0.5831765640506302,100,0.2655830751562505,0.26308464722233,0.2661538597511894,0.87,,,,0.9,1.0,,,,default,0.058317656405063,0.3611045836126834,0.4777398964228095,0,0.0,0.0082119881711263,0.7901947810519012,0.9224290614158576,universal_pareto_additive_ar1_xi5.00_theta0.60,K-gaps
universal,pareto_additive_ar1,5.0,0.6,0.01024,northrop_sliding_native,profile,365.0,100,100,47,0.6611644090133802,0.0780344302124005,0.0611644090133803,0.0800098902940359,0.1333498171567266,0.0972111243403377,0.1175997085247468,0.064657538345528,0.1880827696094369,0.1319638891612297,0.1309692485557587,0.12150882182163,0.1448209959132069,1.2985044392270757,1.6966572835405762,100,0.3483888060986454,0.126761727899782,2.0653088752559103,0.47,10.0,10.0,16.0,,,sliding,northrop,,chandwich_adjusted,0.1696657283540576,1.128838710873018,1.4681701675811334,0,0.0,0.00780344302124,0.3751065198210374,0.5671131686275227,universal_pareto_additive_ar1_xi5.00_theta0.60,Northrop
universal,pareto_additive_ar1,5.0,0.8,0.0003199999999999,bb_sliding_native,wald,365.0,100,100,71,0.8389430362652874,0.0734164301418095,0.0389430362652873,0.0639684557020196,0.0799605696275245,0.0660084605037664,0.0604293201286182,0.0303940194646767,0.1138275509333536,0.1609266238694325,0.1642329827862548,0.1523651558380951,0.1745955332285795,0.6490906213995215,0.9906164326620146,100,0.1744381493432891,0.163041388560136,0.6489420041094784,0.71,9.5,9.5,16.0,,,sliding,bb,,default,0.0990616432662014,0.55002897813332,0.7481522646657229,0,0.0,0.0073416430141809,0.6146092505999207,0.7898529302601586,universal_pareto_additive_ar1_xi5.00_theta0.80,BB
universal,pareto_additive_ar1,5.0,0.8,0.0003199999999999,ferro_segers,wald,365.0,100,100,95,0.8417366470345717,0.1221775495477595,0.0417366470345717,0.1038838421533955,0.1298548026917444,0.0950824927798701,0.1105067539032358,0.0511933178715703,0.193052579051046,0.4021083986087395,0.4055138015656944,0.3236607548503868,0.4723894141808238,0.4735471518311388,0.3822480682590224,100,0.4055138015656944,0.3236607548503868,0.4723894141808238,0.95,,,,0.9,,,,,default,0.0382248068259022,0.4353223450052366,0.5117719586570411,0,0.0,0.0122177549547759,0.8882480347279118,0.9784566385436864,universal_pareto_additive_ar1_xi5.00_theta0.80,Ferro-Segers
universal,pareto_additive_ar1,5.0,0.8,0.0003199999999999,k_gaps,profile,365.0,100,100,91,0.757980171404928,0.0607094008603279,-0.042019828595072,0.0604804694545115,0.0756005868181394,0.0526530034931644,0.0658456715799081,0.0340717913918257,0.1116627303536799,0.2365896353694774,0.2413089749676266,0.2284578556769602,0.2514256778986696,0.3341527417443578,0.4573427222412334,100,0.241615935366739,0.2286867724366224,0.2522461896918407,0.91,,,,0.9,1.0,,,,default,0.0457342722241233,0.2884184695202344,0.3798870139684811,0,0.0,0.0060709400860327,0.8377362530335634,0.9519280048361152,universal_pareto_additive_ar1_xi5.00_theta0.80,K-gaps
universal,pareto_additive_ar1,5.0,0.8,0.0003199999999999,northrop_sliding_native,profile,365.0,100,100,69,0.8428525084094393,0.073103392231366,0.0428525084094392,0.0656503241657069,0.0820629052071337,0.0666789443014347,0.0626390535886025,0.0329590589686572,0.1116916159868277,0.1566591804002008,0.1607718616751947,0.1477784384586945,0.1732588272864204,0.7282737096983753,1.1865651548646987,100,0.1738461380646633,0.1594343871032158,0.760877333007837,0.69,10.0,10.0,16.0,,,sliding,northrop,,chandwich_adjusted,0.1186565154864698,0.6096171942119055,0.8469302251848452,0,0.0,0.0073103392231366,0.5937376052204429,0.7722043679386762,universal_pareto_additive_ar1_xi5.00_theta0.80,Northrop
universal,pareto_additive_ar1,5.0,1.0,0.0,bb_sliding_native,wald,365.0,100,100,91,0.9779880272496788,0.0424992335827036,-0.022011972750321,0.022011972750321,0.022011972750321,0.0424992335827036,0.0,0.0,0.0190915461381751,0.1207572748866703,0.1103249496559902,0.1037371157046161,0.1221520079150533,0.2862389904339876,0.6469721735447289,100,0.1103249496559902,0.1037371157046161,0.1221520079150533,0.91,8.0,8.0,12.0,,,sliding,bb,,default,0.0646972173544729,0.2215417730795147,0.3509362077884606,0,0.0,0.0042499233582703,0.8377362530335634,0.9519280048361152,universal_pareto_additive_ar1_xi5.00_theta1.00,BB
universal,pareto_additive_ar1,5.0,1.0,0.0,ferro_segers,wald,365.0,100,100,97,0.9580009235519668,0.0931895617346538,-0.0419990764480331,0.0419990764480331,0.0419990764480331,0.0931895617346538,0.0,0.0,0.01006739791549,0.3006769457720264,0.2634199361555537,0.2430520818711516,0.318244742175857,0.4754719658975441,1.1950973502647066,100,0.2634199361555537,0.2430520818711516,0.318244742175857,0.97,,,,0.9,,,,,default,0.1195097350264706,0.3559622308710734,0.5949817009240148,0,0.0,0.0093189561734653,0.915479219195973,0.9897456617765852,universal_pareto_additive_ar1_xi5.00_theta1.00,Ferro-Segers
universal,pareto_additive_ar1,5.0,1.0,0.0,k_gaps,profile,365.0,100,100,0,0.9053514940090654,0.0468972517429036,-0.0946485059909345,0.0946485059909345,0.0946485059909345,0.0468972517429036,0.0993928109690718,0.0509705702030472,0.1264916221015485,0.1663289596524066,0.1750990838379292,0.1351163783502817,0.1932890649359074,1.4928289429744594,1.0660366848355964,100,1.4874434815491098,0.4876900820362784,2.14650786228039,0.0,,,,0.9,1.0,,,,default,0.1066036684835596,1.3862252744908998,1.599432611458019,0,0.0,0.0046897251742903,0.0,0.0369948074760019,universal_pareto_additive_ar1_xi5.00_theta1.00,K-gaps
universal,pareto_additive_ar1,5.0,1.0,0.0,northrop_sliding_native,profile,365.0,100,100,74,0.9789847418297244,0.0416516596580984,-0.0210152581702757,0.0210152581702757,0.0210152581702757,0.0416516596580984,0.0,0.0,0.0190981113272647,0.0920727201165996,0.0873753492497062,0.0593216601701856,0.1159826499219885,0.263650890561898,0.6288477962110879,100,0.0873753492497062,0.0593216601701856,0.1298151289599524,0.74,8.0,8.0,11.0,,,sliding,northrop,,chandwich_adjusted,0.0628847796211087,0.2007661109407892,0.3265356701830068,0,0.0,0.0041651659658098,0.6462882736813838,0.8159542187301354,universal_pareto_additive_ar1_xi5.00_theta1.00,Northrop
