benchmark_set,family,xi_true,theta_true,phi,method,n_obs,n_rep,n_cover,xi_hat_mean,xi_hat_sd,bias,mae,mape,mape_sd,ape_median,ape_q25,ape_q75,interval_width_mean,interval_width_median,interval_width_q25,interval_width_q75,interval_score_mean,interval_score_sd,n_score,interval_score_median,interval_score_q25,interval_score_q75,coverage,plateau_lo,plateau_hi,interval_score_mcse,interval_score_lo,interval_score_hi,xi_hat_se,mape_se,coverage_se,coverage_lo,coverage_hi,method_label,block_scheme,summary_target,regression,scenario,ci_method,tuning_axis,selected_k,stable_k_lo,stable_k_hi,fixed_upper_level
universal,frechet_max_ar,0.01,0.01,0.9998995016917585,sliding_median_fgls,365.0,100,52,0.001014146298373,0.0006454988682742,-0.0089858537016269,0.0089858537016269,0.8985853701626902,0.0645498868274285,0.90549966476093,0.8425875272469565,0.932774647836084,0.0242883674987576,0.0170808130339828,0.0140527943022448,0.0268404636242008,0.070393867576567,0.0603433713015871,100,0.0446177668979264,0.0244997564493539,0.0989160019662692,0.52,8.0,19.0,0.0060343371301587,0.0643595304464082,0.0764282047067257,6.454988682742852e-05,0.0064549886827428,0.0499599839871871,0.4231640509017654,0.6153561567991945,median-sliding-FGLS,sliding,median,FGLS,universal_frechet_max_ar_xi0.01_theta0.01,,,,,,
universal,frechet_max_ar,0.01,0.01,0.9998995016917585,sliding_median_ols,365.0,100,0,0.0010156709924236,0.0006462766288285,-0.0089843290075763,0.0089843290075763,0.8984329007576325,0.0646276628828549,0.9048766168588528,0.8421439040976663,0.9326919900952478,0.000152761920301,0.00012704361619,6.817959043678331e-05,0.0002444398216023,0.3564706838173332,0.0278181645501353,100,0.3598621749226766,0.3343925048839589,0.3706629673304882,0.0,8.0,19.0,0.0027818164550135,0.3536888673623197,0.3592525002723468,6.462766288285499e-05,0.0064627662882854,0.0,0.0,0.0369948074760019,median-sliding-OLS,sliding,median,OLS,universal_frechet_max_ar_xi0.01_theta0.01,,,,,,
universal,frechet_max_ar,0.01,0.01,0.9998995016917585,disjoint_median_fgls,365.0,100,78,0.0005808378187604,0.0044793039910822,-0.0094191621812395,0.0095890308038496,0.9589030803849676,0.4099103996871278,0.9375718024681392,0.8735494312388061,0.9681629119018144,0.0385780911381653,0.0339853757752087,0.0190510527947826,0.0501870336554461,0.062630864607479,0.0529013222273158,100,0.0454628352845826,0.0302700472101363,0.0636052498357085,0.78,8.0,14.0,0.0052901322227315,0.0573407323847474,0.0679209968302106,0.0004479303991082,0.0409910399687127,0.0414246303544159,0.6892946528499969,0.849988254963442,median-disjoint-FGLS,disjoint,median,FGLS,universal_frechet_max_ar_xi0.01_theta0.01,,,,,,
universal,frechet_max_ar,0.01,0.01,0.9998995016917585,disjoint_median_ols,365.0,100,1,0.0005778806801223,0.0045529413474835,-0.0094221193198776,0.0095913406207499,0.9591340620749964,0.4180824400272235,0.9389425475818576,0.8716512276843277,0.9701180710790482,0.0025612630134593,0.0014106634522486,0.0006445170919189,0.0022315423307859,0.335961996166169,0.0588671825156314,100,0.3456268813776703,0.3063402580492525,0.3741384583765688,0.01,8.0,14.0,0.0058867182515631,0.3300752779146059,0.3418487144177321,0.0004552941347483,0.0418082440027223,0.0099498743710662,0.0017673865655472,0.0544875247609346,median-disjoint-OLS,disjoint,median,OLS,universal_frechet_max_ar_xi0.01_theta0.01,,,,,,
universal,frechet_max_ar,0.01,0.01,0.9998995016917585,sliding_mean_fgls,365.0,100,8,0.0012014421956739,0.0004120247453688,-0.008798557804326,0.008798557804326,0.8798557804326056,0.0412024745368823,0.8882726968665147,0.8518296219962396,0.9129700180221813,0.0089671947175183,0.0078848567447886,0.0051036009546231,0.0108630299894678,0.1913496809878753,0.0775899038209339,100,0.2039699756991144,0.1587668163789226,0.2539184195612106,0.08,8.0,21.0,0.0077589903820933,0.1835906906057819,0.1991086713699687,4.1202474536882394e-05,0.0041202474536882,0.027129319932501,0.0410929694858109,0.1499826687940307,mean-sliding-FGLS,sliding,mean,FGLS,universal_frechet_max_ar_xi0.01_theta0.01,,,,,,
universal,frechet_max_ar,0.01,0.01,0.9998995016917585,sliding_mean_ols,365.0,100,0,0.0012042282772279,0.0004124967471759,-0.008795771722772,0.008795771722772,0.8795771722772081,0.0412496747175991,0.88744859754773,0.8507995410439849,0.9123781719015738,0.0002065022573729,0.0001924743370128,0.0001401601387924,0.0002586766989289,0.3479073260207974,0.0179908545629456,100,0.3514147470094297,0.3353944954535418,0.36235251423502,0.0,8.0,21.0,0.0017990854562945,0.3461082405645029,0.3497064114770919,4.124967471759918e-05,0.0041249674717599,0.0,0.0,0.0369948074760019,mean-sliding-OLS,sliding,mean,OLS,universal_frechet_max_ar_xi0.01_theta0.01,,,,,,
universal,frechet_max_ar,0.01,0.01,0.9998995016917585,disjoint_mean_fgls,365.0,100,64,0.0010701801283549,0.0013778510618009,-0.008929819871645,0.008929819871645,0.8929819871645076,0.1377851061800928,0.914092137917665,0.863847361216096,0.957064489475439,0.0272182588510597,0.023802536435237,0.014418150521814,0.0349386011990621,0.0703719484258858,0.0600477574968645,100,0.0423235138788583,0.0254969937349383,0.1017375446067862,0.64,8.0,14.0,0.0060047757496864,0.0643671726761993,0.0763767241755722,0.00013778510618,0.0137785106180092,0.048,0.542352199811621,0.7272892540950986,mean-disjoint-FGLS,disjoint,mean,FGLS,universal_frechet_max_ar_xi0.01_theta0.01,,,,,,
universal,frechet_max_ar,0.01,0.01,0.9998995016917585,disjoint_mean_ols,365.0,100,2,0.001073919008654,0.0014072707281739,-0.0089260809913459,0.0089260809913459,0.8926080991345947,0.1407270728173975,0.9160408924179416,0.8643189567701502,0.9568369738556928,0.001533945782729,0.0011274427680153,0.0006729951552862,0.0017905073495763,0.3292471685554929,0.0645160154357608,100,0.3417498105049893,0.3095270841005699,0.3669626347758535,0.02,8.0,14.0,0.006451601543576,0.3227955670119168,0.335698770099069,0.0001407270728173,0.0140727072817397,0.014,0.0055018522349681,0.0700131629419936,mean-disjoint-OLS,disjoint,mean,OLS,universal_frechet_max_ar_xi0.01_theta0.01,,,,,,
universal,frechet_max_ar,0.01,0.01,0.9998995016917585,sliding_mode_fgls,365.0,100,89,0.0009997826236284,0.0005091182001218,-0.0090002173763715,0.0090002173763715,0.9000217376371521,0.0509118200121852,0.9088194419060772,0.8873427312598914,0.930091460591558,0.0520871315934968,0.0394399505450722,0.0257223921032817,0.0647978292886815,0.0655020618427819,0.0494515067494588,100,0.0471325493615916,0.0338695741730567,0.0851814319196583,0.89,8.0,17.0,0.0049451506749458,0.060556911167836,0.0704472125177278,5.091182001218526e-05,0.0050911820012185,0.031288975694324,0.8136853697209698,0.9374586804477488,mode-sliding-FGLS,sliding,mode,FGLS,universal_frechet_max_ar_xi0.01_theta0.01,,,,,,
universal,frechet_max_ar,0.01,0.01,0.9998995016917585,sliding_mode_ols,365.0,100,0,0.0010011729936948,0.0005098795206272,-0.0089988270063051,0.0089988270063051,0.8998827006305166,0.0509879520627211,0.9087658825935316,0.8871761009235806,0.9300887276518688,0.0001915433034489,0.0001433393882435,9.963040415530592e-05,0.0002074904902492,0.3563137574866774,0.0220195752180349,100,0.3605054423550757,0.3513579937032947,0.3705025288840713,0.0,8.0,17.0,0.0022019575218034,0.3541117999648739,0.3585157150084809,5.098795206272113e-05,0.0050987952062721,0.0,0.0,0.0369948074760019,mode-sliding-OLS,sliding,mode,OLS,universal_frechet_max_ar_xi0.01_theta0.01,,,,,,
universal,frechet_max_ar,0.01,0.01,0.9998995016917585,disjoint_mode_fgls,365.0,100,91,0.0009279211733127,0.001585013020276,-0.0090720788266872,0.0090720788266872,0.9072078826687208,0.1585013020276078,0.893878028041394,0.8391688062703869,0.9550228023858957,0.058000542825178,0.0419306546510233,0.0288317920369585,0.0678117140302928,0.06354857157976,0.0475523746077058,100,0.044423975069875,0.0318693261512959,0.085981808637754,0.91,8.0,16.0,0.0047552374607705,0.0587933341189894,0.0683038090405305,0.0001585013020276,0.0158501302027607,0.0286181760425083,0.8377362530335634,0.9519280048361152,mode-disjoint-FGLS,disjoint,mode,FGLS,universal_frechet_max_ar_xi0.01_theta0.01,,,,,,
universal,frechet_max_ar,0.01,0.01,0.9998995016917585,disjoint_mode_ols,365.0,100,0,0.0009329936715158,0.0015790708430742,-0.0090670063284841,0.0090670063284841,0.9067006328484156,0.1579070843074282,0.8943985073172889,0.8375163440575694,0.9538108052168928,0.0015294914666695,0.0011246080002249,0.0007539295237806,0.0020774903238633,0.3336199152726439,0.0677230189875959,100,0.3285990646713473,0.3051159297690187,0.3603070758145852,0.0,8.0,16.0,0.0067723018987595,0.3268476133738843,0.3403922171714035,0.0001579070843074,0.0157907084307428,0.0,0.0,0.0369948074760019,mode-disjoint-OLS,disjoint,mode,OLS,universal_frechet_max_ar_xi0.01_theta0.01,,,,,,
universal,frechet_max_ar,0.03,0.01,0.99969853537399,sliding_median_fgls,365.0,100,54,0.0030773732769484,0.0017752324741583,-0.0269226267230515,0.0269226267230515,0.8974208907683854,0.0591744158052796,0.903817998705252,0.8649446649194417,0.9326431452711976,0.0691135709534028,0.0533129138276253,0.0397823821254436,0.0718673252704477,0.2223956281505678,0.203501691287222,100,0.1232570277443882,0.0685535374243129,0.3139910666403185,0.54,8.0,18.5,0.0203501691287222,0.2020454590218456,0.24274579727929,0.0001775232474158,0.0059174415805279,0.0498397431775084,0.4426468539352385,0.6343935614666815,median-sliding-FGLS,sliding,median,FGLS,universal_frechet_max_ar_xi0.03_theta0.01,,,,,,
universal,frechet_max_ar,0.03,0.01,0.99969853537399,sliding_median_ols,365.0,100,0,0.0030852190256108,0.0017827014707079,-0.0269147809743891,0.0269147809743891,0.8971593658129713,0.0594233823569323,0.9036160356273192,0.8647932821928769,0.932692086693081,0.0004378343387488,0.0003811292748955,0.000185543777605,0.0005678002956249,1.0682723865393369,0.0767909683336667,100,1.0758091214363823,1.027865845836312,1.11198904780868,0.0,8.0,18.5,0.0076790968333666,1.0605932897059702,1.0759514833727035,0.0001782701470707,0.0059423382356932,0.0,0.0,0.0369948074760019,median-sliding-OLS,sliding,median,OLS,universal_frechet_max_ar_xi0.03_theta0.01,,,,,,
universal,frechet_max_ar,0.03,0.01,0.99969853537399,disjoint_median_fgls,365.0,100,77,0.0024991278490743,0.0026556674700431,-0.0275008721509256,0.0275008721509256,0.9166957383641868,0.0885222490014369,0.923621345152891,0.856764409038982,0.9673805273119775,0.0990233296988756,0.0818694853929496,0.0542418107630677,0.1286312362862645,0.1741837772550715,0.1539015489381947,100,0.121038012142937,0.0801499621965738,0.1832751991329596,0.77,8.0,13.0,0.0153901548938194,0.158793622361252,0.189573932148891,0.0002655667470043,0.0088522249001436,0.0420832508250016,0.6784543514317231,0.841568452531236,median-disjoint-FGLS,disjoint,median,FGLS,universal_frechet_max_ar_xi0.03_theta0.01,,,,,,
universal,frechet_max_ar,0.03,0.01,0.99969853537399,disjoint_median_ols,365.0,100,0,0.0025012367354409,0.0026461420874116,-0.027498763264559,0.027498763264559,0.9166254421519678,0.0882047362470551,0.9237519355084828,0.8585318981116682,0.9663429270493176,0.0036836439125584,0.0029983837363125,0.0019369803908452,0.0045601434326335,1.0299612962437503,0.1187042589617421,100,1.0427705651733006,0.94321164970722,1.1169025750691888,0.0,8.0,13.0,0.0118704258961742,1.0180908703475764,1.0418317221399247,0.0002646142087411,0.0088204736247055,0.0,0.0,0.0369948074760019,median-disjoint-OLS,disjoint,median,OLS,universal_frechet_max_ar_xi0.03_theta0.01,,,,,,
universal,frechet_max_ar,0.03,0.01,0.99969853537399,sliding_mean_fgls,365.0,100,4,0.0034010024775623,0.0011079491360046,-0.0265989975224376,0.0265989975224376,0.8866332507479204,0.0369316378668227,0.8933525081278658,0.865103739404378,0.9145268750030744,0.024236885655902,0.0212381178259022,0.016582119853831,0.028606546317933,0.6131672190491178,0.215558386700296,100,0.650155174281349,0.5218098947513048,0.7699747447797471,0.04,8.0,21.0,0.0215558386700296,0.5916113803790881,0.6347230577191474,0.0001107949136004,0.0036931637866822,0.0195959179422654,0.015663050551848,0.0983721723260737,mean-sliding-FGLS,sliding,mean,FGLS,universal_frechet_max_ar_xi0.03_theta0.01,,,,,,
universal,frechet_max_ar,0.03,0.01,0.99969853537399,sliding_mean_ols,365.0,100,0,0.0034085977820356,0.0011127454511307,-0.0265914022179643,0.0265914022179643,0.8863800739321447,0.03709151503769,0.8924614252859999,0.8644814307609059,0.9141753282068202,0.0005796051481523,0.0005381658041867,0.0004021746371333,0.0006966673711114,1.052643590903678,0.0486385534471453,100,1.0604722566435658,1.024208246544144,1.089993419994996,0.0,8.0,21.0,0.0048638553447145,1.0477797355589635,1.0575074462483924,0.000111274545113,0.003709151503769,0.0,0.0,0.0369948074760019,mean-sliding-OLS,sliding,mean,OLS,universal_frechet_max_ar_xi0.03_theta0.01,,,,,,
universal,frechet_max_ar,0.03,0.01,0.99969853537399,disjoint_mean_fgls,365.0,100,53,0.0024774649631785,0.0028006647079374,-0.0275225350368214,0.0275225350368214,0.917417834560716,0.0933554902645812,0.9157160904536804,0.8736893650111535,0.9645822013600563,0.0686480648776803,0.0584935748245265,0.0406436304296471,0.0973759192266526,0.245033644990651,0.2277562372047779,100,0.1243298863282469,0.0855106063088203,0.3310601694014532,0.53,8.0,14.0,0.0227756237204777,0.2222580212701732,0.2678092687111288,0.0002800664707937,0.0093355490264581,0.0499099188538711,0.4328868313724773,0.6248934801789626,mean-disjoint-FGLS,disjoint,mean,FGLS,universal_frechet_max_ar_xi0.03_theta0.01,,,,,,
universal,frechet_max_ar,0.03,0.01,0.99969853537399,disjoint_mean_ols,365.0,100,1,0.002517372078856,0.0029465186798601,-0.0274826279211439,0.0274826279211439,0.9160875973714648,0.0982172893286705,0.9152718591660912,0.8713460289575112,0.9650394053817783,0.0037409838318203,0.0028335686555993,0.001742775213498,0.0043331727271053,1.0283495027046134,0.1606404031397574,100,1.0483426205293322,0.9735718028418452,1.1143631533854212,0.01,8.0,14.0,0.0160640403139757,1.0122854623906377,1.0444135430185892,0.000294651867986,0.009821728932867,0.0099498743710662,0.0017673865655472,0.0544875247609346,mean-disjoint-OLS,disjoint,mean,OLS,universal_frechet_max_ar_xi0.03_theta0.01,,,,,,
universal,frechet_max_ar,0.03,0.01,0.99969853537399,sliding_mode_fgls,365.0,100,86,0.0029007460226101,0.0014688077480226,-0.0270992539773898,0.0270992539773898,0.9033084659129956,0.0489602582674227,0.909197494298522,0.8887907631499594,0.9258704724886204,0.1438349545011877,0.1147528160745302,0.0688253019087467,0.1873031054441602,0.1714284592951082,0.1099846840403162,100,0.1314040454524722,0.0910453799706211,0.2163941750888113,0.86,8.0,17.0,0.0109984684040316,0.1604299908910766,0.1824269276991399,0.0001468807748022,0.0048960258267422,0.0346987031457949,0.7786263961619276,0.914737342455351,mode-sliding-FGLS,sliding,mode,FGLS,universal_frechet_max_ar_xi0.03_theta0.01,,,,,,
universal,frechet_max_ar,0.03,0.01,0.99969853537399,sliding_mode_ols,365.0,100,0,0.002902669123108,0.0014665593588625,-0.0270973308768919,0.0270973308768919,0.9032443625630656,0.0488853119620834,0.9094163579572084,0.8888003541277725,0.92587016229272,0.0005227067076957,0.0003989867462895,0.0002960187731361,0.000556859976777,1.0739618076294588,0.0619499110613264,100,1.083147041443534,1.0524077655133866,1.1036737451761798,0.0,8.0,17.0,0.0061949911061326,1.0677668165233265,1.0801567987355911,0.0001466559358862,0.0048885311962083,0.0,0.0,0.0369948074760019,mode-sliding-OLS,sliding,mode,OLS,universal_frechet_max_ar_xi0.03_theta0.01,,,,,,
universal,frechet_max_ar,0.03,0.01,0.99969853537399,disjoint_mode_fgls,365.0,100,82,0.0033540734178745,0.0056173062362956,-0.0266459265821254,0.0267072759159014,0.890242530530048,0.177162459860335,0.9003566805658383,0.8370571802042991,0.9285829578125137,0.1396781895887017,0.1200160602397424,0.0733509998583582,0.1793550478126687,0.1923330936172761,0.1155315296108963,100,0.1559398129404595,0.1083089571242693,0.2584049017613092,0.82,8.0,16.0,0.0115531529610896,0.1807799406561864,0.2038862465783657,0.0005617306236295,0.0177162459860335,0.0384187454245971,0.7333246397578691,0.8829986834574896,mode-disjoint-FGLS,disjoint,mode,FGLS,universal_frechet_max_ar_xi0.03_theta0.01,,,,,,
universal,frechet_max_ar,0.03,0.01,0.99969853537399,disjoint_mode_ols,365.0,100,1,0.0033052921136832,0.0053917217840725,-0.0266947078863167,0.0266947078863167,0.8898235962105587,0.1797240594690839,0.8992068458276294,0.8366160404033258,0.9313478426990152,0.0067472209157675,0.0034210276295258,0.0023083036273505,0.006223370874591,0.97010606429308,0.1662715303017241,100,0.9950575801665292,0.8939880534009657,1.0526069907478697,0.01,8.0,16.0,0.0166271530301724,0.9534789112629076,0.9867332173232524,0.0005391721784072,0.0179724059469084,0.0099498743710662,0.0017673865655472,0.0544875247609346,mode-disjoint-OLS,disjoint,mode,OLS,universal_frechet_max_ar_xi0.03_theta0.01,,,,,,
universal,frechet_max_ar,0.1,0.01,0.99899547129175,sliding_median_fgls,365.0,100,46,0.011311033371792,0.0068057825037011,-0.0886889666282079,0.0886889666282079,0.8868896662820791,0.0680578250370116,0.9003928794334684,0.8002760757943264,0.9327162645372348,0.2077533209322261,0.1642926142266732,0.1404547407133464,0.2416736066484326,0.697342412041545,0.5945410935894396,100,0.446464465423469,0.2594513888968386,0.9179425165193424,0.46,8.0,19.0,0.0594541093589439,0.637888302682601,0.756796521400489,0.0006805782503701,0.0068057825037011,0.0498397431775084,0.3656064385333186,0.5573531460647615,median-sliding-FGLS,sliding,median,FGLS,universal_frechet_max_ar_xi0.10_theta0.01,,,,,,
universal,frechet_max_ar,0.1,0.01,0.99899547129175,sliding_median_ols,365.0,100,0,0.0113398889486281,0.0068285104515823,-0.0886601110513718,0.0886601110513718,0.8866011105137186,0.068285104515823,0.9003050111314356,0.7980763083781469,0.932692424785532,0.0017078041934947,0.0012704125679783,0.00053745279731,0.0030669740587873,3.513956162378473,0.2956962854529695,100,3.575281075644365,3.1310566267004236,3.706631860350536,0.0,8.0,19.0,0.0295696285452969,3.484386533833176,3.5435257909237703,0.0006828510451582,0.0068285104515823,0.0,0.0,0.0369948074760019,median-sliding-OLS,sliding,median,OLS,universal_frechet_max_ar_xi0.10_theta0.01,,,,,,
universal,frechet_max_ar,0.1,0.01,0.99899547129175,disjoint_median_fgls,365.0,100,79,0.0094829350954608,0.014749293743997,-0.0905170649045391,0.0905170649045391,0.9051706490453912,0.1474929374399702,0.9060964728776036,0.8569984318299431,0.9616200646839292,0.3626825920199023,0.2629132808872284,0.18553764917597,0.5180296487443179,0.6073503010846725,0.521607828560958,100,0.4568592112227561,0.2391806822928632,0.7203440579572651,0.79,8.0,14.0,0.0521607828560958,0.5551895182285767,0.6595110839407683,0.0014749293743997,0.014749293743997,0.0407308237088326,0.7001985069803768,0.8583445046835422,median-disjoint-FGLS,disjoint,median,FGLS,universal_frechet_max_ar_xi0.10_theta0.01,,,,,,
universal,frechet_max_ar,0.1,0.01,0.99899547129175,disjoint_median_ols,365.0,100,1,0.009486916355729,0.0149387534176378,-0.0905130836442709,0.0905130836442709,0.90513083644271,0.1493875341763783,0.9039774360159194,0.8654158978562648,0.9588622623429264,0.0166965736895111,0.0121627239390781,0.0070641977332751,0.0225917813656987,3.307584183199002,0.6366353957198538,100,3.381402786602907,3.1552697067898543,3.5947982120044326,0.01,8.0,14.0,0.0636635395719853,3.2439206436270167,3.3712477227709874,0.0014938753417637,0.0149387534176378,0.0099498743710662,0.0017673865655472,0.0544875247609346,median-disjoint-OLS,disjoint,median,OLS,universal_frechet_max_ar_xi0.10_theta0.01,,,,,,
universal,frechet_max_ar,0.1,0.01,0.99899547129175,sliding_mean_fgls,365.0,100,3,0.0117882765422086,0.0042843938566955,-0.0882117234577913,0.0882117234577913,0.8821172345779138,0.0428439385669556,0.8919321184238229,0.8509788498744877,0.9164287301962571,0.0861177687046163,0.081122008716173,0.0520586486171493,0.1046848767802166,1.98068216704793,0.7370821256387204,100,2.0702432573641607,1.5583932395645357,2.6742219249866306,0.03,8.0,21.0,0.073708212563872,1.906973954484058,2.054390379611802,0.0004284393856695,0.0042843938566955,0.0170587221092319,0.0102543382234148,0.0845207808040269,mean-sliding-FGLS,sliding,mean,FGLS,universal_frechet_max_ar_xi0.10_theta0.01,,,,,,
universal,frechet_max_ar,0.1,0.01,0.99899547129175,sliding_mean_ols,365.0,100,0,0.0118004245947151,0.0042770493770459,-0.0881995754052848,0.0881995754052848,0.8819957540528481,0.0427704937704596,0.8912775962564503,0.8499982734068084,0.9168993856442808,0.0019903873741198,0.0017794953189322,0.0012531289190431,0.002689929730795,3.490165656103116,0.1868396397213086,100,3.531328696536228,3.3480251829638936,3.642538769079005,0.0,8.0,21.0,0.0186839639721308,3.4714816921309852,3.508849620075247,0.0004277049377045,0.0042770493770459,0.0,0.0,0.0369948074760019,mean-sliding-OLS,sliding,mean,OLS,universal_frechet_max_ar_xi0.10_theta0.01,,,,,,
universal,frechet_max_ar,0.1,0.01,0.99899547129175,disjoint_mean_fgls,365.0,100,54,0.0087753596931365,0.0113800708629048,-0.0912246403068634,0.0912246403068634,0.9122464030686344,0.1138007086290482,0.9035438418462896,0.8700795427819665,0.9640617954703848,0.2368890770370144,0.2091444971391312,0.1291104454459965,0.3290834568157172,0.7975012492136534,0.702731609487491,100,0.4650071168174948,0.3065252493520978,1.0999273240942484,0.54,8.0,14.0,0.0702731609487491,0.7272280882649043,0.8677744101624025,0.0011380070862904,0.0113800708629048,0.0498397431775084,0.4426468539352385,0.6343935614666815,mean-disjoint-FGLS,disjoint,mean,FGLS,universal_frechet_max_ar_xi0.10_theta0.01,,,,,,
universal,frechet_max_ar,0.1,0.01,0.99899547129175,disjoint_mean_ols,365.0,100,0,0.0088793154238789,0.0114929788863398,-0.091120684576121,0.091120684576121,0.9112068457612102,0.1149297888633981,0.90251230359179,0.8675333309178282,0.959120324419294,0.0132536851953376,0.010295652803403,0.005930718842765,0.0180829825130442,3.3930073643334255,0.5292899482894838,100,3.414989498353618,3.1863951925054623,3.649587447569456,0.0,8.0,14.0,0.0529289948289483,3.3400783695044773,3.4459363591623737,0.0011492978886339,0.0114929788863398,0.0,0.0,0.0369948074760019,mean-disjoint-OLS,disjoint,mean,OLS,universal_frechet_max_ar_xi0.10_theta0.01,,,,,,
universal,frechet_max_ar,0.1,0.01,0.99899547129175,sliding_mode_fgls,365.0,100,90,0.0099155172684325,0.0052682006502529,-0.0900844827315674,0.0900844827315674,0.9008448273156748,0.052682006502529,0.9051377455718016,0.8820566768298423,0.9315877256690754,0.5218912105345257,0.4183723902227223,0.279564369503039,0.6357332479291185,0.6077032226230287,0.3936982042839843,100,0.4961322755090819,0.310889306159299,0.7814805024302156,0.9,9.5,18.0,0.0393698204283984,0.5683334021946302,0.6470730430514271,0.0005268200650252,0.0052682006502529,0.03,0.8256326956323347,0.944771458386864,mode-sliding-FGLS,sliding,mode,FGLS,universal_frechet_max_ar_xi0.10_theta0.01,,,,,,
universal,frechet_max_ar,0.1,0.01,0.99899547129175,sliding_mode_ols,365.0,100,0,0.0099110690978257,0.005243356600647,-0.0900889309021743,0.0900889309021743,0.900889309021743,0.0524335660064701,0.9048136149360266,0.8820183673457453,0.931492124210413,0.0018797581192814,0.001402163874156,0.0009465870494512,0.0020924941713643,3.5678418318206244,0.2328248056711019,100,3.593973121455997,3.494062471099407,3.7016276094031424,0.0,9.5,18.0,0.0232824805671101,3.5445593512535143,3.5911243123877346,0.0005243356600647,0.005243356600647,0.0,0.0,0.0369948074760019,mode-sliding-OLS,sliding,mode,OLS,universal_frechet_max_ar_xi0.10_theta0.01,,,,,,
universal,frechet_max_ar,0.1,0.01,0.99899547129175,disjoint_mode_fgls,365.0,100,89,0.0113237396906346,0.0132436208964509,-0.0886762603093653,0.0886762603093653,0.8867626030936533,0.132436208964509,0.8867005528768814,0.8147641282676634,0.9357615035335688,0.527069704201989,0.3916339108458272,0.2674631503975685,0.7632365436982504,0.5957991447439277,0.3883145022174256,100,0.4572280689292797,0.3274136281490404,0.8032822091275044,0.89,8.0,13.0,0.0388314502217425,0.5569676945221851,0.6346305949656703,0.001324362089645,0.0132436208964509,0.031288975694324,0.8136853697209698,0.9374586804477488,mode-disjoint-FGLS,disjoint,mode,FGLS,universal_frechet_max_ar_xi0.10_theta0.01,,,,,,
universal,frechet_max_ar,0.1,0.01,0.99899547129175,disjoint_mode_ols,365.0,100,0,0.0112390966311578,0.0131380737457064,-0.0887609033688421,0.0887609033688421,0.8876090336884215,0.1313807374570641,0.8867735962542291,0.814067354555084,0.9395531605606092,0.0164836653572559,0.0143350896340912,0.007170721550497,0.0207884791030619,3.2372464929658236,0.5473268660758978,100,3.2857491401240844,2.928949845823281,3.5505257070955056,0.0,8.0,13.0,0.0547326866075897,3.1825138063582337,3.2919791795734135,0.0013138073745706,0.0131380737457064,0.0,0.0,0.0369948074760019,mode-disjoint-OLS,disjoint,mode,OLS,universal_frechet_max_ar_xi0.10_theta0.01,,,,,,
universal,frechet_max_ar,0.3,0.01,0.9969894400953796,sliding_median_fgls,365.0,100,47,0.0330387771565357,0.0184445981603751,-0.2669612228434642,0.2669612228434642,0.8898707428115473,0.0614819938679173,0.9045519900855056,0.8418469913545792,0.9325326318494628,0.6641284724417704,0.4939200349037606,0.4356879247152849,0.7955082376260592,2.0704036315766614,1.747127525207443,100,1.3532404287672015,0.7914260229177676,2.414801862152519,0.47,8.0,19.0,0.1747127525207443,1.895690879055917,2.2451163840974058,0.0018444598160375,0.0061481993867917,0.0499099188538711,0.3751065198210374,0.5671131686275227,median-sliding-FGLS,sliding,median,FGLS,universal_frechet_max_ar_xi0.30_theta0.01,,,,,,
universal,frechet_max_ar,0.3,0.01,0.9969894400953796,sliding_median_ols,365.0,100,0,0.0331054288885784,0.0185052248772235,-0.2668945711114215,0.2668945711114215,0.8896485703714052,0.0616840829240784,0.9041331839626404,0.8419674223336128,0.9326933907635052,0.0050087348031794,0.003811080720347,0.0032736211448653,0.0062199119583529,10.580616883196454,0.793988230068415,100,10.78620935894467,9.989855557733634,11.119910155475472,0.0,8.0,19.0,0.0793988230068415,10.501218060189611,10.660015706203296,0.0018505224877223,0.0061684082924078,0.0,0.0,0.0369948074760019,median-sliding-OLS,sliding,median,OLS,universal_frechet_max_ar_xi0.30_theta0.01,,,,,,
universal,frechet_max_ar,0.3,0.01,0.9969894400953796,disjoint_median_fgls,365.0,100,75,0.0284091500513556,0.0416414804937764,-0.2715908499486443,0.2715908499486443,0.905302833162148,0.1388049349792548,0.9127472518617784,0.8512837736299538,0.9651904361102932,1.1111719755886502,0.8165233490332333,0.5134873593845455,1.497834032010867,1.8858939002992547,1.472773879847371,100,1.4976268821003875,0.8183127452293094,2.2725580783171626,0.75,8.0,16.0,0.1472773879847371,1.7386165123145176,2.0331712882839916,0.0041641480493776,0.0138804934979254,0.0433012701892219,0.6569535362992417,0.8245490599627573,median-disjoint-FGLS,disjoint,median,FGLS,universal_frechet_max_ar_xi0.30_theta0.01,,,,,,
universal,frechet_max_ar,0.3,0.01,0.9969894400953796,disjoint_median_ols,365.0,100,1,0.0286282401679069,0.041797310774963,-0.271371759832093,0.271371759832093,0.9045725327736436,0.1393243692498766,0.9111195617031264,0.8491793720645184,0.965211093759148,0.0447334016714518,0.0330641908357511,0.0198340745001144,0.0563677502600134,10.082285916968983,1.749629530190227,100,10.20967577796946,9.43397574242913,11.205685709607582,0.01,8.0,16.0,0.1749629530190227,9.907322963949962,10.257248869988008,0.0041797310774963,0.0139324369249876,0.0099498743710662,0.0017673865655472,0.0544875247609346,median-disjoint-OLS,disjoint,median,OLS,universal_frechet_max_ar_xi0.30_theta0.01,,,,,,
universal,frechet_max_ar,0.3,0.01,0.9969894400953796,sliding_mean_fgls,365.0,100,2,0.0340433151892969,0.0128618666984465,-0.265956684810703,0.265956684810703,0.8865222827023435,0.0428728889948217,0.8939444762432652,0.856049642284687,0.9220850836648762,0.2534798519481088,0.2285912336855609,0.1641081204572776,0.3156420763596793,5.865617882073513,2.23497725942039,100,6.341358042821044,4.536218322158701,7.594754856293308,0.02,8.0,21.0,0.2234977259420389,5.642120156131474,6.089115608015552,0.0012861866698446,0.0042872888994821,0.014,0.0055018522349681,0.0700131629419936,mean-sliding-FGLS,sliding,mean,FGLS,universal_frechet_max_ar_xi0.30_theta0.01,,,,,,
universal,frechet_max_ar,0.3,0.01,0.9969894400953796,sliding_mean_ols,365.0,100,0,0.034107751429379,0.0128907876690472,-0.2658922485706209,0.2658922485706209,0.8863074952354032,0.0429692922301575,0.892622108051961,0.8560579997772091,0.92204125141929,0.0058156285721799,0.0053526329298499,0.0038730015258275,0.0076757531651266,10.525192999953417,0.5603755397754782,100,10.607665255548524,10.125919461313682,10.989584621002429,0.0,8.0,21.0,0.0560375539775478,10.469155445975868,10.581230553930965,0.0012890787669047,0.0042969292230157,0.0,0.0,0.0369948074760019,mean-sliding-OLS,sliding,mean,OLS,universal_frechet_max_ar_xi0.30_theta0.01,,,,,,
universal,frechet_max_ar,0.3,0.01,0.9969894400953796,disjoint_mean_fgls,365.0,100,59,0.0286794807142991,0.0346759503413792,-0.2713205192857008,0.2713205192857008,0.9044017309523362,0.1155865011379308,0.9072221370852898,0.849202139391419,0.9610011875255764,0.7253382330956393,0.5961816147657468,0.3977947766912337,1.0201764422876862,2.259634421259841,2.010021444564873,100,1.2217293746271982,0.8599445943924879,3.867921125641068,0.59,8.0,15.0,0.2010021444564872,2.058632276803354,2.460636565716328,0.0034675950341379,0.011558650113793,0.0491833305094317,0.4920125056109662,0.6813284290433533,mean-disjoint-FGLS,disjoint,mean,FGLS,universal_frechet_max_ar_xi0.30_theta0.01,,,,,,
universal,frechet_max_ar,0.3,0.01,0.9969894400953796,disjoint_mean_ols,365.0,100,0,0.0287023437845099,0.0347764809543366,-0.27129765621549,0.27129765621549,0.9043255207183,0.1159216031811222,0.9104754284200364,0.8443761169629419,0.9609490464275274,0.0402650873514513,0.0328713881709325,0.0159719675988079,0.0539143462650807,10.086869588942024,1.4754131074148804,100,10.31014422904354,9.26463222910095,11.099712118795104,0.0,8.0,15.0,0.147541310741488,9.939328278200536,10.234410899683512,0.0034776480954336,0.0115921603181122,0.0,0.0,0.0369948074760019,mean-disjoint-OLS,disjoint,mean,OLS,universal_frechet_max_ar_xi0.30_theta0.01,,,,,,
universal,frechet_max_ar,0.3,0.01,0.9969894400953796,sliding_mode_fgls,365.0,100,90,0.0278165338511328,0.0122219951861327,-0.2721834661488671,0.2721834661488671,0.9072782204962238,0.0407399839537758,0.9084189520639931,0.8896530555095078,0.9303543286843698,1.3712185057063746,1.201821457881529,0.7111301088543232,1.6740979655583597,1.613850827294758,1.1208423825360103,100,1.330210962704742,0.8417198429281452,1.9039096916196687,0.9,8.0,16.5,0.112084238253601,1.5017665890411571,1.725935065548359,0.0012221995186132,0.0040739983953775,0.03,0.8256326956323347,0.944771458386864,mode-sliding-FGLS,sliding,mode,FGLS,universal_frechet_max_ar_xi0.30_theta0.01,,,,,,
universal,frechet_max_ar,0.3,0.01,0.9969894400953796,sliding_mode_ols,365.0,100,0,0.0278430885178189,0.0122258724378,-0.2721569114821809,0.2721569114821809,0.9071897049406032,0.0407529081260003,0.9084772950180062,0.8898572024372096,0.9303010496348294,0.0052436000669358,0.0046240615946838,0.0031834462524437,0.0059848942108486,10.786648058015455,0.5029505197844941,100,10.828321100294524,10.557711403175931,11.068616041726806,0.0,8.0,16.5,0.0502950519784494,10.736353006037008,10.836943109993909,0.00122258724378,0.0040752908126,0.0,0.0,0.0369948074760019,mode-sliding-OLS,sliding,mode,OLS,universal_frechet_max_ar_xi0.30_theta0.01,,,,,,
universal,frechet_max_ar,0.3,0.01,0.9969894400953796,disjoint_mode_fgls,365.0,100,93,0.0540351389001181,0.2810413725770624,-0.2459648610998818,0.2955933711739292,0.9853112372464304,0.7589176709193262,0.8970959946956624,0.8477268899347574,0.9523875584559818,1.4982644757068897,1.1803385423020127,0.8025747805067236,2.048892080082651,1.69513587740415,1.2189888648520897,100,1.255308747558094,0.8985502350373522,2.2216218857138905,0.93,8.0,14.0,0.1218988864852089,1.5732369909189412,1.817034763889359,0.0281041372577062,0.0758917670919326,0.0255147016443461,0.8625032899347026,0.965681175635936,mode-disjoint-FGLS,disjoint,mode,FGLS,universal_frechet_max_ar_xi0.30_theta0.01,,,,,,
universal,frechet_max_ar,0.3,0.01,0.9969894400953796,disjoint_mode_ols,365.0,100,0,0.0552563518586357,0.287749254261638,-0.2447436481413643,0.2958022280371285,0.9860074267904284,0.7811767878237241,0.9020084856044536,0.8475137842705898,0.9504507309997228,0.0769882943964135,0.038064621732227,0.0234559789571434,0.0703975063676966,10.369311527953284,5.578189464722918,100,9.922390780042186,9.149774667630911,10.688343916202228,0.0,8.0,14.0,0.5578189464722918,9.811492581480993,10.927130474425576,0.0287749254261638,0.0781176787823724,0.0,0.0,0.0369948074760019,mode-disjoint-OLS,disjoint,mode,OLS,universal_frechet_max_ar_xi0.30_theta0.01,,,,,,
universal,frechet_max_ar,1.0,0.01,0.99,sliding_median_fgls,365.0,100,45,0.1010498136891804,0.0558893310232164,-0.8989501863108196,0.8989501863108196,0.8989501863108196,0.0558893310232164,0.9053137720376014,0.8652547310939802,0.9327234172995365,2.227888099173128,1.6015402533966976,1.2278335347151907,2.886093149595672,8.256543045718045,6.154761076915885,100,6.502554216515153,3.215086531358126,12.379208810816111,0.45,8.0,19.0,0.6154761076915884,7.641066938026457,8.872019153409633,0.0055889331023216,0.0055889331023216,0.049749371855331,0.3561437510640346,0.5475557296835656,median-sliding-FGLS,sliding,median,FGLS,universal_frechet_max_ar_xi1.00_theta0.01,,,,,,
universal,frechet_max_ar,1.0,0.01,0.99,sliding_median_ols,365.0,100,0,0.1013622950139924,0.0561427211861056,-0.8986377049860076,0.8986377049860076,0.8986377049860076,0.0561427211861056,0.905214887180198,0.8649376118205342,0.932696771668478,0.0145419932605094,0.0127017821310042,0.0080417628946319,0.017659724165536,35.669210327490624,2.402934982397445,100,36.00171011596286,34.3806437616568,37.06653700624999,0.0,8.0,19.0,0.2402934982397445,35.42891682925088,35.90950382573037,0.0056142721186105,0.0056142721186105,0.0,0.0,0.0369948074760019,median-sliding-OLS,sliding,median,OLS,universal_frechet_max_ar_xi1.00_theta0.01,,,,,,
universal,frechet_max_ar,1.0,0.01,0.99,disjoint_median_fgls,365.0,100,77,0.1007826239004544,0.0995982582934384,-0.8992173760995457,0.8992173760995457,0.8992173760995457,0.0995982582934384,0.9050696428383772,0.8582914159485604,0.9579926577774458,3.1887307149701836,2.804864754511363,1.963689076836657,4.476095670708137,5.814185644635321,5.380971438978427,100,3.739365078517085,2.6954274484451877,5.704115880639497,0.77,8.0,14.0,0.5380971438978427,5.276088500737479,6.352282788533164,0.0099598258293438,0.0099598258293438,0.0420832508250016,0.6784543514317231,0.841568452531236,median-disjoint-FGLS,disjoint,median,FGLS,universal_frechet_max_ar_xi1.00_theta0.01,,,,,,
universal,frechet_max_ar,1.0,0.01,0.99,disjoint_median_ols,365.0,100,0,0.1011204662237633,0.1002454577027962,-0.8988795337762366,0.8988795337762366,0.8988795337762366,0.1002454577027962,0.9060783745968812,0.8575649336401436,0.9580148198252,0.1641752549792451,0.1213167793934251,0.0701589238384806,0.1955732788820785,32.8358515064438,4.691230848743702,100,33.67361041985558,30.83116324394779,36.45409231378421,0.0,8.0,14.0,0.4691230848743702,32.366728421569434,33.30497459131817,0.0100245457702796,0.0100245457702796,0.0,0.0,0.0369948074760019,median-disjoint-OLS,disjoint,median,OLS,universal_frechet_max_ar_xi1.00_theta0.01,,,,,,
universal,frechet_max_ar,1.0,0.01,0.99,sliding_mean_fgls,365.0,100,4,0.0979492449830229,0.0350144559079128,-0.9020507550169772,0.9020507550169772,0.9020507550169772,0.0350144559079128,0.8902655536219761,0.8728640057118611,0.926308099722016,0.843380227145558,0.7269506053995101,0.5693506811527761,1.0370160014689935,20.70627867689008,6.713461193031211,100,22.278408108596796,18.369424335321273,25.875683074129643,0.04,8.0,21.0,0.6713461193031212,20.03493255758696,21.3776247961932,0.0035014455907912,0.0035014455907912,0.0195959179422654,0.015663050551848,0.0983721723260737,mean-sliding-FGLS,sliding,mean,FGLS,universal_frechet_max_ar_xi1.00_theta0.01,,,,,,
universal,frechet_max_ar,1.0,0.01,0.99,sliding_mean_ols,365.0,100,0,0.0980718498242313,0.0351141259193536,-0.9019281501757688,0.9019281501757688,0.9019281501757688,0.0351141259193536,0.890055507931725,0.8724619347492784,0.9264260667997256,0.0154307682452187,0.0173085848611168,0.0103398863318662,0.020600868348682,35.7839414103716,1.5147140578283684,100,35.28348793445404,34.50437760847413,36.836967234951054,0.0,8.0,21.0,0.1514714057828368,35.63247000458876,35.93541281615443,0.0035114125919353,0.0035114125919353,0.0,0.0,0.0369948074760019,mean-sliding-OLS,sliding,mean,OLS,universal_frechet_max_ar_xi1.00_theta0.01,,,,,,
universal,frechet_max_ar,1.0,0.01,0.99,disjoint_mean_fgls,365.0,100,60,0.1247764867160258,0.1380539294877102,-0.8752235132839742,0.8752235132839742,0.8752235132839742,0.1380539294877102,0.9159010992688296,0.8427629286495417,0.94545915833028,2.4734128668827164,2.05040902910303,1.4940231364619747,3.067370357237644,6.728459921588719,6.6217841106007675,100,3.3164542286216827,2.425487675248989,8.30133605166291,0.6,8.0,14.0,0.6621784110600768,6.0662815105286425,7.390638332648796,0.013805392948771,0.013805392948771,0.0489897948556635,0.5020007846184025,0.6906002538863971,mean-disjoint-FGLS,disjoint,mean,FGLS,universal_frechet_max_ar_xi1.00_theta0.01,,,,,,
universal,frechet_max_ar,1.0,0.01,0.99,disjoint_mean_ols,365.0,100,1,0.1249951409653548,0.1374504272398891,-0.8750048590346451,0.8750048590346451,0.8750048590346451,0.1374504272398891,0.9167182294088962,0.8388147868386565,0.9443518743350534,0.1341944717211993,0.1027035098477472,0.054479644376697,0.1501836328804795,32.475753814255434,6.66451069040893,100,34.27439910987067,31.05603468110646,36.249219507514105,0.01,8.0,14.0,0.666451069040893,31.80930274521454,33.14220488329633,0.0137450427239889,0.0137450427239889,0.0099498743710662,0.0017673865655472,0.0544875247609346,mean-disjoint-OLS,disjoint,mean,OLS,universal_frechet_max_ar_xi1.00_theta0.01,,,,,,
universal,frechet_max_ar,1.0,0.01,0.99,sliding_mode_fgls,365.0,100,70,0.1059418990712455,0.0407996117617951,-0.8940581009287544,0.8940581009287544,0.8940581009287544,0.0407996117617951,0.8975327604052481,0.8747091236902342,0.9121576482068045,2.9546359850881703,2.507686829257848,1.6279747808607683,3.8513394050147447,6.035001866954674,5.437574407292501,100,3.8845532610253257,2.671046457925198,6.303336950137132,0.7,8.0,16.0,0.54375744072925,5.491244426225424,6.5787593076839235,0.0040799611761795,0.0040799611761795,0.0458257569495584,0.6041496156718804,0.7810524613377188,mode-sliding-FGLS,sliding,mode,FGLS,universal_frechet_max_ar_xi1.00_theta0.01,,,,,,
universal,frechet_max_ar,1.0,0.01,0.99,sliding_mode_ols,365.0,100,0,0.1061257301907352,0.0407385748774951,-0.8938742698092648,0.8938742698092648,0.8938742698092648,0.0407385748774951,0.8974867957369055,0.8739015298805974,0.912401079720735,0.0182294683864809,0.0149169348731396,0.0113403005483613,0.0232746657364448,35.40861089302745,1.655347801625256,100,35.65820420424079,34.48349644084459,36.27322538637775,0.0,8.0,16.0,0.1655347801625256,35.24307611286493,35.574145673189975,0.0040738574877495,0.0040738574877495,0.0,0.0,0.0369948074760019,mode-sliding-OLS,sliding,mode,OLS,universal_frechet_max_ar_xi1.00_theta0.01,,,,,,
universal,frechet_max_ar,1.0,0.01,0.99,disjoint_mode_fgls,365.0,100,73,0.0984185009629546,0.2282564640038051,-0.9015814990370454,0.919801036958853,0.919801036958853,0.1363123827765185,0.9278194938672436,0.8788721278392462,1.000711314809685,3.311289414411681,2.645109892884131,1.8417723655949425,4.317728377260368,5.368947777043738,4.174624450957481,100,4.286013776415844,2.63703769829617,5.477909619117601,0.73,8.0,14.0,0.4174624450957481,4.95148533194799,5.786410222139486,0.0228256464003805,0.0136312382776518,0.0443959457608462,0.6356769977376873,0.8073053908233518,mode-disjoint-FGLS,disjoint,mode,FGLS,universal_frechet_max_ar_xi1.00_theta0.01,,,,,,
universal,frechet_max_ar,1.0,0.01,0.99,disjoint_mode_ols,365.0,100,2,0.0990981122813273,0.2292669675596046,-0.9009018877186726,0.919755148610532,0.919755148610532,0.1337583638065488,0.9330768470177988,0.8774431642603152,0.999452696509044,0.1964701216344593,0.1399666201898966,0.0890526959800614,0.1890263965991773,33.52037600591056,6.664051487952434,100,34.609662162434034,31.513507475373245,37.074108224644576,0.02,8.0,14.0,0.6664051487952434,32.85397085711532,34.186781154705805,0.0229266967559604,0.0133758363806548,0.014,0.0055018522349681,0.0700131629419936,mode-disjoint-OLS,disjoint,mode,OLS,universal_frechet_max_ar_xi1.00_theta0.01,,,,,,
universal,frechet_max_ar,3.0,0.01,0.970299,sliding_median_fgls,365.0,100,53,0.3195960200778036,0.1798721896885305,-2.6804039799221964,2.6804039799221964,0.8934679933073988,0.0599573965628435,0.9042875385029134,0.8465784024883499,0.935601485950117,6.824909135570165,5.544807163764271,4.090310134998984,8.140464957066994,20.92061243977859,18.818902078879457,100,12.463128987694192,7.144919467610622,28.880769589954134,0.53,8.5,19.0,1.8818902078879456,19.03872223189065,22.80250264766654,0.017987218968853,0.0059957396562843,0.0499099188538711,0.4328868313724773,0.6248934801789626,median-sliding-FGLS,sliding,median,FGLS,universal_frechet_max_ar_xi3.00_theta0.01,,,,,,
universal,frechet_max_ar,3.0,0.01,0.970299,sliding_median_ols,365.0,100,0,0.3203648710722417,0.1805745433769268,-2.6796351289277585,2.6796351289277585,0.8932117096425861,0.0601915144589755,0.9040178164086312,0.8463433434004395,0.9355898302562076,0.0457207224432196,0.032319043706401,0.0207382346497749,0.063142884087406,106.31671143068915,7.795216201579206,100,107.630013318064,100.45858373414858,111.65671780032336,0.0,8.5,19.0,0.7795216201579206,105.53718981053125,107.09623305084708,0.0180574543376926,0.0060191514458975,0.0,0.0,0.0369948074760019,median-sliding-OLS,sliding,median,OLS,universal_frechet_max_ar_xi3.00_theta0.01,,,,,,
universal,frechet_max_ar,3.0,0.01,0.970299,disjoint_median_fgls,365.0,100,71,0.2797039367074366,0.2831657887274516,-2.7202960632925635,2.7202960632925635,0.9067653544308544,0.0943885962424838,0.9247138298061632,0.8561592441913273,0.964666384675418,9.506286596137617,7.56616368546951,5.1895817743756005,12.848683868167804,19.20716335674021,17.418234239782038,100,12.536878162317658,7.867599524239176,21.751168565549385,0.71,8.0,15.0,1.7418234239782038,17.465339932762006,20.948986780718418,0.0283165788727451,0.0094388596242483,0.0453762052181537,0.6146092505999207,0.7898529302601586,median-disjoint-FGLS,disjoint,median,FGLS,universal_frechet_max_ar_xi3.00_theta0.01,,,,,,
universal,frechet_max_ar,3.0,0.01,0.970299,disjoint_median_ols,365.0,100,0,0.2797288397695961,0.2834044830743429,-2.720271160230404,2.720271160230404,0.9067570534101348,0.0944681610247809,0.9249341667805632,0.8537287577201632,0.9658801973974822,0.3951932724962821,0.3174379653486361,0.2256226072408641,0.5372176396302504,101.3021742317868,13.006350665453018,100,102.99752843654365,95.2708331136313,110.32734373940085,0.0,8.0,15.0,1.300635066545302,100.0015391652415,102.60280929833208,0.0283404483074342,0.009446816102478,0.0,0.0,0.0369948074760019,median-disjoint-OLS,disjoint,median,OLS,universal_frechet_max_ar_xi3.00_theta0.01,,,,,,
universal,frechet_max_ar,3.0,0.01,0.970299,sliding_mean_fgls,365.0,100,10,0.2342464373343765,0.1046550229557309,-2.765753562665623,2.765753562665623,0.9219178542218746,0.0348850076519102,0.902826841712745,0.8945138453091476,0.9533773935831308,3.0374290256119876,2.2151527817264003,1.6113330277158986,2.8774426764775622,65.14913378750242,23.175586717687025,100,68.66714406716333,59.347686206324454,80.5221255344689,0.1,8.0,21.0,2.3175586717687024,62.83157511573372,67.46669245927113,0.010465502295573,0.003488500765191,0.03,0.0552285416131361,0.1743673043676654,mean-sliding-FGLS,sliding,mean,FGLS,universal_frechet_max_ar_xi3.00_theta0.01,,,,,,
universal,frechet_max_ar,3.0,0.01,0.970299,sliding_mean_ols,365.0,100,0,0.2344801065866851,0.1048344993697895,-2.7655198934133147,2.7655198934133147,0.9218399644711052,0.0349448331232631,0.9027067162933996,0.8945798256231591,0.9534859171209674,0.0309773470085745,0.0382556416003429,0.0171946340571507,0.0444227047590905,110.03222614336968,4.453697829508481,100,107.68128218745002,106.51026995599828,113.96705473235946,0.0,8.0,21.0,0.445369782950848,109.58685636041884,110.47759592632052,0.0104834499369789,0.0034944833123263,0.0,0.0,0.0369948074760019,mean-sliding-OLS,sliding,mean,OLS,universal_frechet_max_ar_xi3.00_theta0.01,,,,,,
universal,frechet_max_ar,3.0,0.01,0.970299,disjoint_mean_fgls,365.0,100,55,0.1680212353974556,0.3430352625885512,-2.8319787646025443,2.8319787646025443,0.9439929215341816,0.1143450875295171,0.9379867435706803,0.8963873616558449,0.9721442770989672,7.422046948925887,6.339044789568468,3.954838958211001,9.409839866985504,24.642977412197048,24.1873812281046,100,13.319679972336363,8.461157788018312,32.89513886528388,0.55,8.0,14.0,2.41873812281046,22.22423928938659,27.061715535007508,0.0343035262588551,0.0114345087529517,0.0497493718553309,0.4524442703164344,0.6438562489359654,mean-disjoint-FGLS,disjoint,mean,FGLS,universal_frechet_max_ar_xi3.00_theta0.01,,,,,,
universal,frechet_max_ar,3.0,0.01,0.970299,disjoint_mean_ols,365.0,100,0,0.1655695103355144,0.3403176957799081,-2.8344304896644856,2.8344304896644856,0.9448101632214952,0.113439231926636,0.9372923605096924,0.8964826089602258,0.972597763574072,0.2836730953605552,0.195299982901431,0.0787799886007128,0.366221155477163,107.98743077472888,13.4231367973156,100,108.6494331425493,100.52808769403195,113.864904434114,0.0,8.0,14.0,1.34231367973156,106.64511709499732,109.32974445446044,0.0340317695779908,0.0113439231926636,0.0,0.0,0.0369948074760019,mean-disjoint-OLS,disjoint,mean,OLS,universal_frechet_max_ar_xi3.00_theta0.01,,,,,,
universal,frechet_max_ar,3.0,0.01,0.970299,sliding_mode_fgls,365.0,100,37,0.3539704055405975,0.0814460424514759,-2.6460295944594026,2.6460295944594026,0.8820098648198008,0.0271486808171586,0.8727341471722809,0.8653847503285093,0.900041504144852,5.184726343213083,4.004835397431167,2.984562416266572,6.557734435497712,31.087243648409824,21.826867262728857,100,30.78192617646871,8.743520131329444,47.67660696595283,0.37,8.0,18.5,2.1826867262728857,28.90455692213694,33.26993037468271,0.0081446042451475,0.0027148680817158,0.0482804308182932,0.2818221256950916,0.4677965242486688,mode-sliding-FGLS,sliding,mode,FGLS,universal_frechet_max_ar_xi3.00_theta0.01,,,,,,
universal,frechet_max_ar,3.0,0.01,0.970299,sliding_mode_ols,365.0,100,0,0.3557975358909232,0.0823896434271845,-2.644202464109077,2.644202464109077,0.8814008213696922,0.0274632144757281,0.8699753947701729,0.8653838835926084,0.8993834254698791,0.0586708209061577,0.0615860232900129,0.0352318372747704,0.0762263271134272,104.65335296714608,3.659856238837315,100,103.38578583220078,102.39776581595784,107.129591473744,0.0,8.0,18.5,0.3659856238837314,104.28736734326236,105.0193385910298,0.0082389643427184,0.0027463214475728,0.0,0.0,0.0369948074760019,mode-sliding-OLS,sliding,mode,OLS,universal_frechet_max_ar_xi3.00_theta0.01,,,,,,
universal,frechet_max_ar,3.0,0.01,0.970299,disjoint_mode_fgls,365.0,100,59,0.3762601880803331,0.3370056784029415,-2.6237398119196667,2.6237398119196667,0.8745799373065556,0.1123352261343137,0.8952300846642818,0.803441324261352,0.9366253251291496,7.325577451698303,5.917822764148834,4.347070777067156,9.284607298365756,20.51444512619939,19.306351807401025,100,10.366751767079728,7.6826643663134835,27.702336894314477,0.59,8.0,14.0,1.9306351807401023,18.583809945459286,22.445080306939495,0.0337005678402941,0.0112335226134313,0.0491833305094317,0.4920125056109662,0.6813284290433533,mode-disjoint-FGLS,disjoint,mode,FGLS,universal_frechet_max_ar_xi3.00_theta0.01,,,,,,
universal,frechet_max_ar,3.0,0.01,0.970299,disjoint_mode_ols,365.0,100,0,0.3807716370115778,0.3348189823497047,-2.6192283629884217,2.6192283629884217,0.8730761209961407,0.1116063274499015,0.8927887445409917,0.7952121526867353,0.9319731164738608,0.5296999369463196,0.3889407706130144,0.2669377361126369,0.7157286675903551,94.70483571755682,17.443357536108966,100,96.02878342740776,82.10470685726496,104.49579240692266,0.0,8.0,14.0,1.7443357536108963,92.96049996394592,96.44917147116772,0.0334818982349704,0.0111606327449901,0.0,0.0,0.0369948074760019,mode-disjoint-OLS,disjoint,mode,OLS,universal_frechet_max_ar_xi3.00_theta0.01,,,,,,
universal,frechet_max_ar,10.0,0.01,0.9043820750088044,sliding_median_fgls,365.0,100,60,1.1019921096311207,0.5398054871339496,-8.898007890368879,8.898007890368879,0.889800789036888,0.0539805487133949,0.9041780577374824,0.8476644506512443,0.918287567085315,24.68975837978246,20.120739253055454,14.466776023836918,28.99954442325556,66.2241027116828,60.18157290084025,100,37.591730617453024,24.913766464892703,86.21803698625266,0.6,8.0,19.0,6.018157290084025,60.20594542159878,72.24226000176682,0.0539805487133949,0.0053980548713394,0.0489897948556635,0.5020007846184025,0.6906002538863971,median-sliding-FGLS,sliding,median,FGLS,universal_frechet_max_ar_xi10.00_theta0.01,,,,,,
universal,frechet_max_ar,10.0,0.01,0.9043820750088044,sliding_median_ols,365.0,100,0,1.1049649716937755,0.5427461351361854,-8.895035028306225,8.895035028306225,0.8895035028306225,0.0542746135136185,0.9039877343599596,0.8397925381708735,0.918255786072086,0.1459641132965365,0.1078414827319022,0.0564289488170874,0.2340472348466465,353.0280829796148,23.34289691545584,100,358.7526742117001,331.28709837261584,366.4353800891189,0.0,8.0,19.0,2.3342896915455844,350.69379328806923,355.36237267116036,0.0542746135136185,0.0054274613513618,0.0,0.0,0.0369948074760019,median-sliding-OLS,sliding,median,OLS,universal_frechet_max_ar_xi10.00_theta0.01,,,,,,
universal,frechet_max_ar,10.0,0.01,0.9043820750088044,disjoint_median_fgls,365.0,100,80,1.5269203617195697,4.379761756638453,-8.473079638280431,9.14494702888802,0.9144947028888016,0.2688079241770719,0.8880997199445403,0.8371538343280633,0.9559762178780034,36.14292640256773,27.30733399921138,20.078384300256175,42.40874682855205,48.16191131090925,32.76468811200653,100,36.022841484147904,26.40196274782655,55.7505675210219,0.8,8.0,15.0,3.2764688112006533,44.88544249970859,51.4383801221099,0.4379761756638453,0.0268807924177071,0.04,0.7111690380734977,0.8666340774409013,median-disjoint-FGLS,disjoint,median,FGLS,universal_frechet_max_ar_xi10.00_theta0.01,,,,,,
universal,frechet_max_ar,10.0,0.01,0.9043820750088044,disjoint_median_ols,365.0,100,0,1.538625700996394,4.414102313664328,-8.461374299003607,9.140407425156212,0.9140407425156212,0.2722384459361959,0.8859696348892496,0.8359383949430186,0.95601281323203,1.6943664071805653,1.3372487101508672,0.827785010989174,1.759174844940627,333.42333526981776,74.70317278415264,100,327.96693447382785,298.6518889391476,354.9778244707033,0.0,8.0,15.0,7.470317278415264,325.9530179914025,340.89365254823304,0.4414102313664328,0.0272238445936195,0.0,0.0,0.0369948074760019,median-disjoint-OLS,disjoint,median,OLS,universal_frechet_max_ar_xi10.00_theta0.01,,,,,,
universal,frechet_max_ar,10.0,0.01,0.9043820750088044,sliding_mean_fgls,365.0,100,9,0.4584502338457983,0.2444404312902979,-9.5415497661542,9.5415497661542,0.95415497661542,0.0244440431290297,0.93839899797548,0.9383372018727656,0.978206626390802,10.748252735185469,7.651906868777479,5.375737579130442,9.691385526293573,224.40847209145312,77.77760174121245,100,237.9289247713892,203.35208040229568,273.5314893456648,0.09,8.0,21.0,7.777760174121245,216.6307119173319,232.1862322655744,0.0244440431290297,0.0024444043129029,0.0286181760425083,0.0480719951638848,0.1622637469664366,mean-sliding-FGLS,sliding,mean,FGLS,universal_frechet_max_ar_xi10.00_theta0.01,,,,,,
universal,frechet_max_ar,10.0,0.01,0.9043820750088044,sliding_mean_ols,365.0,100,0,0.4585435438615192,0.2444994959442882,-9.54145645613848,9.54145645613848,0.954145645613848,0.0244499495944288,0.9383778733828132,0.9383239658709616,0.978200161488598,0.0386027330744438,0.0537275319915484,0.0097898395810691,0.0539120899231332,380.9248063171248,10.122248230471286,100,374.3324193815744,374.3053435808091,390.6167866306257,0.0,8.0,21.0,1.0122248230471285,379.9125814940777,381.93703114017194,0.0244499495944288,0.0024449949594428,0.0,0.0,0.0369948074760019,mean-sliding-OLS,sliding,mean,OLS,universal_frechet_max_ar_xi10.00_theta0.01,,,,,,
universal,frechet_max_ar,10.0,0.01,0.9043820750088044,disjoint_mean_fgls,365.0,100,57,0.1923243088595205,2.4706723592238853,-9.80767569114048,9.80767569114048,0.980767569114048,0.2470672359223885,0.9594504721209433,0.929730282341825,0.9805086084668232,23.934906012966472,21.839937047383287,13.030054241753074,31.32034661980331,98.39345148158375,130.73908976271272,100,36.7442819927421,28.006810054212583,158.90046141043393,0.57,8.0,14.0,13.073908976271271,85.3195425053125,111.46736045785504,0.2470672359223885,0.0247067235922388,0.0495075751779462,0.4721521169586435,0.6626686099947162,mean-disjoint-FGLS,disjoint,mean,FGLS,universal_frechet_max_ar_xi10.00_theta0.01,,,,,,
universal,frechet_max_ar,10.0,0.01,0.9043820750088044,disjoint_mean_ols,365.0,100,0,0.1944340428961528,2.4753239569949934,-9.805565957103846,9.805565957103846,0.9805565957103848,0.2475323956994993,0.9594457653363216,0.9292322105725724,0.9781156271077344,0.7922169650754456,0.5775622123636913,0.1428253695800587,1.1386995366521924,377.1705159477204,79.23813760255648,100,372.69148151945825,352.673187461124,382.5888413305736,0.0,8.0,14.0,7.923813760255648,369.24670218746473,385.094329707976,0.2475323956994993,0.0247532395699499,0.0,0.0,0.0369948074760019,mean-disjoint-OLS,disjoint,mean,OLS,universal_frechet_max_ar_xi10.00_theta0.01,,,,,,
universal,frechet_max_ar,10.0,0.01,0.9043820750088044,sliding_mode_fgls,365.0,100,5,1.3308070993509682,0.037657386266227,-8.669192900649032,8.669192900649032,0.8669192900649033,0.0037657386266227,0.8654534702176151,0.8653874915515487,0.8676253317450915,7.780488586696524,7.211939469030334,4.791586926551584,9.20826977676648,206.4513534930731,64.79472013086082,100,209.78365646603953,172.54859345773394,255.88377615738816,0.05,8.0,21.0,6.479472013086083,199.97188147998705,212.9308255061592,0.0037657386266227,0.0003765738626622,0.0217944947177033,0.0215433614563135,0.1117519652720881,mode-sliding-FGLS,sliding,mode,FGLS,universal_frechet_max_ar_xi10.00_theta0.01,,,,,,
universal,frechet_max_ar,10.0,0.01,0.9043820750088044,sliding_mode_ols,365.0,100,0,1.340100666723713,0.030714284483489,-8.659899333276288,8.659899333276288,0.8659899333276287,0.0030714284483488,0.8653838835926081,0.8653838835926078,0.8653838835926088,0.2509747978897232,0.254087757044773,0.2540877570447616,0.2540877570447853,341.62745217114673,1.4812030922490351,100,341.3258860531925,341.3258860531921,341.325886053193,0.0,8.0,21.0,0.1481203092249035,341.4793318619218,341.77557248037164,0.0030714284483489,0.0003071428448348,0.0,0.0,0.0369948074760019,mode-sliding-OLS,sliding,mode,OLS,universal_frechet_max_ar_xi10.00_theta0.01,,,,,,
universal,frechet_max_ar,10.0,0.01,0.9043820750088044,disjoint_mode_fgls,365.0,100,51,1.2449071626638188,1.2901097091987688,-8.75509283733618,8.75509283733618,0.8755092837336181,0.1290109709198768,0.8987025157234256,0.7751936930390315,0.9330333541139908,23.71328281239512,18.6404186080132,11.28051724564779,28.839840812838403,77.56262815894154,64.78759175960978,100,50.33561710428516,26.690834885790952,120.01184527669962,0.51,8.0,14.0,6.478759175960978,71.08386898298056,84.04138733490251,0.1290109709198768,0.0129010970919876,0.0499899989997999,0.4134784047743415,0.6057816990761385,mode-disjoint-FGLS,disjoint,mode,FGLS,universal_frechet_max_ar_xi10.00_theta0.01,,,,,,
universal,frechet_max_ar,10.0,0.01,0.9043820750088044,disjoint_mode_ols,365.0,100,0,1.2606494192118474,1.2934476506367378,-8.739350580788152,8.739350580788152,0.8739350580788152,0.1293447650636737,0.8982327584880889,0.7623162569937414,0.9319731164738604,1.8560815163282844,1.5633095642098338,1.2803315261649089,2.505457649263038,314.3084744212887,61.37471171531554,100,323.77776475247504,266.9424215346558,348.31930802307534,0.0,8.0,14.0,6.137471171531554,308.1710032497571,320.44594559282024,0.1293447650636738,0.0129344765063673,0.0,0.0,0.0369948074760019,mode-disjoint-OLS,disjoint,mode,OLS,universal_frechet_max_ar_xi10.00_theta0.01,,,,,,
universal,frechet_max_ar,0.01,0.1,0.9989469496904544,sliding_median_fgls,365.0,100,96,0.0052414410395137,0.0044912576939466,-0.0047585589604862,0.0058450662630483,0.5845066263048376,0.2921319315502821,0.6194311740528402,0.3777340301857242,0.8393037260014715,0.038857660081944,0.0356310170280512,0.0210264954299525,0.0484189276317269,0.0395302972135417,0.0231044870068615,100,0.0357895395365787,0.0219231300178282,0.0484189276317269,0.96,10.5,18.0,0.0023104487006861,0.0372198485128555,0.0418407459142279,0.0004491257693946,0.0292131931550282,0.0195959179422654,0.9016278276739262,0.984336949448152,median-sliding-FGLS,sliding,median,FGLS,universal_frechet_max_ar_xi0.01_theta0.10,,,,,,
universal,frechet_max_ar,0.01,0.1,0.9989469496904544,sliding_median_ols,365.0,100,9,0.0052229180421244,0.004500858669616,-0.0047770819578755,0.0058720950981753,0.5872095098175322,0.2911864040155184,0.629641595885251,0.3901424717465955,0.8503446403241884,0.0016837215963994,0.0013861514268098,0.0008333505109782,0.0022341820602815,0.2063276738995756,0.1238055710493991,100,0.2109444840483857,0.1099968575892153,0.3214955731278501,0.09,10.5,18.0,0.0123805571049399,0.1939471167946357,0.2187082310045155,0.0004500858669616,0.0291186404015518,0.0286181760425083,0.0480719951638848,0.1622637469664366,median-sliding-OLS,sliding,median,OLS,universal_frechet_max_ar_xi0.01_theta0.10,,,,,,
universal,frechet_max_ar,0.01,0.1,0.9989469496904544,disjoint_median_fgls,365.0,100,93,0.0054568852929819,0.0043009936412316,-0.004543114707018,0.0054898012103821,0.5489801210382175,0.2984054382223434,0.5472484793316847,0.356000231415723,0.7747523098901177,0.0363112668913407,0.0333745690225106,0.0233779562487197,0.0431923572405437,0.0394498041493204,0.0235247901705294,100,0.0346725109029478,0.0252965028487671,0.0478040153948818,0.93,9.0,16.0,0.0023524790170529,0.0370973251322674,0.0418022831663733,0.0004300993641231,0.0298405438222343,0.0255147016443461,0.8625032899347026,0.965681175635936,median-disjoint-FGLS,disjoint,median,FGLS,universal_frechet_max_ar_xi0.01_theta0.10,,,,,,
universal,frechet_max_ar,0.01,0.1,0.9989469496904544,disjoint_median_ols,365.0,100,18,0.0054546090062568,0.0042988528288256,-0.0045453909937431,0.005517821329064,0.5517821329064011,0.2931811132931644,0.5495427285134851,0.3474608871408694,0.7651283555507309,0.0046065712789371,0.0033830637485096,0.0021398066803898,0.0058542033578408,0.155738436849748,0.1168048976091218,100,0.1294883059065046,0.0514623163124468,0.2517173285233017,0.18,9.0,16.0,0.0116804897609121,0.1440579470888358,0.1674189266106602,0.0004298852828825,0.0293181113293164,0.038418745424597,0.1170013165425103,0.2666753602421308,median-disjoint-OLS,disjoint,median,OLS,universal_frechet_max_ar_xi0.01_theta0.10,,,,,,
universal,frechet_max_ar,0.01,0.1,0.9989469496904544,sliding_mean_fgls,365.0,100,87,0.0061867495617629,0.0009846884675073,-0.003813250438237,0.003813250438237,0.3813250438237089,0.0984688467507393,0.3901676600087311,0.3246836649887762,0.4455247092929428,0.0262499966428087,0.0174949527543499,0.0105840360371747,0.0390467058715067,0.030379939917262,0.0216919212793305,100,0.0231641447961167,0.0134602038334488,0.043153467359346,0.87,9.5,21.0,0.002169192127933,0.028210747789329,0.0325491320451951,9.84688467507394e-05,0.0098468846750739,0.0336303434416004,0.7901947810519012,0.9224290614158576,mean-sliding-FGLS,sliding,mean,FGLS,universal_frechet_max_ar_xi0.01_theta0.10,,,,,,
universal,frechet_max_ar,0.01,0.1,0.9989469496904544,sliding_mean_ols,365.0,100,0,0.0062070968143437,0.0009914954330149,-0.0037929031856562,0.0037929031856562,0.3792903185656271,0.0991495433014905,0.3888880183758567,0.32237140984772,0.4454951893768455,0.00033951047299,0.0002603871057876,0.0001125376253535,0.0005279370051824,0.1452654284394406,0.0419810065132724,100,0.1475313755583452,0.1243298988913797,0.1739028525937206,0.0,9.5,21.0,0.0041981006513272,0.1410673277881134,0.1494635290907679,9.914954330149056e-05,0.009914954330149,0.0,0.0,0.0369948074760019,mean-sliding-OLS,sliding,mean,OLS,universal_frechet_max_ar_xi0.01_theta0.10,,,,,,
universal,frechet_max_ar,0.01,0.1,0.9989469496904544,disjoint_mean_fgls,365.0,100,95,0.0056529844568871,0.0020231857180559,-0.0043470155431128,0.0044881384348421,0.4488138434842125,0.1683402388924254,0.4604481322095224,0.347679936154698,0.5680168642981173,0.0299263455251363,0.0297438236231459,0.0167277153949199,0.0382502747709677,0.0333070203177312,0.0204001398572794,100,0.030185724167999,0.0184060429485699,0.0399597942271266,0.95,8.0,16.0,0.0020400139857279,0.0312670063320032,0.0353470343034591,0.0002023185718055,0.0168340238892425,0.0217944947177033,0.8882480347279118,0.9784566385436864,mean-disjoint-FGLS,disjoint,mean,FGLS,universal_frechet_max_ar_xi0.01_theta0.10,,,,,,
universal,frechet_max_ar,0.01,0.1,0.9989469496904544,disjoint_mean_ols,365.0,100,9,0.0056630862960324,0.0020570963960432,-0.0043369137039675,0.0044924576666119,0.4492457666611903,0.1686540214492416,0.4648313488241462,0.3430528466640377,0.5527939651422268,0.0032380372121923,0.0028227102758021,0.001808053822889,0.0038163680641385,0.1238252013746414,0.0736227668748934,100,0.1296546012856659,0.0599942917368043,0.1702047379474396,0.09,8.0,16.0,0.0073622766874893,0.116462924687152,0.1311874780621307,0.0002057096396043,0.0168654021449241,0.0286181760425083,0.0480719951638848,0.1622637469664366,mean-disjoint-OLS,disjoint,mean,OLS,universal_frechet_max_ar_xi0.01_theta0.10,,,,,,
universal,frechet_max_ar,0.01,0.1,0.9989469496904544,sliding_mode_fgls,365.0,100,99,0.0029577988485213,0.0019329868731726,-0.0070422011514786,0.0070703750945196,0.7070375094519666,0.1826147612060197,0.7239755160015617,0.6352884742368022,0.8165363838092928,0.0616361440567713,0.0547233514200767,0.031365631113954,0.0838084675764011,0.0618948219792477,0.0369178039000806,100,0.0547233514200767,0.0323291362117614,0.0838084675764011,0.99,10.0,17.0,0.003691780390008,0.0582030415892396,0.0655866023692558,0.0001932986873172,0.0182614761206019,0.0099498743710662,0.9455124752390652,0.9982326134344526,mode-sliding-FGLS,sliding,mode,FGLS,universal_frechet_max_ar_xi0.01_theta0.10,,,,,,
universal,frechet_max_ar,0.01,0.1,0.9989469496904544,sliding_mode_ols,365.0,100,0,0.0029666203025063,0.0019409148053436,-0.0070333796974936,0.0070615046479542,0.7061504647954231,0.1834864609769392,0.7308416594596594,0.6342416076461939,0.8173627775508129,0.000511995861811,0.0004375364783619,0.0003070439464648,0.0006438962460178,0.2727322645437592,0.0751305241109463,100,0.2787870339519318,0.2456010776001415,0.3153007889360442,0.0,10.0,17.0,0.0075130524110946,0.2652192121326646,0.2802453169548538,0.0001940914805343,0.0183486460976939,0.0,0.0,0.0369948074760019,mode-sliding-OLS,sliding,mode,OLS,universal_frechet_max_ar_xi0.01_theta0.10,,,,,,
universal,frechet_max_ar,0.01,0.1,0.9989469496904544,disjoint_mode_fgls,365.0,100,95,0.0053509053461351,0.0055934955957143,-0.0046490946538648,0.0058990581240696,0.5899058124069664,0.4239010199759225,0.5531367022137959,0.2684056522747742,0.7856437602974766,0.0446974495659791,0.0373772191378275,0.0251546002294159,0.0578245122794753,0.0512643317615691,0.0407878248283184,100,0.0400318744589002,0.0270597271497627,0.0614415976381903,0.95,8.0,16.0,0.0040787824828318,0.0471855492787373,0.055343114244401,0.0005593495595714,0.0423901019975922,0.0217944947177033,0.8882480347279118,0.9784566385436864,mode-disjoint-FGLS,disjoint,mode,FGLS,universal_frechet_max_ar_xi0.01_theta0.10,,,,,,
universal,frechet_max_ar,0.01,0.1,0.9989469496904544,disjoint_mode_ols,365.0,100,25,0.0052247658227238,0.0055334268007261,-0.0047752341772761,0.0060122322500353,0.6012232250035364,0.4140042069866985,0.531497967656221,0.3296018276054251,0.8110529318926321,0.0061571802596231,0.0048910753380158,0.0026905353712158,0.0083855736690262,0.1506235690287495,0.1541963115551846,100,0.1213972426172631,0.0163418661995318,0.2279032660241693,0.25,8.0,16.0,0.0154196311555184,0.135203937873231,0.166043200184268,0.0005533426800726,0.0414004206986698,0.0433012701892219,0.1754509400372426,0.3430464637007583,mode-disjoint-OLS,disjoint,mode,OLS,universal_frechet_max_ar_xi0.01_theta0.10,,,,,,
universal,frechet_max_ar,0.03,0.1,0.9968441746484832,sliding_median_fgls,365.0,100,89,0.0158055265488666,0.0126781217111948,-0.0141944734511333,0.0169708127491349,0.5656937583044995,0.2854535714032824,0.6302592123545032,0.3138995512817146,0.8092781193438708,0.1120352539073745,0.0927426572913666,0.0508881511609391,0.1499867988164576,0.1328598655023455,0.088361242746376,100,0.1044732155027999,0.0628224578654607,0.1782000710573207,0.89,9.0,17.0,0.0088361242746376,0.1240237412277079,0.1416959897769831,0.0012678121711194,0.0285453571403282,0.031288975694324,0.8136853697209698,0.9374586804477488,median-sliding-FGLS,sliding,median,FGLS,universal_frechet_max_ar_xi0.03_theta0.10,,,,,,
universal,frechet_max_ar,0.03,0.1,0.9968441746484832,sliding_median_ols,365.0,100,4,0.0158298918792404,0.0126732149586963,-0.0141701081207595,0.016933019319754,0.564433977325134,0.286370323857767,0.6098600204373655,0.311111951017127,0.8135172581578443,0.0050484122807344,0.0046384280449359,0.0026946879864654,0.0065614019152637,0.5830363660898519,0.3697203222699269,100,0.6128762075818478,0.2386795716876617,0.89239936720459,0.04,9.0,17.0,0.0369720322269926,0.5460643338628592,0.6200083983168445,0.0012673214958696,0.0286370323857767,0.0195959179422654,0.015663050551848,0.0983721723260737,median-sliding-OLS,sliding,median,OLS,universal_frechet_max_ar_xi0.03_theta0.10,,,,,,
universal,frechet_max_ar,0.03,0.1,0.9968441746484832,disjoint_median_fgls,365.0,100,99,0.0138065528268072,0.0101348817537346,-0.0161934471731927,0.0168802592489596,0.5626753082986548,0.2977152974543566,0.5574412312995483,0.3635759513284459,0.7824900752461849,0.1096625458973405,0.0995609642500366,0.0705201839163521,0.1355057235899938,0.1102382274158607,0.0568494619721587,100,0.0995609642500366,0.0729075022887306,0.1355057235899938,0.99,9.5,16.0,0.0056849461972158,0.1045532812186448,0.1159231736130765,0.0010134881753734,0.0297715297454356,0.0099498743710662,0.9455124752390652,0.9982326134344526,median-disjoint-FGLS,disjoint,median,FGLS,universal_frechet_max_ar_xi0.03_theta0.10,,,,,,
universal,frechet_max_ar,0.03,0.1,0.9968441746484832,disjoint_median_ols,365.0,100,18,0.0138395470473828,0.0099161199144429,-0.0161604529526171,0.0168033719556193,0.5601123985206445,0.292351183993065,0.5621662951322384,0.3237669686202261,0.766333451879224,0.0130225241880559,0.0097124550138236,0.0058130872398282,0.0145327821031213,0.4758120049326503,0.3672481543711762,100,0.423769090500871,0.168216338092623,0.7789451933130602,0.18,9.5,16.0,0.0367248154371176,0.4390871894955327,0.512536820369768,0.0009916119914442,0.0292351183993065,0.038418745424597,0.1170013165425103,0.2666753602421308,median-disjoint-OLS,disjoint,median,OLS,universal_frechet_max_ar_xi0.03_theta0.10,,,,,,
universal,frechet_max_ar,0.03,0.1,0.9968441746484832,sliding_mean_fgls,365.0,100,89,0.018111539592868,0.003105030302748,-0.0118884604071319,0.0118884604071319,0.3962820135710663,0.1035010100916008,0.3925644979549346,0.3356821105544786,0.4726327426735612,0.083060732414139,0.0602866898287538,0.0372118856560669,0.1195558960863343,0.0994085659077555,0.0677984689535434,100,0.0798679899966042,0.0472939554051295,0.1400265996742916,0.89,10.0,21.0,0.0067798468953543,0.0926287190124012,0.1061884128031099,0.0003105030302748,0.01035010100916,0.031288975694324,0.8136853697209698,0.9374586804477488,mean-sliding-FGLS,sliding,mean,FGLS,universal_frechet_max_ar_xi0.03_theta0.10,,,,,,
universal,frechet_max_ar,0.03,0.1,0.9968441746484832,sliding_mean_ols,365.0,100,0,0.0181655146432517,0.0031227614574962,-0.0118344853567482,0.0118344853567482,0.394482845224942,0.1040920485832092,0.3878561966813766,0.332651621778892,0.4722760299861344,0.0009410498550848,0.0006798746372313,0.0002373530730135,0.0015935147704808,0.4554994670233187,0.1305580514377224,100,0.4402069045495873,0.3660831210543127,0.5584291069958708,0.0,10.0,21.0,0.0130558051437722,0.4424436618795465,0.468555272167091,0.0003122761457496,0.0104092048583209,0.0,0.0,0.0369948074760019,mean-sliding-OLS,sliding,mean,OLS,universal_frechet_max_ar_xi0.03_theta0.10,,,,,,
universal,frechet_max_ar,0.03,0.1,0.9968441746484832,disjoint_mean_fgls,365.0,100,93,0.0149998267394024,0.006210881594543,-0.0150001732605975,0.0152087625254908,0.5069587508496953,0.1891799301800487,0.4764330696953358,0.4022926890104759,0.6205942734827099,0.0916749732983676,0.0804639453926062,0.0600867492653894,0.1152065390252857,0.0979561215218127,0.0474492174799329,100,0.0859319592729469,0.0647255556844705,0.1173973167515235,0.93,8.0,16.0,0.0047449217479932,0.0932111997738194,0.102701043269806,0.0006210881594543,0.0189179930180048,0.0255147016443461,0.8625032899347026,0.965681175635936,mean-disjoint-FGLS,disjoint,mean,FGLS,universal_frechet_max_ar_xi0.03_theta0.10,,,,,,
universal,frechet_max_ar,0.03,0.1,0.9968441746484832,disjoint_mean_ols,365.0,100,5,0.0151082676090365,0.0061759501618261,-0.0148917323909634,0.0151132050934201,0.5037735031140064,0.1868747703792654,0.4770177875672858,0.3912138856117796,0.625363662715624,0.0098818319185811,0.0080106003854779,0.005245128974871,0.0129442105133314,0.4275233943678687,0.2431005899311873,100,0.4124311387577172,0.2564221984686102,0.5900810085136781,0.05,8.0,16.0,0.0243100589931187,0.40321333537475,0.4518334533609874,0.0006175950161826,0.0186874770379265,0.0217944947177033,0.0215433614563135,0.1117519652720881,mean-disjoint-OLS,disjoint,mean,OLS,universal_frechet_max_ar_xi0.03_theta0.10,,,,,,
universal,frechet_max_ar,0.03,0.1,0.9968441746484832,sliding_mode_fgls,365.0,100,97,0.0099477777332152,0.0057395246633057,-0.0200522222667847,0.0201133394634738,0.6704446487824623,0.1839762689970802,0.711920716782787,0.583946542058029,0.8121161991826507,0.1590150779696645,0.1565435546763307,0.1078923722562127,0.2044530532189923,0.164013623475753,0.0653012865931721,100,0.1570705342861952,0.1141039103252793,0.209652083962099,0.97,10.0,16.5,0.0065301286593172,0.1574834948164358,0.1705437521350702,0.0005739524663305,0.018397626899708,0.0170587221092319,0.915479219195973,0.9897456617765852,mode-sliding-FGLS,sliding,mode,FGLS,universal_frechet_max_ar_xi0.03_theta0.10,,,,,,
universal,frechet_max_ar,0.03,0.1,0.9968441746484832,sliding_mode_ols,365.0,100,0,0.0099280910481339,0.0057212026474983,-0.020071908951866,0.0201427130059729,0.6714237668657651,0.1821356035428171,0.7058917067197805,0.5867148194830698,0.8052846970928271,0.001726475400952,0.001389423000839,0.0007552952446286,0.0024039438785962,0.7729054876208287,0.2228955283837892,100,0.8070547895184341,0.6703778212325832,0.930983271471629,0.0,10.0,16.5,0.0222895528383789,0.7506159347824497,0.7951950404592076,0.0005721202647498,0.0182135603542817,0.0,0.0,0.0369948074760019,mode-sliding-OLS,sliding,mode,OLS,universal_frechet_max_ar_xi0.03_theta0.10,,,,,,
universal,frechet_max_ar,0.03,0.1,0.9968441746484832,disjoint_mode_fgls,365.0,100,96,0.0151280062860336,0.0134941072788546,-0.0148719937139663,0.0171814372804951,0.5727145760165051,0.3453140406863633,0.506628973405246,0.3539553188708568,0.7236808455773023,0.1255115113981731,0.1176779639120161,0.075123030193538,0.1639400992696486,0.1317328230448576,0.0729292475737623,100,0.1200388734408243,0.0781649268242968,0.1699186262713901,0.96,8.0,16.0,0.0072929247573762,0.1244398982874813,0.1390257478022338,0.0013494107278854,0.0345314040686363,0.0195959179422654,0.9016278276739262,0.984336949448152,mode-disjoint-FGLS,disjoint,mode,FGLS,universal_frechet_max_ar_xi0.03_theta0.10,,,,,,
universal,frechet_max_ar,0.03,0.1,0.9968441746484832,disjoint_mode_ols,365.0,100,23,0.0154509611291419,0.0137555557989903,-0.014549038870858,0.0170303416200404,0.5676780540013493,0.3497075233890873,0.5323749093968473,0.32823350852932,0.6974427897196007,0.0163090993107603,0.0128646585605271,0.0088765370806928,0.0192150208496584,0.4421143539243195,0.4048840195944835,100,0.3802409265995497,0.0691013935144043,0.6872732854276004,0.23,8.0,16.0,0.0404884019594483,0.4016259519648711,0.4826027558837679,0.001375555579899,0.0349707523389087,0.0420832508250016,0.158431547468764,0.3215456485682769,mode-disjoint-OLS,disjoint,mode,OLS,universal_frechet_max_ar_xi0.03_theta0.10,,,,,,
universal,frechet_max_ar,0.1,0.1,0.9895192582062144,sliding_median_fgls,365.0,100,94,0.0552094378542406,0.0377045149851738,-0.0447905621457593,0.0518658193865642,0.5186581938656427,0.2703431008320164,0.5182433117827046,0.3098601351648736,0.7268418591496952,0.3587259911316983,0.3079304118428404,0.2153107731743769,0.4461451160507741,0.3828781418170877,0.2282804927435091,100,0.3354002082425696,0.2493520295874767,0.4499908979287565,0.94,9.0,17.0,0.0228280492743509,0.3600500925427368,0.4057061910914386,0.0037704514985173,0.0270343100832016,0.0237486841740758,0.8752303146877748,0.9722142547333432,median-sliding-FGLS,sliding,median,FGLS,universal_frechet_max_ar_xi0.10_theta0.10,,,,,,
universal,frechet_max_ar,0.1,0.1,0.9895192582062144,sliding_median_ols,365.0,100,7,0.0550624923209288,0.0378269551351012,-0.0449375076790711,0.0520476751848504,0.5204767518485043,0.2709856408480905,0.5253716820282872,0.3067405456578301,0.7326747030413199,0.0185766115047524,0.0154671240909956,0.0088513712374416,0.0252055337396146,1.7470896149359674,1.1540477045396589,100,1.7255955921220822,0.720526602876898,2.567877688806166,0.07,9.0,17.0,0.1154047704539658,1.6316848444820016,1.8624943853899332,0.0037826955135101,0.027098564084809,0.0255147016443461,0.034318824364064,0.1374967100652975,median-sliding-OLS,sliding,median,OLS,universal_frechet_max_ar_xi0.10_theta0.10,,,,,,
universal,frechet_max_ar,0.1,0.1,0.9895192582062144,disjoint_median_fgls,365.0,100,97,0.0482922337468812,0.0325026658769449,-0.0517077662531188,0.0527194699244259,0.5271946992442593,0.3081731177507836,0.4947692102030157,0.2901907272520213,0.7337600123604862,0.357813610255929,0.3394283033757735,0.2177625801950337,0.4851664535938417,0.3628783850743555,0.1704380100031482,100,0.3409223297468426,0.2355696561689658,0.4851664535938417,0.97,9.0,16.5,0.0170438010003148,0.3458345840740407,0.3799221860746704,0.0032502665876944,0.0308173117750783,0.0170587221092319,0.915479219195973,0.9897456617765852,median-disjoint-FGLS,disjoint,median,FGLS,universal_frechet_max_ar_xi0.10_theta0.10,,,,,,
universal,frechet_max_ar,0.1,0.1,0.9895192582062144,disjoint_median_ols,365.0,100,24,0.0483064214632083,0.0325881594411973,-0.0516935785367917,0.0530798920269528,0.5307989202695282,0.3025346426033299,0.5184020030446665,0.3088628587052356,0.724529862332371,0.0445312719342428,0.0377607782781957,0.0249272093681078,0.0585547006379349,1.4275629215794403,1.2549998801817217,100,1.1976664677997155,0.2095120220786567,2.3821272104136595,0.24,9.0,16.5,0.1254999880181721,1.3020629335612683,1.5530629095976127,0.0032588159441197,0.0302534642603329,0.0427083130081252,0.1669121126545996,0.3323251872329213,median-disjoint-OLS,disjoint,median,OLS,universal_frechet_max_ar_xi0.10_theta0.10,,,,,,
universal,frechet_max_ar,0.1,0.1,0.9895192582062144,sliding_mean_fgls,365.0,100,93,0.0623243070038219,0.0096904604073844,-0.037675692996178,0.037675692996178,0.3767569299617803,0.0969046040738439,0.3755832846607246,0.3156952444904529,0.444187315798327,0.2738563723588992,0.2228123944452768,0.1246564890428504,0.4021205076105895,0.3112382967703718,0.2142900250320147,100,0.2541094686188591,0.1359471404463861,0.4215898157230253,0.93,11.0,21.0,0.0214290025032014,0.2898092942671704,0.3326672992735733,0.0009690460407384,0.0096904604073843,0.0255147016443461,0.8625032899347026,0.965681175635936,mean-sliding-FGLS,sliding,mean,FGLS,universal_frechet_max_ar_xi0.10_theta0.10,,,,,,
universal,frechet_max_ar,0.1,0.1,0.9895192582062144,sliding_mean_ols,365.0,100,0,0.0625343220095774,0.0097539802557221,-0.0374656779904225,0.0374656779904225,0.3746567799042252,0.097539802557221,0.3718516305633967,0.3115545355853217,0.4407333202816121,0.0032751511285414,0.0022130531696582,0.0009586350287284,0.0056818783650938,1.436399248174614,0.4159378976309161,100,1.446682713044233,1.1697660122087838,1.7216215261723664,0.0,11.0,21.0,0.0415937897630916,1.3948054584115224,1.4779930379377055,0.0009753980255722,0.0097539802557221,0.0,0.0,0.0369948074760019,mean-sliding-OLS,sliding,mean,OLS,universal_frechet_max_ar_xi0.10_theta0.10,,,,,,
universal,frechet_max_ar,0.1,0.1,0.9895192582062144,disjoint_mean_fgls,365.0,100,94,0.0573927081229688,0.0220388528311228,-0.0426072918770311,0.0434416297414316,0.4344162974143165,0.2032712399660598,0.4321147623583701,0.3093084291869755,0.5646485091103306,0.3014047154783094,0.2967681853106318,0.1847508358376802,0.3787980258452504,0.3260477565586782,0.1638418352731359,100,0.3067796236416594,0.1955431884299776,0.3937369044698487,0.94,9.0,16.0,0.0163841835273135,0.3096635730313646,0.3424319400859917,0.0022038852831122,0.0203271239966059,0.0237486841740758,0.8752303146877748,0.9722142547333432,mean-disjoint-FGLS,disjoint,mean,FGLS,universal_frechet_max_ar_xi0.10_theta0.10,,,,,,
universal,frechet_max_ar,0.1,0.1,0.9895192582062144,disjoint_mean_ols,365.0,100,14,0.0573464437183012,0.0219767441440305,-0.0426535562816987,0.0434867364741768,0.4348673647417682,0.2026035399697731,0.4456782515498942,0.3075952517349152,0.5629160833764433,0.032919107685268,0.0288882910690287,0.017157366190565,0.0402477550110912,1.1860373262030277,0.8190759550573357,100,1.0646346985718875,0.5545902609753114,1.789063335381382,0.14,9.0,16.0,0.0819075955057335,1.104129730697294,1.267944921708761,0.002197674414403,0.0202603539969773,0.0346987031457949,0.085262657544649,0.2213736038380723,mean-disjoint-OLS,disjoint,mean,OLS,universal_frechet_max_ar_xi0.10_theta0.10,,,,,,
universal,frechet_max_ar,0.1,0.1,0.9895192582062144,sliding_mode_fgls,365.0,100,97,0.03236031884352,0.0165162510361505,-0.0676396811564799,0.0676438336139314,0.6764383361393143,0.1649906406183229,0.6734961327615654,0.5975213460385422,0.7833672229812407,0.5370318580810087,0.4862910347799465,0.2827856014231338,0.6666207830546516,0.5554071754562513,0.3250520586012594,100,0.4961888162952315,0.288766541096685,0.6823444922210133,0.97,9.5,16.0,0.0325052058601259,0.5229019695961253,0.5879123813163772,0.001651625103615,0.0164990640618322,0.0170587221092319,0.915479219195973,0.9897456617765852,mode-sliding-FGLS,sliding,mode,FGLS,universal_frechet_max_ar_xi0.10_theta0.10,,,,,,
universal,frechet_max_ar,0.1,0.1,0.9895192582062144,sliding_mode_ols,365.0,100,1,0.0323564021883044,0.0167830612273054,-0.0676435978116955,0.0677018033632268,0.6770180336322682,0.1654429557753516,0.6801378920252904,0.5994511943373961,0.7871964883626689,0.0054345759505404,0.0042645608150559,0.0027431388314381,0.0079362712415332,2.6062335075862944,0.6780395051410156,100,2.5850263633893302,2.2647592255519005,3.0771849517707066,0.01,9.5,16.0,0.0678039505141015,2.5384295570721926,2.674037458100396,0.0016783061227305,0.0165442955775351,0.0099498743710662,0.0017673865655472,0.0544875247609346,mode-sliding-OLS,sliding,mode,OLS,universal_frechet_max_ar_xi0.10_theta0.10,,,,,,
universal,frechet_max_ar,0.1,0.1,0.9895192582062144,disjoint_mode_fgls,365.0,100,98,0.0535964942277188,0.0640184595989285,-0.0464035057722811,0.0645694382186186,0.6456943821861861,0.4541005688699784,0.5787274592049076,0.380824357511639,0.828438189173303,0.4223724529027261,0.3735504691430376,0.2587101393058617,0.5042216363476021,0.4382239573660281,0.2375813647111881,100,0.3864440647661339,0.2659925853827417,0.5301907931073747,0.98,8.0,14.0,0.0237581364711188,0.4144658208949093,0.4619820938371469,0.0064018459598928,0.0454100568869978,0.014,0.9299868370580064,0.9944981477650318,mode-disjoint-FGLS,disjoint,mode,FGLS,universal_frechet_max_ar_xi0.10_theta0.10,,,,,,
universal,frechet_max_ar,0.1,0.1,0.9895192582062144,disjoint_mode_ols,365.0,100,21,0.0549357610009744,0.0654605210408963,-0.0450642389990255,0.0632812913458181,0.632812913458181,0.4786864200958264,0.5796330097405964,0.3670145894454558,0.7710091718433902,0.0652352573563408,0.0480093052479885,0.0310665523464261,0.0774793374873374,1.5126436124422469,1.386539702128333,100,1.3242295773220114,0.269833023018469,2.2544304327840483,0.21,8.0,14.0,0.1386539702128333,1.373989642229413,1.65129758265508,0.0065460521040896,0.0478686420095826,0.0407308237088326,0.1416554953164578,0.2998014930196232,mode-disjoint-OLS,disjoint,mode,OLS,universal_frechet_max_ar_xi0.10_theta0.10,,,,,,
universal,frechet_max_ar,0.3,0.1,0.9688861611972632,sliding_median_fgls,365.0,100,94,0.1684089279616556,0.1361092262422021,-0.1315910720383443,0.1684483675268141,0.5614945584227139,0.2858782905092959,0.555143101916818,0.3048061935631665,0.8260002470364517,1.0148588006293786,0.9069462831831469,0.5673078547287407,1.3216917776378132,1.0773814596790925,0.6310245233066608,100,0.9277375516236246,0.6343331202178458,1.3699783948331168,0.94,9.0,17.0,0.063102452330666,1.0142790073484262,1.1404839120097583,0.0136109226242202,0.0285878290509295,0.0237486841740758,0.8752303146877748,0.9722142547333432,median-sliding-FGLS,sliding,median,FGLS,universal_frechet_max_ar_xi0.30_theta0.10,,,,,,
universal,frechet_max_ar,0.3,0.1,0.9688861611972632,sliding_median_ols,365.0,100,9,0.1688022164752522,0.1365255088866707,-0.1311977835247477,0.1681233604746572,0.5604112015821908,0.288192955366956,0.5710490164237856,0.320063321352686,0.8270629829437667,0.0560404429645373,0.0432636783580368,0.0235189258956338,0.0854804323046773,5.721601130886593,3.776842748563866,100,5.650203877382907,2.6623632580093974,9.289369598140055,0.09,9.0,17.0,0.3776842748563865,5.343916856030206,6.09928540574298,0.013652550888667,0.0288192955366956,0.0286181760425083,0.0480719951638848,0.1622637469664366,median-sliding-OLS,sliding,median,OLS,universal_frechet_max_ar_xi0.30_theta0.10,,,,,,
universal,frechet_max_ar,0.3,0.1,0.9688861611972632,disjoint_median_fgls,365.0,100,96,0.1500713085815599,0.1048494240422957,-0.1499286914184401,0.1635271998986791,0.5450906663289303,0.2725968378583563,0.5368668179637102,0.3458107137068976,0.7167484033348235,1.0019242023091397,0.8878694433931273,0.6841592674437595,1.1950823627280576,1.07285679175902,0.5587872490138746,100,0.9578571369247508,0.7221826851615369,1.2637227897772745,0.96,9.5,16.0,0.0558787249013874,1.0169780668576325,1.1287355166604074,0.0104849424042295,0.0272596837858356,0.0195959179422654,0.9016278276739262,0.984336949448152,median-disjoint-FGLS,disjoint,median,FGLS,universal_frechet_max_ar_xi0.30_theta0.10,,,,,,
universal,frechet_max_ar,0.3,0.1,0.9688861611972632,disjoint_median_ols,365.0,100,24,0.1512315859511316,0.1047297314303039,-0.1487684140488683,0.1626174448913763,0.5420581496379213,0.2710548276281453,0.5314507747684172,0.3323441500828327,0.7086480530002165,0.1389578139649655,0.1130310419198193,0.0567168274379897,0.1951420412379884,4.292726744851107,3.553048999128631,100,4.056424857473082,0.6044302817753687,7.008811194700899,0.24,9.5,16.0,0.355304899912863,3.937421844938244,4.64803164476397,0.0104729731430303,0.0271054827628145,0.0427083130081252,0.1669121126545996,0.3323251872329213,median-disjoint-OLS,disjoint,median,OLS,universal_frechet_max_ar_xi0.30_theta0.10,,,,,,
universal,frechet_max_ar,0.3,0.1,0.9688861611972632,sliding_mean_fgls,365.0,100,88,0.1778829750022047,0.0277179691008256,-0.1221170249977952,0.1221170249977952,0.407056749992651,0.0923932303360854,0.4075365293476428,0.3541901951309084,0.4693185567455495,0.8876947259760598,0.8013286948766271,0.386866216227099,1.2815719403580486,1.006331896270797,0.608697023720505,100,0.9517704877631996,0.5026851622988296,1.362969458614831,0.88,12.0,21.0,0.0608697023720505,0.9454621938987464,1.0672015986428476,0.0027717969100825,0.0092393230336085,0.0324961536185438,0.8018773199709163,0.9300066263473222,mean-sliding-FGLS,sliding,mean,FGLS,universal_frechet_max_ar_xi0.30_theta0.10,,,,,,
universal,frechet_max_ar,0.3,0.1,0.9688861611972632,sliding_mean_ols,365.0,100,0,0.1781839402036049,0.0278791405662612,-0.1218160597963951,0.1218160597963951,0.4060535326546503,0.092930468554204,0.4070896678352982,0.3535530486251742,0.4686021156922843,0.0077499877979635,0.0045454255245881,0.0017458459966327,0.0123261235070041,4.725392623694496,1.1928405546931995,100,4.742377153510544,4.0686812728598705,5.545139641685602,0.0,12.0,21.0,0.1192840554693199,4.606108568225176,4.8446766791638165,0.0027879140566261,0.0092930468554204,0.0,0.0,0.0369948074760019,mean-sliding-OLS,sliding,mean,OLS,universal_frechet_max_ar_xi0.30_theta0.10,,,,,,
universal,frechet_max_ar,0.3,0.1,0.9688861611972632,disjoint_mean_fgls,365.0,100,95,0.165658673862916,0.0776867921020541,-0.1343413261370839,0.1436592851710091,0.4788642839033638,0.1948980850502348,0.4693439211430696,0.3760546323932425,0.5683037092081532,0.8705429165864862,0.7988672922042925,0.5277891123970888,1.058735579516677,0.9587902080647356,0.631026045193077,100,0.8288355960000762,0.5860981569412026,1.0831154634143103,0.95,8.0,15.0,0.0631026045193077,0.8956876035454279,1.0218928125840432,0.0077686792102054,0.0194898085050234,0.0217944947177033,0.8882480347279118,0.9784566385436864,mean-disjoint-FGLS,disjoint,mean,FGLS,universal_frechet_max_ar_xi0.30_theta0.10,,,,,,
universal,frechet_max_ar,0.3,0.1,0.9688861611972632,disjoint_mean_ols,365.0,100,7,0.166112132121236,0.0768672086188276,-0.1338878678787639,0.142753977716829,0.47584659238943,0.195250712074253,0.4638523813671454,0.3685066794272495,0.5627353300213052,0.0925052623866903,0.0780345497254386,0.0444276008164181,0.1173646086598984,4.066825447243316,2.432759311970772,100,4.081720430931611,2.4954387689495907,5.0789258300237075,0.07,8.0,15.0,0.2432759311970772,3.8235495160462385,4.310101378440393,0.0076867208618827,0.0195250712074253,0.0255147016443461,0.034318824364064,0.1374967100652975,mean-disjoint-OLS,disjoint,mean,OLS,universal_frechet_max_ar_xi0.30_theta0.10,,,,,,
universal,frechet_max_ar,0.3,0.1,0.9688861611972632,sliding_mode_fgls,365.0,100,91,0.1025716040320195,0.0580773636580986,-0.1974283959679804,0.1974283959679804,0.6580946532266014,0.1935912121936622,0.6757732067005678,0.5611495248921052,0.7834160461251152,1.3885069316243803,1.2171327499740494,0.7439708677374546,1.9638705009536843,1.6144491096875826,0.9457661056450536,100,1.3951479201258348,0.8044139237361909,2.124205666434068,0.91,10.0,17.0,0.0945766105645053,1.5198724991230772,1.709025720252088,0.0058077363658098,0.0193591212193662,0.0286181760425083,0.8377362530335634,0.9519280048361152,mode-sliding-FGLS,sliding,mode,FGLS,universal_frechet_max_ar_xi0.30_theta0.10,,,,,,
universal,frechet_max_ar,0.3,0.1,0.9688861611972632,sliding_mode_ols,365.0,100,1,0.1027846613399883,0.0587632330037312,-0.1972153386600116,0.1972153386600116,0.6573844622000388,0.1958774433457708,0.6759681428902051,0.5610920205631562,0.7869824495729953,0.016756563994107,0.0129139542981099,0.0067988503308335,0.0212434190717242,7.580220345426518,2.448614950454223,100,7.8517016412800285,6.208518355777135,8.982125959901483,0.01,10.0,17.0,0.2448614950454223,7.335358850381096,7.825081840471941,0.0058763233003731,0.019587744334577,0.0099498743710662,0.0017673865655472,0.0544875247609346,mode-sliding-OLS,sliding,mode,OLS,universal_frechet_max_ar_xi0.30_theta0.10,,,,,,
universal,frechet_max_ar,0.3,0.1,0.9688861611972632,disjoint_mode_fgls,365.0,100,90,0.1666034903625125,0.1311810543786346,-0.1333965096374874,0.1645575550125592,0.5485251833751974,0.2949599871923171,0.5171012695361886,0.38928256827257,0.6859712464197608,1.0681108431969388,0.9274196437754952,0.6599067644528045,1.4431656809183873,1.2877984163190717,0.7928477184341906,100,1.0667302953848994,0.7614487227139022,1.601947539925652,0.9,8.0,13.0,0.079284771843419,1.2085136444756526,1.3670831881624907,0.0131181054378634,0.0294959987192317,0.03,0.8256326956323347,0.944771458386864,mode-disjoint-FGLS,disjoint,mode,FGLS,universal_frechet_max_ar_xi0.30_theta0.10,,,,,,
universal,frechet_max_ar,0.3,0.1,0.9688861611972632,disjoint_mode_ols,365.0,100,21,0.1672670023094249,0.1324828350763237,-0.132732997690575,0.1643960725093376,0.5479869083644588,0.2990475826954071,0.524946498800045,0.4009676211679966,0.6678818703241477,0.1870026375427509,0.1506282174542821,0.0799618963407764,0.2241224182263765,3.847970470200476,3.186140932755901,100,3.689229869161177,0.7826913460569652,5.6840898359935315,0.21,8.0,13.0,0.3186140932755901,3.529356376924886,4.166584563476066,0.0132482835076323,0.0299047582695407,0.0407308237088326,0.1416554953164578,0.2998014930196232,mode-disjoint-OLS,disjoint,mode,OLS,universal_frechet_max_ar_xi0.30_theta0.10,,,,,,
universal,frechet_max_ar,1.0,0.1,0.9,sliding_median_fgls,365.0,100,96,0.5300501016143074,0.4332579859405637,-0.4699498983856925,0.5620009016539913,0.5620009016539913,0.3029205501235532,0.5900280418457768,0.3085223433013642,0.8247769028431975,3.8552882955444137,3.3360183498506273,2.1071937713894715,5.051905116526141,4.062133421525014,2.58029875089711,100,3.4043536535908516,2.2196948703497483,5.518129599861087,0.96,9.0,16.5,0.258029875089711,3.8041035464353032,4.320163296614725,0.0433257985940563,0.0302920550123553,0.0195959179422654,0.9016278276739262,0.984336949448152,median-sliding-FGLS,sliding,median,FGLS,universal_frechet_max_ar_xi1.00_theta0.10,,,,,,
universal,frechet_max_ar,1.0,0.1,0.9,sliding_median_ols,365.0,100,9,0.5306179803038955,0.435835265061324,-0.4693820196961045,0.5631318573992927,0.5631318573992927,0.3036060147731681,0.5903935163271542,0.3140880086416814,0.8322065276542933,0.1620919776043699,0.1415027237691275,0.0810014725487265,0.2205782751935185,19.813779082750067,12.616590634697056,100,20.627708578095493,10.141879706822367,30.899496613675417,0.09,9.0,16.5,1.2616590634697056,18.552120019280363,21.07543814621977,0.0435835265061324,0.0303606014773168,0.0286181760425083,0.0480719951638848,0.1622637469664366,median-sliding-OLS,sliding,median,OLS,universal_frechet_max_ar_xi1.00_theta0.10,,,,,,
universal,frechet_max_ar,1.0,0.1,0.9,disjoint_median_fgls,365.0,100,96,0.4909263450380606,0.3979925002255239,-0.5090736549619393,0.5790931710562862,0.5790931710562862,0.285369042203548,0.5434133434346151,0.3891751011632394,0.790667445625413,3.905430196385792,3.669386608017048,2.203089238511396,5.030485888951137,4.193039050121124,2.5858996646718597,100,3.736300640324978,2.3463377857101975,5.245616811436632,0.96,10.0,16.0,0.2585899664671859,3.934449083653938,4.45162901658831,0.0397992500225524,0.0285369042203548,0.0195959179422654,0.9016278276739262,0.984336949448152,median-disjoint-FGLS,disjoint,median,FGLS,universal_frechet_max_ar_xi1.00_theta0.10,,,,,,
universal,frechet_max_ar,1.0,0.1,0.9,disjoint_median_ols,365.0,100,19,0.4900853615279514,0.4013965631317647,-0.5099146384720485,0.5753906851756154,0.5753906851756154,0.2988978184683184,0.5405976023254466,0.3595672070148814,0.7790825624947747,0.5168809627246845,0.4228936440088263,0.2815653749005251,0.659573577746161,14.963796214796574,11.433990854754052,100,14.189476165905903,4.353138038532354,23.948186331914012,0.19,10.0,16.0,1.1433990854754053,13.820397129321169,16.10719530027198,0.0401396563131764,0.0298897818468318,0.039230090491866,0.1251465399270426,0.2777902407080785,median-disjoint-OLS,disjoint,median,OLS,universal_frechet_max_ar_xi1.00_theta0.10,,,,,,
universal,frechet_max_ar,1.0,0.1,0.9,sliding_mean_fgls,365.0,100,88,0.5060718080523352,0.0972972963132051,-0.4939281919476647,0.4939281919476647,0.4939281919476647,0.0972972963132051,0.4784407660467025,0.4227564159833399,0.5416160887157346,3.5271792310829864,2.6447369507676446,1.5333299632099422,4.452482666993601,4.165754598362781,3.157979799210691,100,3.3484045896966945,1.8907713231832597,5.13669556786209,0.88,10.0,21.0,0.3157979799210691,3.849956618441712,4.481552578283851,0.0097297296313205,0.0097297296313205,0.0324961536185438,0.8018773199709163,0.9300066263473222,mean-sliding-FGLS,sliding,mean,FGLS,universal_frechet_max_ar_xi1.00_theta0.10,,,,,,
universal,frechet_max_ar,1.0,0.1,0.9,sliding_mean_ols,365.0,100,0,0.5065080790332521,0.0974008993377314,-0.4934919209667479,0.4934919209667479,0.4934919209667479,0.0974008993377314,0.4771512167285533,0.4225219365594788,0.5402751109681124,0.0217368064295877,0.0144565478233959,0.0063415977217207,0.039394262093052,19.32667751650775,4.0332304043931755,100,18.7102585361801,16.447503819598214,21.112718957798908,0.0,10.0,21.0,0.4033230404393175,18.923354476068432,19.73000055694707,0.0097400899337731,0.0097400899337731,0.0,0.0,0.0369948074760019,mean-sliding-OLS,sliding,mean,OLS,universal_frechet_max_ar_xi1.00_theta0.10,,,,,,
universal,frechet_max_ar,1.0,0.1,0.9,disjoint_mean_fgls,365.0,100,88,0.4602811633907875,0.2676849802281454,-0.5397188366092124,0.5417207514260921,0.5417207514260921,0.2635686448038432,0.5091776424124603,0.3890686325778461,0.6392833103401401,4.148102095475242,3.181411226937106,1.7543673658505528,5.091315621271852,4.599923294420905,3.3506127837557464,100,3.7291931355794024,2.3687001611476513,5.431192055680005,0.88,8.0,17.0,0.3350612783755746,4.26486201604533,4.93498457279648,0.0267684980228145,0.0263568644803843,0.0324961536185438,0.8018773199709163,0.9300066263473222,mean-disjoint-FGLS,disjoint,mean,FGLS,universal_frechet_max_ar_xi1.00_theta0.10,,,,,,
universal,frechet_max_ar,1.0,0.1,0.9,disjoint_mean_ols,365.0,100,13,0.4616451016449105,0.2708413143845699,-0.5383548983550894,0.540742672162276,0.540742672162276,0.2659931389855378,0.5185702880295611,0.3530227308738778,0.6449191789078876,0.4116123939012408,0.3274300229859966,0.1781698081079444,0.5350927591028383,14.944669020108018,10.786922533367516,100,14.305205365147865,7.048841826069322,21.074186214243948,0.13,8.0,17.0,1.0786922533367516,13.865976766771269,16.02336127344477,0.0270841314384569,0.0265993138985537,0.0336303434416004,0.0775709385841426,0.2098052189480987,mean-disjoint-OLS,disjoint,mean,OLS,universal_frechet_max_ar_xi1.00_theta0.10,,,,,,
universal,frechet_max_ar,1.0,0.1,0.9,sliding_mode_fgls,365.0,100,88,0.3764469206723518,0.2261813740039424,-0.6235530793276481,0.6260774623469214,0.6260774623469214,0.2190242080782917,0.6641397563491864,0.5314240855627332,0.7580865401714041,3.3096393134474313,2.8096495246973467,1.8262993085478103,4.4394293637906435,4.001817823798178,2.46108843027325,100,3.4846876216541927,2.3574481963641754,5.006058710577699,0.88,9.0,16.0,0.246108843027325,3.755708980770853,4.247926666825503,0.0226181374003942,0.0219024208078291,0.0324961536185438,0.8018773199709163,0.9300066263473222,mode-sliding-FGLS,sliding,mode,FGLS,universal_frechet_max_ar_xi1.00_theta0.10,,,,,,
universal,frechet_max_ar,1.0,0.1,0.9,sliding_mode_ols,365.0,100,0,0.3777618326806212,0.227272192907349,-0.6222381673193788,0.6257918795492451,0.6257918795492451,0.2171927960080779,0.6609209286207327,0.5258123250974707,0.7581502720694431,0.0708242728302825,0.0561805317164725,0.0308872464447153,0.0878176932178531,23.686013998194436,8.97815682053062,100,25.309230181332502,19.613822486067058,29.51372870736772,0.0,9.0,16.0,0.897815682053062,22.788198316141376,24.583829680247497,0.0227272192907349,0.0217192796008077,0.0,0.0,0.0369948074760019,mode-sliding-OLS,sliding,mode,OLS,universal_frechet_max_ar_xi1.00_theta0.10,,,,,,
universal,frechet_max_ar,1.0,0.1,0.9,disjoint_mode_fgls,365.0,100,87,0.4470364277149321,0.5200128537083288,-0.5529635722850679,0.6602093320401772,0.6602093320401772,0.3728156374107276,0.6373809505580184,0.3462416539741717,0.924577335728152,3.4590598741279335,3.0063137426023467,2.175570710765285,4.593154474343899,4.494489460345553,3.639497011214958,100,3.642790300270877,2.604649779239345,5.42848901672454,0.87,8.0,16.0,0.3639497011214957,4.130539759224058,4.858439161467049,0.0520012853708328,0.0372815637410727,0.0336303434416004,0.7901947810519012,0.9224290614158576,mode-disjoint-FGLS,disjoint,mode,FGLS,universal_frechet_max_ar_xi1.00_theta0.10,,,,,,
universal,frechet_max_ar,1.0,0.1,0.9,disjoint_mode_ols,365.0,100,23,0.4548447322265161,0.5362710365679565,-0.5451552677734839,0.6556290986940649,0.6556290986940649,0.3919074170995194,0.6238235860245225,0.3713313307641762,0.9305196000313598,0.6798858591365484,0.5502934130910433,0.3300600131924858,0.8710679502234087,15.845199013974812,14.511005068532214,100,13.660704394962927,2.6408155229278805,24.40668507375091,0.23,8.0,16.0,1.4511005068532217,14.394098507121592,17.296299520828036,0.0536271036567956,0.0391907417099519,0.0420832508250016,0.158431547468764,0.3215456485682769,mode-disjoint-OLS,disjoint,mode,OLS,universal_frechet_max_ar_xi1.00_theta0.10,,,,,,
universal,frechet_max_ar,3.0,0.1,0.7290000000000001,sliding_median_fgls,365.0,100,96,1.4914135619910995,1.2174802329032473,-1.5085864380089005,1.7353221314569498,0.5784407104856499,0.2866121781578116,0.6050974579368689,0.3465380661773783,0.8344192502387671,10.799821914861448,8.510221505619306,6.159750536420585,13.734382816856304,11.691305950598608,7.300594330936858,100,9.275359293552508,6.534436378142084,14.191151804014904,0.96,10.0,16.0,0.7300594330936858,10.961246517504922,12.421365383692294,0.1217480232903247,0.0286612178157811,0.0195959179422654,0.9016278276739262,0.984336949448152,median-sliding-FGLS,sliding,median,FGLS,universal_frechet_max_ar_xi3.00_theta0.10,,,,,,
universal,frechet_max_ar,3.0,0.1,0.7290000000000001,sliding_median_ols,365.0,100,3,1.4949981371798742,1.2179150542595367,-1.5050018628201258,1.7301841509710258,0.5767280503236752,0.2881843233065289,0.6041204039201564,0.3459866120601628,0.8310825641757664,0.4523451318871911,0.3746774614248886,0.2301107224869392,0.6156302613855724,60.72188413567255,36.8352027698886,100,61.909396200063306,25.823792116758888,94.83516504204006,0.03,10.0,16.0,3.683520276988861,57.038363858683695,64.40540441266141,0.1217915054259536,0.0288184323306528,0.0170587221092319,0.0102543382234148,0.0845207808040269,median-sliding-OLS,sliding,median,OLS,universal_frechet_max_ar_xi3.00_theta0.10,,,,,,
universal,frechet_max_ar,3.0,0.1,0.7290000000000001,disjoint_median_fgls,365.0,100,93,1.542865878907404,1.2115972417073482,-1.457134121092596,1.6651088771532707,0.5550362923844235,0.3003814394051357,0.5520027584608347,0.3263708738196413,0.7093762419516688,11.476161680262791,10.885250170149131,6.661388649520456,14.83897351193243,12.766794758762526,7.922951226367991,100,11.597845546742503,7.969868022587963,15.89559899168021,0.93,9.0,17.0,0.7922951226367991,11.974499636125726,13.559089881399323,0.1211597241707348,0.0300381439405135,0.0255147016443461,0.8625032899347026,0.965681175635936,median-disjoint-FGLS,disjoint,median,FGLS,universal_frechet_max_ar_xi3.00_theta0.10,,,,,,
universal,frechet_max_ar,3.0,0.1,0.7290000000000001,disjoint_median_ols,365.0,100,19,1.5635858095744863,1.213133377770876,-1.4364141904255137,1.6424241115249998,0.5474747038416665,0.303866669672492,0.5494174894956159,0.3269623358131969,0.7110959559917684,1.3598099991452677,1.0005834231262207,0.5732769041028939,1.6301854753671,45.718821109713005,36.37468483032803,100,44.628339123513186,12.876082859140984,69.23476361209381,0.19,9.0,17.0,3.637468483032803,42.0813526266802,49.35628959274581,0.1213133377770876,0.0303866669672492,0.039230090491866,0.1251465399270426,0.2777902407080785,median-disjoint-OLS,disjoint,median,OLS,universal_frechet_max_ar_xi3.00_theta0.10,,,,,,
universal,frechet_max_ar,3.0,0.1,0.7290000000000001,sliding_mean_fgls,365.0,100,78,0.798021276062498,0.1774108103581796,-2.201978723937502,2.201978723937502,0.7339929079791674,0.0591369367860598,0.7116415648943122,0.7084936286843255,0.7340637148003756,9.40291065173054,7.268418795211228,4.953397765936364,11.91816464710858,15.491618207468289,12.320516200255277,100,10.786686668199138,6.5484156857699585,18.83501568481155,0.78,9.0,21.0,1.2320516200255276,14.25956658744276,16.723669827493815,0.0177410810358179,0.0059136936786059,0.0414246303544159,0.6892946528499969,0.849988254963442,mean-sliding-FGLS,sliding,mean,FGLS,universal_frechet_max_ar_xi3.00_theta0.10,,,,,,
universal,frechet_max_ar,3.0,0.1,0.7290000000000001,sliding_mean_ols,365.0,100,0,0.7980954208356101,0.1774136471932416,-2.20190457916439,2.20190457916439,0.7339681930547967,0.0591378823977471,0.711596045820257,0.7084809419757816,0.7340643231322619,0.0236224066955939,0.0307940867304683,0.0110296404484853,0.0311103071276024,87.62735743935932,7.14444721225047,100,84.90400182874032,84.42953314189329,87.84094420723748,0.0,9.0,21.0,0.714444721225047,86.91291271813427,88.34180216058436,0.0177413647193241,0.0059137882397747,0.0,0.0,0.0369948074760019,mean-sliding-OLS,sliding,mean,OLS,universal_frechet_max_ar_xi3.00_theta0.10,,,,,,
universal,frechet_max_ar,3.0,0.1,0.7290000000000001,disjoint_mean_fgls,365.0,100,88,0.7552889954972305,0.341708568689163,-2.2447110045027694,2.2447110045027694,0.7482370015009232,0.113902856229721,0.7326980949251833,0.662486046414898,0.8093906839432444,16.0746225713294,13.276908321020024,6.567618073457503,20.955476714735873,19.9770365196557,14.29746871080962,100,15.210595872327694,9.303122646022622,25.173058975680483,0.88,11.0,18.0,1.4297468710809622,18.54728964857474,21.406783390736663,0.0341708568689163,0.0113902856229721,0.0324961536185438,0.8018773199709163,0.9300066263473222,mean-disjoint-FGLS,disjoint,mean,FGLS,universal_frechet_max_ar_xi3.00_theta0.10,,,,,,
universal,frechet_max_ar,3.0,0.1,0.7290000000000001,disjoint_mean_ols,365.0,100,0,0.7530823764616394,0.3391813973159674,-2.2469176235383603,2.2469176235383603,0.7489725411794536,0.1130604657719891,0.732376828548659,0.6616969334055053,0.8141564143087252,0.6611753964908295,0.539357885296231,0.3193446461346063,0.8351667457076772,77.31437240820867,17.779263218721596,100,78.94914874543076,69.64571205239908,86.45827937166332,0.0,11.0,18.0,1.7779263218721597,75.53644608633651,79.09229873008083,0.0339181397315967,0.0113060465771989,0.0,0.0,0.0369948074760019,mean-disjoint-OLS,disjoint,mean,OLS,universal_frechet_max_ar_xi3.00_theta0.10,,,,,,
universal,frechet_max_ar,3.0,0.1,0.7290000000000001,sliding_mode_fgls,365.0,100,92,1.655869743570079,1.4722503399546905,-1.344130256429921,1.7119574420435129,0.570652480681171,0.3386335709431204,0.5825647474783011,0.2534093758516308,0.9339188624181248,8.212754200174645,7.063579662790291,5.117981125796987,9.670498064186177,9.940480689790895,7.48932544282931,100,7.703575569972177,5.709867159062576,11.357579535735985,0.92,11.0,17.0,0.748932544282931,9.191548145507966,10.689413234073829,0.147225033995469,0.033863357094312,0.027129319932501,0.8500173312059693,0.9589070305141892,mode-sliding-FGLS,sliding,mode,FGLS,universal_frechet_max_ar_xi3.00_theta0.10,,,,,,
universal,frechet_max_ar,3.0,0.1,0.7290000000000001,sliding_mode_ols,365.0,100,7,1.6715215176933251,1.4773987018579309,-1.3284784823066749,1.699841353349364,0.5666137844497879,0.3410346550719898,0.5353946892826213,0.2568855590755481,0.9442961822259384,0.386386519399164,0.2714484446854286,0.0824526369149174,0.5452677282387163,61.16505658048252,43.7343873317128,100,58.15413026436994,19.652443247529167,108.26170695788778,0.07,11.0,17.0,4.373438733171279,56.79161784731125,65.5384953136538,0.1477398701857931,0.0341034655071989,0.0255147016443461,0.034318824364064,0.1374967100652975,mode-sliding-OLS,sliding,mode,OLS,universal_frechet_max_ar_xi3.00_theta0.10,,,,,,
universal,frechet_max_ar,3.0,0.1,0.7290000000000001,disjoint_mode_fgls,365.0,100,88,1.5793773700469953,1.7299558656395404,-1.4206226299530047,1.9571516219229548,0.6523838739743184,0.3593462716430618,0.6397110978051425,0.3553551801785488,0.9932180172186614,7.865728718127035,7.473146613842108,4.510317116819845,10.332143102126746,11.738019276271652,14.264924781598664,100,8.432542744335786,4.912321193518387,11.917561653951616,0.88,10.0,16.0,1.4264924781598665,10.311526798111784,13.16451175443152,0.172995586563954,0.0359346271643061,0.0324961536185438,0.8018773199709163,0.9300066263473222,mode-disjoint-FGLS,disjoint,mode,FGLS,universal_frechet_max_ar_xi3.00_theta0.10,,,,,,
universal,frechet_max_ar,3.0,0.1,0.7290000000000001,disjoint_mode_ols,365.0,100,35,1.5009712833774258,1.6135604510074386,-1.4990287166225742,1.9285483149884195,0.6428494383294732,0.3522144226551318,0.6546477715955057,0.3403818170451181,0.9782373854469388,1.9495820237742525,1.3887572840304303,0.4936413612205909,3.0378284132065705,55.17588061215686,48.469732509775184,100,51.73982323820421,4.512882084088861,107.90021786994144,0.35,10.0,16.0,4.846973250977518,50.32890736117934,60.02285386313438,0.1613560451007438,0.0352214422655131,0.0476969600708472,0.2636410465347802,0.4474573957080203,mode-disjoint-OLS,disjoint,mode,OLS,universal_frechet_max_ar_xi3.00_theta0.10,,,,,,
universal,frechet_max_ar,10.0,0.1,0.3486784401000001,sliding_median_fgls,365.0,100,92,6.157343976463319,4.99408702974684,-3.842656023536681,5.686776176389264,0.5686776176389264,0.2681413437570727,0.5543065358852388,0.3749902303346488,0.7974507013361518,39.11265617044428,33.38760756252479,18.53530323881001,56.09806073174901,44.17025094086739,29.04312283164616,100,36.73858479739061,21.73920837623192,58.47301911180026,0.92,10.0,18.0,2.904312283164616,41.265938657702776,47.074563224032005,0.499408702974684,0.0268141343757072,0.027129319932501,0.8500173312059693,0.9589070305141892,median-sliding-FGLS,sliding,median,FGLS,universal_frechet_max_ar_xi10.00_theta0.10,,,,,,
universal,frechet_max_ar,10.0,0.1,0.3486784401000001,sliding_median_ols,365.0,100,2,6.179308339566067,5.005149345498909,-3.820691660433933,5.672120914492897,0.5672120914492897,0.2701614531589449,0.5493221530978671,0.3741549381951937,0.8041959232795066,1.7708353097191492,1.4174266607657593,0.8915832102702892,2.2647963458311446,193.4602311971379,116.4887497074246,100,178.3388833671869,99.81320513337636,300.25636116269015,0.02,10.0,18.0,11.64887497074246,181.81135622639545,205.10910616788036,0.5005149345498909,0.0270161453158944,0.014,0.0055018522349681,0.0700131629419936,median-sliding-OLS,sliding,median,OLS,universal_frechet_max_ar_xi10.00_theta0.10,,,,,,
universal,frechet_max_ar,10.0,0.1,0.3486784401000001,disjoint_median_fgls,365.0,100,97,4.880386373713077,3.908538517652035,-5.119613626286923,5.637381223607977,0.5637381223607977,0.3106572249947892,0.5547151408536906,0.3417815718508109,0.7470018937705731,40.29079277559934,38.86781007830892,24.121659841403247,50.66986722607123,41.90872317399557,22.239890635911895,100,40.203929800068984,24.95992910664055,51.26486952077781,0.97,9.0,16.0,2.2239890635911896,39.68473411040438,44.13271223758676,0.3908538517652035,0.0310657224994789,0.0170587221092319,0.915479219195973,0.9897456617765852,median-disjoint-FGLS,disjoint,median,FGLS,universal_frechet_max_ar_xi10.00_theta0.10,,,,,,
universal,frechet_max_ar,10.0,0.1,0.3486784401000001,disjoint_median_ols,365.0,100,21,4.9809013896980625,3.988279942779767,-5.0190986103019375,5.605344293957504,0.5605344293957504,0.3100794837674036,0.5288656672980294,0.3195435464062619,0.7478050101103452,4.912032383338848,4.097330361265466,2.305216807210856,5.840859248175573,151.34987882117943,134.98217239808977,100,130.68346214148727,19.13960366943204,225.51967220641225,0.21,9.0,16.0,13.498217239808977,137.85166158137045,164.8480960609884,0.3988279942779767,0.0310079483767403,0.0407308237088326,0.1416554953164578,0.2998014930196232,median-disjoint-OLS,disjoint,median,OLS,universal_frechet_max_ar_xi10.00_theta0.10,,,,,,
universal,frechet_max_ar,10.0,0.1,0.3486784401000001,sliding_mean_fgls,365.0,100,41,0.9554040456674848,0.1799213515704584,-9.044595954332516,9.044595954332516,0.9044595954332516,0.0179921351570458,0.9002303340317951,0.9002294736008807,0.9002557497714718,20.56940758541163,14.050336219678156,9.03675419878742,28.45630683919902,114.68210956987566,84.62006537515795,100,107.62348038221188,32.916774616023915,188.8499429313856,0.41,8.0,21.0,8.462006537515794,106.22010303235987,123.14411610739144,0.0179921351570458,0.0017992135157045,0.0491833305094317,0.3186715709566465,0.5079874943890338,mean-sliding-FGLS,sliding,mean,FGLS,universal_frechet_max_ar_xi10.00_theta0.10,,,,,,
universal,frechet_max_ar,10.0,0.1,0.3486784401000001,sliding_mean_ols,365.0,100,0,0.9554087206563296,0.1799211040845152,-9.04459127934367,9.04459127934367,0.904459127934367,0.0179921104084514,0.9002295347649434,0.900229393851346,0.9002554394047636,0.0150617677987975,0.0149474904528788,0.014943849264943,0.0149475507632818,361.4974775855696,7.188521078497051,100,359.80780721168975,359.8077552228862,359.8176362108404,0.0,8.0,21.0,0.7188521078497051,360.7786254777199,362.21632969341937,0.0179921104084515,0.0017992110408451,0.0,0.0,0.0369948074760019,mean-sliding-OLS,sliding,mean,OLS,universal_frechet_max_ar_xi10.00_theta0.10,,,,,,
universal,frechet_max_ar,10.0,0.1,0.3486784401000001,disjoint_mean_fgls,365.0,100,91,0.5842645152037546,3.6877319589186337,-9.415735484796246,9.415735484796246,0.9415735484796244,0.3687731958918634,0.9026018258540688,0.8986508649208048,0.906861488887148,64.91230983102459,56.676676512352,29.51629779622659,90.76166247137814,74.304753002792,49.120639247422694,100,62.230904240975576,36.08726867773443,100.52359090022657,0.91,11.0,17.0,4.912063924742269,69.39268907804973,79.21681692753427,0.3687731958918633,0.0368773195891863,0.0286181760425083,0.8377362530335634,0.9519280048361152,mean-disjoint-FGLS,disjoint,mean,FGLS,universal_frechet_max_ar_xi10.00_theta0.10,,,,,,
universal,frechet_max_ar,10.0,0.1,0.3486784401000001,disjoint_mean_ols,365.0,100,0,0.5556455623446969,3.9617458314777103,-9.444354437655305,9.444354437655305,0.9444354437655303,0.396174583147771,0.902791256666368,0.8994052976734317,0.906277732206697,0.4384810310544256,0.1520961344229083,0.0934464525758857,0.2419359887584254,369.44303791617807,120.01911252580388,100,358.6557775455596,356.14737912594717,359.70109451959826,0.0,11.0,17.0,12.001911252580388,357.4411266635977,381.44494916875846,0.396174583147771,0.0396174583147771,0.0,0.0,0.0369948074760019,mean-disjoint-OLS,disjoint,mean,OLS,universal_frechet_max_ar_xi10.00_theta0.10,,,,,,
universal,frechet_max_ar,10.0,0.1,0.3486784401000001,sliding_mode_fgls,365.0,100,79,4.794684236257989,5.839070306242705,-5.20531576374201,6.874653427968419,0.6874653427968418,0.370479447301586,0.9539283850883408,0.3118326648605425,0.9999999999999843,27.120241749983,24.111491876408685,13.978631589173332,33.827642275700704,46.01648932685911,47.68210301363568,100,31.212705654497743,21.064168619241784,53.14301876360035,0.79,10.0,14.0,4.768210301363569,41.24827902549554,50.784699628222675,0.5839070306242705,0.0370479447301586,0.0407308237088326,0.7001985069803768,0.8583445046835422,mode-sliding-FGLS,sliding,mode,FGLS,universal_frechet_max_ar_xi10.00_theta0.10,,,,,,
universal,frechet_max_ar,10.0,0.1,0.3486784401000001,sliding_mode_ols,365.0,100,4,4.771730081871505,5.818825944020911,-5.228269918128494,6.858060473484363,0.6858060473484363,0.3736519323992207,0.953566481508264,0.3405055769269401,0.999999999999998,0.9451686896611724,0.5997236903920949,9.765803085724463e-14,1.598180839774944,257.13337054620433,162.5482727251508,100,367.3688125078086,86.06727849447498,399.9999999999976,0.04,10.0,14.0,16.25482727251508,240.87854327368925,273.3881978187194,0.5818825944020911,0.037365193239922,0.0195959179422654,0.015663050551848,0.0983721723260737,mode-sliding-OLS,sliding,mode,OLS,universal_frechet_max_ar_xi10.00_theta0.10,,,,,,
universal,frechet_max_ar,10.0,0.1,0.3486784401000001,disjoint_mode_fgls,365.0,100,85,6.155486081875463,8.6629959929796,-3.844513918124538,7.434827911200192,0.7434827911200191,0.584312129264266,0.7188921076436372,0.3153778017994142,0.9999999999999772,28.04987072961871,23.75226601880567,16.506997506542206,40.27797486028832,50.32775535761824,85.38949388971776,100,31.526799495303763,18.93357462913577,46.32524003578406,0.85,10.0,16.5,8.538949388971776,41.78880596864646,58.86670474659002,0.86629959929796,0.0584312129264266,0.0357071421427142,0.7671626666784216,0.906940968088377,mode-disjoint-FGLS,disjoint,mode,FGLS,universal_frechet_max_ar_xi10.00_theta0.10,,,,,,
universal,frechet_max_ar,10.0,0.1,0.3486784401000001,disjoint_mode_ols,365.0,100,36,5.892547540014533,7.988100540659277,-4.107452459985466,7.13201382494184,0.7132013824941841,0.5428804327040748,0.6669721403941078,0.3217159598510684,0.9999999999999972,6.820268449408693,5.9048096916084765,2.4006742281407685,9.442964166482392,197.5820278199928,213.80243741943912,100,135.37557545187087,12.35186796494381,383.3286158377522,0.36,10.0,16.5,21.38024374194391,176.2017840780489,218.9622715619367,0.7988100540659278,0.0542880432704074,0.048,0.2727107459049014,0.4576478001883791,mode-disjoint-OLS,disjoint,mode,OLS,universal_frechet_max_ar_xi10.00_theta0.10,,,,,,
universal,frechet_max_ar,0.01,0.5,0.993092495437036,sliding_median_fgls,365.0,100,97,0.0054873060729022,0.0039071363194622,-0.0045126939270977,0.0053349064501686,0.5334906450168662,0.2662162241920814,0.5241227061235745,0.3124517434417694,0.7559815806298711,0.0296480632808827,0.0275053965237165,0.0189218011705514,0.0373644091445706,0.0324925679373969,0.021140366886024,100,0.0284812905052542,0.0192908093205191,0.0396512669971885,0.97,11.5,17.0,0.0021140366886024,0.0303785312487945,0.0346066046259993,0.0003907136319462,0.0266216224192081,0.0170587221092319,0.915479219195973,0.9897456617765852,median-sliding-FGLS,sliding,median,FGLS,universal_frechet_max_ar_xi0.01_theta0.50,,,,,,
universal,frechet_max_ar,0.01,0.5,0.993092495437036,sliding_median_ols,365.0,100,8,0.0054995828402813,0.0039904972123647,-0.0045004171597186,0.0053846703086868,0.538467030868684,0.2663617119956505,0.5302765881126843,0.3355243904092457,0.760413406659643,0.0021135306468996,0.0019776918303262,0.0010728320954873,0.0027365321250615,0.1784797664694553,0.1178164200482168,100,0.166841183800191,0.0838234066519553,0.2828302882399888,0.08,11.5,17.0,0.0117816420048216,0.1666981244646336,0.1902614084742769,0.0003990497212364,0.026636171199565,0.027129319932501,0.0410929694858109,0.1499826687940307,median-sliding-OLS,sliding,median,OLS,universal_frechet_max_ar_xi0.01_theta0.50,,,,,,
universal,frechet_max_ar,0.01,0.5,0.993092495437036,disjoint_median_fgls,365.0,100,97,0.0072088735024289,0.00473358652943,-0.002791126497571,0.0045216202141565,0.4521620214156518,0.3102314349789441,0.4268429187968205,0.2016595123171866,0.6591163247140921,0.0293184322030734,0.0275418677237104,0.0210427588569932,0.0347103177610386,0.0304390279110315,0.0137929316133904,100,0.0280416926489952,0.0212278414931382,0.0359931319293439,0.97,10.0,16.0,0.001379293161339,0.0290597347496925,0.0318183210723706,0.000473358652943,0.0310231434978944,0.0170587221092319,0.915479219195973,0.9897456617765852,median-disjoint-FGLS,disjoint,median,FGLS,universal_frechet_max_ar_xi0.01_theta0.50,,,,,,
universal,frechet_max_ar,0.01,0.5,0.993092495437036,disjoint_median_ols,365.0,100,32,0.0072737785809751,0.0048609160403008,-0.0027262214190248,0.0045908737217796,0.4590873721779696,0.3137969072274902,0.4318783696095529,0.1898959227768801,0.6517351149580008,0.0048806432978815,0.0040123706414856,0.0025461933625578,0.0065378003596749,0.1173869065725607,0.1261783740960022,100,0.0771414430509446,0.0098551246415453,0.1805569459650524,0.32,10.0,16.0,0.0126178374096002,0.1047690691629605,0.130004743982161,0.00048609160403,0.031379690722749,0.0466476151587624,0.2366901081545688,0.4166280225367919,median-disjoint-OLS,disjoint,median,OLS,universal_frechet_max_ar_xi0.01_theta0.50,,,,,,
universal,frechet_max_ar,0.01,0.5,0.993092495437036,sliding_mean_fgls,365.0,100,98,0.00907511144776,0.0014682860640144,-0.0009248885522399,0.0013714524654402,0.137145246544029,0.1058320708692886,0.1170340786906578,0.053463353430457,0.190565291555798,0.0246752910574116,0.0215532969572822,0.0133950019953072,0.0295472008867542,0.0249826300623452,0.0152744579244613,100,0.0217439948812169,0.0138643203427246,0.0297707090455303,0.98,9.0,16.5,0.0015274457924461,0.0234551842698991,0.0265100758547913,0.0001468286064014,0.0105832070869288,0.014,0.9299868370580064,0.9944981477650318,mean-sliding-FGLS,sliding,mean,FGLS,universal_frechet_max_ar_xi0.01_theta0.50,,,,,,
universal,frechet_max_ar,0.01,0.5,0.993092495437036,sliding_mean_ols,365.0,100,5,0.0090786303258,0.0014733181526885,-0.0009213696741999,0.0013731975657221,0.1373197565722117,0.1059926735261672,0.1168784447572814,0.0516753434226672,0.1943950118871393,0.0001529590352855,0.000101346257416,5.7606534713247615e-05,0.000210414969655,0.0522659487336041,0.0425489815064388,100,0.0456740823867564,0.0192803842744708,0.0731104579747821,0.05,9.0,16.5,0.0042548981506438,0.0480110505829602,0.056520846884248,0.0001473318152688,0.0105992673526167,0.0217944947177033,0.0215433614563135,0.1117519652720881,mean-sliding-OLS,sliding,mean,OLS,universal_frechet_max_ar_xi0.01_theta0.50,,,,,,
universal,frechet_max_ar,0.01,0.5,0.993092495437036,disjoint_mean_fgls,365.0,100,98,0.0088906282216333,0.0026147237728669,-0.0011093717783666,0.0022641521229783,0.2264152122978321,0.170345267652862,0.1889804539397402,0.1027026164590115,0.3540176876186176,0.0244143815273116,0.0221917270274583,0.0152291804938184,0.0287967901063201,0.0252461054038751,0.0131007022766936,100,0.0226182520193807,0.0155522770671785,0.0295625061224879,0.98,9.0,16.0,0.0013100702276693,0.0239360351762058,0.0265561756315445,0.0002614723772866,0.0170345267652862,0.014,0.9299868370580064,0.9944981477650318,mean-disjoint-FGLS,disjoint,mean,FGLS,universal_frechet_max_ar_xi0.01_theta0.50,,,,,,
universal,frechet_max_ar,0.01,0.5,0.993092495437036,disjoint_mean_ols,365.0,100,43,0.0089218200693569,0.0027155251642555,-0.001078179930643,0.002305485751408,0.2305485751408069,0.178306952492917,0.1980281398679815,0.096416451134942,0.348627413860277,0.0036240286382986,0.0029483195395588,0.0018239402609285,0.0049069904905533,0.0479624983310089,0.0602988509607636,100,0.0176935996887062,0.0047966030786685,0.0733532631674738,0.43,9.0,16.0,0.0060298850960763,0.0419326132349325,0.0539923834270852,0.0002715525164255,0.0178306952492917,0.0495075751779462,0.3373313900052838,0.5278478830413564,mean-disjoint-OLS,disjoint,mean,OLS,universal_frechet_max_ar_xi0.01_theta0.50,,,,,,
universal,frechet_max_ar,0.01,0.5,0.993092495437036,sliding_mode_fgls,365.0,100,94,0.0030923531798541,0.0021028471216296,-0.0069076468201458,0.0069076468201458,0.6907646820145834,0.2102847121629651,0.7156422311961999,0.566750931180803,0.8562067539197795,0.0506751075887974,0.0463203679227407,0.0311676248466615,0.0665953316386632,0.0547866796800195,0.0275227798363554,100,0.0504624680576022,0.0324261301686253,0.0701696061041709,0.94,10.0,16.5,0.0027522779836355,0.052034401696384,0.0575389576636551,0.0002102847121629,0.0210284712162965,0.0237486841740758,0.8752303146877748,0.9722142547333432,mode-sliding-FGLS,sliding,mode,FGLS,universal_frechet_max_ar_xi0.01_theta0.50,,,,,,
universal,frechet_max_ar,0.01,0.5,0.993092495437036,sliding_mode_ols,365.0,100,0,0.0030920421537073,0.0020631504536599,-0.0069079578462926,0.0069079578462926,0.6907957846292697,0.2063150453659921,0.714539591428723,0.5844782289879014,0.8579582855930833,0.0008853516933552,0.0007223463703504,0.0003678995172807,0.0011309351478939,0.2594966316779581,0.0857227229202944,100,0.2728042383053776,0.2145308324312097,0.3253025920660495,0.0,10.0,16.5,0.0085722722920294,0.2509243593859286,0.2680689039699875,0.0002063150453659,0.0206315045365992,0.0,0.0,0.0369948074760019,mode-sliding-OLS,sliding,mode,OLS,universal_frechet_max_ar_xi0.01_theta0.50,,,,,,
universal,frechet_max_ar,0.01,0.5,0.993092495437036,disjoint_mode_fgls,365.0,100,95,0.007851247288731,0.0072541520462203,-0.0021487527112689,0.0057678060872547,0.5767806087254788,0.486650537763018,0.452418335040077,0.2577328221274646,0.7270049252573125,0.0391298011185695,0.033228077186336,0.026218796298695,0.0467090141235961,0.0438260888038388,0.0262621017418545,100,0.0358335345136349,0.0268470707214892,0.0539933519404595,0.95,10.0,16.0,0.0026262101741854,0.0411998786296534,0.0464522989780243,0.000725415204622,0.0486650537763018,0.0217944947177033,0.8882480347279118,0.9784566385436864,mode-disjoint-FGLS,disjoint,mode,FGLS,universal_frechet_max_ar_xi0.01_theta0.50,,,,,,
universal,frechet_max_ar,0.01,0.5,0.993092495437036,disjoint_mode_ols,365.0,100,32,0.0080344248294942,0.0073428769143589,-0.0019655751705057,0.0056778606997667,0.5677860699766797,0.5025595757496024,0.4580130540659987,0.2177255213771039,0.7071451928286414,0.0064412713940855,0.0047038671060203,0.0032686714801531,0.0073393410340724,0.136988985131982,0.1613574061014914,100,0.0783535534861732,0.0110126755302528,0.2099499921454989,0.32,10.0,16.0,0.0161357406101491,0.1208532445218328,0.1531247257421311,0.0007342876914358,0.0502559575749602,0.0466476151587624,0.2366901081545688,0.4166280225367919,mode-disjoint-OLS,disjoint,mode,OLS,universal_frechet_max_ar_xi0.01_theta0.50,,,,,,
universal,frechet_max_ar,0.03,0.5,0.9794202975869268,sliding_median_fgls,365.0,100,100,0.0203403641939028,0.0098822144145323,-0.0096596358060971,0.0115791479140866,0.3859715971362212,0.2505067313570561,0.3341796361024052,0.1929652188769531,0.574389379304673,0.0866362289149859,0.0801725760480842,0.0571733792543643,0.1096257591629566,0.0866362289149859,0.0437152020367107,100,0.0801725760480842,0.0571733792543643,0.1096257591629566,1.0,9.0,16.0,0.004371520203671,0.0822647087113148,0.091007749118657,0.0009882214414532,0.0250506731357056,0.0,0.963005192523998,1.0,median-sliding-FGLS,sliding,median,FGLS,universal_frechet_max_ar_xi0.03_theta0.50,,,,,,
universal,frechet_max_ar,0.03,0.5,0.9794202975869268,sliding_median_ols,365.0,100,22,0.020435436360997,0.0101003703520439,-0.0095645636390029,0.0117140661632769,0.3904688721092327,0.2490359368161412,0.3466715875079736,0.1948004414549793,0.5754079778503715,0.0088891089077576,0.0073488185606378,0.0050062623853885,0.0117614725450619,0.3330309419326205,0.3103562864495366,100,0.2227825578977823,0.0705518005521035,0.5471480731612063,0.22,9.0,16.0,0.0310356286449536,0.3019953132876668,0.3640665705775742,0.0010100370352043,0.0249035936816141,0.0414246303544159,0.150011745036558,0.3107053471500031,median-sliding-OLS,sliding,median,OLS,universal_frechet_max_ar_xi0.03_theta0.50,,,,,,
universal,frechet_max_ar,0.03,0.5,0.9794202975869268,disjoint_median_fgls,365.0,100,99,0.0234539842420651,0.0147865360983257,-0.0065460157579348,0.0125965170035198,0.4198839001173297,0.3360717732591934,0.3653079348387091,0.175605895167577,0.6200239974674107,0.0942455179972727,0.0853542995333295,0.061530974062406,0.117451655732836,0.0970322078277811,0.0528422458769038,100,0.0855870548471033,0.0626207289115082,0.1182133827873565,0.99,9.0,16.0,0.0052842245876903,0.0917479832400907,0.1023164324154715,0.0014786536098325,0.0336071773259193,0.0099498743710662,0.9455124752390652,0.9982326134344526,median-disjoint-FGLS,disjoint,median,FGLS,universal_frechet_max_ar_xi0.03_theta0.50,,,,,,
universal,frechet_max_ar,0.03,0.5,0.9794202975869268,disjoint_median_ols,365.0,100,29,0.0237930050647221,0.0149777877393294,-0.0062069949352778,0.0127589100199584,0.4252970006652829,0.3313540318615408,0.3885854258054564,0.1856546233133107,0.6026022815164388,0.0132005312308801,0.0120938456698878,0.0079533637715116,0.0172753546555657,0.3094619715043542,0.3617033157262745,100,0.1373696327110039,0.0227919396876888,0.5445202094841775,0.29,9.0,16.0,0.0361703315726274,0.2732916399317268,0.3456323030769817,0.0014977787739329,0.033135403186154,0.0453762052181537,0.2101470697398414,0.3853907494000793,median-disjoint-OLS,disjoint,median,OLS,universal_frechet_max_ar_xi0.03_theta0.50,,,,,,
universal,frechet_max_ar,0.03,0.5,0.9794202975869268,sliding_mean_fgls,365.0,100,100,0.0288948082460345,0.0051962698349376,-0.0011051917539654,0.0042026952908916,0.1400898430297213,0.1074654910312145,0.1255254338060415,0.0590115512482757,0.1984711486947797,0.075785028559147,0.0701877971342485,0.0407225630997927,0.1083566616536687,0.075785028559147,0.0420836229913654,100,0.0701877971342485,0.0407225630997927,0.1083566616536687,1.0,10.0,18.0,0.0042083622991365,0.0715766662600104,0.0799933908582835,0.0005196269834937,0.0107465491031214,0.0,0.963005192523998,1.0,mean-sliding-FGLS,sliding,mean,FGLS,universal_frechet_max_ar_xi0.03_theta0.50,,,,,,
universal,frechet_max_ar,0.03,0.5,0.9794202975869268,sliding_mean_ols,365.0,100,6,0.0289246189675363,0.0052124699823489,-0.0010753810324636,0.004207494932236,0.140249831074534,0.1077865020102808,0.1207586085358963,0.0590227721357532,0.1984474043931394,0.0005454388157443,0.0003860009712607,0.0001923007879833,0.0006979150375216,0.1589670079554196,0.1288833194847319,100,0.1348102211350063,0.0555048769412785,0.2283253922978313,0.06,10.0,18.0,0.0128883319484731,0.1460786760069464,0.1718553399038928,0.0005212469982348,0.010778650201028,0.0237486841740758,0.0277857452666566,0.124769685312225,mean-sliding-OLS,sliding,mean,OLS,universal_frechet_max_ar_xi0.03_theta0.50,,,,,,
universal,frechet_max_ar,0.03,0.5,0.9794202975869268,disjoint_mean_fgls,365.0,100,100,0.0286490866255859,0.0079851550717091,-0.001350913374414,0.0062693808807973,0.2089793626932453,0.1696530586008007,0.1720677532554291,0.0825590440835498,0.3251256714606294,0.0738047696065895,0.0731411724223878,0.0448216179153109,0.0957603852451866,0.0738047696065895,0.0380584877854281,100,0.0731411724223878,0.0448216179153109,0.0957603852451866,1.0,8.0,16.0,0.0038058487785428,0.0699989208280467,0.0776106183851323,0.0007985155071709,0.01696530586008,0.0,0.963005192523998,1.0,mean-disjoint-FGLS,disjoint,mean,FGLS,universal_frechet_max_ar_xi0.03_theta0.50,,,,,,
universal,frechet_max_ar,0.03,0.5,0.9794202975869268,disjoint_mean_ols,365.0,100,49,0.0288273132495864,0.0080423543193927,-0.0011726867504135,0.0062936858835483,0.2097895294516127,0.170156660444725,0.1581156400697808,0.0882651523867671,0.3176286599759008,0.0113955648218863,0.0092097602149156,0.0053940382154934,0.0148791592729206,0.1174772233462635,0.1634600495540206,100,0.0318303503402041,0.0143373692042463,0.1597369707361766,0.49,8.0,16.0,0.016346004955402,0.1011312183908615,0.1338232283016656,0.0008042354319392,0.0170156660444725,0.0499899989997999,0.3942183009238614,0.5865215952256586,mean-disjoint-OLS,disjoint,mean,OLS,universal_frechet_max_ar_xi0.03_theta0.50,,,,,,
universal,frechet_max_ar,0.03,0.5,0.9794202975869268,sliding_mode_fgls,365.0,100,96,0.0125168543850318,0.0076683483095442,-0.0174831456149681,0.0175838842499713,0.5861294749990451,0.2477348004044677,0.6200570022981828,0.3885812698510543,0.7678213039872734,0.1736045974807364,0.1574717362181422,0.1077459972080484,0.2345155285461153,0.1803459661546682,0.0868545297003133,100,0.1622786207566896,0.1123194440263479,0.2359619722007353,0.96,11.0,17.0,0.0086854529700313,0.1716605131846369,0.1890314191246996,0.0007668348309544,0.0247734800404467,0.0195959179422654,0.9016278276739262,0.984336949448152,mode-sliding-FGLS,sliding,mode,FGLS,universal_frechet_max_ar_xi0.03_theta0.50,,,,,,
universal,frechet_max_ar,0.03,0.5,0.9794202975869268,sliding_mode_ols,365.0,100,5,0.0127015298416132,0.0077792647847,-0.0172984701583867,0.0173965824728019,0.5798860824267321,0.2518345239754798,0.6285346996749497,0.3710491527762921,0.758042939734591,0.0028080249035683,0.0018854407769954,0.0011471132095193,0.0034584742060499,0.6457829873922952,0.3187007046956343,100,0.7225518533294993,0.3848690494882801,0.8605333815604966,0.05,11.0,17.0,0.0318700704695634,0.6139129169227318,0.6776530578618587,0.00077792647847,0.0251834523975479,0.0217944947177033,0.0215433614563135,0.1117519652720881,mode-sliding-OLS,sliding,mode,OLS,universal_frechet_max_ar_xi0.03_theta0.50,,,,,,
universal,frechet_max_ar,0.03,0.5,0.9794202975869268,disjoint_mode_fgls,365.0,100,97,0.0239108840830333,0.0174578903225224,-0.0060891159169666,0.0141215567863662,0.47071855954554,0.3955265023772841,0.3701600340512803,0.1678872383939383,0.6461740263680951,0.1116394527454618,0.1002467596848346,0.066084816923937,0.1498524191223688,0.1130839934004089,0.0576415214738708,100,0.1004891808104914,0.0670651780664015,0.1520460774870292,0.97,8.0,16.0,0.005764152147387,0.1073198412530218,0.1188481455477959,0.0017457890322522,0.0395526502377284,0.0170587221092319,0.915479219195973,0.9897456617765852,mode-disjoint-FGLS,disjoint,mode,FGLS,universal_frechet_max_ar_xi0.03_theta0.50,,,,,,
universal,frechet_max_ar,0.03,0.5,0.9794202975869268,disjoint_mode_ols,365.0,100,36,0.0239220190253122,0.0185256412376238,-0.0060779809746877,0.0149489612061331,0.4982987068711033,0.4147096140602979,0.4094323218865886,0.1866378850363211,0.6746120164188572,0.0220816148306733,0.0149051924922954,0.0105710923482604,0.02709357930797,0.3019346397114957,0.3399980152877665,100,0.1317476386123376,0.0302033849712861,0.4925445641040417,0.36,8.0,16.0,0.0339998015287766,0.2679348381827191,0.3359344412402724,0.0018525641237623,0.0414709614060297,0.048,0.2727107459049014,0.4576478001883791,mode-disjoint-OLS,disjoint,mode,OLS,universal_frechet_max_ar_xi0.03_theta0.50,,,,,,
universal,frechet_max_ar,0.1,0.5,0.9330329915368074,sliding_median_fgls,365.0,100,97,0.0565311379221151,0.033148458363396,-0.0434688620778848,0.0476794050909956,0.4767940509099561,0.2666758311807832,0.5146627640784232,0.2410715950153948,0.6674142486555947,0.2783246976483212,0.2401941419207343,0.1771194565791025,0.3480487435742251,0.2861698643278603,0.1463483406519032,100,0.2461155464660054,0.1784570730842409,0.3565713839605607,0.97,9.0,16.0,0.0146348340651903,0.27153503026267,0.3008046983930507,0.0033148458363396,0.0266675831180783,0.0170587221092319,0.915479219195973,0.9897456617765852,median-sliding-FGLS,sliding,median,FGLS,universal_frechet_max_ar_xi0.10_theta0.50,,,,,,
universal,frechet_max_ar,0.1,0.5,0.9330329915368074,sliding_median_ols,365.0,100,16,0.0562326342118797,0.0330002914685637,-0.0437673657881202,0.0476772395391594,0.4767723953915943,0.2697908248091301,0.5157392441373441,0.2346147678649942,0.658546312695329,0.0238315020776294,0.0201074488142758,0.0107965012851257,0.030362516556787,1.5511528746890262,1.1493271618157526,100,1.6896815983446194,0.4111877284623778,2.3069852516855387,0.16,9.0,16.0,0.1149327161815752,1.436220158507451,1.6660855908706014,0.0033000291468563,0.026979082480913,0.0366606055596467,0.1009520234947371,0.2442044455889441,median-sliding-OLS,sliding,median,OLS,universal_frechet_max_ar_xi0.10_theta0.50,,,,,,
universal,frechet_max_ar,0.1,0.5,0.9330329915368074,disjoint_median_fgls,365.0,100,99,0.0726527153370327,0.0429811282580855,-0.0273472846629672,0.0419757889592362,0.4197578895923625,0.2868869365442805,0.3859186685313634,0.1843739652497281,0.5961232214703518,0.2883007783178719,0.2712163781310275,0.172005166222129,0.3719138867192288,0.2960152570135478,0.1520697679793759,100,0.2734267163173929,0.176786559972851,0.3737202104002504,0.99,9.0,16.0,0.0152069767979375,0.2808082802156102,0.3112222338114854,0.0042981128258085,0.028688693654428,0.0099498743710662,0.9455124752390652,0.9982326134344526,median-disjoint-FGLS,disjoint,median,FGLS,universal_frechet_max_ar_xi0.10_theta0.50,,,,,,
universal,frechet_max_ar,0.1,0.5,0.9330329915368074,disjoint_median_ols,365.0,100,39,0.0738440412727315,0.0430571758599464,-0.0261559587272684,0.0415778843608001,0.4157788436080019,0.2826274447714371,0.3781550142604483,0.2032951784755168,0.5916447280723403,0.0481645244525028,0.0403259940259088,0.0218556836331061,0.0653263868370324,1.048784957224862,1.1729923994346036,100,0.5176286936828984,0.0818604554802092,1.8382138315100944,0.39,9.0,16.0,0.1172992399434603,0.9314857172814016,1.1660841971683222,0.0043057175859946,0.0282627444771437,0.0487749935930287,0.300167219319702,0.4879716383250184,median-disjoint-OLS,disjoint,median,OLS,universal_frechet_max_ar_xi0.10_theta0.50,,,,,,
universal,frechet_max_ar,0.1,0.5,0.9330329915368074,sliding_mean_fgls,365.0,100,100,0.0894021900192472,0.0170426214768335,-0.0105978099807527,0.0162509251190482,0.1625092511904828,0.1171062913964456,0.1457190489399451,0.0666228736399662,0.2186935116463742,0.2646269572565302,0.2250424107153269,0.1463547892661845,0.3495541820131399,0.2646269572565302,0.1538876109690574,100,0.2250424107153269,0.1463547892661845,0.3495541820131399,1.0,10.0,17.0,0.0153887610969057,0.2492381961596245,0.2800157183534359,0.0017042621476833,0.0117106291396445,0.0,0.963005192523998,1.0,mean-sliding-FGLS,sliding,mean,FGLS,universal_frechet_max_ar_xi0.10_theta0.50,,,,,,
universal,frechet_max_ar,0.1,0.5,0.9330329915368074,sliding_mean_ols,365.0,100,1,0.08953566669607,0.0172926754746397,-0.01046433330393,0.0163149704384343,0.1631497043843434,0.1186499264278669,0.1504081297753558,0.0668972010857137,0.2181471862002821,0.0017925360217125,0.0011337501350674,0.0006956648912866,0.0018910424307331,0.6186007197649874,0.4629680232804315,100,0.5606523729580903,0.2404951039488012,0.8489794887549038,0.01,10.0,17.0,0.0462968023280431,0.5723039174369443,0.6648975220930305,0.0017292675474639,0.0118649926427866,0.0099498743710662,0.0017673865655472,0.0544875247609346,mean-sliding-OLS,sliding,mean,OLS,universal_frechet_max_ar_xi0.10_theta0.50,,,,,,
universal,frechet_max_ar,0.1,0.5,0.9330329915368074,disjoint_mean_fgls,365.0,100,99,0.0877614836506057,0.0243307850619881,-0.0122385163493942,0.0219492990866712,0.2194929908667121,0.1602008785564582,0.1932717925742136,0.0912217168543785,0.323082735456687,0.2516497114809667,0.2204581166327053,0.1551016575048157,0.316663670634387,0.2519825960768579,0.1322963463650473,100,0.2204581166327053,0.1551016575048157,0.316663670634387,0.99,9.0,16.0,0.0132296346365047,0.2387529614403532,0.2652122307133627,0.0024330785061988,0.0160200878556458,0.0099498743710662,0.9455124752390652,0.9982326134344526,mean-disjoint-FGLS,disjoint,mean,FGLS,universal_frechet_max_ar_xi0.10_theta0.50,,,,,,
universal,frechet_max_ar,0.1,0.5,0.9330329915368074,disjoint_mean_ols,365.0,100,42,0.088347015213287,0.0254746671500042,-0.0116529847867129,0.0222182835721105,0.2221828357211056,0.1695534864772098,0.1951940487317867,0.0947668606116387,0.3192600793670909,0.0369893116806353,0.0283161298538833,0.0190698498646909,0.0503268846726819,0.4099084490305168,0.5358095505498469,100,0.1090858974684018,0.0497273125308845,0.6017757657124857,0.42,9.0,16.0,0.0535809550549846,0.3563274939755321,0.4634894040855015,0.0025474667150004,0.0169553486477209,0.0493558507170122,0.327982249185113,0.5179369200110473,mean-disjoint-OLS,disjoint,mean,OLS,universal_frechet_max_ar_xi0.10_theta0.50,,,,,,
universal,frechet_max_ar,0.1,0.5,0.9330329915368074,sliding_mode_fgls,365.0,100,97,0.0395468217216273,0.0261398492372431,-0.0604531782783726,0.062120810597824,0.6212081059782405,0.2183617736716815,0.6723312371492121,0.4932270530965024,0.7876660458490727,0.4638231801002567,0.389605849306485,0.2749738719193935,0.5801268964191569,0.5031117899059874,0.320714442084722,100,0.401382253175254,0.2857854066440832,0.6124577894665473,0.97,9.0,17.0,0.0320714442084722,0.4710403456975152,0.5351832341144596,0.0026139849237243,0.0218361773671681,0.0170587221092319,0.915479219195973,0.9897456617765852,mode-sliding-FGLS,sliding,mode,FGLS,universal_frechet_max_ar_xi0.10_theta0.50,,,,,,
universal,frechet_max_ar,0.1,0.5,0.9330329915368074,sliding_mode_ols,365.0,100,3,0.0401072447702476,0.0267910721687116,-0.0598927552297524,0.0617603195699125,0.6176031956991256,0.220968709358244,0.6762161624761229,0.4833563759535069,0.7865163869115372,0.0096788528986608,0.0072308531000959,0.0036072848396761,0.0119810809925932,2.2939478261060926,0.936775152432494,100,2.5703281441717696,1.6555095089357832,3.008032458193876,0.03,9.0,17.0,0.0936775152432493,2.200270310862843,2.387625341349342,0.0026791072168711,0.0220968709358244,0.0170587221092319,0.0102543382234148,0.0845207808040269,mode-sliding-OLS,sliding,mode,OLS,universal_frechet_max_ar_xi0.10_theta0.50,,,,,,
universal,frechet_max_ar,0.1,0.5,0.9330329915368074,disjoint_mode_fgls,365.0,100,96,0.0652430886816823,0.0487502218711731,-0.0347569113183176,0.0489068395060821,0.4890683950608216,0.3436262688361986,0.4522676957700913,0.2315329152001406,0.6522079394513849,0.3924580032304925,0.3513057166097571,0.2151228527456892,0.5012891916865144,0.4090356730036032,0.2447031500200016,100,0.3632807907529407,0.2283748969713278,0.5129403702377271,0.96,9.0,16.0,0.0244703150020001,0.3845653580016031,0.4335059880056033,0.0048750221871173,0.0343626268836198,0.0195959179422654,0.9016278276739262,0.984336949448152,mode-disjoint-FGLS,disjoint,mode,FGLS,universal_frechet_max_ar_xi0.10_theta0.50,,,,,,
universal,frechet_max_ar,0.1,0.5,0.9330329915368074,disjoint_mode_ols,365.0,100,32,0.0667576396811901,0.0492484900468628,-0.0332423603188098,0.0484981666207616,0.4849816662076164,0.3414381332024723,0.4505209148336055,0.2371841880493216,0.6493053178711314,0.0594890051774698,0.050391268427658,0.0258622715581116,0.0693390819628957,1.0587217170095813,1.1653977797612065,100,0.667055373246568,0.1010025775671043,1.6192988245036075,0.32,9.0,16.0,0.1165397779761206,0.9421819390334608,1.175261494985702,0.0049248490046862,0.0341438133202472,0.0466476151587624,0.2366901081545688,0.4166280225367919,mode-disjoint-OLS,disjoint,mode,OLS,universal_frechet_max_ar_xi0.10_theta0.50,,,,,,
universal,frechet_max_ar,0.3,0.5,0.8122523963562356,sliding_median_fgls,365.0,100,97,0.1897005578546025,0.1029587392840277,-0.1102994421453974,0.1284811271256258,0.428270423752086,0.2627888050544953,0.400863237199033,0.2127917647596172,0.6449164636591433,0.8305853194962356,0.7756503267965464,0.5331662432622355,1.0449201984791283,0.8552407048889912,0.4545884908369504,100,0.7783854263867203,0.5420005208988984,1.085014556647471,0.97,10.0,17.0,0.045458849083695,0.8097818558052962,0.9006995539726862,0.0102958739284027,0.0262788805054495,0.0170587221092319,0.915479219195973,0.9897456617765852,median-sliding-FGLS,sliding,median,FGLS,universal_frechet_max_ar_xi0.30_theta0.50,,,,,,
universal,frechet_max_ar,0.3,0.5,0.8122523963562356,sliding_median_ols,365.0,100,19,0.1925838924766601,0.1052745042351141,-0.1074161075233398,0.1270738770731781,0.423579590243927,0.2672204676770156,0.3885610862941722,0.2044918113747536,0.6361650109494139,0.0799372695170212,0.0664755975917167,0.0448105793605732,0.1011882550414843,3.948183973220401,3.2345400958229193,100,3.3274827054082587,0.7456257322723272,6.491223750566228,0.19,10.0,17.0,0.3234540095822919,3.6247299636381087,4.271637982802693,0.0105274504235114,0.0267220467677015,0.039230090491866,0.1251465399270426,0.2777902407080785,median-sliding-OLS,sliding,median,OLS,universal_frechet_max_ar_xi0.30_theta0.50,,,,,,
universal,frechet_max_ar,0.3,0.5,0.8122523963562356,disjoint_median_fgls,365.0,100,97,0.2075531530595487,0.13261340230494,-0.0924468469404512,0.1374876021551989,0.4582920071839965,0.2813713030895892,0.4357934944270501,0.229186135737668,0.6866148442797122,0.9840376123526672,0.884727928878513,0.6087285364008728,1.2646281580507566,1.0079628127018034,0.5386875693660814,100,0.895283295946091,0.6284671854023429,1.29312267174565,0.97,9.5,17.0,0.0538687569366081,0.9540940557651952,1.0618315696384115,0.013261340230494,0.0281371303089589,0.0170587221092319,0.915479219195973,0.9897456617765852,median-disjoint-FGLS,disjoint,median,FGLS,universal_frechet_max_ar_xi0.30_theta0.50,,,,,,
universal,frechet_max_ar,0.3,0.5,0.8122523963562356,disjoint_median_ols,365.0,100,36,0.2152206518066028,0.1358880244089757,-0.0847793481933971,0.1346228422871627,0.4487428076238759,0.2871182693039948,0.3886977526067382,0.2100790453305756,0.6748971776881707,0.1568769266241266,0.1251833105643478,0.0784834161842877,0.2035941109830067,3.333762145267234,3.5926473170605187,100,1.9921502277516296,0.2715993160781805,6.4601230654592605,0.36,9.5,17.0,0.3592647317060519,2.974497413561182,3.6930268769732857,0.0135888024408975,0.0287118269303994,0.048,0.2727107459049014,0.4576478001883791,median-disjoint-OLS,disjoint,median,OLS,universal_frechet_max_ar_xi0.30_theta0.50,,,,,,
universal,frechet_max_ar,0.3,0.5,0.8122523963562356,sliding_mean_fgls,365.0,100,100,0.2792467855552982,0.055617777514416,-0.0207532144447017,0.047548750490895,0.1584958349696501,0.1175992567578572,0.1428321745729703,0.0700448528540377,0.2201400322411801,0.8984721379166298,0.7681970787150936,0.4504627352834354,1.0579024324132082,0.8984721379166298,0.6795462316725897,100,0.7681970787150936,0.4504627352834354,1.0579024324132082,1.0,10.0,17.0,0.0679546231672589,0.8305175147493709,0.9664267610838888,0.0055617777514416,0.0117599256757857,0.0,0.963005192523998,1.0,mean-sliding-FGLS,sliding,mean,FGLS,universal_frechet_max_ar_xi0.30_theta0.50,,,,,,
universal,frechet_max_ar,0.3,0.5,0.8122523963562356,sliding_mean_ols,365.0,100,0,0.279560820341892,0.0558829581679858,-0.0204391796581079,0.0476483940338931,0.1588279801129771,0.1179257015875061,0.1432980458677036,0.0688341085704912,0.2182602093324944,0.0047943425207489,0.0032663690707652,0.0018288378688424,0.0057723820490303,1.814843253461495,1.4176172830555964,100,1.658000676916801,0.6841012170250799,2.556935264498038,0.0,10.0,17.0,0.1417617283055596,1.6730815251559354,1.9566049817670548,0.0055882958167985,0.0117925701587506,0.0,0.0,0.0369948074760019,mean-sliding-OLS,sliding,mean,OLS,universal_frechet_max_ar_xi0.30_theta0.50,,,,,,
universal,frechet_max_ar,0.3,0.5,0.8122523963562356,disjoint_mean_fgls,365.0,100,99,0.2509907560366043,0.0780549362141496,-0.0490092439633955,0.0695648236511317,0.2318827455037726,0.2008480516554184,0.1840922017883504,0.0784398459204211,0.3047731453903933,0.8664995550127323,0.7969311611139571,0.553956031545648,1.0082725115677729,0.8821686237081656,0.473773255349447,100,0.8097416763964791,0.5577929725808757,1.035802465053251,0.99,9.0,16.0,0.0473773255349447,0.834791298173221,0.9295459492431104,0.0078054936214149,0.0200848051655418,0.0099498743710662,0.9455124752390652,0.9982326134344526,mean-disjoint-FGLS,disjoint,mean,FGLS,universal_frechet_max_ar_xi0.30_theta0.50,,,,,,
universal,frechet_max_ar,0.3,0.5,0.8122523963562356,disjoint_mean_ols,365.0,100,47,0.2517695169603365,0.077404306065509,-0.0482304830396634,0.0696787439009487,0.2322624796698292,0.1954178944454959,0.176534381327048,0.0784664762845896,0.3118322891933189,0.1219082493302756,0.0941910874031062,0.0611809945968931,0.1512961850743457,1.3687074627652125,1.789728256895882,100,0.3537775247313992,0.1317903562317078,2.048109562051538,0.47,9.0,16.0,0.1789728256895882,1.189734637075624,1.5476802884548004,0.0077404306065509,0.0195417894445495,0.0499099188538711,0.3751065198210374,0.5671131686275227,mean-disjoint-OLS,disjoint,mean,OLS,universal_frechet_max_ar_xi0.30_theta0.50,,,,,,
universal,frechet_max_ar,0.3,0.5,0.8122523963562356,sliding_mode_fgls,365.0,100,97,0.1300818393790516,0.0882550449709328,-0.1699181606209483,0.1763034125517757,0.5876780418392525,0.2484599357441967,0.6297767889248576,0.4175428521042311,0.7716491853782728,1.223912833528229,1.138369116457409,0.7649705096939509,1.7293058790712372,1.294161628384711,0.7268733641075834,100,1.1641135778016638,0.816723424268787,1.733099385627762,0.97,11.0,17.0,0.0726873364107583,1.2214742919739527,1.3668489647954694,0.0088255044970932,0.0248459935744196,0.0170587221092319,0.915479219195973,0.9897456617765852,mode-sliding-FGLS,sliding,mode,FGLS,universal_frechet_max_ar_xi0.30_theta0.50,,,,,,
universal,frechet_max_ar,0.3,0.5,0.8122523963562356,sliding_mode_ols,365.0,100,3,0.1315038138090587,0.0887764011959846,-0.1684961861909412,0.1752938576539301,0.5843128588464337,0.2476707461204817,0.6087809612541666,0.4368070272189343,0.7699729466172265,0.0281365307355912,0.0212134889843567,0.0141635544234169,0.0327061992439065,6.490961554731988,3.0492104664132325,100,7.024681803762082,4.5269028476498665,8.818471785491221,0.03,11.0,17.0,0.3049210466413232,6.186040508090665,6.795882601373311,0.0088776401195984,0.0247670746120481,0.0170587221092319,0.0102543382234148,0.0845207808040269,mode-sliding-OLS,sliding,mode,OLS,universal_frechet_max_ar_xi0.30_theta0.50,,,,,,
universal,frechet_max_ar,0.3,0.5,0.8122523963562356,disjoint_mode_fgls,365.0,100,97,0.2514066395394412,0.1435397762754144,-0.0485933604605588,0.1247350843869161,0.4157836146230539,0.2842696768832677,0.3893198016789749,0.1737840499358647,0.5784068632574181,0.9696235739654382,0.8268700354153824,0.5594781344317961,1.2130265784880017,1.0079195599025907,0.5548921837788638,100,0.8653775362357086,0.5942334012870057,1.3496190524135905,0.97,8.0,16.0,0.0554892183778863,0.9524303415247044,1.063408778280477,0.0143539776275414,0.0284269676883267,0.0170587221092319,0.915479219195973,0.9897456617765852,mode-disjoint-FGLS,disjoint,mode,FGLS,universal_frechet_max_ar_xi0.30_theta0.50,,,,,,
universal,frechet_max_ar,0.3,0.5,0.8122523963562356,disjoint_mode_ols,365.0,100,46,0.2517229975940946,0.1446801378989278,-0.0482770024059054,0.1234523623105713,0.411507874368571,0.2961254110039928,0.3765737326137103,0.1535985390372297,0.6023323578209239,0.2452327039009791,0.209906721407003,0.1477063619989269,0.3304609808079136,2.1560673496331617,2.5693030594500734,100,0.8375290462082974,0.3092255252633412,3.385700187524789,0.46,8.0,16.0,0.2569303059450073,1.8991370436881545,2.412997655578169,0.0144680137898927,0.0296125411003992,0.0498397431775084,0.3656064385333186,0.5573531460647615,mode-disjoint-OLS,disjoint,mode,OLS,universal_frechet_max_ar_xi0.30_theta0.50,,,,,,
universal,frechet_max_ar,1.0,0.5,0.5,sliding_median_fgls,365.0,100,99,0.6117325358630971,0.3513295727451913,-0.3882674641369029,0.4434206830607145,0.4434206830607145,0.2776668040665673,0.4788527172172223,0.1673225930363138,0.6635025160061616,2.6492429845477425,2.4014928787553496,1.6493701060479766,3.2554198582225062,2.687573305678123,1.3899737300893749,100,2.433927728023166,1.6735476524074555,3.305117540756913,0.99,9.0,16.0,0.1389973730089375,2.5485759326691855,2.82657067868706,0.0351329572745191,0.0277666804066567,0.0099498743710662,0.9455124752390652,0.9982326134344526,median-sliding-FGLS,sliding,median,FGLS,universal_frechet_max_ar_xi1.00_theta0.50,,,,,,
universal,frechet_max_ar,1.0,0.5,0.5,sliding_median_ols,365.0,100,20,0.6193000414720566,0.355259261069568,-0.3806999585279433,0.4421353058805634,0.4421353058805634,0.2741301778555734,0.4594920266282798,0.1630613686374728,0.6542811833221198,0.227357631477049,0.1699901576910514,0.1101004914155451,0.2686101782199495,14.192593597984162,11.437738806765967,100,14.343678348932094,1.507875341378551,23.44859343091915,0.2,9.0,16.0,1.143773880676597,13.048819717307566,15.336367478660758,0.0355259261069568,0.0274130177855573,0.04,0.1333659225590988,0.2888309619265023,median-sliding-OLS,sliding,median,OLS,universal_frechet_max_ar_xi1.00_theta0.50,,,,,,
universal,frechet_max_ar,1.0,0.5,0.5,disjoint_median_fgls,365.0,100,99,0.6929139109801901,0.4303279385205757,-0.30708608901981,0.4442809671563435,0.4442809671563435,0.2847054150350218,0.4008423759109831,0.1794770162791721,0.6463692931110216,3.1470847543424707,2.819909325708604,1.9580265468866,4.089065875510769,3.2510827173884276,1.7542643698501204,100,2.9205636442934555,2.0115375377833917,4.199421238654972,0.99,10.0,17.0,0.175426436985012,3.0756562804034155,3.4265091543734396,0.0430327938520575,0.0284705415035021,0.0099498743710662,0.9455124752390652,0.9982326134344526,median-disjoint-FGLS,disjoint,median,FGLS,universal_frechet_max_ar_xi1.00_theta0.50,,,,,,
universal,frechet_max_ar,1.0,0.5,0.5,disjoint_median_ols,365.0,100,29,0.7006455539968371,0.4308933076081937,-0.2993544460031629,0.4403391791141607,0.4403391791141607,0.2834257314492054,0.399948085741295,0.2088127193151861,0.6574610375897364,0.4378477531352733,0.3243065785309833,0.2080693186517983,0.5966885629501473,11.729435352707078,11.64067527764347,100,8.444547946842146,1.029051279839173,20.4754972538194,0.29,10.0,17.0,1.164067527764347,10.565367824942731,12.893502880471424,0.0430893307608193,0.0283425731449205,0.0453762052181537,0.2101470697398414,0.3853907494000793,median-disjoint-OLS,disjoint,median,OLS,universal_frechet_max_ar_xi1.00_theta0.50,,,,,,
universal,frechet_max_ar,1.0,0.5,0.5,sliding_mean_fgls,365.0,100,99,0.7468824194701091,0.1219881229210438,-0.2531175805298908,0.2531175805298908,0.2531175805298908,0.1219881229210438,0.2590438978267144,0.1702563177546459,0.305877871787569,4.155920679617967,3.214736758918607,1.9605527853585087,5.6107497593705915,4.180447739349649,2.8771271596500267,100,3.214736758918607,2.0243951672491605,5.6107497593705915,0.99,10.0,18.0,0.2877127159650027,3.8927350233846463,4.468160455314652,0.0121988122921043,0.0121988122921043,0.0099498743710662,0.9455124752390652,0.9982326134344526,mean-sliding-FGLS,sliding,mean,FGLS,universal_frechet_max_ar_xi1.00_theta0.50,,,,,,
universal,frechet_max_ar,1.0,0.5,0.5,sliding_mean_ols,365.0,100,0,0.7470462454156287,0.1220267178045098,-0.2529537545843714,0.2529537545843714,0.2529537545843714,0.1220267178045097,0.2585975204618149,0.1701937138026727,0.3058467449308594,0.0074015124885377,0.0048133150263465,0.0028571548719688,0.0098076895454783,9.977521446092638,4.894932766929451,100,10.232643871034634,6.732419452453761,12.14040162800543,0.0,10.0,18.0,0.4894932766929451,9.488028169399692,10.467014722785583,0.0122026717804509,0.0122026717804509,0.0,0.0,0.0369948074760019,mean-sliding-OLS,sliding,mean,OLS,universal_frechet_max_ar_xi1.00_theta0.50,,,,,,
universal,frechet_max_ar,1.0,0.5,0.5,disjoint_mean_fgls,365.0,100,99,0.7066339864386366,0.2239651432176004,-0.2933660135613634,0.3070056948431728,0.3070056948431728,0.2046675125080296,0.2565532642392867,0.1703843100437865,0.4168649221497205,4.927134214831185,3.7007220510365273,2.2384133981240035,5.952167354310479,5.045142306579812,4.945111573281364,100,3.7683288359653417,2.274872890499351,6.11298859666713,0.99,9.0,16.0,0.4945111573281364,4.550631149251676,5.539653463907949,0.02239651432176,0.0204667512508029,0.0099498743710662,0.9455124752390652,0.9982326134344526,mean-disjoint-FGLS,disjoint,mean,FGLS,universal_frechet_max_ar_xi1.00_theta0.50,,,,,,
universal,frechet_max_ar,1.0,0.5,0.5,disjoint_mean_ols,365.0,100,14,0.711002762172853,0.2172271512389466,-0.288997237827147,0.30302628418909,0.30302628418909,0.1969726265279542,0.2573737773956435,0.16861081114292,0.3874993922439854,0.2665989087457385,0.1822320906840904,0.0913125919388677,0.2906024594028691,7.56676115474471,5.9888992819247475,100,6.571527332266971,3.2449138456929196,10.353336140652392,0.14,9.0,16.0,0.5988899281924748,6.967871226552235,8.165651082937185,0.0217227151238946,0.0196972626527954,0.0346987031457949,0.085262657544649,0.2213736038380723,mean-disjoint-OLS,disjoint,mean,OLS,universal_frechet_max_ar_xi1.00_theta0.50,,,,,,
universal,frechet_max_ar,1.0,0.5,0.5,sliding_mode_fgls,365.0,100,98,0.5362996810034264,0.2649536095343116,-0.4637003189965736,0.4756162189403875,0.4756162189403875,0.2426820032857174,0.4895622791545655,0.2718875380874923,0.647604192532512,3.3094534036207426,2.920983953072566,1.955032397489009,4.074548766172475,3.3452672481610386,1.8554504889833472,100,2.9746258543975967,1.9918203416547915,4.074548766172475,0.98,10.0,16.5,0.1855450488983347,3.159722199262704,3.530812297059373,0.0264953609534311,0.0242682003285717,0.014,0.9299868370580064,0.9944981477650318,mode-sliding-FGLS,sliding,mode,FGLS,universal_frechet_max_ar_xi1.00_theta0.50,,,,,,
universal,frechet_max_ar,1.0,0.5,0.5,sliding_mode_ols,365.0,100,3,0.5387916994291208,0.2675727656029003,-0.4612083005708793,0.4731159841734548,0.4731159841734548,0.2456769560743994,0.4873349947936896,0.2639590524925407,0.6570849541139968,0.1167560254495936,0.0908178304084753,0.0499612756597218,0.1533970007882473,16.787023776286492,10.20631341585014,100,16.94942277261345,8.59554887474073,24.047642007488037,0.03,10.0,16.5,1.020631341585014,15.766392434701478,17.807655117871505,0.02675727656029,0.0245676956074399,0.0170587221092319,0.0102543382234148,0.0845207808040269,mode-sliding-OLS,sliding,mode,OLS,universal_frechet_max_ar_xi1.00_theta0.50,,,,,,
universal,frechet_max_ar,1.0,0.5,0.5,disjoint_mode_fgls,365.0,100,91,0.7927760320940545,0.8651545397590754,-0.2072239679059455,0.6629879668132129,0.6629879668132129,0.5898092335188452,0.5182051239817511,0.21312417993839,0.8686892536933755,3.094146003172806,2.9105566743885687,2.0056697641834607,3.970028026966895,4.145393720153628,6.039512550187162,100,3.1939021467650295,2.2417416937757073,4.365745760848744,0.91,8.0,16.0,0.6039512550187162,3.5414424651349115,4.749344975172344,0.0865154539759075,0.0589809233518845,0.0286181760425083,0.8377362530335634,0.9519280048361152,mode-disjoint-FGLS,disjoint,mode,FGLS,universal_frechet_max_ar_xi1.00_theta0.50,,,,,,
universal,frechet_max_ar,1.0,0.5,0.5,disjoint_mode_ols,365.0,100,44,0.8349088471680698,0.87656833208303,-0.1650911528319302,0.6656413992991527,0.6656413992991527,0.5902104886344356,0.5501830444337631,0.2375502911050778,0.8586294314503411,1.1252320632666415,0.8718812842104537,0.5120703575757775,1.4985201520377442,12.235109645125112,16.963688630582794,100,5.353805858174454,1.36678856570408,15.802725482104302,0.44,8.0,16.0,1.6963688630582794,10.538740782066832,13.93147850818339,0.087656833208303,0.0590210488634435,0.0496386945839634,0.3467186540096832,0.537720722887437,mode-disjoint-OLS,disjoint,mode,OLS,universal_frechet_max_ar_xi1.00_theta0.50,,,,,,
universal,frechet_max_ar,3.0,0.5,0.125,sliding_median_fgls,365.0,100,98,1.9292238725284512,1.0248037224676054,-1.0707761274715486,1.258498052076498,0.4194993506921659,0.2600320732548977,0.4008151527332539,0.2038474343387548,0.6155116194403689,8.632874431262302,8.037625253418627,5.712501018115656,10.773198326075976,8.999526101291131,4.344364315222039,100,8.188308165336668,5.855708727689606,10.994348758990071,0.98,10.0,16.0,0.4344364315222039,8.565089669768927,9.433962532813336,0.1024803722467605,0.0260032073254897,0.014,0.9299868370580064,0.9944981477650318,median-sliding-FGLS,sliding,median,FGLS,universal_frechet_max_ar_xi3.00_theta0.50,,,,,,
universal,frechet_max_ar,3.0,0.5,0.125,sliding_median_ols,365.0,100,17,1.908164936348872,1.0305428337995564,-1.091835063651128,1.2882759025824546,0.4294253008608182,0.2559828119265152,0.4111253392928222,0.2272827389267354,0.6264888017161536,0.733454479359379,0.5731632498492905,0.3781892249003458,1.0004148558709407,39.33946335769145,32.76440063085803,100,34.16085323906901,8.707115536854289,62.33109836438605,0.17,10.0,16.0,3.276440063085803,36.06302329460565,42.61590342077725,0.1030542833799556,0.0255982811926515,0.0375632799419859,0.1089347605977315,0.2554818123364297,median-sliding-OLS,sliding,median,OLS,universal_frechet_max_ar_xi3.00_theta0.50,,,,,,
universal,frechet_max_ar,3.0,0.5,0.125,disjoint_median_fgls,365.0,100,100,2.1757017443830375,1.3786895792169207,-0.8242982556169623,1.3768964739731713,0.4589654913243904,0.2732768317343709,0.4405490331645296,0.2396823421453054,0.6221987753332124,9.453117511991412,8.452751136367153,6.324964309597869,12.307335365615025,9.453117511991412,4.699991025121634,100,8.452751136367153,6.324964309597869,12.307335365615025,1.0,9.0,16.0,0.4699991025121634,8.98311840947925,9.923116614503575,0.137868957921692,0.027327683173437,0.0,0.963005192523998,1.0,median-disjoint-FGLS,disjoint,median,FGLS,universal_frechet_max_ar_xi3.00_theta0.50,,,,,,
universal,frechet_max_ar,3.0,0.5,0.125,disjoint_median_ols,365.0,100,28,2.1542472362445313,1.3511384141113087,-0.8457527637554684,1.3550532839291192,0.451684427976373,0.2775650901022408,0.4231169240605803,0.2139566641268033,0.6312058314368165,1.341754963751359,1.0682059726375372,0.6917189922720384,1.684967071509737,34.646215151749566,32.9760050668889,100,28.62077564421905,2.624399028153663,55.66281181585034,0.28,9.0,16.0,3.29760050668889,31.348614645060675,37.94381565843845,0.1351138414111308,0.027756509010224,0.0448998886412873,0.2013955916759837,0.3748821236134572,median-disjoint-OLS,disjoint,median,OLS,universal_frechet_max_ar_xi3.00_theta0.50,,,,,,
universal,frechet_max_ar,3.0,0.5,0.125,sliding_mean_fgls,365.0,100,81,0.980949832980054,0.1191594199160739,-2.0190501670199463,2.0190501670199463,0.673016722339982,0.0397198066386913,0.6610383370506933,0.6580944526821604,0.670489972694341,7.923823492766823,6.694351811991244,4.413182731556752,9.542248147661288,11.62320316695772,9.729656373664964,100,8.06589705238683,5.5314355793209495,12.94100128812882,0.81,8.0,21.0,0.9729656373664964,10.650237529591225,12.596168804324217,0.0119159419916073,0.0039719806638691,0.039230090491866,0.7222097592919214,0.8748534600729574,mean-sliding-FGLS,sliding,mean,FGLS,universal_frechet_max_ar_xi3.00_theta0.50,,,,,,
universal,frechet_max_ar,3.0,0.5,0.125,sliding_mean_ols,365.0,100,0,0.98099031808519,0.1191482593507664,-2.01900968191481,2.01900968191481,0.6730032273049367,0.0397160864502554,0.6610371762134426,0.65808056273859,0.6704800198873179,0.0100370979326842,0.0094488662969962,0.0070071782589612,0.010438333469477,80.5696824158714,4.729558112510371,100,79.21295145840523,78.79449705886725,80.29423145484877,0.0,8.0,21.0,0.4729558112510371,80.09672660462036,81.04263822712244,0.0119148259350766,0.0039716086450255,0.0,0.0,0.0369948074760019,mean-sliding-OLS,sliding,mean,OLS,universal_frechet_max_ar_xi3.00_theta0.50,,,,,,
universal,frechet_max_ar,3.0,0.5,0.125,disjoint_mean_fgls,365.0,100,92,0.95494839877927,0.0913328778727766,-2.04505160122073,2.04505160122073,0.6816838670735766,0.0304442926242588,0.6779352313343832,0.6699731886515206,0.6859613059088,20.38834186508273,14.409266681240323,8.394407776798719,23.341182382113914,23.589715379366663,22.95944323276941,100,16.376544801608652,9.834288320381456,29.425016087698737,0.92,9.0,16.0,2.2959443232769408,21.29377105608972,25.885659702643604,0.0091332877872776,0.0030444292624258,0.027129319932501,0.8500173312059693,0.9589070305141892,mean-disjoint-FGLS,disjoint,mean,FGLS,universal_frechet_max_ar_xi3.00_theta0.50,,,,,,
universal,frechet_max_ar,3.0,0.5,0.125,disjoint_mean_ols,365.0,100,0,0.954706560027492,0.0895932133127944,-2.045293439972508,2.045293439972508,0.6817644799908361,0.0298644044375981,0.6792448970668932,0.6701668180863573,0.685466320602983,0.1288306292071045,0.0822015817944717,0.0354136252890437,0.1547167784819324,79.36395564396534,4.343155401337304,100,79.73411413193006,79.06845909622058,80.73642291095538,0.0,9.0,16.0,0.4343155401337304,78.92964010383162,79.79827118409906,0.0089593213312794,0.0029864404437598,0.0,0.0,0.0369948074760019,mean-disjoint-OLS,disjoint,mean,OLS,universal_frechet_max_ar_xi3.00_theta0.50,,,,,,
universal,frechet_max_ar,3.0,0.5,0.125,sliding_mode_fgls,365.0,100,88,1.5830708298882872,1.4953234461483558,-1.4169291701117128,1.7807951342532105,0.5935983780844034,0.3433003562745642,0.6292425390263503,0.288807600890595,0.960678416647473,7.352644716092558,6.744630229784693,4.5436292335503445,10.045185818589196,10.241723659913378,10.242303334095128,100,8.086178326069565,4.866121601986738,11.319723623725483,0.88,11.0,17.0,1.0242303334095129,9.217493326503863,11.26595399332289,0.1495323446148355,0.0343300356274564,0.0324961536185438,0.8018773199709163,0.9300066263473222,mode-sliding-FGLS,sliding,mode,FGLS,universal_frechet_max_ar_xi3.00_theta0.50,,,,,,
universal,frechet_max_ar,3.0,0.5,0.125,sliding_mode_ols,365.0,100,21,1.609499733944162,1.485649075105255,-1.390500266055838,1.7478872931191074,0.5826290977063691,0.3454794880502743,0.5935976781575877,0.2708817391538734,0.964207069320542,0.751178819343086,0.5614122860224533,0.0975448845026398,0.9647485309063178,59.501040729146915,45.961469559625506,100,58.321535160871264,14.5479947278871,112.51870575592042,0.21,11.0,17.0,4.596146955962551,54.90489377318436,64.09718768510946,0.1485649075105254,0.0345479488050274,0.0407308237088326,0.1416554953164578,0.2998014930196232,mode-sliding-OLS,sliding,mode,OLS,universal_frechet_max_ar_xi3.00_theta0.50,,,,,,
universal,frechet_max_ar,3.0,0.5,0.125,disjoint_mode_fgls,365.0,100,73,2.4395644806062937,2.3341521308166175,-0.5604355193937062,2.0182536383614855,0.6727512127871619,0.4283085688627134,0.6142855899698911,0.3694519807870169,0.9629813478217764,6.290644655475794,5.296256170313276,3.917506834781286,8.695779419597216,17.842989115172553,31.38684232314106,100,8.633592877117774,5.085131151959142,12.464308601392968,0.73,10.0,16.5,3.138684232314106,14.704304882858448,20.98167334748666,0.2334152130816617,0.0428308568862713,0.0443959457608462,0.6356769977376873,0.8073053908233518,mode-disjoint-FGLS,disjoint,mode,FGLS,universal_frechet_max_ar_xi3.00_theta0.50,,,,,,
universal,frechet_max_ar,3.0,0.5,0.125,disjoint_mode_ols,365.0,100,36,2.379383638257717,2.153951784635244,-0.620616361742283,1.9316461546038963,0.6438820515346321,0.3741088940264587,0.6087745258855357,0.3432772565767757,0.9838396820340336,2.5317090784293312,2.2056074434861923,0.8657424964397025,3.575886540207463,45.16599752066013,45.35320536189724,100,24.140955391722052,4.590751533476327,85.80439699382627,0.36,10.0,16.5,4.535320536189724,40.630676984470405,49.70131805684985,0.2153951784635244,0.0374108894026458,0.048,0.2727107459049014,0.4576478001883791,mode-disjoint-OLS,disjoint,mode,OLS,universal_frechet_max_ar_xi3.00_theta0.50,,,,,,
universal,frechet_max_ar,10.0,0.5,0.0009765625,sliding_median_fgls,365.0,100,96,5.714059626971815,3.4322854789796446,-4.285940373028185,4.897638287001482,0.4897638287001482,0.2471085694398957,0.4880082518883569,0.3105091593799841,0.6749435091199245,27.473856035943545,25.686656057800196,18.281196890581043,32.89412780064756,29.121297893185204,15.044405001807885,100,27.304558680450597,19.26907496307038,33.526752220795785,0.96,11.0,17.0,1.5044405001807886,27.616857393004416,30.625738393365992,0.3432285478979645,0.0247108569439895,0.0195959179422654,0.9016278276739262,0.984336949448152,median-sliding-FGLS,sliding,median,FGLS,universal_frechet_max_ar_xi10.00_theta0.50,,,,,,
universal,frechet_max_ar,10.0,0.5,0.0009765625,sliding_median_ols,365.0,100,13,5.726787940307214,3.398273235715383,-4.273212059692787,4.831483234189858,0.4831483234189858,0.2532593480396997,0.4892371368142566,0.294702700146614,0.6738383873417282,2.2196161866742283,1.7166047680349366,1.1362089690293486,2.539286027026906,157.553544593311,109.92754524961782,100,151.10598487284187,61.96182113115147,243.30196770043457,0.13,11.0,17.0,10.992754524961782,146.5607900683492,168.54629911827277,0.3398273235715383,0.0253259348039699,0.0336303434416004,0.0775709385841426,0.2098052189480987,median-sliding-OLS,sliding,median,OLS,universal_frechet_max_ar_xi10.00_theta0.50,,,,,,
universal,frechet_max_ar,10.0,0.5,0.0009765625,disjoint_median_fgls,365.0,100,96,7.270485558468891,4.78325150096569,-2.729514441531109,4.503691047733934,0.4503691047733934,0.3149108580837242,0.418250882078911,0.2105660924129381,0.6882686410207726,29.765027347132303,28.03301861735241,19.317832415878307,38.26140543621034,30.74226160357287,13.733309990623662,100,28.642194953895192,20.89367377399188,38.806159742045736,0.96,9.0,16.0,1.373330999062366,29.36893060451051,32.11559260263524,0.478325150096569,0.0314910858083724,0.0195959179422654,0.9016278276739262,0.984336949448152,median-disjoint-FGLS,disjoint,median,FGLS,universal_frechet_max_ar_xi10.00_theta0.50,,,,,,
universal,frechet_max_ar,10.0,0.5,0.0009765625,disjoint_median_ols,365.0,100,37,7.317788205097328,4.860252967992927,-2.6822117949026723,4.541262774014965,0.4541262774014964,0.317137303435698,0.389880623066764,0.1763120665209182,0.6932248370526427,4.894258605356072,3.8295444845154454,2.104203086827737,6.363287711619881,116.29541193444798,124.8918402963539,100,72.08058870215028,7.333135427914547,207.75351658082636,0.37,9.0,16.0,12.48918402963539,103.8062279048126,128.78459596408337,0.4860252967992927,0.0317137303435698,0.0482804308182932,0.2818221256950916,0.4677965242486688,median-disjoint-OLS,disjoint,median,OLS,universal_frechet_max_ar_xi10.00_theta0.50,,,,,,
universal,frechet_max_ar,10.0,0.5,0.0009765625,sliding_mean_fgls,365.0,100,55,0.9623119942306096,0.2456521927379567,-9.03768800576939,9.03768800576939,0.9037688005769392,0.0245652192737956,0.8962015470508617,0.8962012076435073,0.8964058670143871,23.809543253725188,21.819929686865777,10.746988553940737,31.382683636830397,91.30853591833755,84.18514607580467,100,45.54916544473829,26.621152474245115,160.78627889497292,0.55,8.0,21.0,8.418514607580466,82.89002131075709,99.72705052591802,0.0245652192737956,0.0024565219273795,0.0497493718553309,0.4524442703164344,0.6438562489359654,mean-sliding-FGLS,sliding,mean,FGLS,universal_frechet_max_ar_xi10.00_theta0.50,,,,,,
universal,frechet_max_ar,10.0,0.5,0.0009765625,sliding_mean_ols,365.0,100,0,0.9623127355624232,0.2456559782611216,-9.037687264437578,9.037687264437578,0.9037687264437576,0.0245655978261121,0.8962012745500234,0.8962011939808243,0.8964055351632606,0.0086514175753397,0.0074753301660575,0.0074717409966007,0.0074753312002484,361.34311364357166,9.77069436775379,100,358.338493867592,358.3384463190005,358.44363409376575,0.0,8.0,21.0,0.977069436775379,360.3660442067963,362.320183080347,0.0245655978261121,0.0024565597826112,0.0,0.0,0.0369948074760019,mean-sliding-OLS,sliding,mean,OLS,universal_frechet_max_ar_xi10.00_theta0.50,,,,,,
universal,frechet_max_ar,10.0,0.5,0.0009765625,disjoint_mean_fgls,365.0,100,91,0.954278093916024,0.3628929118303585,-9.045721906083976,9.045721906083976,0.9045721906083976,0.0362892911830358,0.9008494690686688,0.9007529383653604,0.9008718068605276,74.15587303712137,65.24643464581708,32.92686579676644,102.69014964464652,81.58848167802775,53.637168784377245,100,71.79439211965729,39.50902233384966,109.38445820425336,0.91,8.0,12.0,5.3637168784377245,76.22476479959002,86.95219855646548,0.0362892911830358,0.0036289291183035,0.0286181760425083,0.8377362530335634,0.9519280048361152,mean-disjoint-FGLS,disjoint,mean,FGLS,universal_frechet_max_ar_xi10.00_theta0.50,,,,,,
universal,frechet_max_ar,10.0,0.5,0.0009765625,disjoint_mean_ols,365.0,100,0,0.9529307256465622,0.3713100500759914,-9.047069274353438,9.047069274353438,0.9047069274353438,0.0371310050075991,0.9008523698551092,0.9008522446700948,0.9008639630274996,0.0843658061738739,0.0336707245836455,0.0336663128701093,0.0337260204777822,360.2798206568339,5.873675626743812,100,359.70124513305234,359.70120416379126,359.72316982356347,0.0,8.0,12.0,0.5873675626743812,359.69245309415953,360.8671882195083,0.0371310050075991,0.0037131005007599,0.0,0.0,0.0369948074760019,mean-disjoint-OLS,disjoint,mean,OLS,universal_frechet_max_ar_xi10.00_theta0.50,,,,,,
universal,frechet_max_ar,10.0,0.5,0.0009765625,sliding_mode_fgls,365.0,100,76,3.856799457436205,4.000788647516774,-6.143200542563795,6.621522043031582,0.6621522043031582,0.3136717296451765,0.7379520147712468,0.4152401790842134,0.9952186150786076,21.350101605823685,18.6488339631728,13.27307667597256,26.735906573380664,41.15757417491033,43.72072884336645,100,25.389338778544293,18.25535849260125,41.48021834993989,0.76,11.0,17.0,4.372072884336645,36.78550129057368,45.529647059246976,0.4000788647516774,0.0313671729645176,0.0427083130081252,0.6676748127670786,0.8330878873454004,mode-sliding-FGLS,sliding,mode,FGLS,universal_frechet_max_ar_xi10.00_theta0.50,,,,,,
universal,frechet_max_ar,10.0,0.5,0.0009765625,sliding_mode_ols,365.0,100,18,3.8702669732405095,4.133762171613527,-6.1297330267594905,6.741109663298544,0.6741109663298545,0.3023172673102104,0.7374684137978225,0.408064612720633,0.9955955972856698,3.3526873452461654,2.887417455805119,0.0954485024257117,5.276712294088459,217.04672210042864,154.47622793474136,100,243.50052492233365,48.118453588650816,396.4247173681794,0.18,11.0,17.0,15.447622793474135,201.5990993069545,232.49434489390276,0.4133762171613527,0.030231726731021,0.038418745424597,0.1170013165425103,0.2666753602421308,mode-sliding-OLS,sliding,mode,OLS,universal_frechet_max_ar_xi10.00_theta0.50,,,,,,
universal,frechet_max_ar,10.0,0.5,0.0009765625,disjoint_mode_fgls,365.0,100,76,9.245468810332332,8.087147869864603,-0.7545311896676669,6.501996450447966,0.6501996450447965,0.4824317666403417,0.6231963527879429,0.3024545328260729,0.8722959287196204,22.34810976669079,20.88967679585506,12.544185702109043,28.807351677429544,57.5788975610041,100.8354188039404,100,26.290257203780374,18.827141633275705,49.48730304919183,0.76,11.0,17.0,10.08354188039404,47.49535568061006,67.66243944139813,0.8087147869864604,0.0482431766640341,0.0427083130081252,0.6676748127670786,0.8330878873454004,mode-disjoint-FGLS,disjoint,mode,FGLS,universal_frechet_max_ar_xi10.00_theta0.50,,,,,,
universal,frechet_max_ar,10.0,0.5,0.0009765625,disjoint_mode_ols,365.0,100,39,9.720114071339289,8.404279123301203,-0.2798859286607098,6.494829071784603,0.6494829071784602,0.5301145289625047,0.6123931198369099,0.2894057381055179,0.8968930181410134,9.193578447877169,7.092518884818852,4.043033534473185,11.568734661585632,141.8788856915247,165.5489663787442,100,84.16825586170884,14.827588555942494,221.5432325691357,0.39,11.0,17.0,16.55489663787442,125.32398905365028,158.4337823293991,0.8404279123301203,0.0530114528962504,0.0487749935930287,0.300167219319702,0.4879716383250184,mode-disjoint-OLS,disjoint,mode,OLS,universal_frechet_max_ar_xi10.00_theta0.50,,,,,,
universal,frechet_max_ar,0.01,1.0,0.0,sliding_median_fgls,365.0,100,95,0.0066381428276862,0.0040831438132292,-0.0033618571723137,0.0044212982859703,0.4421298285970316,0.2888421308532809,0.4348141209041469,0.1721566524052273,0.6962982464546066,0.027112151549668,0.0217399289671637,0.0148440870131904,0.0358805019363701,0.0299657155459732,0.0189176449985234,100,0.0231073344777221,0.0174279879839804,0.0404762497095806,0.95,9.0,16.0,0.0018917644998523,0.0280739510461208,0.0318574800458255,0.0004083143813229,0.028884213085328,0.0217944947177033,0.8882480347279118,0.9784566385436864,median-sliding-FGLS,sliding,median,FGLS,universal_frechet_max_ar_xi0.01_theta1.00,,,,,,
universal,frechet_max_ar,0.01,1.0,0.0,sliding_median_ols,365.0,100,23,0.0066917211818167,0.0040886678517418,-0.0033082788181832,0.0043558104518685,0.435581045186858,0.293389402356254,0.415917071084264,0.1732224959777804,0.693813711857445,0.002655243587797,0.0023428432820949,0.0012333683480421,0.0036668468127937,0.1342761326352421,0.1230674543445089,100,0.102894063589842,0.0156741463635238,0.2509197708898283,0.23,9.0,16.0,0.0123067454344508,0.1219693872007912,0.146582878069693,0.0004088667851741,0.0293389402356254,0.0420832508250016,0.158431547468764,0.3215456485682769,median-sliding-OLS,sliding,median,OLS,universal_frechet_max_ar_xi0.01_theta1.00,,,,,,
universal,frechet_max_ar,0.01,1.0,0.0,disjoint_median_fgls,365.0,100,97,0.0077090437986374,0.0045287302278611,-0.0022909562013625,0.0042300923718846,0.4230092371884615,0.2781450523378189,0.3975056792356926,0.1716035376186689,0.643298358380028,0.0273388425962366,0.0252686861750146,0.0175568516482978,0.0362034143214355,0.0295560125170082,0.0164712166260331,100,0.0259412097934566,0.0182138572873346,0.0380830440672589,0.97,9.0,16.0,0.0016471216626033,0.0279088908544049,0.0312031341796115,0.0004528730227861,0.0278145052337818,0.0170587221092319,0.915479219195973,0.9897456617765852,median-disjoint-FGLS,disjoint,median,FGLS,universal_frechet_max_ar_xi0.01_theta1.00,,,,,,
universal,frechet_max_ar,0.01,1.0,0.0,disjoint_median_ols,365.0,100,34,0.0076584571032779,0.0044305373193816,-0.002341542896722,0.0041576929182954,0.4157692918295449,0.2776120587903223,0.3974335486105762,0.1817038602933769,0.6203657982923998,0.0047267860913317,0.0038412050110266,0.0022625708239449,0.0064475419592761,0.1082185950982333,0.1070044746865565,100,0.088079875555248,0.0093892824739102,0.1722769448241673,0.34,9.0,16.0,0.0107004474686556,0.0975181476295776,0.1189190425668889,0.0004430537319381,0.0277612058790322,0.047370877129308,0.25461379497543,0.4372245434168906,median-disjoint-OLS,disjoint,median,OLS,universal_frechet_max_ar_xi0.01_theta1.00,,,,,,
universal,frechet_max_ar,0.01,1.0,0.0,sliding_mean_fgls,365.0,100,99,0.0098297052524671,0.0015140874946136,-0.0001702947475328,0.0012420494505814,0.124204945058149,0.087377608212653,0.1124688127187445,0.06874909860286,0.1766005547757662,0.0203679062039098,0.0177676283458188,0.0125377281482779,0.0276831845384884,0.0205488070605265,0.0112163555202871,100,0.018215477623664,0.01294287468554,0.0276831845384884,0.99,10.0,18.0,0.0011216355520287,0.0194271715084978,0.0216704426125552,0.0001514087494613,0.0087377608212653,0.0099498743710662,0.9455124752390652,0.9982326134344526,mean-sliding-FGLS,sliding,mean,FGLS,universal_frechet_max_ar_xi0.01_theta1.00,,,,,,
universal,frechet_max_ar,0.01,1.0,0.0,sliding_mean_ols,365.0,100,7,0.0098373757498244,0.0015354832865572,-0.0001626242501755,0.0012544155004558,0.1254415500455881,0.0891610863745111,0.1153898160160248,0.0702135279528277,0.180273168285185,0.0002419676805444,0.0001971734096482,0.000105220627494,0.0003469169725795,0.0459037733008319,0.0342551274394393,100,0.0410935808099003,0.0241268428049757,0.0669151411336492,0.07,10.0,18.0,0.0034255127439439,0.042478260556888,0.0493292860447759,0.0001535483286557,0.0089161086374511,0.0255147016443461,0.034318824364064,0.1374967100652975,mean-sliding-OLS,sliding,mean,OLS,universal_frechet_max_ar_xi0.01_theta1.00,,,,,,
universal,frechet_max_ar,0.01,1.0,0.0,disjoint_mean_fgls,365.0,100,100,0.0098204716609904,0.0025853454946465,-0.0001795283390095,0.0019645285452695,0.1964528545269554,0.1678752913984905,0.1522575644944299,0.0710605676739617,0.2637433836832301,0.0224011517904574,0.0211439296807204,0.0140427418152536,0.0293718023672217,0.0224011517904574,0.0114707460529303,100,0.0211439296807204,0.0140427418152536,0.0293718023672217,1.0,8.0,16.0,0.001147074605293,0.0212540771851644,0.0235482263957505,0.0002585345494646,0.016787529139849,0.0,0.963005192523998,1.0,mean-disjoint-FGLS,disjoint,mean,FGLS,universal_frechet_max_ar_xi0.01_theta1.00,,,,,,
universal,frechet_max_ar,0.01,1.0,0.0,disjoint_mean_ols,365.0,100,45,0.0097977810245426,0.0025942851797884,-0.0002022189754573,0.0020006619629345,0.2000661962934511,0.1651829919532305,0.1639452184886099,0.0719894451513961,0.2561151547358083,0.003333371993929,0.0025061106533849,0.0018447037718808,0.0047715683053356,0.0392541038381294,0.0528476374729357,100,0.0121992290663932,0.0040960698413372,0.0556069453065338,0.45,8.0,16.0,0.0052847637472935,0.0339693400908358,0.044538867585423,0.0002594285179788,0.016518299195323,0.049749371855331,0.3561437510640346,0.5475557296835656,mean-disjoint-OLS,disjoint,mean,OLS,universal_frechet_max_ar_xi0.01_theta1.00,,,,,,
universal,frechet_max_ar,0.01,1.0,0.0,sliding_mode_fgls,365.0,100,98,0.0037673479578143,0.0026278311507887,-0.0062326520421856,0.0063609267002637,0.6360926700263784,0.2296462933374179,0.6661801721105745,0.5079272797496639,0.8047945899947164,0.0513092929996598,0.046765660432897,0.0290643738823767,0.0685249981387089,0.0523637746682113,0.0277294176873134,100,0.0476975570571375,0.0312786963613923,0.0693651929103499,0.98,11.0,17.5,0.0027729417687313,0.04959083289948,0.0551367164369427,0.0002627831150788,0.0229646293337417,0.014,0.9299868370580064,0.9944981477650318,mode-sliding-FGLS,sliding,mode,FGLS,universal_frechet_max_ar_xi0.01_theta1.00,,,,,,
universal,frechet_max_ar,0.01,1.0,0.0,sliding_mode_ols,365.0,100,4,0.0037985466187088,0.0026796144007208,-0.0062014533812911,0.0063321619806505,0.6332161980650569,0.2350645450650311,0.6653537569023847,0.505328236928766,0.8074734677332296,0.0008342208589629,0.0006250108980247,0.000378862907443,0.0010483255514031,0.2392348907755264,0.0962041152389757,100,0.2570646346823829,0.1920905315462191,0.312791375152027,0.04,11.0,17.5,0.0096204115238975,0.2296144792516288,0.248855302299424,0.000267961440072,0.0235064545065031,0.0195959179422654,0.015663050551848,0.0983721723260737,mode-sliding-OLS,sliding,mode,OLS,universal_frechet_max_ar_xi0.01_theta1.00,,,,,,
universal,frechet_max_ar,0.01,1.0,0.0,disjoint_mode_fgls,365.0,100,98,0.0076443879949102,0.0057359250031479,-0.0023556120050897,0.0050456322901896,0.5045632290189672,0.3576343428591633,0.4480415468106393,0.2326646778779968,0.7312041312006237,0.0383786772063674,0.0380152055184692,0.0226459858255918,0.0496256087709427,0.0402067831971384,0.0200110304127283,100,0.0388249246692566,0.0244208144025749,0.0499750098691396,0.98,9.0,16.0,0.0020011030412728,0.0382056801558655,0.0422078862384112,0.0005735925003147,0.0357634342859163,0.014,0.9299868370580064,0.9944981477650318,mode-disjoint-FGLS,disjoint,mode,FGLS,universal_frechet_max_ar_xi0.01_theta1.00,,,,,,
universal,frechet_max_ar,0.01,1.0,0.0,disjoint_mode_ols,365.0,100,38,0.0077150686444705,0.0054874422287817,-0.0022849313555294,0.0048939147676124,0.4893914767612468,0.3345645675918104,0.4289230046900477,0.2320202238210564,0.6844065895327411,0.0065656766530894,0.0048307941140402,0.0034653511601554,0.0077937658627065,0.1017771644557995,0.1140257322061377,100,0.0454005644640245,0.0097816399466841,0.1812372265794818,0.38,9.0,16.0,0.0114025732206137,0.0903745912351857,0.1131797376764132,0.0005487442228781,0.033456456759181,0.0485386443980463,0.2909744920013438,0.4779042617928966,mode-disjoint-OLS,disjoint,mode,OLS,universal_frechet_max_ar_xi0.01_theta1.00,,,,,,
universal,frechet_max_ar,0.03,1.0,0.0,sliding_median_fgls,365.0,100,99,0.0184083685558925,0.0099707722648195,-0.0115916314441074,0.013386084442116,0.4462028147372015,0.2452713273592386,0.4409989673503247,0.2454095847984709,0.6187084268144396,0.0917584387835505,0.0719724016320704,0.0557365849422594,0.1184132569113943,0.0935991551392973,0.0544081400123177,100,0.0728629062462256,0.0561894337353616,0.1216156172765047,0.99,10.0,16.5,0.0054408140012317,0.0881583411380655,0.099039969140529,0.0009970772264819,0.0245271327359238,0.0099498743710662,0.9455124752390652,0.9982326134344526,median-sliding-FGLS,sliding,median,FGLS,universal_frechet_max_ar_xi0.03_theta1.00,,,,,,
universal,frechet_max_ar,0.03,1.0,0.0,sliding_median_ols,365.0,100,12,0.0185243372972434,0.0102352102163936,-0.0114756627027565,0.0134267591116734,0.4475586370557832,0.2487339595278579,0.4454112065067293,0.2464130913842312,0.6153615116840915,0.0076665814427387,0.0065376585116574,0.0041500895076364,0.0109416273178592,0.4067612203030283,0.310806110255207,100,0.3481271113366191,0.1649910790796124,0.5874844113640292,0.12,10.0,16.5,0.0310806110255206,0.3756806092775076,0.437841831328549,0.0010235210216393,0.0248733959527857,0.0324961536185438,0.0699933736526777,0.1981226800290836,median-sliding-OLS,sliding,median,OLS,universal_frechet_max_ar_xi0.03_theta1.00,,,,,,
universal,frechet_max_ar,0.03,1.0,0.0,disjoint_median_fgls,365.0,100,97,0.0216196301381809,0.0145547878595659,-0.008380369861819,0.013578147729998,0.452604924333268,0.3275387493184392,0.4138760125559138,0.2030027960517845,0.6209536680675208,0.0988839216480386,0.0892326411668705,0.0595928551341614,0.1250601825479716,0.1028647713556941,0.0602960297167977,100,0.0907677053929472,0.0634419812397361,0.1271212174496578,0.97,9.0,17.0,0.0060296029716797,0.0968351683840143,0.1088943743273739,0.0014554787859565,0.0327538749318439,0.0170587221092319,0.915479219195973,0.9897456617765852,median-disjoint-FGLS,disjoint,median,FGLS,universal_frechet_max_ar_xi0.03_theta1.00,,,,,,
universal,frechet_max_ar,0.03,1.0,0.0,disjoint_median_ols,365.0,100,29,0.0214521423506903,0.0140707607615003,-0.0085478576493096,0.0132251622041751,0.4408387401391724,0.3250958597978615,0.3916865733573212,0.1978609520862529,0.6652286635367939,0.0140000362789411,0.010309879613552,0.0064831054209052,0.0181318534402657,0.338526708555184,0.3525861786457843,100,0.2565303834337903,0.0300190300218986,0.5409359559329701,0.29,9.0,17.0,0.0352586178645784,0.3032680906906055,0.3737853264197625,0.00140707607615,0.0325095859797861,0.0453762052181537,0.2101470697398414,0.3853907494000793,median-disjoint-OLS,disjoint,median,OLS,universal_frechet_max_ar_xi0.03_theta1.00,,,,,,
universal,frechet_max_ar,0.03,1.0,0.0,sliding_mean_fgls,365.0,100,99,0.0286832899314454,0.0045953789287404,-0.0013167100685545,0.0038201447800187,0.1273381593339591,0.0950311644083859,0.0942215837461235,0.0539076545153361,0.2012808095558177,0.0670403545479522,0.0593658375289744,0.0411443483644606,0.0858184825743147,0.0677426598494861,0.0350282160285896,100,0.0597042571639917,0.0416860717916819,0.0861538471462096,0.99,9.0,16.5,0.0035028216028589,0.0642398382466272,0.0712454814523451,0.000459537892874,0.0095031164408385,0.0099498743710662,0.9455124752390652,0.9982326134344526,mean-sliding-FGLS,sliding,mean,FGLS,universal_frechet_max_ar_xi0.03_theta1.00,,,,,,
universal,frechet_max_ar,0.03,1.0,0.0,sliding_mean_ols,365.0,100,7,0.0287004684714659,0.0046163143901998,-0.001299531528534,0.0038445084154556,0.1281502805151872,0.0947901705447138,0.0962046852935266,0.056460726410561,0.2027592833720269,0.0005652054170195,0.0004459707965068,0.0002475998115866,0.0007517399573874,0.1435610591551949,0.1140826208116212,100,0.1060801133659184,0.0534692246016577,0.234891839280751,0.07,9.0,16.5,0.0114082620811621,0.1321527970740328,0.154969321236357,0.0004616314390199,0.0094790170544713,0.0255147016443461,0.034318824364064,0.1374967100652975,mean-sliding-OLS,sliding,mean,OLS,universal_frechet_max_ar_xi0.03_theta1.00,,,,,,
universal,frechet_max_ar,0.03,1.0,0.0,disjoint_mean_fgls,365.0,100,99,0.0288199544948686,0.0068867470765853,-0.0011800455051313,0.0054854195832483,0.182847319441612,0.1431397637175268,0.1686800299860384,0.0591314296419158,0.2604078140892247,0.0684199411541513,0.0622831628408514,0.0425270321173073,0.0876532111325685,0.0699401781636148,0.0359167706271277,100,0.0639892720371731,0.0427414422081681,0.0894119083780437,0.99,8.0,16.0,0.0035916770627127,0.066348501100902,0.0735318552263276,0.0006886747076585,0.0143139763717526,0.0099498743710662,0.9455124752390652,0.9982326134344526,mean-disjoint-FGLS,disjoint,mean,FGLS,universal_frechet_max_ar_xi0.03_theta1.00,,,,,,
universal,frechet_max_ar,0.03,1.0,0.0,disjoint_mean_ols,365.0,100,46,0.0287136154905121,0.0069739158221811,-0.0012863845094878,0.0056219906957733,0.1873996898591101,0.1429100813682759,0.1644780136630592,0.0745690784469727,0.2581968181778906,0.0092201102252298,0.0081702292461813,0.0045987323374732,0.0129818618591447,0.0943498675948699,0.1334603213413896,100,0.0281216539293639,0.0105163489687279,0.1287622590814984,0.46,8.0,16.0,0.0133460321341389,0.0810038354607309,0.1076958997290089,0.0006973915822181,0.0142910081368275,0.0498397431775084,0.3656064385333186,0.5573531460647615,mean-disjoint-OLS,disjoint,mean,OLS,universal_frechet_max_ar_xi0.03_theta1.00,,,,,,
universal,frechet_max_ar,0.03,1.0,0.0,sliding_mode_fgls,365.0,100,97,0.0123396147505056,0.0091811108799985,-0.0176603852494943,0.018470791133156,0.615693037771867,0.246567800499831,0.6708452717245323,0.5080226426605504,0.7700013861758588,0.1529430083830751,0.1397041621076598,0.0922975812656073,0.1920077176238137,0.1640156117485656,0.1016322812559722,100,0.1431454127882676,0.0931534805807377,0.1965717812239583,0.97,10.0,17.0,0.0101632281255972,0.1538523836229684,0.1741788398741628,0.0009181110879998,0.0246567800499831,0.0170587221092319,0.915479219195973,0.9897456617765852,mode-sliding-FGLS,sliding,mode,FGLS,universal_frechet_max_ar_xi0.03_theta1.00,,,,,,
universal,frechet_max_ar,0.03,1.0,0.0,sliding_mode_ols,365.0,100,3,0.0125149367647047,0.0090502175949057,-0.0174850632352952,0.0182809544317625,0.609365147725417,0.2430204518052075,0.6662577339083,0.4839386425308602,0.7730420813578998,0.0028144681820205,0.002376134781351,0.0013608569145028,0.0033753559796759,0.6801038385722038,0.3063532608633696,100,0.7698524410229791,0.528204391941209,0.8868032285587703,0.03,10.0,17.0,0.0306353260863369,0.6494685124858668,0.7107391646585408,0.0009050217594905,0.0243020451805207,0.0170587221092319,0.0102543382234148,0.0845207808040269,mode-sliding-OLS,sliding,mode,OLS,universal_frechet_max_ar_xi0.03_theta1.00,,,,,,
universal,frechet_max_ar,0.03,1.0,0.0,disjoint_mode_fgls,365.0,100,98,0.0276218514657545,0.0174018035884386,-0.0023781485342454,0.0134947241870304,0.4498241395676813,0.3720639645720995,0.4122570000999683,0.1400912162524886,0.6673223701801596,0.1193942630811575,0.1117845508005794,0.0744302313546082,0.1430348219819245,0.1238595939500511,0.0641801022327745,100,0.114332639097393,0.0780000879969729,0.144445696091999,0.98,8.5,14.0,0.0064180102232774,0.1174415837267736,0.1302776041733286,0.0017401803588438,0.0372063964572099,0.014,0.9299868370580064,0.9944981477650318,mode-disjoint-FGLS,disjoint,mode,FGLS,universal_frechet_max_ar_xi0.03_theta1.00,,,,,,
universal,frechet_max_ar,0.03,1.0,0.0,disjoint_mode_ols,365.0,100,46,0.02746959671745,0.0175062430010323,-0.0025304032825499,0.0134002035403744,0.4466734513458153,0.3823275407226301,0.3733419033613243,0.1063671330020226,0.6890686149273335,0.0202292469192998,0.0168208415548495,0.0114940471132132,0.027322941126946,0.3022688284957815,0.3518474845539112,100,0.1590754092171963,0.0241162161595023,0.5200210870475146,0.46,8.5,14.0,0.0351847484553911,0.2670840800403904,0.3374535769511726,0.0017506243001032,0.038232754072263,0.0498397431775084,0.3656064385333186,0.5573531460647615,mode-disjoint-OLS,disjoint,mode,OLS,universal_frechet_max_ar_xi0.03_theta1.00,,,,,,
universal,frechet_max_ar,0.1,1.0,0.0,sliding_median_fgls,365.0,100,96,0.0671752918760835,0.0409162210849877,-0.0328247081239164,0.0445306632827478,0.445306632827478,0.2755851932322505,0.4169989552211142,0.238498257206742,0.6636833407445745,0.2695256011268231,0.244078786391566,0.1674122605989428,0.3535134895160035,0.2828782640395564,0.1378788006706982,100,0.255622086339272,0.1837049734714192,0.3796954572004947,0.96,10.0,16.0,0.0137878800670698,0.2690903839724866,0.2966661441066262,0.0040916221084987,0.027558519323225,0.0195959179422654,0.9016278276739262,0.984336949448152,median-sliding-FGLS,sliding,median,FGLS,universal_frechet_max_ar_xi0.10_theta1.00,,,,,,
universal,frechet_max_ar,0.1,1.0,0.0,sliding_median_ols,365.0,100,23,0.0670034370455601,0.0401887568851343,-0.0329965629544399,0.0440129941177989,0.4401299411779898,0.2753536447430731,0.3958342251382655,0.1969802030349558,0.6635300576022052,0.0288904475398088,0.0232575933583549,0.0125662578419657,0.0389629631572858,1.3093537963338513,1.168678443604984,100,1.0628890403509312,0.1118230728210192,2.181419797600405,0.23,10.0,16.0,0.1168678443604984,1.1924859519733528,1.4262216406943498,0.0040188756885134,0.0275353644743073,0.0420832508250016,0.158431547468764,0.3215456485682769,median-sliding-OLS,sliding,median,OLS,universal_frechet_max_ar_xi0.10_theta1.00,,,,,,
universal,frechet_max_ar,0.1,1.0,0.0,disjoint_median_fgls,365.0,100,99,0.0840526031023921,0.0455523174803688,-0.0159473968976079,0.0388624272056912,0.3886242720569128,0.2839644861573414,0.3119849831225388,0.1691979683253244,0.5356297128669176,0.2950961844671471,0.2554202261944454,0.1913071426483861,0.3864844491127867,0.2957933051562977,0.1460671580346219,100,0.2554202261944454,0.1913071426483861,0.3864844491127867,0.99,9.0,16.0,0.0146067158034621,0.2811865893528356,0.3104000209597599,0.0045552317480368,0.0283964486157341,0.0099498743710662,0.9455124752390652,0.9982326134344526,median-disjoint-FGLS,disjoint,median,FGLS,universal_frechet_max_ar_xi0.10_theta1.00,,,,,,
universal,frechet_max_ar,0.1,1.0,0.0,disjoint_median_ols,365.0,100,31,0.0853098750933278,0.0459009869476517,-0.0146901249066722,0.0390955860888025,0.3909558608880252,0.2794595279578268,0.3595317122143754,0.1750682934403221,0.5630713252967261,0.0488621281684157,0.0375965589383655,0.0223159976595051,0.070464751465879,0.9230953063039448,1.0619246077054565,100,0.5047518532153351,0.0890646735637595,1.4918225420006657,0.31,9.0,16.0,0.1061924607705456,0.8169028455333991,1.0292877670744904,0.0045900986947651,0.0279459527957826,0.0462493243193887,0.2277956320613237,0.4062623947795569,median-disjoint-OLS,disjoint,median,OLS,universal_frechet_max_ar_xi0.10_theta1.00,,,,,,
universal,frechet_max_ar,0.1,1.0,0.0,sliding_mean_fgls,365.0,100,100,0.0975486079796339,0.0179056300965534,-0.002451392020366,0.0143350126253439,0.1433501262534399,0.1091390592580728,0.1189377045708531,0.0563547840850249,0.2232722813953443,0.2082275448549468,0.1809463326056759,0.1130655051514003,0.2908372287508247,0.2082275448549468,0.1165411491117481,100,0.1809463326056759,0.1130655051514003,0.2908372287508247,1.0,9.0,18.0,0.0116541149111748,0.196573429943772,0.2198816597661217,0.0017905630096553,0.0109139059258072,0.0,0.963005192523998,1.0,mean-sliding-FGLS,sliding,mean,FGLS,universal_frechet_max_ar_xi0.10_theta1.00,,,,,,
universal,frechet_max_ar,0.1,1.0,0.0,sliding_mean_ols,365.0,100,5,0.0976776374175501,0.018013323091429,-0.0023223625824498,0.0144132047144331,0.1441320471443313,0.1095850338766334,0.1255639252953413,0.0573847563955839,0.2261541733366983,0.0021451945748759,0.0017509746509837,0.000941547394605,0.0031219459765311,0.537604996463098,0.4375041443624761,100,0.4442490408861483,0.1757040977729064,0.8555010956190843,0.05,9.0,18.0,0.0437504144362476,0.4938545820268504,0.5813554108993456,0.0018013323091429,0.0109585033876633,0.0217944947177033,0.0215433614563135,0.1117519652720881,mean-sliding-OLS,sliding,mean,OLS,universal_frechet_max_ar_xi0.10_theta1.00,,,,,,
universal,frechet_max_ar,0.1,1.0,0.0,disjoint_mean_fgls,365.0,100,100,0.096711045952504,0.0227344881563232,-0.0032889540474959,0.018422866762167,0.1842286676216705,0.1359974677433149,0.1529097703668469,0.0728071486316998,0.2608354776763236,0.2284743032894532,0.221398363261485,0.13022474266207,0.2859575805617867,0.2284743032894532,0.1206099556043667,100,0.221398363261485,0.13022474266207,0.2859575805617867,1.0,8.0,16.0,0.0120609955604366,0.2164133077290166,0.2405352988498899,0.0022734488156323,0.0135997467743314,0.0,0.963005192523998,1.0,mean-disjoint-FGLS,disjoint,mean,FGLS,universal_frechet_max_ar_xi0.10_theta1.00,,,,,,
universal,frechet_max_ar,0.1,1.0,0.0,disjoint_mean_ols,365.0,100,46,0.0973769006037959,0.0237056070334023,-0.002623099396204,0.01875253230636,0.1875253230636003,0.1461835809000577,0.1365223025081198,0.0783605733173622,0.274160040164089,0.0296419529678126,0.0235269080947145,0.0174770837819373,0.0419102095806895,0.3730703731180961,0.454733187612089,100,0.1103462305236499,0.0336193493169702,0.5603086188728968,0.46,8.0,16.0,0.0454733187612089,0.3275970543568872,0.418543691879305,0.0023705607033402,0.0146183580900057,0.0498397431775084,0.3656064385333186,0.5573531460647615,mean-disjoint-OLS,disjoint,mean,OLS,universal_frechet_max_ar_xi0.10_theta1.00,,,,,,
universal,frechet_max_ar,0.1,1.0,0.0,sliding_mode_fgls,365.0,100,92,0.0340028475453717,0.023345132086462,-0.0659971524546282,0.0668081792965298,0.6680817929652979,0.2088536657047268,0.7027100291639456,0.6048962848905184,0.7867880679652686,0.4411434968149731,0.423071357037013,0.2341043858532727,0.5608594472754266,0.4899575629257285,0.2944413329864093,100,0.4311635359130133,0.3011633693471407,0.5985871951623586,0.92,9.0,16.0,0.0294441332986409,0.4605134296270876,0.5194016962243695,0.0023345132086462,0.0208853665704726,0.027129319932501,0.8500173312059693,0.9589070305141892,mode-sliding-FGLS,sliding,mode,FGLS,universal_frechet_max_ar_xi0.10_theta1.00,,,,,,
universal,frechet_max_ar,0.1,1.0,0.0,sliding_mode_ols,365.0,100,2,0.0340568585571361,0.0235165339011098,-0.0659431414428638,0.0667234386473199,0.667234386473199,0.211769297830464,0.7002862820738207,0.5943732560771522,0.7956454357900178,0.0078058533753427,0.0064736557771994,0.0038381924555331,0.0100947917021283,2.529432020414696,0.8777060551617747,100,2.674702032861406,2.23012119317297,3.0680165776763526,0.02,9.0,16.0,0.0877706055161774,2.4416614148985185,2.6172026259308736,0.0023516533901109,0.0211769297830464,0.014,0.0055018522349681,0.0700131629419936,mode-sliding-OLS,sliding,mode,OLS,universal_frechet_max_ar_xi0.10_theta1.00,,,,,,
universal,frechet_max_ar,0.1,1.0,0.0,disjoint_mode_fgls,365.0,100,93,0.0789265261807195,0.0592248147961494,-0.0210734738192804,0.0505367869729271,0.5053678697292716,0.3709974763761123,0.4065743957576676,0.2140952453024862,0.721598008548924,0.3610943789150646,0.3299449009375469,0.2037082360814445,0.4572552696802524,0.3835658106175267,0.2034284454772019,100,0.3674910696240394,0.2325099799392839,0.4998197334685345,0.93,9.0,16.0,0.0203428445477201,0.3632229660698066,0.4039086551652469,0.0059224814796149,0.0370997476376112,0.0255147016443461,0.8625032899347026,0.965681175635936,mode-disjoint-FGLS,disjoint,mode,FGLS,universal_frechet_max_ar_xi0.10_theta1.00,,,,,,
universal,frechet_max_ar,0.1,1.0,0.0,disjoint_mode_ols,365.0,100,38,0.0802216521894393,0.057871382666786,-0.0197783478105607,0.04843520328924,0.4843520328924002,0.3707513647091267,0.4035363281354217,0.1878598695312955,0.689139816122724,0.0676360865402783,0.0579666828643108,0.0370922921772894,0.0828287858206822,1.033060380457127,1.169966432767589,100,0.6829025815765475,0.0934571394861801,1.7604346311799597,0.38,9.0,16.0,0.1169966432767588,0.9160637371803682,1.150057023733886,0.0057871382666786,0.0370751364709126,0.0485386443980463,0.2909744920013438,0.4779042617928966,mode-disjoint-OLS,disjoint,mode,OLS,universal_frechet_max_ar_xi0.10_theta1.00,,,,,,
universal,frechet_max_ar,0.3,1.0,0.0,sliding_median_fgls,365.0,100,98,0.2081851146146085,0.1138059173839593,-0.0918148853853914,0.1291912874164539,0.4306376247215132,0.2262725182052668,0.4156292488010009,0.2739196582640048,0.5990456795376845,0.8033059777998752,0.7458321190975712,0.4823974739582197,1.048483827551882,0.816724661621587,0.4128912436912112,100,0.7583036810690486,0.4940585708134567,1.0621866078174604,0.98,10.0,17.0,0.0412891243691211,0.7754355372524658,0.8580137859907081,0.0113805917383959,0.0226272518205266,0.014,0.9299868370580064,0.9944981477650318,median-sliding-FGLS,sliding,median,FGLS,universal_frechet_max_ar_xi0.30_theta1.00,,,,,,
universal,frechet_max_ar,0.3,1.0,0.0,sliding_median_ols,365.0,100,12,0.2103074301296259,0.11633505981267,-0.089692569870374,0.12871470103757,0.4290490034585668,0.2339287858426503,0.4262895269715719,0.2498275846268754,0.5971257859383097,0.0741612473928528,0.0653191415824766,0.0413766184782031,0.0919687024046491,3.890102512423297,2.9840242868218847,100,3.5889236820256265,1.3445280981851535,6.253343903521655,0.12,10.0,17.0,0.2984024286821884,3.5917000837411086,4.188504941105485,0.011633505981267,0.023392878584265,0.0324961536185438,0.0699933736526777,0.1981226800290836,median-sliding-OLS,sliding,median,OLS,universal_frechet_max_ar_xi0.30_theta1.00,,,,,,
universal,frechet_max_ar,0.3,1.0,0.0,disjoint_median_fgls,365.0,100,93,0.2556480521234704,0.136785761625539,-0.0443519478765295,0.1181258887806357,0.3937529626021191,0.2708553773545533,0.3702323093562659,0.1608851705432439,0.581787845877597,0.8422504791788846,0.7606514110829059,0.5752922425094209,1.1234771276338105,0.9394735967434626,0.5128597073988511,100,0.8439077960085534,0.6519969602633783,1.1847143835393874,0.93,9.0,16.0,0.0512859707398851,0.8881876260035775,0.9907595674833478,0.0136785761625539,0.0270855377354553,0.0255147016443461,0.8625032899347026,0.965681175635936,median-disjoint-FGLS,disjoint,median,FGLS,universal_frechet_max_ar_xi0.30_theta1.00,,,,,,
universal,frechet_max_ar,0.3,1.0,0.0,disjoint_median_ols,365.0,100,35,0.2579792360101373,0.1347462728541099,-0.0420207639898627,0.117299894362739,0.3909996478757968,0.2590986676927805,0.3809469726651995,0.1698096085078099,0.586367675116909,0.1377879692613538,0.1170590754326135,0.0795621543639375,0.1810668430387647,2.7467846242021894,2.879309328844598,100,1.8395239325626913,0.214285876740123,4.494804641815809,0.35,9.0,16.0,0.2879309328844598,2.4588536913177297,3.034715557086649,0.0134746272854109,0.025909866769278,0.0476969600708472,0.2636410465347802,0.4474573957080203,median-disjoint-OLS,disjoint,median,OLS,universal_frechet_max_ar_xi0.30_theta1.00,,,,,,
universal,frechet_max_ar,0.3,1.0,0.0,sliding_mean_fgls,365.0,100,100,0.3033705428988514,0.0642229396534086,0.0033705428988514,0.0482294511212809,0.1607648370709365,0.1408894593367463,0.1306526391810146,0.0540355528027382,0.2121171246934127,0.8469016694590783,0.662199935142445,0.429064573284147,1.130113243335956,0.8469016694590783,0.6280364493001933,100,0.662199935142445,0.429064573284147,1.130113243335956,1.0,9.5,18.0,0.0628036449300193,0.784098024529059,0.9097053143890976,0.0064222939653408,0.0140889459336746,0.0,0.963005192523998,1.0,mean-sliding-FGLS,sliding,mean,FGLS,universal_frechet_max_ar_xi0.30_theta1.00,,,,,,
universal,frechet_max_ar,0.3,1.0,0.0,sliding_mean_ols,365.0,100,3,0.3036250107715433,0.0644510146423461,0.0036250107715433,0.0484093450379641,0.1613644834598804,0.141424132720494,0.1299376329541061,0.054412520665475,0.2123357291817482,0.0058999682722483,0.0047731253649403,0.0025735612424306,0.0076964767307807,1.8262763062655345,1.6897759897245048,100,1.486044829140425,0.5664821638533218,2.4502552856042485,0.03,9.5,18.0,0.1689775989724505,1.657298707293084,1.995253905237985,0.0064451014642346,0.0141424132720494,0.0170587221092319,0.0102543382234148,0.0845207808040269,mean-sliding-OLS,sliding,mean,OLS,universal_frechet_max_ar_xi0.30_theta1.00,,,,,,
universal,frechet_max_ar,0.3,1.0,0.0,disjoint_mean_fgls,365.0,100,99,0.3105830026053333,0.0872280107315406,0.0105830026053332,0.0616229650087664,0.2054098833625548,0.2077955679007631,0.1387363213671383,0.0632459878338558,0.2692353815389568,0.911751660027877,0.7851197265451548,0.5544623175566752,1.1352306684152529,0.935577150869695,0.5423650268013285,100,0.7950911516255261,0.5732229608536745,1.1392286456867518,0.99,9.0,16.0,0.0542365026801328,0.8813406481895621,0.9898136535498278,0.008722801073154,0.0207795567900763,0.0099498743710662,0.9455124752390652,0.9982326134344526,mean-disjoint-FGLS,disjoint,mean,FGLS,universal_frechet_max_ar_xi0.30_theta1.00,,,,,,
universal,frechet_max_ar,0.3,1.0,0.0,disjoint_mean_ols,365.0,100,42,0.3114015491374528,0.0880483727641357,0.0114015491374528,0.061860299936862,0.2062009997895401,0.2113047862641284,0.146044631811422,0.0607233486135851,0.2585785827904486,0.0765604107459848,0.064227983744602,0.0414000122743286,0.0886045363870654,1.453080749937543,2.1545495414278184,100,0.5134071211536767,0.0935402381804152,1.7966015308008452,0.42,9.0,16.0,0.2154549541427818,1.2376257957947612,1.668535704080325,0.0088048372764135,0.0211304786264128,0.0493558507170122,0.327982249185113,0.5179369200110473,mean-disjoint-OLS,disjoint,mean,OLS,universal_frechet_max_ar_xi0.30_theta1.00,,,,,,
universal,frechet_max_ar,0.3,1.0,0.0,sliding_mode_fgls,365.0,100,97,0.1465783062012579,0.096500164461753,-0.153421693798742,0.1666183715447681,0.5553945718158938,0.2367876419499756,0.5594325533830056,0.4378452665148593,0.716846580306419,1.3060459062326404,1.2024425155398832,0.7233464243243364,1.6661894031302125,1.3445693993684962,0.7781664090994609,100,1.248789856976349,0.7443052866233446,1.7493233296772863,0.97,10.5,17.0,0.077816640909946,1.26675275845855,1.4223860402784425,0.0096500164461753,0.0236787641949975,0.0170587221092319,0.915479219195973,0.9897456617765852,mode-sliding-FGLS,sliding,mode,FGLS,universal_frechet_max_ar_xi0.30_theta1.00,,,,,,
universal,frechet_max_ar,0.3,1.0,0.0,sliding_mode_ols,365.0,100,3,0.1473306953228563,0.0968161668100282,-0.1526693046771436,0.1663529983637989,0.5545099945459965,0.2348491642919754,0.5623210687874953,0.4343758688029238,0.7219882895381151,0.0294631758549985,0.0217092069655505,0.0118176971365372,0.0384754918637531,6.130833542708563,2.918771405360701,100,6.169719551855855,4.524017505268868,8.319848461499939,0.03,10.5,17.0,0.29187714053607,5.838956402172493,6.422710683244634,0.0096816166810028,0.0234849164291975,0.0170587221092319,0.0102543382234148,0.0845207808040269,mode-sliding-OLS,sliding,mode,OLS,universal_frechet_max_ar_xi0.30_theta1.00,,,,,,
universal,frechet_max_ar,0.3,1.0,0.0,disjoint_mode_fgls,365.0,100,97,0.2759302765801479,0.1872046490589027,-0.024069723419852,0.1436575505339367,0.4788585017797891,0.4053096609342022,0.4259290445253091,0.22981866893299,0.6153618769527008,0.9898031330478738,0.8944203322288675,0.6134877665777442,1.291456388708898,1.1470904412737657,1.2572120349135278,100,0.9356528964318294,0.6614740331011544,1.3091640238354036,0.97,8.0,16.0,0.1257212034913528,1.0213692377824128,1.2728116447651183,0.0187204649058902,0.0405309660934202,0.0170587221092319,0.915479219195973,0.9897456617765852,mode-disjoint-FGLS,disjoint,mode,FGLS,universal_frechet_max_ar_xi0.30_theta1.00,,,,,,
universal,frechet_max_ar,0.3,1.0,0.0,disjoint_mode_ols,365.0,100,41,0.2781620867415404,0.1855676949352618,-0.0218379132584595,0.141084019385451,0.47028006461817,0.4056725946945368,0.4040940922992694,0.1939422717303158,0.603972589903,0.21576699534836,0.1771207688988426,0.1097561060332343,0.2947582659455417,2.6122045266344625,3.5870901724246833,100,0.719765341603131,0.2914016443121225,3.9400776252415546,0.41,8.0,16.0,0.3587090172424683,2.253495509391994,2.970913543876931,0.0185567694935261,0.0405672594694536,0.0491833305094317,0.3186715709566465,0.5079874943890338,mode-disjoint-OLS,disjoint,mode,OLS,universal_frechet_max_ar_xi0.30_theta1.00,,,,,,
universal,frechet_max_ar,1.0,1.0,0.0,sliding_median_fgls,365.0,100,98,0.5938513820883339,0.3755458977178726,-0.4061486179116661,0.4850946965779499,0.4850946965779499,0.2645068009346942,0.5044691126248821,0.2761199723064234,0.7197246104363799,2.7719667167686275,2.4371819188626427,1.6748452081221217,3.3945515755682805,2.8494927150782647,1.4795492384769693,100,2.5160989879062288,1.7180039465542642,3.5129321090554164,0.98,9.0,16.5,0.1479549238476969,2.701537791230568,2.9974476389259617,0.0375545897717872,0.0264506800934694,0.014,0.9299868370580064,0.9944981477650318,median-sliding-FGLS,sliding,median,FGLS,universal_frechet_max_ar_xi1.00_theta1.00,,,,,,
universal,frechet_max_ar,1.0,1.0,0.0,sliding_median_ols,365.0,100,15,0.5976941794640743,0.387513211554289,-0.4023058205359256,0.490970655456906,0.490970655456906,0.2648853629595843,0.4927141260660036,0.2638408965053942,0.7237675687215567,0.2527433614005019,0.2082772791465822,0.1332232107089386,0.3199982331351108,15.618425841613169,11.59097807728272,100,14.046924536400658,5.82112947174787,26.186639749374635,0.15,9.0,16.5,1.159097807728272,14.459328033884898,16.77752364934144,0.0387513211554289,0.0264885362959584,0.0357071421427142,0.0930590319116229,0.2328373333215783,median-sliding-OLS,sliding,median,OLS,universal_frechet_max_ar_xi1.00_theta1.00,,,,,,
universal,frechet_max_ar,1.0,1.0,0.0,disjoint_median_fgls,365.0,100,98,0.7602785800790207,0.4023147689937266,-0.2397214199209792,0.3896074814264262,0.3896074814264262,0.258024686005703,0.3432622029003767,0.1642859041305442,0.5999719229395026,2.8289165302307486,2.3823210724230384,1.704013962336608,3.581945354469062,2.8739077824652832,1.4854047229279912,100,2.4215821115924108,1.783177355016503,3.5938710151582702,0.98,9.0,15.0,0.1485404722927991,2.725367310172484,3.0224482547580824,0.0402314768993726,0.0258024686005703,0.014,0.9299868370580064,0.9944981477650318,median-disjoint-FGLS,disjoint,median,FGLS,universal_frechet_max_ar_xi1.00_theta1.00,,,,,,
universal,frechet_max_ar,1.0,1.0,0.0,disjoint_median_ols,365.0,100,37,0.7704515942683183,0.3928544044618068,-0.2295484057316817,0.3741882174200229,0.3741882174200229,0.2571539761828295,0.3331391385163174,0.1425665774207488,0.5721284165773368,0.4564443437104566,0.3845648401287502,0.2401068709429017,0.5831595957836089,8.603888017177491,9.876692894370732,100,3.85248254664744,0.6443644691220239,14.055542319519468,0.37,9.0,15.0,0.9876692894370732,7.616218727740418,9.591557306614565,0.0392854404461806,0.0257153976182829,0.0482804308182932,0.2818221256950916,0.4677965242486688,median-disjoint-OLS,disjoint,median,OLS,universal_frechet_max_ar_xi1.00_theta1.00,,,,,,
universal,frechet_max_ar,1.0,1.0,0.0,sliding_mean_fgls,365.0,100,98,0.7566243436985625,0.137728664482701,-0.2433756563014376,0.243963890138039,0.243963890138039,0.1366734054467842,0.2254445840650021,0.1475287543736438,0.3040830371815293,3.653913248999532,3.156148162684608,2.1907676071116096,4.7889838107837175,3.8739947766520646,2.635015371809798,100,3.2818634452910453,2.24709639476624,4.854589948044033,0.98,10.0,17.5,0.2635015371809798,3.6104932394710847,4.1374963138330445,0.0137728664482701,0.0136673405446784,0.014,0.9299868370580064,0.9944981477650318,mean-sliding-FGLS,sliding,mean,FGLS,universal_frechet_max_ar_xi1.00_theta1.00,,,,,,
universal,frechet_max_ar,1.0,1.0,0.0,sliding_mean_ols,365.0,100,1,0.7567952909581283,0.1377184060842445,-0.2432047090418717,0.2437952943730548,0.2437952943730548,0.1366595738083242,0.2253733605015402,0.1472985495946363,0.3039101975633748,0.0077738941836348,0.0065850957732183,0.0030769675172386,0.0105764681213089,9.60459695471714,5.448932888848636,100,8.85831813262972,5.7779266941006,12.069746047545138,0.01,10.0,17.5,0.5448932888848635,9.059703665832275,10.149490243602004,0.0137718406084244,0.0136659573808324,0.0099498743710662,0.0017673865655472,0.0544875247609346,mean-sliding-OLS,sliding,mean,OLS,universal_frechet_max_ar_xi1.00_theta1.00,,,,,,
universal,frechet_max_ar,1.0,1.0,0.0,disjoint_mean_fgls,365.0,100,99,0.7560176769877844,0.1731404990247071,-0.2439823230122155,0.2440346543620032,0.2440346543620032,0.1730659869814188,0.2089749617101404,0.1381434115085662,0.3385047821682123,3.7912016962622994,3.6566737106460927,1.940583014234188,4.680076776848098,3.822668692768719,2.465538033658916,100,3.687911664213314,1.9572144758354573,4.680076776848098,0.99,9.0,16.0,0.2465538033658916,3.576114889402828,4.069222496134611,0.0173140499024707,0.0173065986981418,0.0099498743710662,0.9455124752390652,0.9982326134344526,mean-disjoint-FGLS,disjoint,mean,FGLS,universal_frechet_max_ar_xi1.00_theta1.00,,,,,,
universal,frechet_max_ar,1.0,1.0,0.0,disjoint_mean_ols,365.0,100,5,0.7561549431802514,0.1720956343700161,-0.2438450568197485,0.2439864155284625,0.2439864155284625,0.1718931400154427,0.2092320869752053,0.1364339908024896,0.3319018820989233,0.140090666317865,0.0907683668574365,0.0553340451656791,0.1525918805780299,7.338436170652738,5.686184361220517,100,6.3255484517760365,3.894183544798768,9.119681941061444,0.05,9.0,16.0,0.5686184361220518,6.769817734530686,7.90705460677479,0.0172095634370016,0.0171893140015442,0.0217944947177033,0.0215433614563135,0.1117519652720881,mean-disjoint-OLS,disjoint,mean,OLS,universal_frechet_max_ar_xi1.00_theta1.00,,,,,,
universal,frechet_max_ar,1.0,1.0,0.0,sliding_mode_fgls,365.0,100,92,0.572773768195079,0.3250137630240684,-0.427226231804921,0.4921868152539611,0.4921868152539611,0.2128498278554409,0.504278836867428,0.3569545563654444,0.6426244088886435,3.2703790001398643,2.738743036664764,2.0257591434243345,3.9778632838446946,3.933780995537436,2.6894160208997335,100,2.9632382800199935,2.1597630583555736,4.864054436539936,0.92,11.0,17.0,0.2689416020899733,3.664839393447463,4.202722597627409,0.0325013763024068,0.021284982785544,0.027129319932501,0.8500173312059693,0.9589070305141892,mode-sliding-FGLS,sliding,mode,FGLS,universal_frechet_max_ar_xi1.00_theta1.00,,,,,,
universal,frechet_max_ar,1.0,1.0,0.0,sliding_mode_ols,365.0,100,3,0.577572190629456,0.3354911340338737,-0.422427809370544,0.4946441274989323,0.4946441274989323,0.2136768050958213,0.5056974334488289,0.3460369178170515,0.6383143189653303,0.0938773449745642,0.0629210544184213,0.0447749607319782,0.1333038541970887,18.058624613184456,8.620256084016548,100,18.3107013221816,11.941256905935017,24.26598471623114,0.03,11.0,17.0,0.8620256084016548,17.1965990047828,18.92065022158611,0.0335491134033873,0.0213676805095821,0.0170587221092319,0.0102543382234148,0.0845207808040269,mode-sliding-OLS,sliding,mode,OLS,universal_frechet_max_ar_xi1.00_theta1.00,,,,,,
universal,frechet_max_ar,1.0,1.0,0.0,disjoint_mode_fgls,365.0,100,91,0.8950744459383781,0.8838202129607037,-0.1049255540616218,0.6198957126519945,0.6198957126519945,0.6356937389798016,0.4645091427253121,0.1843350007382298,0.7933223139488055,3.055598791940057,2.7112528665671656,1.8248425086748112,3.8165846650094934,4.0467958172640826,5.680524500674021,100,2.9087146167350992,1.9856806355435697,4.034199497189218,0.91,9.5,16.0,0.568052450067402,3.4787433671966808,4.614848267331484,0.0883820212960703,0.0635693738979801,0.0286181760425083,0.8377362530335634,0.9519280048361152,mode-disjoint-FGLS,disjoint,mode,FGLS,universal_frechet_max_ar_xi1.00_theta1.00,,,,,,
universal,frechet_max_ar,1.0,1.0,0.0,disjoint_mode_ols,365.0,100,44,0.913945415267687,0.8773891256487082,-0.0860545847323128,0.6372724811917201,0.6372724811917201,0.6058658861645186,0.4619067764628826,0.202705005695349,0.8611953869978816,0.987688087685002,0.7833663550800881,0.5461205678746766,1.2852690964714304,12.34989037611668,16.407256020289836,100,4.901561459566684,1.145717274776329,17.72725820955197,0.44,9.5,16.0,1.6407256020289835,10.709164774087697,13.990615978145662,0.0877389125648708,0.0605865886164518,0.0496386945839634,0.3467186540096832,0.537720722887437,mode-disjoint-OLS,disjoint,mode,OLS,universal_frechet_max_ar_xi1.00_theta1.00,,,,,,
universal,frechet_max_ar,3.0,1.0,0.0,sliding_median_fgls,365.0,100,91,2.1226856126520066,1.3220209997445231,-0.8773143873479932,1.3397533847069696,0.4465844615689898,0.2812916198793519,0.4416763527206603,0.2070800829663615,0.6664505687407049,7.757250928028885,7.299363575086987,5.219391531342502,10.35735821713599,9.060852764082275,5.945090798509793,100,8.272046578365348,5.645599618132239,10.961519967922326,0.91,10.0,17.0,0.5945090798509793,8.466343684231298,9.655361843933257,0.1322020999744523,0.0281291619879351,0.0286181760425083,0.8377362530335634,0.9519280048361152,median-sliding-FGLS,sliding,median,FGLS,universal_frechet_max_ar_xi3.00_theta1.00,,,,,,
universal,frechet_max_ar,3.0,1.0,0.0,sliding_median_ols,365.0,100,22,2.1538304691820924,1.3457254474851983,-0.8461695308179077,1.3303357899570982,0.4434452633190327,0.2880089105455661,0.4100222934229981,0.2039324064842027,0.6686409173443486,0.8044780728126806,0.6276890817925354,0.3727851516378632,1.1000481442149044,41.23955413927515,35.18864700926508,100,34.58599723398043,4.103950280033953,68.35506122825038,0.22,10.0,17.0,3.518864700926508,37.72068943834864,44.75841884020166,0.1345725447485198,0.0288008910545566,0.0414246303544159,0.150011745036558,0.3107053471500031,median-sliding-OLS,sliding,median,OLS,universal_frechet_max_ar_xi3.00_theta1.00,,,,,,
universal,frechet_max_ar,3.0,1.0,0.0,disjoint_median_fgls,365.0,100,96,2.5677786536195417,1.5825366990180525,-0.4322213463804583,1.270135709540896,0.4233785698469653,0.3437674597247468,0.353539167970041,0.1690577939946536,0.653628413495781,8.433999114374398,8.04461375621769,5.785165629272,10.667750613717736,8.937908915097054,4.400610044402878,100,8.221535364408608,5.871285867576294,10.999141144414704,0.96,9.0,16.0,0.4400610044402878,8.497847910656766,9.377969919537342,0.1582536699018052,0.0343767459724746,0.0195959179422654,0.9016278276739262,0.984336949448152,median-disjoint-FGLS,disjoint,median,FGLS,universal_frechet_max_ar_xi3.00_theta1.00,,,,,,
universal,frechet_max_ar,3.0,1.0,0.0,disjoint_median_ols,365.0,100,34,2.5627841222258443,1.549915380301854,-0.4372158777741557,1.2672543259193612,0.422418108639787,0.3288314696075164,0.3751248851405153,0.1502209662144152,0.575089643229142,1.3106224886876152,1.0731103462697882,0.6741809111428044,1.6543174478187888,32.16108980817759,36.48116006427471,100,20.217155373580216,1.8996039332349424,51.07262636327542,0.34,9.0,16.0,3.648116006427471,28.51297380175012,35.809205814605065,0.1549915380301854,0.0328831469607516,0.047370877129308,0.25461379497543,0.4372245434168906,median-disjoint-OLS,disjoint,median,OLS,universal_frechet_max_ar_xi3.00_theta1.00,,,,,,
universal,frechet_max_ar,3.0,1.0,0.0,sliding_mean_fgls,365.0,100,75,0.9630776676781144,0.2042645118500077,-2.0369223323218857,2.0369223323218857,0.6789741107739619,0.0680881706166692,0.656312104904354,0.6543567744494053,0.6608267340599383,8.061223363988217,6.665822574130803,4.304200943391386,10.169789676131838,12.762236449940485,10.13253182492848,100,9.120991654530174,6.4956512896557745,13.937488096144197,0.75,8.0,21.0,1.013253182492848,11.748983267447636,13.775489632433333,0.0204264511850007,0.0068088170616669,0.0433012701892219,0.6569535362992417,0.8245490599627573,mean-sliding-FGLS,sliding,mean,FGLS,universal_frechet_max_ar_xi3.00_theta1.00,,,,,,
universal,frechet_max_ar,3.0,1.0,0.0,sliding_mean_ols,365.0,100,0,0.963109439767163,0.2042398354588524,-2.036890560232837,2.036890560232837,0.6789635200776124,0.0680799451529508,0.6563118222917353,0.654347995342766,0.660792331744229,0.0092952727485937,0.0073611001445803,0.005967287585506,0.0082714836265091,81.2990122270902,8.096160496252505,100,78.6382878578892,78.3984561081429,79.1694834225844,0.0,8.0,21.0,0.8096160496252505,80.48939617746495,82.10862827671545,0.0204239835458852,0.006807994515295,0.0,0.0,0.0369948074760019,mean-sliding-OLS,sliding,mean,OLS,universal_frechet_max_ar_xi3.00_theta1.00,,,,,,
universal,frechet_max_ar,3.0,1.0,0.0,disjoint_mean_fgls,365.0,100,96,0.9306361824071768,0.4776658178568779,-2.0693638175928233,2.0693638175928233,0.6897879391976077,0.159221939285626,0.6695819337965172,0.6693902445279415,0.6751783605665764,20.527263063463476,18.00364247380151,8.980106198280769,26.72675051103669,20.867844068698837,14.958167375128076,100,18.032757448023354,10.15660444637775,26.72675051103669,0.96,8.0,12.0,1.4958167375128075,19.37202733118603,22.363660806211644,0.0477665817856877,0.0159221939285626,0.0195959179422654,0.9016278276739262,0.984336949448152,mean-disjoint-FGLS,disjoint,mean,FGLS,universal_frechet_max_ar_xi3.00_theta1.00,,,,,,
universal,frechet_max_ar,3.0,1.0,0.0,disjoint_mean_ols,365.0,100,0,0.9301874147466684,0.4789033469091207,-2.0698125852533313,2.0698125852533313,0.6899375284177772,0.1596344489697069,0.66968045813103,0.6695113998603271,0.674662970350063,0.1252102390602513,0.0338032899595756,0.0334910442496472,0.0566316251339119,80.41350886798848,15.526001638170888,100,79.70778855103572,79.70062332753125,79.84688707404727,0.0,8.0,12.0,1.5526001638170888,78.8609087041714,81.96610903180557,0.047890334690912,0.0159634448969706,0.0,0.0,0.0369948074760019,mean-disjoint-OLS,disjoint,mean,OLS,universal_frechet_max_ar_xi3.00_theta1.00,,,,,,
universal,frechet_max_ar,3.0,1.0,0.0,sliding_mode_fgls,365.0,100,89,1.5455978631645626,1.604998665937541,-1.4544021368354374,1.8841032025635611,0.6280344008545203,0.3538629548567717,0.7065800584319769,0.2804119327053082,0.968736957646944,7.628536493662458,6.45589901029917,4.587842312640791,9.467413947026774,10.916591811773063,10.369744060767864,100,8.015742981515633,5.742073985292875,11.572078276451869,0.89,11.0,17.5,1.0369744060767865,9.87961740569628,11.95356621784985,0.1604998665937541,0.0353862954856771,0.031288975694324,0.8136853697209698,0.9374586804477488,mode-sliding-FGLS,sliding,mode,FGLS,universal_frechet_max_ar_xi3.00_theta1.00,,,,,,
universal,frechet_max_ar,3.0,1.0,0.0,sliding_mode_ols,365.0,100,16,1.5769264700000034,1.6183843206387436,-1.4230735299999966,1.880215518274301,0.6267385060914337,0.3486230744172212,0.6809944352088287,0.3164342937203994,0.9938897958378592,0.8058243265044144,0.5719320726630505,0.1679065048055008,1.1810433621643162,62.01602239168486,47.2933252536206,100,59.6231383713197,13.128665224115297,109.6286400728724,0.16,11.0,17.5,4.72933252536206,57.2866898663228,66.74535491704691,0.1618384320638743,0.0348623074417221,0.0366606055596467,0.1009520234947371,0.2442044455889441,mode-sliding-OLS,sliding,mode,OLS,universal_frechet_max_ar_xi3.00_theta1.00,,,,,,
universal,frechet_max_ar,3.0,1.0,0.0,disjoint_mode_fgls,365.0,100,79,2.225069155574889,2.2673803515146793,-0.7749308444251111,1.9994534237520705,0.6664844745840235,0.4358135884999625,0.7195613962330991,0.2811780559394492,0.9740744377303469,7.437112352510595,6.235362127480551,4.403875232164904,9.199602618634806,14.647258955135491,19.699906641673724,100,8.32353001280822,5.728764595043815,14.247996757280248,0.79,10.0,16.0,1.9699906641673723,12.67726829096812,16.617249619302864,0.2267380351514679,0.0435813588499962,0.0407308237088326,0.7001985069803768,0.8583445046835422,mode-disjoint-FGLS,disjoint,mode,FGLS,universal_frechet_max_ar_xi3.00_theta1.00,,,,,,
universal,frechet_max_ar,3.0,1.0,0.0,disjoint_mode_ols,365.0,100,39,2.18402658052551,2.1374729051326455,-0.8159734194744899,1.92544634832604,0.6418154494420135,0.4077767452414801,0.6423016088650004,0.3072475365503001,0.990154748732722,2.819609274864604,2.074875542303481,0.896971230407889,3.8250775742218974,46.7431898675261,48.10909572256496,100,20.907138305202707,5.140570544763014,91.7163805313601,0.39,10.0,16.0,4.810909572256496,41.9322802952696,51.5540994397826,0.2137472905132645,0.040777674524148,0.0487749935930287,0.300167219319702,0.4879716383250184,mode-disjoint-OLS,disjoint,mode,OLS,universal_frechet_max_ar_xi3.00_theta1.00,,,,,,
universal,frechet_max_ar,10.0,1.0,0.0,sliding_median_fgls,365.0,100,98,6.629156812905498,3.7414301873645543,-3.3708431870945024,4.427216478622598,0.4427216478622597,0.2382735651238787,0.4141403157869774,0.2632886144276085,0.6069212715563254,27.523529447308945,25.605052629611507,18.717365694241405,33.73630136742036,29.071692729136306,15.19489147433302,100,26.164329982375815,19.186189538115908,34.74518620190376,0.98,9.0,16.0,1.519489147433302,27.552203581703,30.591181876569603,0.3741430187364554,0.0238273565123878,0.014,0.9299868370580064,0.9944981477650318,median-sliding-FGLS,sliding,median,FGLS,universal_frechet_max_ar_xi10.00_theta1.00,,,,,,
universal,frechet_max_ar,10.0,1.0,0.0,sliding_median_ols,365.0,100,18,6.698890808572921,3.9390335225692494,-3.301109191427078,4.554782069236185,0.4554782069236184,0.2359615496089949,0.4497594914168542,0.2535215202602366,0.6045187625273588,2.835401270721858,2.0584935146280667,1.313038359064042,3.397574443415138,136.55013618994067,104.25067291180136,100,128.94174328120917,34.619589526985216,213.1754781735006,0.18,9.0,16.0,10.425067291180136,126.12506889876052,146.9752034811208,0.3939033522569249,0.0235961549608994,0.038418745424597,0.1170013165425103,0.2666753602421308,median-sliding-OLS,sliding,median,OLS,universal_frechet_max_ar_xi10.00_theta1.00,,,,,,
universal,frechet_max_ar,10.0,1.0,0.0,disjoint_median_fgls,365.0,100,96,7.202080447592375,5.169076518389428,-2.7979195524076257,4.969499593451477,0.4969499593451478,0.3111494841122044,0.4933258160627673,0.2649411533856664,0.6390372382012117,32.30048603407354,31.113466428760702,20.25014546422825,40.47759121707283,34.3960448909042,18.034595572463967,100,32.33359195391958,21.30944279154478,41.85722133751022,0.96,9.0,17.0,1.8034595572463967,32.5925853336578,36.1995044481506,0.5169076518389428,0.0311149484112204,0.0195959179422654,0.9016278276739262,0.984336949448152,median-disjoint-FGLS,disjoint,median,FGLS,universal_frechet_max_ar_xi10.00_theta1.00,,,,,,
universal,frechet_max_ar,10.0,1.0,0.0,disjoint_median_ols,365.0,100,20,7.281197204790192,5.127124070057811,-2.718802795209807,4.948084525620665,0.4948084525620665,0.3003848606123079,0.4972946103932612,0.259523217089933,0.6409096513091025,4.220657629660245,3.5237808204185765,2.101539663755771,5.661684479209434,131.21712595012056,129.24493056827546,100,90.00239660344067,19.44112299021666,214.7396830667172,0.2,9.0,17.0,12.924493056827547,118.29263289329302,144.1416190069481,0.5127124070057811,0.0300384860612307,0.04,0.1333659225590988,0.2888309619265023,median-disjoint-OLS,disjoint,median,OLS,universal_frechet_max_ar_xi10.00_theta1.00,,,,,,
universal,frechet_max_ar,10.0,1.0,0.0,sliding_mean_fgls,365.0,100,51,0.9465037364620612,0.2751944484957672,-9.05349626353794,9.05349626353794,0.905349626353794,0.0275194448495767,0.8961949835558272,0.8961935655110039,0.8964037563772678,23.25194517396425,18.117619433983258,11.508977892509876,25.30914674873388,91.66966488555464,81.68412336157242,100,51.49407693192352,25.065809190068386,157.27445156252992,0.51,8.0,21.0,8.168412336157242,83.5012525493974,99.8380772217119,0.0275194448495767,0.0027519444849576,0.0499899989997999,0.4134784047743415,0.6057816990761385,mean-sliding-FGLS,sliding,mean,FGLS,universal_frechet_max_ar_xi10.00_theta1.00,,,,,,
universal,frechet_max_ar,10.0,1.0,0.0,sliding_mean_ols,365.0,100,0,0.9465061595820532,0.2751924496593447,-9.053493840417946,9.053493840417946,0.9053493840417948,0.0275192449659344,0.8961948948784274,0.8961934985336474,0.8964006672483734,0.0083290023112396,0.0074605393477679,0.0074568678337039,0.007462336097071,361.9815025728043,10.973066265262112,100,358.3361567054685,358.33564916170326,358.43688217866304,0.0,8.0,21.0,1.0973066265262112,360.88419594627806,363.0788091993305,0.0275192449659344,0.0027519244965934,0.0,0.0,0.0369948074760019,mean-sliding-OLS,sliding,mean,OLS,universal_frechet_max_ar_xi10.00_theta1.00,,,,,,
universal,frechet_max_ar,10.0,1.0,0.0,disjoint_mean_fgls,365.0,100,94,0.9919429676721916,0.0041975487335493,-9.008057032327809,9.008057032327809,0.9008057032327808,0.0004197548733549,0.9008467323225204,0.9007289164453708,0.9008523640961016,62.84430847944005,56.346853646748606,31.228373475179858,80.0439572157929,67.79908673181232,42.507087317065746,100,59.4757305551484,35.686907440985024,81.94034724500287,0.94,8.0,12.0,4.250708731706575,63.54837800010575,72.0497954635189,0.0004197548733549,4.1975487335493e-05,0.0237486841740758,0.8752303146877748,0.9722142547333432,mean-disjoint-FGLS,disjoint,mean,FGLS,universal_frechet_max_ar_xi10.00_theta1.00,,,,,,
universal,frechet_max_ar,10.0,1.0,0.0,disjoint_mean_ols,365.0,100,0,0.9910712180036212,0.0044461076752832,-9.008928781996378,9.008928781996378,0.9008928781996378,0.0004446107675283,0.9008523698093098,0.9008523698091682,0.9008523728236432,0.0346488505586697,0.0336707242165238,0.0336703271332673,0.0336707242923716,359.6988231192404,0.0772530665229958,100,359.701204163572,359.7012041634859,359.70121666275725,0.0,8.0,12.0,0.0077253066522995,359.6910978125881,359.70654842589266,0.0004446107675283,4.446107675283157e-05,0.0,0.0,0.0369948074760019,mean-disjoint-OLS,disjoint,mean,OLS,universal_frechet_max_ar_xi10.00_theta1.00,,,,,,
universal,frechet_max_ar,10.0,1.0,0.0,sliding_mode_fgls,365.0,100,78,3.1952675141471394,3.720821484126431,-6.8047324858528615,7.044951633622641,0.7044951633622641,0.3237892455134755,0.8665893573932806,0.4527689450300698,0.999999999999966,21.96658937475283,20.16852296743174,13.929815731548157,30.337145912623537,42.89229991242627,44.45160186629459,100,26.277217272776205,17.492074430450796,37.51837072900761,0.78,11.5,18.0,4.445160186629459,38.44713972579681,47.337460099055725,0.3720821484126431,0.0323789245513475,0.0414246303544159,0.6892946528499969,0.849988254963442,mode-sliding-FGLS,sliding,mode,FGLS,universal_frechet_max_ar_xi10.00_theta1.00,,,,,,
universal,frechet_max_ar,10.0,1.0,0.0,sliding_mode_ols,365.0,100,15,3.261375043351775,3.762262003240603,-6.738624956648224,7.002128317702683,0.7002128317702683,0.3239954881218178,0.8439407767782179,0.4482639054389531,0.9999999999999984,2.737968463673744,1.780795047629438,7.267450142312156e-14,4.104995349096104,244.04820753633237,156.243894558303,100,300.5767301089126,70.64019856506579,399.9999999999979,0.15,11.5,18.0,15.6243894558303,228.4238180805021,259.67259699216265,0.3762262003240603,0.0323995488121817,0.0357071421427142,0.0930590319116229,0.2328373333215783,mode-sliding-OLS,sliding,mode,OLS,universal_frechet_max_ar_xi10.00_theta1.00,,,,,,
universal,frechet_max_ar,10.0,1.0,0.0,disjoint_mode_fgls,365.0,100,80,9.565190248681995,7.8890222219815,-0.4348097513180022,6.404909636716416,0.6404909636716417,0.4581528236063331,0.5871003889048381,0.2651603882281421,0.8857325689159949,25.401611443001755,23.375521021820816,13.627390135773268,32.71610228626352,59.56117166885783,94.05017625851684,100,29.12622035023208,18.68657073821426,48.15678330891108,0.8,11.0,18.0,9.405017625851684,50.15615404300615,68.96618929470952,0.78890222219815,0.0458152823606333,0.04,0.7111690380734977,0.8666340774409013,mode-disjoint-FGLS,disjoint,mode,FGLS,universal_frechet_max_ar_xi10.00_theta1.00,,,,,,
universal,frechet_max_ar,10.0,1.0,0.0,disjoint_mode_ols,365.0,100,44,9.612438693730171,8.160611655700643,-0.3875613062698286,6.160520809523993,0.6160520809523993,0.5330284534898188,0.5244467918160555,0.1850284925893052,0.8901967859741797,9.953463786875252,8.256932179100057,3.86362798317599,14.09323748689715,136.5379694382232,156.23419359740936,100,49.71066663490771,13.598182802695938,242.6460238740074,0.44,11.0,18.0,15.623419359740936,120.91455007848226,152.16138879796415,0.8160611655700644,0.0533028453489818,0.0496386945839634,0.3467186540096832,0.537720722887437,mode-disjoint-OLS,disjoint,mode,OLS,universal_frechet_max_ar_xi10.00_theta1.00,,,,,,
universal,moving_maxima_q99,0.01,0.01,1.0,sliding_median_fgls,365.0,100,86,-2.581268532253489e-16,1.0805967702608584e-15,-0.0100000000000002,0.0100000000000002,1.0000000000000258,1.0804727709337585e-13,1.0000000000000222,0.9999999999999556,1.0000000000000888,0.050901995403157,0.0462197325164446,0.028048106825635,0.0690571240270377,0.066550817933813,0.0473353020621409,100,0.0544546481172849,0.0366912045337356,0.0826898577333789,0.86,8.0,12.0,0.004733530206214,0.0618172877275989,0.0712843481400271,1.0805967702608583e-16,1.0804727709337584e-14,0.0346987031457949,0.7786263961619276,0.914737342455351,median-sliding-FGLS,sliding,median,FGLS,universal_moving_maxima_q99_xi0.01_theta0.01,,,,,,
universal,moving_maxima_q99,0.01,0.01,1.0,sliding_median_ols,365.0,100,0,3.3411033086616064e-17,3.968341077066045e-17,-0.0099999999999999,0.0099999999999999,0.9999999999999968,3.9672559418859586e-15,0.9999999999999952,0.999999999999994,0.999999999999999,1.6885804804100138e-16,1.4580671311940231e-16,1.0797989838612527e-16,1.9921752653755702e-16,0.3999999999999954,2.8352874514725505e-15,100,0.3999999999999956,0.3999999999999939,0.3999999999999971,0.0,8.0,12.0,2.83528745147255e-16,0.3999999999999952,0.3999999999999957,3.968341077066045e-18,3.9672559418859596e-16,0.0,0.0,0.0369948074760019,median-sliding-OLS,sliding,median,OLS,universal_moving_maxima_q99_xi0.01_theta0.01,,,,,,
universal,moving_maxima_q99,0.01,0.01,1.0,disjoint_median_fgls,365.0,100,87,0.0003013994231463,0.0012943201429115,-0.0096986005768536,0.0096986005768536,0.9698600576853696,0.1294320142911587,1.0,0.9999999999999112,1.0000000000000722,0.0517707090161116,0.0494770434214656,0.0277371737534709,0.0682526807954836,0.066056562268005,0.0425103938048468,100,0.0561469332498965,0.0391735992998745,0.0828231327269239,0.87,8.0,12.0,0.0042510393804846,0.0618055228875204,0.0703076016484897,0.0001294320142911,0.0129432014291158,0.0336303434416004,0.7901947810519012,0.9224290614158576,median-disjoint-FGLS,disjoint,median,FGLS,universal_moving_maxima_q99_xi0.01_theta0.01,,,,,,
universal,moving_maxima_q99,0.01,0.01,1.0,disjoint_median_ols,365.0,100,3,0.0003087863991433,0.001324317918494,-0.0096912136008566,0.0096912136008566,0.9691213600856634,0.1324317918494011,0.9999999999999948,0.9999999999999932,0.9999999999999972,0.0007249754443587,1.7463919567351081e-16,1.1815816727132608e-16,2.7565738862087067e-16,0.3800624047732233,0.0739245738038259,100,0.399999999999995,0.3999999999999926,0.3999999999999967,0.03,8.0,12.0,0.0073924573803825,0.3726699473928407,0.3874548621536058,0.0001324317918494,0.0132431791849401,0.0170587221092319,0.0102543382234148,0.0845207808040269,median-disjoint-OLS,disjoint,median,OLS,universal_moving_maxima_q99_xi0.01_theta0.01,,,,,,
universal,moving_maxima_q99,0.01,0.01,1.0,sliding_mean_fgls,365.0,100,15,0.0010241243013352,0.0005896672160598,-0.0089758756986647,0.0089758756986647,0.8975875698664769,0.0589667216059852,0.9044475178599124,0.8732084655004502,0.9417955985526254,0.0127670804110568,0.0106279235734487,0.0076142647293954,0.015278455350679,0.1502811407393399,0.0916990781020396,100,0.1529427027892901,0.0679446358942243,0.2309645878271896,0.15,8.0,21.0,0.0091699078102039,0.1411112329291359,0.1594510485495439,5.896672160598524e-05,0.0058966721605985,0.0357071421427142,0.0930590319116229,0.2328373333215783,mean-sliding-FGLS,sliding,mean,FGLS,universal_moving_maxima_q99_xi0.01_theta0.01,,,,,,
universal,moving_maxima_q99,0.01,0.01,1.0,sliding_mean_ols,365.0,100,0,0.0010245886543386,0.0005891244015526,-0.0089754113456613,0.0089754113456613,0.8975411345661394,0.0589124401552695,0.903991285225795,0.8730813717044786,0.9415110704368992,0.0001722290960418,0.0001391384436921,8.800763012294097e-05,0.000231546638543,0.3557441010016615,0.0256718150229924,100,0.3587404962841113,0.3458025107288713,0.3743858926893146,0.0,8.0,21.0,0.0025671815022992,0.3531769194993622,0.3583112825039607,5.891244015526952e-05,0.0058912440155269,0.0,0.0,0.0369948074760019,mean-sliding-OLS,sliding,mean,OLS,universal_moving_maxima_q99_xi0.01_theta0.01,,,,,,
universal,moving_maxima_q99,0.01,0.01,1.0,disjoint_mean_fgls,365.0,100,71,0.0010214086350802,0.0015330092405191,-0.0089785913649197,0.0089785913649197,0.897859136491974,0.1533009240519103,0.9117437682281896,0.8654318458583323,0.9727678725432832,0.0293316788459423,0.0261145549803478,0.0172752498170024,0.0389992767878962,0.0596677855198962,0.0567464947616237,100,0.0390047841899641,0.0271704222595682,0.0613508976929395,0.71,8.0,13.0,0.0056746494761623,0.0539931360437339,0.0653424349960586,0.0001533009240519,0.015330092405191,0.0453762052181537,0.6146092505999207,0.7898529302601586,mean-disjoint-FGLS,disjoint,mean,FGLS,universal_moving_maxima_q99_xi0.01_theta0.01,,,,,,
universal,moving_maxima_q99,0.01,0.01,1.0,disjoint_mean_ols,365.0,100,1,0.0010082942015564,0.001499759407635,-0.0089917057984435,0.0089917057984435,0.8991705798443587,0.149975940763504,0.91725921903213,0.8654917896606803,0.9748476633113992,0.0017485966915646,0.0015025842124329,0.0009687228912738,0.0020965185034525,0.326821853916037,0.0641229561465125,100,0.3406901185825538,0.3042495304131298,0.36510089102754,0.01,8.0,13.0,0.0064122956146512,0.3204095583013858,0.3332341495306882,0.0001499759407635,0.0149975940763504,0.0099498743710662,0.0017673865655472,0.0544875247609346,mean-disjoint-OLS,disjoint,mean,OLS,universal_moving_maxima_q99_xi0.01_theta0.01,,,,,,
universal,moving_maxima_q99,0.01,0.01,1.0,sliding_mode_fgls,365.0,100,93,9.846715184305577e-05,0.0003358480882439,-0.0099015328481569,0.0099015328481569,0.9901532848156944,0.0335848088243918,0.99999999999995,0.999860502979726,1.0000000000000444,0.0752001355125843,0.0687884006424862,0.0367454759614628,0.0961460167080779,0.0867688071193645,0.0570121956655559,100,0.0731245852831641,0.0455815572803609,0.1101410570253855,0.93,8.0,13.5,0.0057012195665555,0.0810675875528089,0.09247002668592,3.358480882439184e-05,0.0033584808824391,0.0255147016443461,0.8625032899347026,0.965681175635936,mode-sliding-FGLS,sliding,mode,FGLS,universal_moving_maxima_q99_xi0.01_theta0.01,,,,,,
universal,moving_maxima_q99,0.01,0.01,1.0,sliding_mode_ols,365.0,100,0,9.821702247002912e-05,0.0003359853013917,-0.0099017829775299,0.0099017829775299,0.990178297752997,0.0335985301391794,0.9999999999999948,0.9998611422388068,0.9999999999999972,6.171594609052821e-05,2.1262914913328614e-16,1.293881324179642e-16,4.735717061889499e-05,0.3948987161254788,0.0145249852550563,100,0.3999999999999942,0.3998990757309195,0.3999999999999962,0.0,8.0,13.5,0.0014524985255056,0.3934462175999731,0.3963512146509844,3.35985301391794e-05,0.0033598530139179,0.0,0.0,0.0369948074760019,mode-sliding-OLS,sliding,mode,OLS,universal_moving_maxima_q99_xi0.01_theta0.01,,,,,,
universal,moving_maxima_q99,0.01,0.01,1.0,disjoint_mode_fgls,365.0,100,89,0.0005738247331425,0.0012401652492731,-0.0094261752668574,0.0094261752668574,0.942617526685741,0.1240165249273116,0.9755492244294884,0.9216396860615114,1.0046728333534252,0.0699414586855572,0.0623566789385616,0.033662927060937,0.0958683620054397,0.0860829389410963,0.0589487921349222,100,0.073606959176124,0.0406814776512513,0.1161284871799769,0.89,8.0,13.0,0.0058948792134922,0.0801880597276041,0.0919778181545886,0.0001240165249273,0.0124016524927311,0.031288975694324,0.8136853697209698,0.9374586804477488,mode-disjoint-FGLS,disjoint,mode,FGLS,universal_moving_maxima_q99_xi0.01_theta0.01,,,,,,
universal,moving_maxima_q99,0.01,0.01,1.0,disjoint_mode_ols,365.0,100,1,0.0005565418859585,0.0012120782660549,-0.0094434581140414,0.0094434581140414,0.9443458114041436,0.1212078266054983,0.9754163346039196,0.9205006392294548,1.0054658632150533,0.00141808092708,0.0007757213828034,0.0004235261108931,0.0013604156657987,0.3515421102494938,0.0731847163368772,100,0.3785356345030973,0.3396316299408582,0.3963287048069657,0.01,8.0,13.0,0.0073184716336877,0.3442236386158061,0.3588605818831815,0.0001212078266054,0.0121207826605498,0.0099498743710662,0.0017673865655472,0.0544875247609346,mode-disjoint-OLS,disjoint,mode,OLS,universal_moving_maxima_q99_xi0.01_theta0.01,,,,,,
universal,moving_maxima_q99,0.03,0.01,1.0,sliding_median_fgls,365.0,100,86,-4.152234112098085e-16,3.929150297840737e-15,-0.0300000000000004,0.0300000000000004,1.0000000000000138,1.3100272398015586e-13,1.0,0.9999999999999408,1.0000000000000593,0.165878605842122,0.1339976971137483,0.0822961992309943,0.2246422179992663,0.2222391381817879,0.1749977860916847,100,0.1778039405380665,0.1074210790411398,0.2680913122976383,0.86,8.0,12.0,0.0174997786091684,0.2047393595726194,0.2397389167909563,3.9291502978407367e-16,1.3100272398015583e-14,0.0346987031457949,0.7786263961619276,0.914737342455351,median-sliding-FGLS,sliding,median,FGLS,universal_moving_maxima_q99_xi0.03_theta0.01,,,,,,
universal,moving_maxima_q99,0.03,0.01,1.0,sliding_median_ols,365.0,100,0,8.136859156800065e-17,1.2533155177819621e-16,-0.0299999999999999,0.0299999999999999,0.9999999999999972,4.193257181028243e-15,0.999999999999996,0.9999999999999942,0.9999999999999984,5.062959043595496e-16,4.784350770578919e-16,3.0412426746597462e-16,7.063480876348282e-16,1.199999999999987,7.351119920164022e-15,100,1.1999999999999873,1.1999999999999829,1.1999999999999929,0.0,8.0,12.0,7.351119920164022e-16,1.1999999999999864,1.1999999999999875,1.253315517781962e-17,4.193257181028242e-16,0.0,0.0,0.0369948074760019,median-sliding-OLS,sliding,median,OLS,universal_moving_maxima_q99_xi0.03_theta0.01,,,,,,
universal,moving_maxima_q99,0.03,0.01,1.0,disjoint_median_fgls,365.0,100,89,0.0023889200108355,0.0076971292909754,-0.0276110799891644,0.0279227892267911,0.9307596408930394,0.2154079503293705,0.9999999999999628,0.9999999999998446,1.0000000000000593,0.1708951380414506,0.1389361594801753,0.0870783271591275,0.2207107099773299,0.2247752106435025,0.1789711505392689,100,0.1615199485319753,0.1087560783078563,0.2807235713690772,0.89,8.0,12.0,0.0178971150539268,0.2068780955895756,0.2426723256974294,0.0007697129290975,0.021540795032937,0.031288975694324,0.8136853697209698,0.9374586804477488,median-disjoint-FGLS,disjoint,median,FGLS,universal_moving_maxima_q99_xi0.03_theta0.01,,,,,,
universal,moving_maxima_q99,0.03,0.01,1.0,disjoint_median_ols,365.0,100,8,0.0023935993658762,0.0078359700360197,-0.0276064006341237,0.0279551854473299,0.9318395149109968,0.2155809750670773,0.9999999999999952,0.9999999999999932,0.999999999999998,0.0051710837499359,5.122005312871723e-16,3.2310590475502224e-16,9.847957906186357e-16,1.0635305758111206,0.3427192012117487,100,1.1999999999999842,1.1999999999999726,1.1999999999999904,0.08,8.0,12.0,0.0342719201211748,1.0292586556899457,1.0978024959322956,0.0007835970036019,0.0215580975067077,0.027129319932501,0.0410929694858109,0.1499826687940307,median-disjoint-OLS,disjoint,median,OLS,universal_moving_maxima_q99_xi0.03_theta0.01,,,,,,
universal,moving_maxima_q99,0.03,0.01,1.0,sliding_mean_fgls,365.0,100,25,0.0037357045933191,0.0023954988774921,-0.0262642954066808,0.0262642954066808,0.875476513556029,0.0798499625830726,0.8912692559902449,0.8373282643457927,0.9317774512225736,0.0436427556595603,0.0338394186294337,0.0235460080872769,0.0505990869704996,0.4143967440122451,0.2938425900512285,100,0.4188561068105935,0.0969946121394108,0.6483149452840554,0.25,8.0,21.0,0.0293842590051228,0.3850124850071222,0.4437810030173679,0.0002395498877492,0.0079849962583072,0.0433012701892219,0.1754509400372426,0.3430464637007583,mean-sliding-FGLS,sliding,mean,FGLS,universal_moving_maxima_q99_xi0.03_theta0.01,,,,,,
universal,moving_maxima_q99,0.03,0.01,1.0,sliding_mean_ols,365.0,100,0,0.0037296556106102,0.0023907725988387,-0.0262703443893897,0.0262703443893897,0.875678146312993,0.0796924199612904,0.8915856741915589,0.8395418469908504,0.9323148975285668,0.000636376983418,0.0005044551770153,0.0002905588817007,0.0008672891858215,1.0387226128906493,0.1034361985049406,100,1.0626939667960726,0.9958866468705496,1.1120862466914103,0.0,8.0,21.0,0.010343619850494,1.0283789930401552,1.0490662327411433,0.0002390772598838,0.007969241996129,0.0,0.0,0.0369948074760019,mean-sliding-OLS,sliding,mean,OLS,universal_moving_maxima_q99_xi0.03_theta0.01,,,,,,
universal,moving_maxima_q99,0.03,0.01,1.0,disjoint_mean_fgls,365.0,100,75,0.0028938305847251,0.0039620774662367,-0.0271061694152748,0.0271061694152748,0.9035389805091604,0.1320692488745597,0.9126678566169952,0.8414871726532575,0.9815337602796652,0.0913765316085403,0.0786148052282023,0.0520683828877423,0.1221832699159228,0.1970482330329689,0.1975434893070741,100,0.1221664722237125,0.0788922127044804,0.2002824312228779,0.75,8.0,13.0,0.0197543489307074,0.1772938841022615,0.2168025819636763,0.0003962077466236,0.0132069248874559,0.0433012701892219,0.6569535362992417,0.8245490599627573,mean-disjoint-FGLS,disjoint,mean,FGLS,universal_moving_maxima_q99_xi0.03_theta0.01,,,,,,
universal,moving_maxima_q99,0.03,0.01,1.0,disjoint_mean_ols,365.0,100,0,0.002862363768604,0.0039345693495372,-0.0271376362313959,0.0271376362313959,0.904587874379864,0.1311523116512407,0.9148313761072356,0.8434441641642922,0.981629602674419,0.0049710403972246,0.0038388067910874,0.0024078514474467,0.0061442976425655,0.9910556817085682,0.1846992660334628,100,1.0214811095148837,0.9186246400030208,1.1231379743637102,0.0,8.0,13.0,0.0184699266033462,0.972585755105222,1.0095256083119144,0.0003934569349537,0.013115231165124,0.0,0.0,0.0369948074760019,mean-disjoint-OLS,disjoint,mean,OLS,universal_moving_maxima_q99_xi0.03_theta0.01,,,,,,
universal,moving_maxima_q99,0.03,0.01,1.0,sliding_mode_fgls,365.0,100,92,0.0001056221768676,0.0010243219619517,-0.0298943778231323,0.0298943778231323,0.9964792607710796,0.03414406539839,0.9999999999999704,0.9999999999998224,1.0000000000000593,0.2366141768991307,0.2025724668915892,0.1117708021192466,0.3303498410605238,0.2641729796503634,0.1683777568166932,100,0.21852511002452,0.1316632953149187,0.3467270656308703,0.92,9.0,14.0,0.0168377756816693,0.247335203968694,0.2810107553320327,0.0001024321961951,0.003414406539839,0.027129319932501,0.8500173312059693,0.9589070305141892,mode-sliding-FGLS,sliding,mode,FGLS,universal_moving_maxima_q99_xi0.03_theta0.01,,,,,,
universal,moving_maxima_q99,0.03,0.01,1.0,sliding_mode_ols,365.0,100,0,0.0001071244341085,0.0010296059537299,-0.0298928755658915,0.0298928755658915,0.9964291855297166,0.0343201984576653,0.9999999999999948,0.999999999999992,0.9999999999999964,0.0001318981978686,6.7505261683879485e-16,3.677516227888823e-16,1.1505960829152833e-15,1.1932089568761557,0.044211978619096,100,1.1999999999999815,1.1999999999999706,1.1999999999999895,0.0,9.0,14.0,0.0044211978619096,1.1887877590142462,1.1976301547380652,0.0001029605953729,0.0034320198457665,0.0,0.0,0.0369948074760019,mode-sliding-OLS,sliding,mode,OLS,universal_moving_maxima_q99_xi0.03_theta0.01,,,,,,
universal,moving_maxima_q99,0.03,0.01,1.0,disjoint_mode_fgls,365.0,100,87,0.0006289928886968,0.0228332802296868,-0.0293710071113031,0.0320421355287248,1.068071184290829,0.6286310538648655,0.9902708553409496,0.949959526828722,1.0217246595537162,0.2035262236990208,0.1517639041816434,0.0905335372521231,0.2915123457045852,0.2471592741034706,0.1831583341264736,100,0.1971369676086793,0.10849222969468,0.3258001412997612,0.87,8.0,14.0,0.0183158334126473,0.2288434406908232,0.2654751075161179,0.0022833280229686,0.0628631053864865,0.0336303434416004,0.7901947810519012,0.9224290614158576,mode-disjoint-FGLS,disjoint,mode,FGLS,universal_moving_maxima_q99_xi0.03_theta0.01,,,,,,
universal,moving_maxima_q99,0.03,0.01,1.0,disjoint_mode_ols,365.0,100,2,0.0008336295529512,0.0224293411679932,-0.0291663704470487,0.0319597804231052,1.0653260141035077,0.6060804806112016,0.9914591883553642,0.9486531706139504,1.0208231104129122,0.0157733587832338,0.0020108080677047,0.0006653050225398,0.0048554589681049,1.1193002742556373,0.2715023345745601,100,1.162947966349506,1.0419522256186613,1.1999999999999895,0.02,8.0,14.0,0.027150233457456,1.0921500407981812,1.146450507713093,0.0022429341167993,0.0606080480611201,0.014,0.0055018522349681,0.0700131629419936,mode-disjoint-OLS,disjoint,mode,OLS,universal_moving_maxima_q99_xi0.03_theta0.01,,,,,,
universal,moving_maxima_q99,0.1,0.01,1.0,sliding_median_fgls,365.0,100,79,7.105427357601002e-17,1.01994568619436e-14,-0.0999999999999999,0.0999999999999999,0.9999999999999992,1.0199112069976365e-13,1.0,0.999999999999929,1.0000000000000575,0.5868683117933697,0.4615064733057735,0.2374970903284379,0.8118814283706288,0.8692206526505253,0.6722637889009424,100,0.6919017504073769,0.3931589269633359,1.0667737426652308,0.79,8.0,12.0,0.0672263788900942,0.8019942737604311,0.9364470315406196,1.0199456861943598e-15,1.0199112069976363e-14,0.0407308237088326,0.7001985069803768,0.8583445046835422,median-sliding-FGLS,sliding,median,FGLS,universal_moving_maxima_q99_xi0.10_theta0.01,,,,,,
universal,moving_maxima_q99,0.1,0.01,1.0,sliding_median_ols,365.0,100,0,3.923282571410671e-16,3.5760016218715295e-16,-0.0999999999999996,0.0999999999999996,0.999999999999996,3.578744302904265e-15,0.9999999999999954,0.999999999999994,0.9999999999999972,1.691989256498211e-15,1.568118258127769e-15,1.035105059343714e-15,2.1212679345463413e-15,3.999999999999952,2.5089779948325905e-14,100,3.999999999999953,3.9999999999999374,3.9999999999999702,0.0,8.0,12.0,2.5089779948325907e-15,3.99999999999995,3.9999999999999543,3.5760016218715297e-17,3.578744302904265e-16,0.0,0.0,0.0369948074760019,median-sliding-OLS,sliding,median,OLS,universal_moving_maxima_q99_xi0.10_theta0.01,,,,,,
universal,moving_maxima_q99,0.1,0.01,1.0,disjoint_median_fgls,365.0,100,80,0.0061718329711215,0.0249028655337671,-0.0938281670288784,0.0949636667895368,0.9496366678953686,0.2009015293645114,0.9999999999999644,0.999999999999858,1.0000000000000355,0.5794502986357211,0.4269696709809347,0.2351821974282134,0.7738459073247482,0.8546051506236503,0.6877382563396892,100,0.668157908562902,0.3771324769591891,1.0723841977976027,0.8,8.0,12.0,0.0687738256339689,0.7858313249896813,0.9233789762576192,0.0024902865533767,0.0200901529364511,0.04,0.7111690380734977,0.8666340774409013,median-disjoint-FGLS,disjoint,median,FGLS,universal_moving_maxima_q99_xi0.10_theta0.01,,,,,,
universal,moving_maxima_q99,0.1,0.01,1.0,disjoint_median_ols,365.0,100,7,0.0062647655770675,0.0246764417653882,-0.0937352344229324,0.0948526272192404,0.9485262721924044,0.1990154535262849,0.999999999999995,0.9999999999999922,0.9999999999999972,0.0195089687263856,1.9172233368799082e-15,1.1763891833013438e-15,2.9154435437910632e-15,3.621129551755502,1.0475485816148862,100,3.999999999999946,3.9999999999999134,3.999999999999967,0.07,8.0,12.0,0.1047548581614886,3.5163746935940132,3.7258844099169903,0.0024676441765388,0.0199015453526284,0.0255147016443461,0.034318824364064,0.1374967100652975,median-disjoint-OLS,disjoint,median,OLS,universal_moving_maxima_q99_xi0.10_theta0.01,,,,,,
universal,moving_maxima_q99,0.1,0.01,1.0,sliding_mean_fgls,365.0,100,17,0.0116161312029014,0.0070249339571365,-0.0883838687970985,0.0883838687970985,0.8838386879709852,0.0702493395713653,0.9028997717726552,0.8464304875913289,0.9333429037651032,0.1139897806750955,0.0962458969130527,0.0664276279275284,0.156405128352602,1.5999441006304096,1.0290244094287315,100,1.649398855010754,0.5906184144391613,2.51589158876782,0.17,8.0,21.0,0.1029024409428731,1.4970416596875364,1.7028465415732827,0.0007024933957136,0.0070249339571365,0.0375632799419859,0.1089347605977315,0.2554818123364297,mean-sliding-FGLS,sliding,mean,FGLS,universal_moving_maxima_q99_xi0.10_theta0.01,,,,,,
universal,moving_maxima_q99,0.1,0.01,1.0,sliding_mean_ols,365.0,100,0,0.0116153422776734,0.0070391723205695,-0.0883846577223265,0.0883846577223265,0.8838465772232657,0.0703917232056958,0.9028573225227262,0.8473312175012577,0.9328790223344096,0.002020681633399,0.0016919375423651,0.0011027190277172,0.0025255998881655,3.4969933578584813,0.3057175450915262,100,3.577976367247672,3.341823489406434,3.705924731666826,0.0,8.0,21.0,0.0305717545091526,3.4664216033493287,3.527565112367634,0.0007039172320569,0.0070391723205695,0.0,0.0,0.0369948074760019,mean-sliding-OLS,sliding,mean,OLS,universal_moving_maxima_q99_xi0.10_theta0.01,,,,,,
universal,moving_maxima_q99,0.1,0.01,1.0,disjoint_mean_fgls,365.0,100,66,0.0112349785122127,0.0120521756819018,-0.0887650214877873,0.0887650214877873,0.887650214877873,0.1205217568190186,0.9025669299401377,0.8383791793692144,0.951586838012878,0.2995829187609945,0.2630286972756404,0.1411792243896705,0.4016177909902465,0.7922178747978955,0.7639012808432007,100,0.4245271872003525,0.3006852179916066,1.0011636781202884,0.66,8.0,13.0,0.07639012808432,0.7158277467135754,0.8686080028822156,0.0012052175681901,0.0120521756819018,0.047370877129308,0.5627754565831095,0.74538620502457,mean-disjoint-FGLS,disjoint,mean,FGLS,universal_moving_maxima_q99_xi0.10_theta0.01,,,,,,
universal,moving_maxima_q99,0.1,0.01,1.0,disjoint_mean_ols,365.0,100,0,0.0112890947841274,0.0121640277564057,-0.0887109052158725,0.0887109052158725,0.8871090521587252,0.1216402775640573,0.9026934059767248,0.8379408504031514,0.9514723551025038,0.0167662259133277,0.0112383193304231,0.0074283000708042,0.0226292648769803,3.229877916281674,0.6031834500609046,100,3.380457784161295,2.9765602985904325,3.588362412697819,0.0,8.0,13.0,0.0603183450060904,3.1695595712755837,3.2901962612877647,0.0012164027756405,0.0121640277564057,0.0,0.0,0.0369948074760019,mean-disjoint-OLS,disjoint,mean,OLS,universal_moving_maxima_q99_xi0.10_theta0.01,,,,,,
universal,moving_maxima_q99,0.1,0.01,1.0,sliding_mode_fgls,365.0,100,86,0.0014235120228021,0.004447020395874,-0.0985764879771979,0.0985764879771979,0.985764879771979,0.0444702039587409,0.9999999999999734,0.9865049474748346,1.000000000000071,0.7659561307685252,0.633956312786428,0.339677470598526,1.0681918881445474,0.933082004735698,0.5735755020439143,100,0.7623155678124903,0.4994983308512106,1.2633727763008045,0.86,8.0,14.0,0.0573575502043914,0.8757244545313065,0.9904395549400896,0.0004447020395874,0.004447020395874,0.0346987031457949,0.7786263961619276,0.914737342455351,mode-sliding-FGLS,sliding,mode,FGLS,universal_moving_maxima_q99_xi0.10_theta0.01,,,,,,
universal,moving_maxima_q99,0.1,0.01,1.0,sliding_mode_ols,365.0,100,0,0.0014240569357709,0.0044475588681692,-0.098575943064229,0.098575943064229,0.9857594306422904,0.0444755886816923,0.9999999999999946,0.9865688387600198,0.9999999999999978,0.0007749110702922,2.048802125148689e-15,1.2531929371687648e-15,0.0009189000808327,3.928314412233608,0.1925461046795056,100,3.999999999999941,3.9224526915384264,3.999999999999967,0.0,8.0,14.0,0.0192546104679505,3.909059801765658,3.947569022701559,0.0004447558868169,0.0044475588681692,0.0,0.0,0.0369948074760019,mode-sliding-OLS,sliding,mode,OLS,universal_moving_maxima_q99_xi0.10_theta0.01,,,,,,
universal,moving_maxima_q99,0.1,0.01,1.0,disjoint_mode_fgls,365.0,100,85,0.0189640574513857,0.0735648833762433,-0.0810359425486142,0.1015012255789589,1.0150122557895895,0.4047694612849592,0.9822875563348634,0.9256279380765332,1.013270994969401,0.6643424404594094,0.6442983270514713,0.3550277981559578,0.9543358279896708,0.8297148685635668,0.5002748210088472,100,0.7317175106359579,0.4546287903441944,1.076605422616341,0.85,8.0,14.0,0.0500274821008847,0.7796873864626821,0.8797423506644515,0.0073564883376243,0.0404769461284959,0.0357071421427142,0.7671626666784216,0.906940968088377,mode-disjoint-FGLS,disjoint,mode,FGLS,universal_moving_maxima_q99_xi0.10_theta0.01,,,,,,
universal,moving_maxima_q99,0.1,0.01,1.0,disjoint_mode_ols,365.0,100,6,0.0187169603101015,0.0722598381319857,-0.0812830396898984,0.1012027876923789,1.0120278769237894,0.3936616079156979,0.9837793342047,0.9245898542735284,1.0125535996253163,0.038991458684831,0.0078611469551691,0.0032735952497672,0.0158818022828149,3.458128046110898,0.9802386642483306,100,3.781872360632522,3.384287873177913,3.9985677956890457,0.06,8.0,14.0,0.098023866424833,3.360104179686065,3.5561519125357313,0.0072259838131985,0.0393661607915697,0.0237486841740758,0.0277857452666566,0.124769685312225,mode-disjoint-OLS,disjoint,mode,OLS,universal_moving_maxima_q99_xi0.10_theta0.01,,,,,,
universal,moving_maxima_q99,0.3,0.01,1.0,sliding_median_fgls,365.0,100,78,6.341593916658894e-15,3.297576763280876e-14,-0.2999999999999936,0.2999999999999936,0.9999999999999788,1.0991576879173625e-13,1.0,0.9999999999999526,1.0000000000000473,1.471636027845144,1.1699465887183411,0.6455799716082665,1.8894732888948007,2.421664951620747,2.084765182317159,100,1.555815493911787,1.0454041947701598,3.0343590720366382,0.78,8.0,12.0,0.2084765182317159,2.213188433389031,2.6301414698524628,3.2975767632808765e-15,1.0991576879173623e-14,0.0414246303544159,0.6892946528499969,0.849988254963442,median-sliding-FGLS,sliding,median,FGLS,universal_moving_maxima_q99_xi0.30_theta0.01,,,,,,
universal,moving_maxima_q99,0.3,0.01,1.0,sliding_median_ols,365.0,100,0,8.92339775786622e-16,1.2322875590112449e-15,-0.2999999999999991,0.2999999999999991,0.999999999999997,4.120338951296116e-15,0.9999999999999956,0.999999999999994,0.9999999999999986,5.042527621574444e-15,4.29921843632959e-15,3.4707576350832048e-15,5.898936447490296e-15,11.999999999999869,8.315405531138787e-14,100,11.999999999999869,11.99999999999982,11.999999999999934,0.0,8.0,12.0,8.315405531138787e-15,11.99999999999986,11.999999999999876,1.232287559011245e-16,4.120338951296116e-16,0.0,0.0,0.0369948074760019,median-sliding-OLS,sliding,median,OLS,universal_moving_maxima_q99_xi0.30_theta0.01,,,,,,
universal,moving_maxima_q99,0.3,0.01,1.0,disjoint_median_fgls,365.0,100,81,0.0226005462238952,0.099739695290973,-0.2773994537761048,0.2903898551534343,0.9679661838447808,0.166589737391032,0.9999999999999764,0.9999999999999052,1.0000000000000473,1.533735860427684,1.2285540691575392,0.6658525148491492,2.0044587603795474,2.391272592877215,2.067627581407697,100,1.6640397422010451,1.0181863082488671,2.8686565595277544,0.81,8.0,12.0,0.2067627581407697,2.1845098347364456,2.5980353510179848,0.0099739695290973,0.0166589737391032,0.039230090491866,0.7222097592919214,0.8748534600729574,median-disjoint-FGLS,disjoint,median,FGLS,universal_moving_maxima_q99_xi0.30_theta0.01,,,,,,
universal,moving_maxima_q99,0.3,0.01,1.0,disjoint_median_ols,365.0,100,4,0.0227244963825303,0.1002448743029019,-0.2772755036174696,0.2904665301755074,0.9682217672516914,0.1661420777827084,0.999999999999995,0.9999999999999932,0.9999999999999984,0.036668719152292,5.650784701078626e-15,3.955005278793177e-15,7.711796369179016e-15,11.190572543998474,2.722830009675569,100,11.999999999999838,11.999999999999783,11.9999999999999,0.04,8.0,12.0,0.2722830009675568,10.918289543030918,11.46285554496603,0.0100244874302902,0.0166142077782708,0.0195959179422654,0.015663050551848,0.0983721723260737,median-disjoint-OLS,disjoint,median,OLS,universal_moving_maxima_q99_xi0.30_theta0.01,,,,,,
universal,moving_maxima_q99,0.3,0.01,1.0,sliding_mean_fgls,365.0,100,16,0.0323033737415073,0.0196896048752753,-0.2676966262584926,0.2676966262584926,0.8923220875283089,0.065632016250918,0.9068665590595492,0.8476707901372048,0.9438791263351778,0.3405667448568513,0.2769292958738736,0.1821480893629482,0.4487333612487938,5.095190721928909,3.0932047564693903,100,5.243989000673136,2.1557270786986313,7.623965142078384,0.16,8.0,21.0,0.309320475646939,4.78587024628197,5.404511197575848,0.0019689604875275,0.0065632016250918,0.0366606055596467,0.1009520234947371,0.2442044455889441,mean-sliding-FGLS,sliding,mean,FGLS,universal_moving_maxima_q99_xi0.30_theta0.01,,,,,,
universal,moving_maxima_q99,0.3,0.01,1.0,sliding_mean_ols,365.0,100,0,0.0322422775294748,0.019663792772773,-0.2677577224705252,0.2677577224705252,0.8925257415684174,0.0655459759092435,0.9080489642616092,0.8476274403512064,0.9438740326750424,0.0053907353938742,0.0044839352093479,0.0026597267863939,0.0075535981670479,10.607884926337396,0.8516193261126169,100,10.813759722000096,10.021626022850134,11.265095143914138,0.0,8.0,21.0,0.0851619326112616,10.522722993726134,10.69304685894866,0.0019663792772773,0.0065545975909243,0.0,0.0,0.0369948074760019,mean-sliding-OLS,sliding,mean,OLS,universal_moving_maxima_q99_xi0.30_theta0.01,,,,,,
universal,moving_maxima_q99,0.3,0.01,1.0,disjoint_mean_fgls,365.0,100,63,0.0263424905083662,0.0340843940007586,-0.2736575094916337,0.2736575094916337,0.912191698305446,0.1136146466691953,0.9285749119916804,0.8650786377997038,0.9757986054126608,0.8557247194437343,0.6855248133532805,0.4366728348484353,1.1530564785119948,2.4977643088073984,2.3895064580615433,100,1.4147416513017088,0.8478382564093123,3.642744447289752,0.63,8.0,13.0,0.2389506458061543,2.258813663001244,2.7367149546135527,0.0034084394000758,0.0113614646669195,0.0482804308182932,0.5322034757513312,0.7181778743049083,mean-disjoint-FGLS,disjoint,mean,FGLS,universal_moving_maxima_q99_xi0.30_theta0.01,,,,,,
universal,moving_maxima_q99,0.3,0.01,1.0,disjoint_mean_ols,365.0,100,0,0.0261729305924993,0.0337376016356896,-0.2738270694075007,0.2738270694075007,0.9127568980250024,0.1124586721189656,0.9309345642495646,0.869173536691674,0.9762360530684164,0.0433235902913223,0.0390001224931191,0.019989003651322,0.0573530477187987,10.129934560764902,1.5028103674427755,100,10.50337575844297,9.334416416862014,11.173653553561085,0.0,8.0,13.0,0.1502810367442775,9.979653524020623,10.28021559750918,0.0033737601635689,0.0112458672118965,0.0,0.0,0.0369948074760019,mean-disjoint-OLS,disjoint,mean,OLS,universal_moving_maxima_q99_xi0.30_theta0.01,,,,,,
universal,moving_maxima_q99,0.3,0.01,1.0,sliding_mode_fgls,365.0,100,88,0.0038704255194271,0.0120742728142414,-0.2961295744805728,0.2961295744805728,0.9870985816019092,0.0402475760474713,0.9999999999999526,0.9999999999997986,1.0000000000000488,1.840149462989371,1.5933332858126672,0.9485015686941172,2.466523216996325,2.4310519534074224,1.7373984515018936,100,2.0332900015949256,1.1990186260412312,3.0547499820456725,0.88,9.0,14.0,0.1737398451501893,2.257312108257233,2.6047917985576117,0.0012074272814241,0.0040247576047471,0.0324961536185438,0.8018773199709163,0.9300066263473222,mode-sliding-FGLS,sliding,mode,FGLS,universal_moving_maxima_q99_xi0.30_theta0.01,,,,,,
universal,moving_maxima_q99,0.3,0.01,1.0,sliding_mode_ols,365.0,100,0,0.0038850190485007,0.0120790129137182,-0.2961149809514992,0.2961149809514992,0.9870499365049976,0.0402633763790609,0.9999999999999952,0.9999999999999928,0.9999999999999972,0.0019659702155163,5.803491982788173e-15,3.7474189921085154e-15,0.0001175555956764,11.80724580396516,0.5386626689596243,100,11.999999999999847,11.999999999999687,11.9999999999999,0.0,9.0,14.0,0.0538662668959624,11.7533795370692,11.861112070861124,0.0012079012913718,0.004026337637906,0.0,0.0,0.0369948074760019,mode-sliding-OLS,sliding,mode,OLS,universal_moving_maxima_q99_xi0.30_theta0.01,,,,,,
universal,moving_maxima_q99,0.3,0.01,1.0,disjoint_mode_fgls,365.0,100,87,0.0121148828786494,0.1605778652284542,-0.2878851171213505,0.3122796018133063,1.0409320060443543,0.3495498025657398,1.00000000000013,0.9554773466473042,1.033502106071044,1.6358262344985923,1.462289874761194,0.7723431540194701,2.0611381682837338,2.269683181612129,1.831328924643552,100,1.7773698000229396,1.0584383476269237,2.819834721797686,0.87,8.0,14.0,0.1831328924643552,2.0865502891477736,2.4528160740764844,0.0160577865228454,0.0349549802565739,0.0336303434416004,0.7901947810519012,0.9224290614158576,mode-disjoint-FGLS,disjoint,mode,FGLS,universal_moving_maxima_q99_xi0.30_theta0.01,,,,,,
universal,moving_maxima_q99,0.3,0.01,1.0,disjoint_mode_ols,365.0,100,3,0.0122373939164454,0.1652800045488177,-0.2877626060835546,0.3130797806283198,1.0435992687610662,0.3644203232708423,0.9999999999999942,0.955434536844736,1.0349089820455664,0.0776544276989582,0.0263599509926365,0.0115402435307712,0.0563279583874331,11.285547440386884,3.1911591985221355,100,11.513851576334435,10.866431830007295,12.004670229290376,0.03,8.0,14.0,0.3191159198522135,10.966431520534671,11.6046633602391,0.0165280004548817,0.0364420323270842,0.0170587221092319,0.0102543382234148,0.0845207808040269,mode-disjoint-OLS,disjoint,mode,OLS,universal_moving_maxima_q99_xi0.30_theta0.01,,,,,,
universal,moving_maxima_q99,1.0,0.01,1.0,sliding_median_fgls,365.0,100,85,2.0179413695586844e-14,1.303570390201011e-13,-0.9999999999999798,0.9999999999999798,0.9999999999999798,1.3037750900279356e-13,0.9999999999999858,0.9999999999999148,1.0000000000000568,5.383463574585015,4.3326618637280125,2.984205541386533,6.671552360229971,7.1862247957215155,5.259293690972937,100,5.645662273209806,3.5909227897575455,9.043693326105874,0.85,8.0,12.0,0.5259293690972937,6.660295426624222,7.712154164818809,1.3035703902010112e-14,1.3037750900279356e-14,0.0357071421427142,0.7671626666784216,0.906940968088377,median-sliding-FGLS,sliding,median,FGLS,universal_moving_maxima_q99_xi1.00_theta0.01,,,,,,
universal,moving_maxima_q99,1.0,0.01,1.0,sliding_median_ols,365.0,100,0,3.637665335170601e-15,3.8419753312384424e-15,-0.9999999999999964,0.9999999999999964,0.9999999999999964,3.8108020309170295e-15,0.9999999999999952,0.9999999999999938,0.999999999999998,2.0126092114308768e-14,1.7546311829493253e-14,1.1379678445482876e-14,2.3804038738351308e-14,39.999999999999474,2.962927838257029e-13,100,39.99999999999947,39.99999999999931,39.99999999999965,0.0,8.0,12.0,2.962927838257028e-14,39.999999999999446,39.9999999999995,3.8419753312384423e-16,3.8108020309170295e-16,0.0,0.0,0.0369948074760019,median-sliding-OLS,sliding,median,OLS,universal_moving_maxima_q99_xi1.00_theta0.01,,,,,,
universal,moving_maxima_q99,1.0,0.01,1.0,disjoint_median_fgls,365.0,100,88,0.0373133926689732,0.3273692643834865,-0.9626866073310268,0.9892243597477918,0.9892243597477918,0.234196668899637,1.0,0.9999999999998864,1.0000000000000568,5.487068590407866,4.532859326325665,2.989564868001704,6.718736230382713,6.934852333797179,5.13603929276178,100,5.369278398538653,3.833726369077647,8.0436877387074,0.88,8.0,12.0,0.513603929276178,6.421248404521,7.448456263073357,0.0327369264383486,0.0234196668899637,0.0324961536185438,0.8018773199709163,0.9300066263473222,median-disjoint-FGLS,disjoint,median,FGLS,universal_moving_maxima_q99_xi1.00_theta0.01,,,,,,
universal,moving_maxima_q99,1.0,0.01,1.0,disjoint_median_ols,365.0,100,4,0.0377336523016566,0.3273342830422742,-0.9622663476983432,0.989476182778627,0.989476182778627,0.2313108520051562,0.9999999999999948,0.9999999999999932,0.999999999999997,0.1569976232717172,2.0727440454365303e-14,1.457893031230303e-14,4.2102571583810885e-14,37.247239577617165,9.381363165032283,100,39.99999999999943,39.99999999999921,39.99999999999964,0.04,8.0,12.0,0.9381363165032284,36.30910326111394,38.18537589412039,0.0327334283042274,0.0231310852005156,0.0195959179422654,0.015663050551848,0.0983721723260737,median-disjoint-OLS,disjoint,median,OLS,universal_moving_maxima_q99_xi1.00_theta0.01,,,,,,
universal,moving_maxima_q99,1.0,0.01,1.0,sliding_mean_fgls,365.0,100,10,0.0738237153034161,0.0347468777288396,-0.926176284696584,0.926176284696584,0.926176284696584,0.0347468777288396,0.930853435021417,0.9029305602580058,0.9562908040975486,1.099585931857327,0.7953652899987356,0.5692981073742693,1.1943153713269397,19.749257568581967,8.822866907102389,100,22.260407215373945,14.1172348105851,26.39675691920321,0.1,8.0,21.0,0.8822866907102389,18.86697087787173,20.631544259292205,0.0034746877728839,0.0034746877728839,0.03,0.0552285416131361,0.1743673043676654,mean-sliding-FGLS,sliding,mean,FGLS,universal_moving_maxima_q99_xi1.00_theta0.01,,,,,,
universal,moving_maxima_q99,1.0,0.01,1.0,sliding_mean_ols,365.0,100,0,0.0735583979530294,0.0345988861089109,-0.9264416020469706,0.9264416020469706,0.9264416020469706,0.034598886108911,0.9309943027358836,0.9032107849312986,0.9562067303950824,0.0127326593113393,0.0113957717141423,0.0076257920393549,0.0176851245621919,36.815743554963376,1.4961732086464206,100,37.08295389234663,35.81940030681528,38.086738638007674,0.0,8.0,21.0,0.149617320864642,36.66612623409873,36.96536087582802,0.003459888610891,0.0034598886108911,0.0,0.0,0.0369948074760019,mean-sliding-OLS,sliding,mean,OLS,universal_moving_maxima_q99_xi1.00_theta0.01,,,,,,
universal,moving_maxima_q99,1.0,0.01,1.0,disjoint_mean_fgls,365.0,100,67,0.096916252627778,0.1572901126510877,-0.903083747372222,0.903083747372222,0.903083747372222,0.1572901126510877,0.9347942494260764,0.8836174776728836,0.9833788341692724,3.3354790975102593,2.413114853176185,1.7184540523490273,3.4489753409918,7.45982497912043,8.050996938812617,100,3.7443562088423734,2.6523125607456675,8.710994613339855,0.67,8.0,13.5,0.8050996938812617,6.654725285239168,8.264924673001692,0.0157290112651087,0.0157290112651087,0.0470212717820349,0.5730516033971139,0.7543701620610456,mean-disjoint-FGLS,disjoint,mean,FGLS,universal_moving_maxima_q99_xi1.00_theta0.01,,,,,,
universal,moving_maxima_q99,1.0,0.01,1.0,disjoint_mean_ols,365.0,100,1,0.0966885850479462,0.1569810155963852,-0.9033114149520536,0.9033114149520536,0.9033114149520536,0.1569810155963852,0.9337298952275492,0.8869171626139565,0.981180154799319,0.1200518823379068,0.1024302836380446,0.0614245195473873,0.159316150957354,33.86186003254641,6.513824329816336,100,35.22559274318451,33.04225077844863,37.31251442940688,0.01,8.0,13.5,0.6513824329816336,33.210477599564776,34.513242465528045,0.0156981015596385,0.0156981015596385,0.0099498743710662,0.0017673865655472,0.0544875247609346,mean-disjoint-OLS,disjoint,mean,OLS,universal_moving_maxima_q99_xi1.00_theta0.01,,,,,,
universal,moving_maxima_q99,1.0,0.01,1.0,sliding_mode_fgls,365.0,100,81,0.0211771750826784,0.0473331909161753,-0.9788228249173216,0.9788228249173216,0.9788228249173216,0.0473331909161752,0.9999999999999148,0.9748620644000852,1.0000000000000142,4.375045178544358,3.9694718052394258,2.2099212548465834,5.908005860676409,7.213429743070913,6.177780522137323,100,5.280505450728245,3.5798159982788196,7.859752025101479,0.81,8.0,14.0,0.6177780522137323,6.5956516908571805,7.831207795284645,0.0047333190916175,0.0047333190916175,0.039230090491866,0.7222097592919214,0.8748534600729574,mode-sliding-FGLS,sliding,mode,FGLS,universal_moving_maxima_q99_xi1.00_theta0.01,,,,,,
universal,moving_maxima_q99,1.0,0.01,1.0,sliding_mode_ols,365.0,100,0,0.021054139247858,0.0471204835036242,-0.978945860752142,0.978945860752142,0.978945860752142,0.0471204835036243,0.9999999999999948,0.9742787137347216,0.9999999999999976,0.0093355573145126,2.180833374445691e-14,1.0253005840787861e-14,0.014338984405148,38.980458841109936,2.065856084404658,100,39.99999999999943,38.64593255555525,39.99999999999974,0.0,8.0,14.0,0.2065856084404658,38.77387323266947,39.1870444495504,0.0047120483503624,0.0047120483503624,0.0,0.0,0.0369948074760019,mode-sliding-OLS,sliding,mode,OLS,universal_moving_maxima_q99_xi1.00_theta0.01,,,,,,
universal,moving_maxima_q99,1.0,0.01,1.0,disjoint_mode_fgls,365.0,100,73,0.0139304620109701,0.2314353832233737,-0.98606953798903,1.0063737432145918,1.0063737432145918,0.11268861163285,1.0000000000000533,0.9991212108705696,1.0231452495114262,4.17542151261367,3.6774035094518953,1.955228117957556,5.582593777598784,8.172121191886465,7.060606704154603,100,5.320072544815588,3.720275461656298,8.77192977288425,0.73,8.0,14.0,0.7060606704154603,7.466060521471005,8.878181862301926,0.0231435383223373,0.011268861163285,0.0443959457608462,0.6356769977376873,0.8073053908233518,mode-disjoint-FGLS,disjoint,mode,FGLS,universal_moving_maxima_q99_xi1.00_theta0.01,,,,,,
universal,moving_maxima_q99,1.0,0.01,1.0,disjoint_mode_ols,365.0,100,1,0.0091975500179298,0.2348737998824535,-0.99080244998207,1.011870514693535,1.011870514693535,0.1120137132514931,0.9999999999999984,0.9999999999999934,1.035957170765154,0.1648290853995063,0.0425006462560483,1.7634564332485552e-14,0.13161769742859,37.787449611399786,7.248239758592997,100,39.99999999999939,37.12718300265095,39.999999999999915,0.01,8.0,14.0,0.7248239758592997,37.062625635540485,38.51227358725909,0.0234873799882453,0.0112013713251493,0.0099498743710662,0.0017673865655472,0.0544875247609346,mode-disjoint-OLS,disjoint,mode,OLS,universal_moving_maxima_q99_xi1.00_theta0.01,,,,,,
universal,moving_maxima_q99,3.0,0.01,1.0,sliding_median_fgls,365.0,100,84,-3.424815986363683e-14,3.0917518173311114e-13,-3.000000000000034,3.000000000000034,1.000000000000011,1.0307209128258269e-13,1.0,0.9999999999999504,1.0000000000000755,16.760918946086367,13.619837335405292,7.820263846088178,20.80580039602056,24.792119961566623,19.3618292413092,100,17.448112202106927,10.473820739662434,32.1621791600468,0.84,8.0,12.0,1.93618292413092,22.8559370374357,26.728302885697545,3.0917518173311114e-14,1.0307209128258266e-14,0.0366606055596467,0.7557955544110557,0.8990479765052628,median-sliding-FGLS,sliding,median,FGLS,universal_moving_maxima_q99_xi3.00_theta0.01,,,,,,
universal,moving_maxima_q99,3.0,0.01,1.0,sliding_median_ols,365.0,100,0,8.68224810336623e-15,1.2496793709131608e-14,-2.9999999999999916,2.9999999999999916,0.9999999999999972,4.201607056197127e-15,0.9999999999999962,0.999999999999994,0.9999999999999996,4.817283534121544e-14,4.5734744831344153e-14,2.979130605905182e-14,6.272404347325734e-14,119.99999999999876,8.291338394448073e-13,100,119.9999999999988,119.99999999999824,119.99999999999945,0.0,8.0,12.0,8.291338394448073e-14,119.99999999999866,119.99999999999883,1.2496793709131609e-15,4.2016070561971274e-16,0.0,0.0,0.0369948074760019,median-sliding-OLS,sliding,median,OLS,universal_moving_maxima_q99_xi3.00_theta0.01,,,,,,
universal,moving_maxima_q99,3.0,0.01,1.0,disjoint_median_fgls,365.0,100,85,0.1591830437961408,0.6884665773741692,-2.840816956203859,2.8734712325272125,0.9578237441757376,0.1781090412343704,1.0,0.9999999999999052,1.0000000000000755,17.212679409590056,14.208469592547855,8.255735180841727,21.49002985274774,23.744968292303515,17.573114459827046,100,17.355566078093048,10.973762228231932,31.670386427313964,0.85,8.0,12.0,1.7573114459827046,21.98765684632081,25.50227973828622,0.0688466577374169,0.017810904123437,0.0357071421427142,0.7671626666784216,0.906940968088377,median-disjoint-FGLS,disjoint,median,FGLS,universal_moving_maxima_q99_xi3.00_theta0.01,,,,,,
universal,moving_maxima_q99,3.0,0.01,1.0,disjoint_median_ols,365.0,100,6,0.1626291929233323,0.6979656702991692,-2.837370807076668,2.8714315695787875,0.9571438565262628,0.1797361684827335,0.999999999999996,0.9999999999999932,0.9999999999999988,0.3549184576258096,5.414783429940467e-14,3.1596929087814446e-14,9.153707371117633e-14,110.0518900032808,30.46375863179945,100,119.99999999999848,119.99999999999744,119.9999999999992,0.06,8.0,12.0,3.046375863179945,107.00551414010084,113.09826586646074,0.0697965670299169,0.0179736168482733,0.0237486841740758,0.0277857452666566,0.124769685312225,median-disjoint-OLS,disjoint,median,OLS,universal_moving_maxima_q99_xi3.00_theta0.01,,,,,,
universal,moving_maxima_q99,3.0,0.01,1.0,sliding_mean_fgls,365.0,100,5,0.0962934078273036,0.0486295454114604,-2.9037065921726963,2.9037065921726963,0.9679021973908988,0.0162098484704867,0.9642725702440156,0.9506656556087448,0.9863890296623612,2.3193904317051928,1.617238741271081,1.2456842242229345,2.899572204492958,74.85106002646052,26.574891786065013,100,85.35760816426927,59.90990693675663,93.01346191858435,0.05,8.0,21.0,2.657489178606501,72.19357084785402,77.50854920506701,0.004862954541146,0.0016209848470486,0.0217944947177033,0.0215433614563135,0.1117519652720881,mean-sliding-FGLS,sliding,mean,FGLS,universal_moving_maxima_q99_xi3.00_theta0.01,,,,,,
universal,moving_maxima_q99,3.0,0.01,1.0,sliding_mean_ols,365.0,100,0,0.0959454072800745,0.04840836377108,-2.904054592719925,2.904054592719925,0.9680181975733084,0.0161361212570266,0.9642648825528634,0.9509199088249268,0.9863633932604812,0.0167406945657464,0.0190897532460209,0.0074606363174215,0.0254961832113912,115.84411051204783,2.093328199482021,100,115.36243754274145,113.6202946697126,118.22204666920854,0.0,8.0,21.0,0.2093328199482021,115.63477769209965,116.05344333199604,0.004840836377108,0.0016136121257026,0.0,0.0,0.0369948074760019,mean-sliding-OLS,sliding,mean,OLS,universal_moving_maxima_q99_xi3.00_theta0.01,,,,,,
universal,moving_maxima_q99,3.0,0.01,1.0,disjoint_mean_fgls,365.0,100,44,0.1317635086405387,0.2449380741950028,-2.8682364913594616,2.8682364913594616,0.9560788304531538,0.0816460247316675,0.9699231395924434,0.9443520630227576,0.9899929483030644,7.879906334636677,5.222978314147916,3.149805759981637,9.984421099613792,34.44563240334847,27.773028124168448,100,23.175131288853876,10.089109004414366,57.62582061641962,0.44,8.0,12.0,2.7773028124168446,31.668329590931624,37.22293521576531,0.0244938074195002,0.0081646024731667,0.0496386945839634,0.3467186540096832,0.537720722887437,mean-disjoint-FGLS,disjoint,mean,FGLS,universal_moving_maxima_q99_xi3.00_theta0.01,,,,,,
universal,moving_maxima_q99,3.0,0.01,1.0,disjoint_mean_ols,365.0,100,0,0.1318863681462573,0.2456918678162802,-2.868113631853743,2.868113631853743,0.9560378772845808,0.0818972892720934,0.9699881744943162,0.9443848611763288,0.9901767931266088,0.2185852436825923,0.1764293461207147,0.1094670229710596,0.2470818089317438,110.57142564418044,10.01402613058069,100,112.98232448126804,107.03101512352742,116.0261784350498,0.0,8.0,12.0,1.001402613058069,109.57002303112236,111.57282825723853,0.024569186781628,0.0081897289272093,0.0,0.0,0.0369948074760019,mean-disjoint-OLS,disjoint,mean,OLS,universal_moving_maxima_q99_xi3.00_theta0.01,,,,,,
universal,moving_maxima_q99,3.0,0.01,1.0,sliding_mode_fgls,365.0,100,64,0.0274844689605225,0.1035628291382492,-2.9725155310394773,2.9725155310394773,0.9908385103464924,0.034520943046083,0.999999999999962,0.9999999999998485,1.000000000000038,9.012770949064045,8.588760272664317,4.918510511843147,12.247906253391996,24.789119916215796,25.06825118848402,100,14.54009564617549,9.710484031420863,25.3969383632668,0.64,8.0,14.0,2.506825118848402,22.282294797367395,27.295945035064197,0.0103562829138249,0.0034520943046083,0.048,0.542352199811621,0.7272892540950986,mode-sliding-FGLS,sliding,mode,FGLS,universal_moving_maxima_q99_xi3.00_theta0.01,,,,,,
universal,moving_maxima_q99,3.0,0.01,1.0,sliding_mode_ols,365.0,100,0,0.0273218944982175,0.1027696111669973,-2.9726781055017826,2.9726781055017826,0.9908927018339276,0.0342565370556657,0.9999999999999964,0.9999999999999948,0.999999999999998,0.0079223801468456,4.4606559240128464e-14,2.959964763306475e-14,8.316286235737634e-14,118.75659899728124,4.374150745080699,100,119.99999999999883,119.999999999998,119.9999999999992,0.0,8.0,14.0,0.4374150745080699,118.31918392277316,119.1940140717893,0.0102769611166997,0.0034256537055665,0.0,0.0,0.0369948074760019,mode-sliding-OLS,sliding,mode,OLS,universal_moving_maxima_q99_xi3.00_theta0.01,,,,,,
universal,moving_maxima_q99,3.0,0.01,1.0,disjoint_mode_fgls,365.0,100,67,0.0770168009915434,1.399287262859581,-2.9229831990084563,3.064797762216151,1.0215992540720504,0.3496463266724158,0.9999999999999858,0.9999999999998864,1.0000000000000755,8.366911920780417,7.828788824732481,4.93813651390191,10.7454712174921,30.27705721301788,48.71985183484031,100,11.67068903273045,8.459268430031255,26.00197089089786,0.67,8.0,13.0,4.871985183484031,25.405072029533848,35.14904239650191,0.1399287262859581,0.0349646326672415,0.0470212717820349,0.5730516033971139,0.7543701620610456,mode-disjoint-FGLS,disjoint,mode,FGLS,universal_moving_maxima_q99_xi3.00_theta0.01,,,,,,
universal,moving_maxima_q99,3.0,0.01,1.0,disjoint_mode_ols,365.0,100,2,0.0175825251319855,0.9729785747133324,-2.9824174748680146,3.0004127593661076,1.0001375864553692,0.3051296759552879,0.9999999999999968,0.9999999999999956,0.999999999999999,0.3373103008588646,4.29715392730424e-14,2.4961466734330264e-14,6.709722959603557e-14,115.50730023784072,25.569913086342375,100,119.99999999999896,119.99999999999854,119.99999999999936,0.02,8.0,13.0,2.5569913086342373,112.95030892920649,118.06429154647496,0.0972978574713332,0.0305129675955287,0.014,0.0055018522349681,0.0700131629419936,mode-disjoint-OLS,disjoint,mode,OLS,universal_moving_maxima_q99_xi3.00_theta0.01,,,,,,
universal,moving_maxima_q99,10.0,0.01,1.0,sliding_median_fgls,365.0,100,88,1.0231815394945445e-13,1.1249201485042439e-12,-9.999999999999895,9.999999999999895,0.9999999999999898,1.1248374924766075e-13,1.0,0.9999999999999318,1.0000000000000455,57.28740980501148,46.10023975379853,31.44563092336692,76.40651993560925,75.35555713276507,55.91378921203656,100,58.04246886387763,37.33928468594658,94.05265616151938,0.88,8.0,12.0,5.591378921203656,69.76417821156141,80.94693605396873,1.124920148504244e-13,1.1248374924766074e-14,0.0324961536185438,0.8018773199709163,0.9300066263473222,median-sliding-FGLS,sliding,median,FGLS,universal_moving_maxima_q99_xi10.00_theta0.01,,,,,,
universal,moving_maxima_q99,10.0,0.01,1.0,sliding_median_ols,365.0,100,0,3.0211980607595085e-14,4.0628739286819696e-14,-9.99999999999997,9.99999999999997,0.999999999999997,4.1006660004748276e-15,0.999999999999996,0.9999999999999944,0.9999999999999984,1.6841034774051171e-13,1.351395556106947e-13,1.1118956395535275e-13,1.911768639681615e-13,399.9999999999956,2.804246233561449e-12,100,399.9999999999958,399.9999999999942,399.99999999999727,0.0,8.0,12.0,2.804246233561449e-13,399.9999999999953,399.99999999999585,4.062873928681969e-15,4.100666000474828e-16,0.0,0.0,0.0369948074760019,median-sliding-OLS,sliding,median,OLS,universal_moving_maxima_q99_xi10.00_theta0.01,,,,,,
universal,moving_maxima_q99,10.0,0.01,1.0,disjoint_median_fgls,365.0,100,91,0.5783450622499384,2.1698805508343733,-9.42165493775006,9.535454938603504,0.9535454938603504,0.1590368316635524,0.9999999999999658,0.9999999999998068,1.000000000000051,57.95855976159766,46.02572733653044,29.867323536208144,71.83310963880572,72.61908145930559,53.550912083480554,100,56.74466141316679,35.47952180368939,93.46038623195749,0.91,8.0,13.0,5.355091208348055,67.26399025095753,77.97417266765365,0.2169880550834373,0.0159036831663552,0.0286181760425083,0.8377362530335634,0.9519280048361152,median-disjoint-FGLS,disjoint,median,FGLS,universal_moving_maxima_q99_xi10.00_theta0.01,,,,,,
universal,moving_maxima_q99,10.0,0.01,1.0,disjoint_median_ols,365.0,100,3,0.5605146595858888,2.138322767641152,-9.43948534041411,9.559295484169002,0.9559295484169004,0.1507708594632496,0.9999999999999948,0.9999999999999905,0.9999999999999972,1.2472881908369575,1.9966674324579841e-13,1.2966428551968708e-13,1.1337167656404523,366.6177868466047,80.84883909025885,100,399.9999999999943,378.5481783797471,399.9999999999965,0.03,8.0,13.0,8.084883909025885,358.5329029375788,374.7026707556306,0.2138322767641152,0.0150770859463249,0.0170587221092319,0.0102543382234148,0.0845207808040269,median-disjoint-OLS,disjoint,median,OLS,universal_moving_maxima_q99_xi10.00_theta0.01,,,,,,
universal,moving_maxima_q99,10.0,0.01,1.0,sliding_mean_fgls,365.0,100,13,0.0922981152783489,0.0553068894913741,-9.90770188472165,9.90770188472165,0.990770188472165,0.0055306889491374,0.9938532115779964,0.9844199787611048,0.9961903755687472,9.646503346089656,5.541055594037983,2.299933815089391,11.20567868667024,250.2287494866565,119.57426285322693,100,291.1409771199876,180.82635625671796,351.94504015619736,0.13,8.0,21.0,11.957426285322692,238.2713232013338,262.1861757719792,0.0055306889491374,0.0005530688949137,0.0336303434416004,0.0775709385841426,0.2098052189480987,mean-sliding-FGLS,sliding,mean,FGLS,universal_moving_maxima_q99_xi10.00_theta0.01,,,,,,
universal,moving_maxima_q99,10.0,0.01,1.0,sliding_mean_ols,365.0,100,0,0.0921085896530259,0.0551052358584052,-9.907891410346974,9.907891410346974,0.9907891410346974,0.0055105235858405,0.993891208533058,0.9844347688260704,0.9961933665076448,0.0162875084195939,0.0117025298017993,0.0074605538728307,0.0270358584782325,396.0061937539067,2.3795863583805037,100,397.334135346989,393.2601459912256,398.3355916260461,0.0,8.0,21.0,0.2379586358380503,395.7682351180687,396.2441523897447,0.0055105235858405,0.000551052358584,0.0,0.0,0.0369948074760019,mean-sliding-OLS,sliding,mean,OLS,universal_moving_maxima_q99_xi10.00_theta0.01,,,,,,
universal,moving_maxima_q99,10.0,0.01,1.0,disjoint_mean_fgls,365.0,100,43,0.2885177718613181,0.397015702458587,-9.71148222813868,9.71148222813868,0.9711482228138684,0.0397015702458587,0.9866230817742774,0.9615045531057604,0.9915362138503496,31.313089734848983,17.02763771945952,8.068610542025354,33.51630658705599,144.13725265960548,110.52506905710167,100,128.48075058898365,42.323364922593754,239.6713995790649,0.43,8.0,14.0,11.05250690571017,133.0847457538953,155.18975956531563,0.0397015702458587,0.0039701570245858,0.0495075751779462,0.3373313900052838,0.5278478830413564,mean-disjoint-FGLS,disjoint,mean,FGLS,universal_moving_maxima_q99_xi10.00_theta0.01,,,,,,
universal,moving_maxima_q99,10.0,0.01,1.0,disjoint_mean_ols,365.0,100,0,0.2875712155345334,0.3967228062204074,-9.712428784465466,9.712428784465466,0.9712428784465466,0.0396722806220407,0.9869007879772492,0.9620153274729444,0.9912531440276716,0.2823044319195653,0.1813084230736736,0.15506364161687,0.3202551721009884,383.1333671721469,14.604538293970837,100,388.68151752588653,374.51824486817816,392.9622589605024,0.0,8.0,14.0,1.4604538293970837,381.67291334274984,384.593821001544,0.0396722806220407,0.003967228062204,0.0,0.0,0.0369948074760019,mean-disjoint-OLS,disjoint,mean,OLS,universal_moving_maxima_q99_xi10.00_theta0.01,,,,,,
universal,moving_maxima_q99,10.0,0.01,1.0,sliding_mode_fgls,365.0,100,61,7.048583938740195e-14,7.917318498318243e-13,-9.999999999999927,9.999999999999927,0.9999999999999928,7.916060345412198e-14,1.0,0.9999999999999544,1.0000000000000455,28.06673325778021,23.9865686893373,11.29811227378339,41.4842825439452,101.9787887664398,100.72838635479576,100,51.1274458155148,30.342582271705897,185.33586679810645,0.61,8.0,12.0,10.072838635479576,91.9059501309602,112.05162740191938,7.917318498318244e-14,7.916060345412197e-15,0.0487749935930287,0.5120283616749817,0.699832780680298,mode-sliding-FGLS,sliding,mode,FGLS,universal_moving_maxima_q99_xi10.00_theta0.01,,,,,,
universal,moving_maxima_q99,10.0,0.01,1.0,sliding_mode_ols,365.0,100,0,2.4516574723763082e-14,2.7145366003584645e-14,-9.999999999999975,9.999999999999975,0.9999999999999976,2.7160211334921004e-15,0.9999999999999968,0.9999999999999956,0.9999999999999988,1.3297811242413874e-13,1.2796410637705398e-13,8.271511161728569e-14,1.8082511043451605e-13,399.99999999999653,2.014584500357777e-12,100,399.9999999999963,399.99999999999545,399.999999999998,0.0,8.0,12.0,2.014584500357777e-13,399.9999999999963,399.9999999999968,2.714536600358465e-15,2.7160211334921003e-16,0.0,0.0,0.0369948074760019,mode-sliding-OLS,sliding,mode,OLS,universal_moving_maxima_q99_xi10.00_theta0.01,,,,,,
universal,moving_maxima_q99,10.0,0.01,1.0,disjoint_mode_fgls,365.0,100,62,0.3038613014805926,1.3948558781439309,-9.696138698519407,9.708264676766596,0.9708264676766594,0.1306885154258251,1.0,0.9999999999999262,1.0000000000000455,28.589617781247284,24.75020292070944,11.539585385024688,41.63217090006789,102.81473957693213,102.32002687905432,100,47.31861363074674,30.409425839052933,180.74787768452185,0.62,8.0,12.0,10.232002687905432,92.58273688902668,113.04674226483756,0.139485587814393,0.0130688515425825,0.0485386443980463,0.5220957382071033,0.7090255079986562,mode-disjoint-FGLS,disjoint,mode,FGLS,universal_moving_maxima_q99_xi10.00_theta0.01,,,,,,
universal,moving_maxima_q99,10.0,0.01,1.0,disjoint_mode_ols,365.0,100,3,0.3628639640519481,1.605805489209294,-9.637136035948052,9.648543885288545,0.9648543885288544,0.1535050759372809,0.9999999999999962,0.999999999999995,0.9999999999999984,0.60091631307463,1.2957534661633733e-13,9.470581874542855e-14,2.1824954940856654e-13,380.2803087216523,74.5521224627993,100,399.999999999996,399.9999999999945,399.99999999999727,0.03,8.0,12.0,7.45521224627993,372.8250964753724,387.73552096793225,0.1605805489209293,0.015350507593728,0.0170587221092319,0.0102543382234148,0.0845207808040269,mode-disjoint-OLS,disjoint,mode,OLS,universal_moving_maxima_q99_xi10.00_theta0.01,,,,,,
universal,moving_maxima_q99,0.01,0.1,0.9989469791807266,sliding_median_fgls,365.0,100,93,0.0059109287897091,0.0045441646606899,-0.0040890712102908,0.0054141593587068,0.5414159358706871,0.2815957404009722,0.5411604193751909,0.2988292279442746,0.7747111516522887,0.0376885282697691,0.0322946775751161,0.0192784051666527,0.0530257878257028,0.0430515065024867,0.0270362313679598,100,0.0338534712723661,0.0208385311662171,0.0615079367625451,0.93,9.0,16.0,0.0027036231367959,0.0403478833656907,0.0457551296392827,0.0004544164660689,0.0281595740400972,0.0255147016443461,0.8625032899347026,0.965681175635936,median-sliding-FGLS,sliding,median,FGLS,universal_moving_maxima_q99_xi0.01_theta0.10,,,,,,
universal,moving_maxima_q99,0.01,0.1,0.9989469791807266,sliding_median_ols,365.0,100,8,0.0059202479211633,0.0045502450559219,-0.0040797520788366,0.0054021475564716,0.5402147556471696,0.2835357845538003,0.5405025990062735,0.2964357250492062,0.7903579721201853,0.001845596849524,0.001492839651786,0.0007767190405104,0.0027455848654113,0.1825873911310663,0.1227995421712685,100,0.1834180518770308,0.0815354126520991,0.2943236802354533,0.08,9.0,16.0,0.0122799542171268,0.1703074369139394,0.1948673453481931,0.0004550245055921,0.02835357845538,0.027129319932501,0.0410929694858109,0.1499826687940307,median-sliding-OLS,sliding,median,OLS,universal_moving_maxima_q99_xi0.01_theta0.10,,,,,,
universal,moving_maxima_q99,0.01,0.1,0.9989469791807266,disjoint_median_fgls,365.0,100,97,0.0047735420710176,0.0034685954298022,-0.0052264579289823,0.0054577536711639,0.5457753671163915,0.3087876270190763,0.5213481093176089,0.2791832532849111,0.7759261447799861,0.034194288148324,0.0315079066523856,0.0219278884048768,0.0444347240351481,0.0363575827667718,0.0199285603528105,100,0.0321074682489909,0.0224949323725154,0.0450669890903375,0.97,8.0,16.0,0.001992856035281,0.0343647267314907,0.0383504388020528,0.0003468595429802,0.0308787627019076,0.0170587221092319,0.915479219195973,0.9897456617765852,median-disjoint-FGLS,disjoint,median,FGLS,universal_moving_maxima_q99_xi0.01_theta0.10,,,,,,
universal,moving_maxima_q99,0.01,0.1,0.9989469791807266,disjoint_median_ols,365.0,100,24,0.004833503571503,0.0035251514237631,-0.0051664964284969,0.0054200872796676,0.542008727966762,0.3116875679478609,0.5067175541585927,0.2644061489837223,0.7847423061962591,0.0045655904214675,0.0038052764274652,0.0023740376909041,0.0064274181930683,0.1479051315940216,0.1216942079386125,100,0.1502828096577189,0.0219902517117846,0.2451569060069332,0.24,8.0,16.0,0.0121694207938612,0.1357357108001604,0.1600745523878829,0.0003525151423763,0.031168756794786,0.0427083130081252,0.1669121126545996,0.3323251872329213,median-disjoint-OLS,disjoint,median,OLS,universal_moving_maxima_q99_xi0.01_theta0.10,,,,,,
universal,moving_maxima_q99,0.01,0.1,0.9989469791807266,sliding_mean_fgls,365.0,100,88,0.0060805184527211,0.0010570982260529,-0.0039194815472788,0.0039263696411989,0.392636964119894,0.1030954805591116,0.3971214071607906,0.329306421559102,0.4598799937376751,0.0280023216287133,0.0229790406442811,0.0122204526318778,0.0373873548832755,0.0319331063687462,0.0208573195857983,100,0.0279788846487797,0.0146839887860692,0.0431340252844726,0.88,10.0,21.0,0.0020857319585798,0.0298473744101664,0.0340188383273261,0.0001057098226052,0.0103095480559111,0.0324961536185438,0.8018773199709163,0.9300066263473222,mean-sliding-FGLS,sliding,mean,FGLS,universal_moving_maxima_q99_xi0.01_theta0.10,,,,,,
universal,moving_maxima_q99,0.01,0.1,0.9989469791807266,sliding_mean_ols,365.0,100,0,0.0061007609553805,0.0010622525674827,-0.0038992390446194,0.0039061947107146,0.3906194710714673,0.1036117812917207,0.3942530415250955,0.3272276789630958,0.4582818085053947,0.0003001004796932,0.0001666107113372,5.387681559234497e-05,0.0005589899992647,0.1505458793144145,0.0433650958667978,100,0.1513119759302573,0.1223640209246731,0.1798078381239179,0.0,10.0,21.0,0.0043365095866797,0.1462093697277348,0.1548823889010943,0.0001062252567482,0.010361178129172,0.0,0.0,0.0369948074760019,mean-sliding-OLS,sliding,mean,OLS,universal_moving_maxima_q99_xi0.01_theta0.10,,,,,,
universal,moving_maxima_q99,0.01,0.1,0.9989469791807266,disjoint_mean_fgls,365.0,100,96,0.0050093675172373,0.0020360298316913,-0.0049906324827626,0.0050338255817864,0.5033825581786426,0.1925631443317945,0.5008297267206521,0.3813510502182806,0.5944937372077982,0.028815877077792,0.0267230664644963,0.0176387689684068,0.038865603107868,0.0305495315485019,0.0164538059464387,100,0.0279994338375173,0.0179727273174806,0.0400199048641306,0.96,8.0,16.0,0.0016453805946438,0.028904150953858,0.0321949121431458,0.0002036029831691,0.0192563144331794,0.0195959179422654,0.9016278276739262,0.984336949448152,mean-disjoint-FGLS,disjoint,mean,FGLS,universal_moving_maxima_q99_xi0.01_theta0.10,,,,,,
universal,moving_maxima_q99,0.01,0.1,0.9989469791807266,disjoint_mean_ols,365.0,100,7,0.0050170681305912,0.0020740651154343,-0.0049829318694087,0.0050357633655149,0.5035763365514988,0.1940901067357719,0.4981013271394832,0.3818147331731983,0.6057297244264751,0.0030154876630281,0.0024262578882472,0.0017366233520009,0.003804136560392,0.1464901170220776,0.0859713691255748,100,0.1434996134496722,0.0925756404380418,0.1994291713865514,0.07,8.0,16.0,0.0085971369125574,0.1378929801095202,0.1550872539346351,0.0002074065115434,0.0194090106735772,0.0255147016443461,0.034318824364064,0.1374967100652975,mean-disjoint-OLS,disjoint,mean,OLS,universal_moving_maxima_q99_xi0.01_theta0.10,,,,,,
universal,moving_maxima_q99,0.01,0.1,0.9989469791807266,sliding_mode_fgls,365.0,100,94,0.0030284505083655,0.0019874610544093,-0.0069715494916344,0.0069715494916344,0.6971549491634471,0.1987461054409365,0.7194626985616339,0.571221769906193,0.8261849237983889,0.062717615343571,0.0529001204929723,0.035213470690025,0.0814668227449892,0.0670217682713781,0.0394721466254278,100,0.056548043989631,0.0384430656829919,0.0866547887655737,0.94,10.0,17.0,0.0039472146625427,0.0630745536088353,0.0709689829339209,0.0001987461054409,0.0198746105440936,0.0237486841740758,0.8752303146877748,0.9722142547333432,mode-sliding-FGLS,sliding,mode,FGLS,universal_moving_maxima_q99_xi0.01_theta0.10,,,,,,
universal,moving_maxima_q99,0.01,0.1,0.9989469791807266,sliding_mode_ols,365.0,100,1,0.0030238206844343,0.0019933502384172,-0.0069761793155656,0.0069761793155656,0.697617931556564,0.1993350238417253,0.7225418325424486,0.5834318483669989,0.8349665008783784,0.0005707287533792,0.0004301147460091,0.0002707333122472,0.0006655417656935,0.2682244261724006,0.0827575556857383,100,0.2804591526977851,0.2192439072670075,0.3295031086387607,0.01,10.0,17.0,0.0082757555685738,0.2599486706038268,0.2765001817409745,0.0001993350238417,0.0199335023841725,0.0099498743710662,0.0017673865655472,0.0544875247609346,mode-sliding-OLS,sliding,mode,OLS,universal_moving_maxima_q99_xi0.01_theta0.10,,,,,,
universal,moving_maxima_q99,0.01,0.1,0.9989469791807266,disjoint_mode_fgls,365.0,100,96,0.0058353565897956,0.0047053289362366,-0.0041646434102043,0.0054365197322252,0.5436519732225257,0.3131338360633604,0.5742989374731333,0.3213733372540874,0.7293959961788588,0.042424084474069,0.0377074881711744,0.0266469653468855,0.056486429173537,0.0454462466745509,0.0237783308315491,100,0.040202162838671,0.0278335547540812,0.0580901453001728,0.96,8.0,15.0,0.0023778330831549,0.043068413591396,0.0478240797577058,0.0004705328936236,0.031313383606336,0.0195959179422654,0.9016278276739262,0.984336949448152,mode-disjoint-FGLS,disjoint,mode,FGLS,universal_moving_maxima_q99_xi0.01_theta0.10,,,,,,
universal,moving_maxima_q99,0.01,0.1,0.9989469791807266,disjoint_mode_ols,365.0,100,29,0.0060929248300487,0.0054676103676129,-0.0039070751699512,0.0055085659683945,0.5508565968394595,0.3829280183459734,0.5299553102959949,0.2944162648757167,0.7292841059128405,0.0066186263511134,0.004612477632586,0.0028766289453062,0.0078452722557981,0.1330512899296835,0.111888849490954,100,0.1285569369824644,0.0165723066043778,0.2117821164299182,0.29,8.0,15.0,0.0111888849490953,0.1218624049805881,0.1442401748787789,0.0005467610367612,0.0382928018345973,0.0453762052181537,0.2101470697398414,0.3853907494000793,mode-disjoint-OLS,disjoint,mode,OLS,universal_moving_maxima_q99_xi0.01_theta0.10,,,,,,
universal,moving_maxima_q99,0.03,0.1,0.9968442629330724,sliding_median_fgls,365.0,100,96,0.0152922105506758,0.0122168337704575,-0.0147077894493242,0.0173095324210014,0.5769844140333819,0.268966669928085,0.5799451377472546,0.3633193448783017,0.8014592864087261,0.1156192415280789,0.0992421944235046,0.0585983721383421,0.1470912740451159,0.1178817942502003,0.0802616562538695,100,0.102387708752297,0.0626634275579355,0.1492222674893168,0.96,10.0,17.0,0.0080261656253869,0.1098556286248134,0.1259079598755873,0.0012216833770457,0.0268966669928084,0.0195959179422654,0.9016278276739262,0.984336949448152,median-sliding-FGLS,sliding,median,FGLS,universal_moving_maxima_q99_xi0.03_theta0.10,,,,,,
universal,moving_maxima_q99,0.03,0.1,0.9968442629330724,sliding_median_ols,365.0,100,3,0.0153438317895331,0.0123187670581625,-0.0146561682104668,0.0173052604563331,0.5768420152111038,0.2712686426885231,0.5852408997869687,0.35475859600128,0.7980339065772789,0.005086348830589,0.0046565257112125,0.0023303909747152,0.0070868124330731,0.5977778404039985,0.3549264898715609,100,0.6126270895692288,0.3248900243141469,0.9056116477852068,0.03,10.0,17.0,0.035492648987156,0.5622851914168424,0.6332704893911546,0.0012318767058162,0.0271268642688523,0.0170587221092319,0.0102543382234148,0.0845207808040269,median-sliding-OLS,sliding,median,OLS,universal_moving_maxima_q99_xi0.03_theta0.10,,,,,,
universal,moving_maxima_q99,0.03,0.1,0.9968442629330724,disjoint_median_fgls,365.0,100,94,0.0160121878896057,0.0116329753888999,-0.0139878121103942,0.0161940873769135,0.5398029125637858,0.2750028607122821,0.5098079373658906,0.3493072900660504,0.7296491982925877,0.1028025732377397,0.093708459897317,0.0612907764562901,0.1343005084806085,0.1122118377713485,0.0655594089522193,100,0.1016409695217014,0.0678573433971147,0.1408988503876603,0.94,8.0,16.0,0.0065559408952219,0.1056558968761266,0.1187677786665705,0.0011632975388899,0.0275002860712282,0.0237486841740758,0.8752303146877748,0.9722142547333432,median-disjoint-FGLS,disjoint,median,FGLS,universal_moving_maxima_q99_xi0.03_theta0.10,,,,,,
universal,moving_maxima_q99,0.03,0.1,0.9968442629330724,disjoint_median_ols,365.0,100,18,0.0162110885007697,0.0116965823691995,-0.0137889114992302,0.0161701951851952,0.5390065061731741,0.2682210730615857,0.514583730761821,0.3660831449443483,0.7172592591606457,0.0142501244338763,0.010360711058021,0.0064270033282479,0.0187509210294037,0.4345228540501087,0.3335568874672425,100,0.4054644299961512,0.1567095938959863,0.6331881049054944,0.18,8.0,16.0,0.0333556887467242,0.4011671653033845,0.4678785427968329,0.0011696582369199,0.0268221073061585,0.038418745424597,0.1170013165425103,0.2666753602421308,median-disjoint-OLS,disjoint,median,OLS,universal_moving_maxima_q99_xi0.03_theta0.10,,,,,,
universal,moving_maxima_q99,0.03,0.1,0.9968442629330724,sliding_mean_fgls,365.0,100,85,0.018743483675096,0.00293566064849,-0.0112565163249039,0.0112565163249039,0.3752172108301312,0.097855354949668,0.3787939944789792,0.3172184833594438,0.4371433922564338,0.0771420154676363,0.0465592946393079,0.0304352241953847,0.1091306832954836,0.098858441550374,0.0814546837281199,100,0.0719613661124625,0.0386239955783561,0.1389887516019604,0.85,9.0,21.0,0.0081454683728119,0.090712973177562,0.107003909923186,0.000293566064849,0.0097855354949668,0.0357071421427142,0.7671626666784216,0.906940968088377,mean-sliding-FGLS,sliding,mean,FGLS,universal_moving_maxima_q99_xi0.03_theta0.10,,,,,,
universal,moving_maxima_q99,0.03,0.1,0.9968442629330724,sliding_mean_ols,365.0,100,0,0.0188183818502815,0.0029553477437231,-0.0111816181497184,0.0111816181497184,0.3727206049906156,0.0985115914574379,0.3773163943411157,0.3121891492255502,0.4360744066982523,0.0010638823563248,0.0008660979017719,0.0003570896582483,0.0015909802729206,0.4270509612185661,0.1231010402402038,100,0.4415028261407533,0.3404088059835032,0.5014572738298098,0.0,9.0,21.0,0.0123101040240203,0.4147408571945457,0.4393610652425865,0.0002955347743723,0.0098511591457437,0.0,0.0,0.0369948074760019,mean-sliding-OLS,sliding,mean,OLS,universal_moving_maxima_q99_xi0.03_theta0.10,,,,,,
universal,moving_maxima_q99,0.03,0.1,0.9968442629330724,disjoint_mean_fgls,365.0,100,94,0.0170871538171769,0.0060756519041009,-0.012912846182823,0.0129667413603408,0.4322247120113606,0.1986193242194797,0.4330075512939134,0.3113695213110973,0.5369994281879296,0.0853814601651154,0.0832557148110173,0.049624570507643,0.1084705054079498,0.0915521574734983,0.0497452784206547,100,0.0862332320448455,0.0550461469083101,0.112294156577785,0.94,8.0,16.0,0.0049745278420654,0.0865776296314328,0.0965266853155638,0.00060756519041,0.0198619324219479,0.0237486841740758,0.8752303146877748,0.9722142547333432,mean-disjoint-FGLS,disjoint,mean,FGLS,universal_moving_maxima_q99_xi0.03_theta0.10,,,,,,
universal,moving_maxima_q99,0.03,0.1,0.9968442629330724,disjoint_mean_ols,365.0,100,7,0.0171672681413275,0.0060453984988676,-0.0128327318586724,0.0128819855285384,0.4293995176179493,0.1979548361326034,0.4207738115702628,0.3060525870852824,0.5511679058919718,0.0086258902850618,0.0076491447031171,0.0049431283522593,0.0107017167834437,0.3630834371087302,0.2413015863890771,100,0.3618244165197087,0.175233979192289,0.5063958791475135,0.07,8.0,16.0,0.0241301586389077,0.3389532784698225,0.3872135957476379,0.0006045398498867,0.0197954836132603,0.0255147016443461,0.034318824364064,0.1374967100652975,mean-disjoint-OLS,disjoint,mean,OLS,universal_moving_maxima_q99_xi0.03_theta0.10,,,,,,
universal,moving_maxima_q99,0.03,0.1,0.9968442629330724,sliding_mode_fgls,365.0,100,98,0.0091116297152977,0.0055812037980052,-0.0208883702847022,0.0208883702847022,0.6962790094900755,0.1860401266001736,0.7198821008653091,0.5893437775285087,0.8204063501278808,0.1925733982580769,0.1770183803510882,0.1080193890126762,0.2338019968446018,0.2028597423311841,0.1348828240765141,100,0.1839438798694371,0.1149071235240973,0.2388699986185881,0.98,10.0,17.0,0.0134882824076514,0.1893714599235327,0.2163480247388355,0.0005581203798005,0.0186040126600173,0.014,0.9299868370580064,0.9944981477650318,mode-sliding-FGLS,sliding,mode,FGLS,universal_moving_maxima_q99_xi0.03_theta0.10,,,,,,
universal,moving_maxima_q99,0.03,0.1,0.9968442629330724,sliding_mode_ols,365.0,100,0,0.0091802498870587,0.005606961965575,-0.0208197501129412,0.0208197501129412,0.6939916704313763,0.1868987321858349,0.7126888046944417,0.5954940006436388,0.8195503027822936,0.0017055299482498,0.0014002273952091,0.000828777855889,0.0021301651437134,0.8003849355009042,0.2261339148310292,100,0.8204591801589924,0.6696034630638317,0.956612853762906,0.0,10.0,17.0,0.0226133914831029,0.7777715440178012,0.8229983269840071,0.0005606961965575,0.0186898732185834,0.0,0.0,0.0369948074760019,mode-sliding-OLS,sliding,mode,OLS,universal_moving_maxima_q99_xi0.03_theta0.10,,,,,,
universal,moving_maxima_q99,0.03,0.1,0.9968442629330724,disjoint_mode_fgls,365.0,100,99,0.014352563399564,0.0147932063580296,-0.0156474366004359,0.0180698091467694,0.6023269715589802,0.389213189991607,0.5547319779552946,0.3532746665255905,0.7518273005862525,0.1352964378426893,0.1215924337539708,0.0968965501056094,0.1688808196853614,0.1370397703619788,0.0608748589278368,100,0.1251327024162286,0.0983364375343205,0.1749538779016821,0.99,8.0,13.0,0.0060874858927836,0.1309522844691951,0.1431272562547625,0.0014793206358029,0.0389213189991607,0.0099498743710662,0.9455124752390652,0.9982326134344526,mode-disjoint-FGLS,disjoint,mode,FGLS,universal_moving_maxima_q99_xi0.03_theta0.10,,,,,,
universal,moving_maxima_q99,0.03,0.1,0.9968442629330724,disjoint_mode_ols,365.0,100,32,0.0142989962816495,0.0149378539996127,-0.0157010037183504,0.0180917949047395,0.6030598301579848,0.3965572411967423,0.5590823397735231,0.3722104089806207,0.7477877525818608,0.0213658115717543,0.0169787534099175,0.0102237797475346,0.0286085132430471,0.4195631749499231,0.4355445559724785,100,0.3490687294619222,0.0507299530936732,0.5956497329434879,0.32,8.0,13.0,0.0435544555972478,0.3760087193526752,0.463117630547171,0.0014937853999612,0.0396557241196742,0.0466476151587624,0.2366901081545688,0.4166280225367919,mode-disjoint-OLS,disjoint,mode,OLS,universal_moving_maxima_q99_xi0.03_theta0.10,,,,,,
universal,moving_maxima_q99,0.1,0.1,0.9895195503257932,sliding_median_fgls,365.0,100,98,0.0505093774384388,0.0410519279121034,-0.0494906225615611,0.0580245177903855,0.5802451779038557,0.2754033285032574,0.5954303261385085,0.3784291480760167,0.8269812120884481,0.3833759272484372,0.33556347172031,0.2005451877781475,0.475618727399561,0.3909393253532222,0.2561214030740996,100,0.3406664715192419,0.2119456936051976,0.4783735186017983,0.98,9.0,17.0,0.0256121403074099,0.3653271850458122,0.4165514656606321,0.0041051927912103,0.0275403328503257,0.014,0.9299868370580064,0.9944981477650318,median-sliding-FGLS,sliding,median,FGLS,universal_moving_maxima_q99_xi0.10_theta0.10,,,,,,
universal,moving_maxima_q99,0.1,0.1,0.9895195503257932,sliding_median_ols,365.0,100,6,0.050399790215578,0.0411953539185428,-0.0496002097844219,0.0582892379793791,0.582892379793791,0.2738856502285852,0.6024558526339079,0.3715512580886067,0.8334258302864875,0.0175587913276583,0.0152449203938875,0.0098612375974739,0.0248379505796786,2.0098586388408566,1.177835855971502,100,2.0081350790240275,1.004378283550259,3.061411000452499,0.06,9.0,17.0,0.1177835855971502,1.8920750532437065,2.1276422244380067,0.0041195353918542,0.0273885650228585,0.0237486841740758,0.0277857452666566,0.124769685312225,median-sliding-OLS,sliding,median,OLS,universal_moving_maxima_q99_xi0.10_theta0.10,,,,,,
universal,moving_maxima_q99,0.1,0.1,0.9895195503257932,disjoint_median_fgls,365.0,100,97,0.0552200222319036,0.0345795586904397,-0.0447799777680963,0.0504322946115275,0.5043229461152755,0.2553702974985641,0.5022105322671466,0.3167568090403386,0.7122372280599922,0.3483087575455666,0.3279697903154267,0.2136362102499845,0.4282155277992923,0.3573950470139956,0.1807844478947538,100,0.3337626232241809,0.2289980760071675,0.4473898760626578,0.97,9.0,16.0,0.0180784447894753,0.3393166022245202,0.375473491803471,0.0034579558690439,0.0255370297498564,0.0170587221092319,0.915479219195973,0.9897456617765852,median-disjoint-FGLS,disjoint,median,FGLS,universal_moving_maxima_q99_xi0.10_theta0.10,,,,,,
universal,moving_maxima_q99,0.1,0.1,0.9895195503257932,disjoint_median_ols,365.0,100,20,0.0556279807696358,0.0348751553393181,-0.0443720192303641,0.0497779907407129,0.4977799074071291,0.2649835946397978,0.5030360173605863,0.3021953554841891,0.6791224541659399,0.0444722782981976,0.038182565116136,0.0219056660186205,0.0567961666436789,1.326779197252284,1.0849089366519329,100,1.22887658003896,0.2575312544243211,2.118021582213917,0.2,9.0,16.0,0.1084908936651932,1.2182883035870908,1.4352700909174771,0.0034875155339318,0.0264983594639797,0.04,0.1333659225590988,0.2888309619265023,median-disjoint-OLS,disjoint,median,OLS,universal_moving_maxima_q99_xi0.10_theta0.10,,,,,,
universal,moving_maxima_q99,0.1,0.1,0.9895195503257932,sliding_mean_fgls,365.0,100,90,0.062131979569023,0.0104399512879202,-0.0378680204309769,0.0378680204309769,0.3786802043097694,0.1043995128792027,0.39835738278064,0.3094938618665468,0.4534123925624814,0.2736671132105406,0.1970743170915376,0.1272741649256848,0.3595348934984683,0.3000415252629676,0.2063950318210695,100,0.2227054945980258,0.1533906661093715,0.3997391295462522,0.9,10.0,21.0,0.0206395031821069,0.2794020220808607,0.3206810284450745,0.001043995128792,0.0104399512879202,0.03,0.8256326956323347,0.944771458386864,mean-sliding-FGLS,sliding,mean,FGLS,universal_moving_maxima_q99_xi0.10_theta0.10,,,,,,
universal,moving_maxima_q99,0.1,0.1,0.9895195503257932,sliding_mean_ols,365.0,100,0,0.0623014787113891,0.0104648711850889,-0.0376985212886109,0.0376985212886109,0.376985212886109,0.1046487118508892,0.3948722781139235,0.3082895850614439,0.4511220832387018,0.0033634256193789,0.0026368400281224,0.0011008378726444,0.0051694899121967,1.4440357647762354,0.439589184113591,100,1.5144266094876706,1.1530122653657215,1.7762141008654695,0.0,10.0,21.0,0.0439589184113591,1.4000768463648765,1.4879946831875943,0.0010464871185088,0.0104648711850889,0.0,0.0,0.0369948074760019,mean-sliding-OLS,sliding,mean,OLS,universal_moving_maxima_q99_xi0.10_theta0.10,,,,,,
universal,moving_maxima_q99,0.1,0.1,0.9895195503257932,disjoint_mean_fgls,365.0,100,99,0.0558159643531124,0.0248833586361153,-0.0441840356468875,0.0459253581828958,0.4592535818289587,0.2146362211285837,0.4491224585754719,0.3228096091883188,0.5939089041748637,0.3300083566843965,0.2975558473243233,0.2257200715883046,0.4079109429303045,0.3359784695211064,0.1800489407206466,100,0.29988811530949,0.2271169233435608,0.4104333628284246,0.99,9.0,14.0,0.0180048940720646,0.3179735754490417,0.353983363593171,0.0024883358636115,0.0214636221128583,0.0099498743710662,0.9455124752390652,0.9982326134344526,mean-disjoint-FGLS,disjoint,mean,FGLS,universal_moving_maxima_q99_xi0.10_theta0.10,,,,,,
universal,moving_maxima_q99,0.1,0.1,0.9895195503257932,disjoint_mean_ols,365.0,100,7,0.055687117591574,0.0249845081757309,-0.0443128824084259,0.0460515441603944,0.4605154416039441,0.2157603936847217,0.4422049729575062,0.3223893472561274,0.6008558880738594,0.0351347215562037,0.0293756337322153,0.018943414856486,0.0466865274053585,1.2126858569853531,0.8011402041887975,100,1.1299516228110331,0.6289305709340507,1.7860923905235553,0.07,9.0,14.0,0.0801140204188797,1.1325718365664734,1.2927998774042329,0.002498450817573,0.0215760393684721,0.0255147016443461,0.034318824364064,0.1374967100652975,mean-disjoint-OLS,disjoint,mean,OLS,universal_moving_maxima_q99_xi0.10_theta0.10,,,,,,
universal,moving_maxima_q99,0.1,0.1,0.9895195503257932,sliding_mode_fgls,365.0,100,95,0.0362756288460544,0.0248250955194443,-0.0637243711539455,0.0656443814855453,0.6564438148554532,0.1911509985970542,0.6840135116095372,0.553995018216277,0.7923475328552678,0.553506581291979,0.4677499145606517,0.2918986365435925,0.7703268666414628,0.5858340622949906,0.3151145869541927,100,0.5168722580622973,0.3128204740715941,0.7888835343594787,0.95,10.0,16.0,0.0315114586954192,0.5543226035995713,0.6173455209904098,0.0024825095519444,0.0191150998597054,0.0217944947177033,0.8882480347279118,0.9784566385436864,mode-sliding-FGLS,sliding,mode,FGLS,universal_moving_maxima_q99_xi0.10_theta0.10,,,,,,
universal,moving_maxima_q99,0.1,0.1,0.9895195503257932,sliding_mode_ols,365.0,100,0,0.0365714057985993,0.0245513185668786,-0.0634285942014007,0.0652227834010919,0.6522278340109195,0.1922526375326659,0.673018413080484,0.5586838988663017,0.7911649278664116,0.0070682570739613,0.0056840374402114,0.0032847093206571,0.0084939019107221,2.4746144516384128,0.8220254572918831,100,2.60572892011749,2.1317400026239444,3.01733846307573,0.0,10.0,16.0,0.0822025457291883,2.3924119059092246,2.556816997367601,0.0024551318566878,0.0192252637532665,0.0,0.0,0.0369948074760019,mode-sliding-OLS,sliding,mode,OLS,universal_moving_maxima_q99_xi0.10_theta0.10,,,,,,
universal,moving_maxima_q99,0.1,0.1,0.9895195503257932,disjoint_mode_fgls,365.0,100,95,0.0623590772284155,0.0575576727903689,-0.0376409227715844,0.0561414346338704,0.5614143463387045,0.395011216362933,0.5295016957302914,0.2954059720946081,0.7080786113288742,0.4129604211742843,0.363097643097554,0.2477956017031666,0.5959152934812899,0.4381031190677474,0.2368542434354249,100,0.3780310649241248,0.2614087833777688,0.6292789521057949,0.95,9.5,16.0,0.0236854243435424,0.4144176947242049,0.4617885434112899,0.0057557672790368,0.0395011216362933,0.0217944947177033,0.8882480347279118,0.9784566385436864,mode-disjoint-FGLS,disjoint,mode,FGLS,universal_moving_maxima_q99_xi0.10_theta0.10,,,,,,
universal,moving_maxima_q99,0.1,0.1,0.9895195503257932,disjoint_mode_ols,365.0,100,32,0.0632578470030888,0.0588750543954545,-0.0367421529969112,0.0573122441133392,0.5731224411333928,0.3888472722577227,0.532903039520681,0.3436193629018408,0.7365364931557998,0.0734660059580528,0.0504796636024789,0.0296761648925933,0.085561561581262,1.2865348241840282,1.2028714016207251,100,1.1456655160176317,0.1576886931442771,1.9379988336790337,0.32,9.5,16.0,0.1202871401620725,1.1662476840219558,1.4068219643461006,0.0058875054395454,0.0388847272257722,0.0466476151587624,0.2366901081545688,0.4166280225367919,mode-disjoint-OLS,disjoint,mode,OLS,universal_moving_maxima_q99_xi0.10_theta0.10,,,,,,
universal,moving_maxima_q99,0.3,0.1,0.968887019282738,sliding_median_fgls,365.0,100,93,0.1634203788853052,0.1324744188288736,-0.1365796211146947,0.1718092243336951,0.5726974144456504,0.2702943539363428,0.5787552880569062,0.3794891456804344,0.7830633046844759,1.143871246205764,0.9897920563813544,0.6299549329159512,1.4518262901999617,1.2969080320892277,0.8648816658328391,100,1.0476006400579458,0.7602341985398318,1.6278010486605676,0.93,9.0,16.5,0.0864881665832839,1.2104198655059435,1.3833961986725116,0.0132474418828873,0.0270294353936342,0.0255147016443461,0.8625032899347026,0.965681175635936,median-sliding-FGLS,sliding,median,FGLS,universal_moving_maxima_q99_xi0.30_theta0.10,,,,,,
universal,moving_maxima_q99,0.3,0.1,0.968887019282738,sliding_median_ols,365.0,100,6,0.1633312676705803,0.1328956328856084,-0.1366687323294196,0.1719529411034326,0.5731764703447756,0.2720658216984042,0.5742582025382397,0.3788738213568979,0.7877837343598411,0.0477337775006521,0.0385064011644927,0.0246122338908427,0.0666586737585923,6.013278660708769,3.434684569730316,100,6.1269542542514674,3.401104210487344,8.914588038586167,0.06,9.0,16.5,0.3434684569730316,5.669810203735738,6.356747117681801,0.0132895632885608,0.0272065821698404,0.0237486841740758,0.0277857452666566,0.124769685312225,median-sliding-OLS,sliding,median,OLS,universal_moving_maxima_q99_xi0.30_theta0.10,,,,,,
universal,moving_maxima_q99,0.3,0.1,0.968887019282738,disjoint_median_fgls,365.0,100,92,0.1508003537896306,0.1127114328893966,-0.1491996462103693,0.1679622874426224,0.5598742914754081,0.2727017598468997,0.555251986296985,0.3763566556030708,0.766019520734428,1.132149853147699,1.009116116133104,0.6925032473904152,1.3268890375870974,1.2348783018872906,0.7307767887847956,100,1.0519891660931284,0.806594316669189,1.3914238370136451,0.92,9.0,16.0,0.0730776788784795,1.1618006230088112,1.30795598076577,0.0112711432889396,0.0272701759846899,0.027129319932501,0.8500173312059693,0.9589070305141892,median-disjoint-FGLS,disjoint,median,FGLS,universal_moving_maxima_q99_xi0.30_theta0.10,,,,,,
universal,moving_maxima_q99,0.3,0.1,0.968887019282738,disjoint_median_ols,365.0,100,16,0.1519344821996269,0.114271984222692,-0.148065517800373,0.1676665000209874,0.5588883334032912,0.2750134747563777,0.5806588879058331,0.3642700148178105,0.769034556167761,0.131186669473339,0.1008930934070032,0.0595008238853383,0.1711629300810963,4.594829380141932,3.2714211596103824,100,4.7943547036589145,0.8296782975723728,7.073565761108075,0.16,9.0,16.0,0.3271421159610382,4.267687264180894,4.92197149610297,0.0114271984222692,0.0275013474756377,0.0366606055596467,0.1009520234947371,0.2442044455889441,median-disjoint-OLS,disjoint,median,OLS,universal_moving_maxima_q99_xi0.30_theta0.10,,,,,,
universal,moving_maxima_q99,0.3,0.1,0.968887019282738,sliding_mean_fgls,365.0,100,90,0.1808819832132844,0.0295004403944085,-0.1191180167867156,0.1191180167867156,0.3970600559557187,0.0983348013146952,0.3989820973900873,0.3432803063459779,0.453847167174901,0.7621206561208217,0.5937307884636789,0.3915646080246117,0.9712812843288589,0.8572071669023239,0.5551369186561568,100,0.6842292845241953,0.4627940745314068,1.075424600804193,0.9,9.0,21.0,0.0555136918656156,0.8016934750367082,0.9127208587679396,0.0029500440394408,0.0098334801314695,0.03,0.8256326956323347,0.944771458386864,mean-sliding-FGLS,sliding,mean,FGLS,universal_moving_maxima_q99_xi0.30_theta0.10,,,,,,
universal,moving_maxima_q99,0.3,0.1,0.968887019282738,sliding_mean_ols,365.0,100,0,0.18136081446746,0.029698489193932,-0.1186391855325399,0.1186391855325399,0.3954639517751332,0.0989949639797735,0.3959844167779424,0.3428152354236687,0.4522326029390394,0.0098948514653517,0.0082579473053063,0.0025410952146799,0.0154630579263869,4.557565243459916,1.277266894672438,100,4.643994865743769,3.9096602256128703,5.262580970530457,0.0,9.0,21.0,0.1277266894672438,4.4298385539926715,4.68529193292716,0.0029698489193932,0.0098994963979773,0.0,0.0,0.0369948074760019,mean-sliding-OLS,sliding,mean,OLS,universal_moving_maxima_q99_xi0.30_theta0.10,,,,,,
universal,moving_maxima_q99,0.3,0.1,0.968887019282738,disjoint_mean_fgls,365.0,100,99,0.1601055258240961,0.0729539298443699,-0.1398944741759038,0.1423953853164423,0.4746512843881412,0.2263027199578449,0.4547609012322138,0.3233950404159256,0.5921540826954832,1.004967197113296,0.8562675758444882,0.5791929968916257,1.2419266757069232,1.013864088764407,0.644832747456238,100,0.8631159087489196,0.5908118537716599,1.2419266757069232,0.99,9.0,16.0,0.0644832747456237,0.9493808140187832,1.078347363510031,0.0072953929844369,0.0226302719957844,0.0099498743710662,0.9455124752390652,0.9982326134344526,mean-disjoint-FGLS,disjoint,mean,FGLS,universal_moving_maxima_q99_xi0.30_theta0.10,,,,,,
universal,moving_maxima_q99,0.3,0.1,0.968887019282738,disjoint_mean_ols,365.0,100,11,0.1611211256094517,0.0736260552268005,-0.1388788743905483,0.1415292248355243,0.4717640827850811,0.2277939959148263,0.4521868523117628,0.3190231156221907,0.5905309489564465,0.1138584188567306,0.0872566059113752,0.0624788626577272,0.1456132729515576,3.680783783444779,2.5461105831676307,100,3.4809109966915193,1.459731018181491,5.434784584499803,0.11,9.0,16.0,0.254611058316763,3.426172725128016,3.9353948417615423,0.00736260552268,0.0227793995914826,0.031288975694324,0.0625413195522512,0.1863146302790302,mean-disjoint-OLS,disjoint,mean,OLS,universal_moving_maxima_q99_xi0.30_theta0.10,,,,,,
universal,moving_maxima_q99,0.3,0.1,0.968887019282738,sliding_mode_fgls,365.0,100,96,0.1151804041964201,0.0675578569806617,-0.1848195958035798,0.188771768724248,0.629239229080827,0.184771698398475,0.6495589947293444,0.511705914979712,0.7536349615804122,1.417822381701575,1.2790006105200415,0.8153350538974133,1.8143079268949776,1.5708343573304404,1.016673239686811,100,1.334933885600755,0.863468564087345,1.8988875124061435,0.96,10.0,17.0,0.1016673239686811,1.4691670333617592,1.6725016812991216,0.0067557856980661,0.0184771698398475,0.0195959179422654,0.9016278276739262,0.984336949448152,mode-sliding-FGLS,sliding,mode,FGLS,universal_moving_maxima_q99_xi0.30_theta0.10,,,,,,
universal,moving_maxima_q99,0.3,0.1,0.968887019282738,sliding_mode_ols,365.0,100,0,0.1156162088300007,0.0680241095928451,-0.1843837911699992,0.1883386276831508,0.6277954256105027,0.1867361120127206,0.653928987569302,0.5053513964735312,0.7529125101881915,0.0190276846155537,0.0154472457966652,0.0094639122446197,0.025266718325243,7.172019099630512,2.300836033250415,100,7.333180681405864,5.782805002428373,8.809055215782648,0.0,10.0,17.0,0.2300836033250415,6.9419354963054705,7.402102702955554,0.0068024109592845,0.018673611201272,0.0,0.0,0.0369948074760019,mode-sliding-OLS,sliding,mode,OLS,universal_moving_maxima_q99_xi0.30_theta0.10,,,,,,
universal,moving_maxima_q99,0.3,0.1,0.968887019282738,disjoint_mode_fgls,365.0,100,90,0.1694559768596345,0.141907008292671,-0.1305440231403654,0.1640580591400046,0.5468601971333489,0.3360648723756541,0.5199539003084999,0.3161106876249526,0.7314009560986422,1.036874409637322,0.9445598005971074,0.5955635832922008,1.3978323886535398,1.2798059038169496,0.9791968559557876,100,1.0714657068225373,0.7048829409699909,1.4990231651212151,0.9,8.0,14.0,0.0979196855955787,1.1818862182213707,1.3777255894125284,0.0141907008292671,0.0336064872375654,0.03,0.8256326956323347,0.944771458386864,mode-disjoint-FGLS,disjoint,mode,FGLS,universal_moving_maxima_q99_xi0.30_theta0.10,,,,,,
universal,moving_maxima_q99,0.3,0.1,0.968887019282738,disjoint_mode_ols,365.0,100,28,0.1708685677866014,0.1419839878460629,-0.1291314322133985,0.1613778991503803,0.5379263305012679,0.3447531807604039,0.4847546914566781,0.3106626116274886,0.716589704308114,0.1652499901807302,0.1319432576931063,0.0866473122552867,0.2146102136672585,4.1058607829754195,3.6947053132415535,100,3.730477320469947,0.4040725294707125,6.4451811629682005,0.28,8.0,14.0,0.3694705313241553,3.736390251651264,4.4753313142995745,0.0141983987846062,0.0344753180760403,0.0448998886412873,0.2013955916759837,0.3748821236134572,mode-disjoint-OLS,disjoint,mode,OLS,universal_moving_maxima_q99_xi0.30_theta0.10,,,,,,
universal,moving_maxima_q99,1.0,0.1,0.9000026569262596,sliding_median_fgls,365.0,100,97,0.5138108971510782,0.3722864809803181,-0.4861891028489218,0.5498202923278133,0.5498202923278133,0.2683446102563556,0.5287346488871378,0.3698128277506676,0.7488039731298208,3.5523862509647315,3.297420856435443,2.105556098858525,4.43456022574103,3.7612854650555527,2.2796389975391693,100,3.334474601756577,2.2240543953792384,4.56108628679199,0.97,9.0,17.0,0.2279638997539169,3.5333215653016357,3.98924936480947,0.0372286480980318,0.0268344610256355,0.0170587221092319,0.915479219195973,0.9897456617765852,median-sliding-FGLS,sliding,median,FGLS,universal_moving_maxima_q99_xi1.00_theta0.10,,,,,,
universal,moving_maxima_q99,1.0,0.1,0.9000026569262596,sliding_median_ols,365.0,100,4,0.5125976382476523,0.3736666640029581,-0.4874023617523477,0.5512352320720797,0.5512352320720797,0.2695512342248817,0.5322415402361456,0.3730669693354171,0.7693765512760676,0.1705150419941411,0.1425652770636835,0.0783746581072495,0.228017508718565,18.848832647653396,11.509757334156534,100,18.58532212530035,10.940673069782264,27.772619004737507,0.04,9.0,17.0,1.1509757334156534,17.697856914237743,19.999808381069048,0.0373666664002958,0.0269551234224881,0.0195959179422654,0.015663050551848,0.0983721723260737,median-sliding-OLS,sliding,median,OLS,universal_moving_maxima_q99_xi1.00_theta0.10,,,,,,
universal,moving_maxima_q99,1.0,0.1,0.9000026569262596,disjoint_median_fgls,365.0,100,99,0.4731154295977255,0.434948563277615,-0.5268845704022744,0.6041065230596927,0.6041065230596927,0.3177431614710591,0.6387935309727197,0.3654944709348449,0.8255518294232473,3.6460332184379927,3.4199520527449794,2.6641590120296854,4.711188949467017,3.683905559458957,1.5254245810296323,100,3.4475419096676845,2.71603675521075,4.728556491494542,0.99,9.0,16.0,0.1525424581029632,3.531363101355994,3.83644801756192,0.0434948563277615,0.0317743161471059,0.0099498743710662,0.9455124752390652,0.9982326134344526,median-disjoint-FGLS,disjoint,median,FGLS,universal_moving_maxima_q99_xi1.00_theta0.10,,,,,,
universal,moving_maxima_q99,1.0,0.1,0.9000026569262596,disjoint_median_ols,365.0,100,19,0.483047853975747,0.429880155551752,-0.516952146024253,0.5941538816708757,0.5941538816708757,0.313290881763739,0.6106594940801946,0.3666475685618675,0.8129211124356621,0.4046414736010565,0.3664936171871145,0.2239636141376622,0.5020584141915344,17.595745593705498,12.230884646402542,100,17.26701919344543,8.137540522343638,27.285783618173163,0.19,9.0,16.0,1.2230884646402542,16.372657129065242,18.81883405834575,0.0429880155551752,0.0313290881763739,0.039230090491866,0.1251465399270426,0.2777902407080785,median-disjoint-OLS,disjoint,median,OLS,universal_moving_maxima_q99_xi1.00_theta0.10,,,,,,
universal,moving_maxima_q99,1.0,0.1,0.9000026569262596,sliding_mean_fgls,365.0,100,90,0.516462796070558,0.088076078105594,-0.483537203929442,0.483537203929442,0.483537203929442,0.088076078105594,0.464145058172452,0.4152599744982126,0.5251915317202052,3.6947814095949463,2.933742892807145,1.5909354958936732,5.1629710832909606,4.041688726560653,2.712889774532499,100,3.3704953317589537,1.8012306325037102,5.351590844157891,0.9,11.0,21.0,0.2712889774532499,3.770399749107403,4.312977704013903,0.0088076078105594,0.0088076078105594,0.03,0.8256326956323347,0.944771458386864,mean-sliding-FGLS,sliding,mean,FGLS,universal_moving_maxima_q99_xi1.00_theta0.10,,,,,,
universal,moving_maxima_q99,1.0,0.1,0.9000026569262596,sliding_mean_ols,365.0,100,0,0.516904442664765,0.0881865335682378,-0.483095557335235,0.483095557335235,0.483095557335235,0.0881865335682378,0.4633766535573204,0.4151104671835447,0.5242240523735935,0.0205259328523538,0.0125256364853844,0.005078550315252,0.038006404650962,18.93382956921468,3.6469942361102863,100,18.29340782734576,16.37453362446622,20.61878935193034,0.0,11.0,21.0,0.3646994236110286,18.56913014560365,19.29852899282571,0.0088186533568237,0.0088186533568237,0.0,0.0,0.0369948074760019,mean-sliding-OLS,sliding,mean,OLS,universal_moving_maxima_q99_xi1.00_theta0.10,,,,,,
universal,moving_maxima_q99,1.0,0.1,0.9000026569262596,disjoint_mean_fgls,365.0,100,92,0.4828691618984787,0.2579294621633458,-0.5171308381015213,0.5201605691239094,0.5201605691239094,0.2517005143235387,0.5107353246172224,0.3924704165140156,0.6768697645055983,4.230011739742572,3.430563270711872,2.2472803889505157,5.379759624133534,4.626359026973248,2.7248292835201924,100,4.27151476711208,2.5733119395757935,5.558350157194534,0.92,8.5,16.0,0.2724829283520192,4.353876098621229,4.898841955325268,0.0257929462163345,0.0251700514323538,0.027129319932501,0.8500173312059693,0.9589070305141892,mean-disjoint-FGLS,disjoint,mean,FGLS,universal_moving_maxima_q99_xi1.00_theta0.10,,,,,,
universal,moving_maxima_q99,1.0,0.1,0.9000026569262596,disjoint_mean_ols,365.0,100,15,0.4850129143628992,0.2605408730153126,-0.5149870856371008,0.518884122125091,0.518884122125091,0.2526100064916884,0.5161915521510103,0.3602365194382028,0.6803058848918957,0.4405259280287192,0.3274523811273204,0.1910478496427808,0.5803209655343213,13.589007926424872,10.217282427520718,100,13.879580395896523,3.8413438616714553,18.787378068729467,0.15,8.5,16.0,1.0217282427520715,12.5672796836728,14.610736169176944,0.0260540873015312,0.0252610006491688,0.0357071421427142,0.0930590319116229,0.2328373333215783,mean-disjoint-OLS,disjoint,mean,OLS,universal_moving_maxima_q99_xi1.00_theta0.10,,,,,,
universal,moving_maxima_q99,1.0,0.1,0.9000026569262596,sliding_mode_fgls,365.0,100,93,0.3975116873569919,0.2381525420916906,-0.6024883126430081,0.6055600231453269,0.6055600231453269,0.2301485954140232,0.6600269676556536,0.4886057413527851,0.7590464872508491,3.65578561752759,3.291209029726788,2.133261014004705,4.8947553365784175,4.160743502686262,2.557844599856117,100,3.500065994061294,2.420044357448366,5.175723972252568,0.93,10.0,16.5,0.2557844599856116,3.90495904270065,4.416527962671873,0.023815254209169,0.0230148595414023,0.0255147016443461,0.8625032899347026,0.965681175635936,mode-sliding-FGLS,sliding,mode,FGLS,universal_moving_maxima_q99_xi1.00_theta0.10,,,,,,
universal,moving_maxima_q99,1.0,0.1,0.9000026569262596,sliding_mode_ols,365.0,100,2,0.3986565394908822,0.2375286363043921,-0.6013434605091178,0.6044203095224828,0.6044203095224828,0.2295047400927822,0.6538748663169928,0.4921911534108835,0.754370831028534,0.0598051269973551,0.0527346809144342,0.0347959998206188,0.0782603039803783,23.04693379894508,9.119689964689556,100,25.36111342787926,18.7876007374386,29.367872583160484,0.02,10.0,16.5,0.9119689964689556,22.134964802476123,23.958902795414037,0.0237528636304392,0.0229504740092782,0.014,0.0055018522349681,0.0700131629419936,mode-sliding-OLS,sliding,mode,OLS,universal_moving_maxima_q99_xi1.00_theta0.10,,,,,,
universal,moving_maxima_q99,1.0,0.1,0.9000026569262596,disjoint_mode_fgls,365.0,100,86,0.3186676467801543,0.5712656684027845,-0.6813323532198458,0.726765244455619,0.726765244455619,0.5115899895682526,0.6932751898749032,0.4254808482790988,0.8982849150276522,3.29177884092264,2.871897510564769,2.017169512861302,4.217534224690204,4.257085041495716,3.0167954622412014,100,3.3870688814151233,2.4419541854952196,5.187205205993921,0.86,8.0,16.0,0.3016795462241201,3.955405495271596,4.558764587719836,0.0571265668402784,0.0511589989568252,0.0346987031457949,0.7786263961619276,0.914737342455351,mode-disjoint-FGLS,disjoint,mode,FGLS,universal_moving_maxima_q99_xi1.00_theta0.10,,,,,,
universal,moving_maxima_q99,1.0,0.1,0.9000026569262596,disjoint_mode_ols,365.0,100,22,0.3185648460416707,0.5379150030924045,-0.6814351539583292,0.7249127147187048,0.7249127147187048,0.4770643076907734,0.6674136838353815,0.4693071854665956,0.9120984372499072,0.7313237349766405,0.5727877558007362,0.3532799724940949,0.8935098593187883,17.700777958071217,15.111701785632048,100,15.070354886801296,5.7855736510315126,27.900765010268064,0.22,8.0,16.0,1.5111701785632048,16.189607779508012,19.211948136634422,0.0537915003092404,0.0477064307690773,0.0414246303544159,0.150011745036558,0.3107053471500031,mode-disjoint-OLS,disjoint,mode,OLS,universal_moving_maxima_q99_xi1.00_theta0.10,,,,,,
universal,moving_maxima_q99,3.0,0.1,0.7290064563498708,sliding_median_fgls,365.0,100,93,1.781713033938515,1.4193561427120118,-1.218286966061485,1.6708279996236208,0.5569426665412069,0.2776733275551614,0.5407305152322502,0.3165161564383076,0.8237658625809701,10.766712023571529,9.61527071654561,5.676559688055411,14.009394912295411,11.991693267489948,7.397083688493834,100,10.346646077453784,6.368073006563282,16.349695164025363,0.93,9.0,17.0,0.7397083688493834,11.251984898640565,12.731401636339331,0.1419356142712012,0.0277673327555161,0.0255147016443461,0.8625032899347026,0.965681175635936,median-sliding-FGLS,sliding,median,FGLS,universal_moving_maxima_q99_xi3.00_theta0.10,,,,,,
universal,moving_maxima_q99,3.0,0.1,0.7290064563498708,sliding_median_ols,365.0,100,7,1.7838185062241885,1.4281928371734878,-1.2161814937758115,1.6718121712303795,0.5572707237434599,0.2809873010140919,0.5564636369542608,0.2995274438811975,0.8128501746800505,0.4893903795635936,0.4488006083963727,0.2166885018192113,0.6786230914477989,57.9093319099261,37.00749522572774,100,60.0984408347456,23.93892515299254,88.84741070497518,0.07,9.0,17.0,3.7007495225727736,54.20858238735333,61.61008143249887,0.1428192837173487,0.0280987301014091,0.0255147016443461,0.034318824364064,0.1374967100652975,median-sliding-OLS,sliding,median,OLS,universal_moving_maxima_q99_xi3.00_theta0.10,,,,,,
universal,moving_maxima_q99,3.0,0.1,0.7290064563498708,disjoint_median_fgls,365.0,100,99,1.5246847860373731,1.3006630377773267,-1.4753152139626269,1.713735354036667,0.5712451180122224,0.3203661645473404,0.5728453883268779,0.3422616089969115,0.8011538646113555,11.343941721963388,10.704419405749691,7.508668383245247,14.43062279960684,11.56928630394146,5.376258799358278,100,10.922920147362106,7.527255173078903,14.50227108865856,0.99,9.0,16.0,0.5376258799358278,11.031660424005633,12.106912183877286,0.1300663037777326,0.032036616454734,0.0099498743710662,0.9455124752390652,0.9982326134344526,median-disjoint-FGLS,disjoint,median,FGLS,universal_moving_maxima_q99_xi3.00_theta0.10,,,,,,
universal,moving_maxima_q99,3.0,0.1,0.7290064563498708,disjoint_median_ols,365.0,100,24,1.565860942818362,1.2981483581258584,-1.434139057181638,1.670233610610549,0.5567445368701831,0.3240130987342127,0.5582243768589528,0.3457367441456739,0.7908258040930318,1.5775570838721424,1.2379964329761823,0.7977584603311314,2.0599468946725725,45.369387503063734,38.82686456245572,100,39.77149969400182,5.653591700821188,71.41051304066829,0.24,9.0,16.0,3.882686456245571,41.48670104681816,49.25207395930931,0.1298148358125858,0.0324013098734212,0.0427083130081252,0.1669121126545996,0.3323251872329213,median-disjoint-OLS,disjoint,median,OLS,universal_moving_maxima_q99_xi3.00_theta0.10,,,,,,
universal,moving_maxima_q99,3.0,0.1,0.7290064563498708,sliding_mean_fgls,365.0,100,72,0.8004258310892054,0.1962338233018504,-2.1995741689107944,2.1995741689107944,0.7331913896369315,0.0654112744339501,0.7102440904950857,0.7084246467101968,0.7250613808283599,10.632335977874684,8.317775209857711,4.03420634718502,13.90937767785001,17.82383604647185,15.245588092006356,100,13.478734881675592,8.648579803308952,20.23231485448451,0.72,9.0,21.0,1.5245588092006357,16.299277237271216,19.348394855672485,0.019623382330185,0.006541127443395,0.0448998886412873,0.6251178763865427,0.7986044083240164,mean-sliding-FGLS,sliding,mean,FGLS,universal_moving_maxima_q99_xi3.00_theta0.10,,,,,,
universal,moving_maxima_q99,3.0,0.1,0.7290064563498708,sliding_mean_ols,365.0,100,0,0.8004879811184622,0.1962472283598086,-2.1995120188815376,2.1995120188815376,0.7331706729605126,0.0654157427866028,0.7101947749716746,0.7084095498780085,0.7250599058842616,0.0198833433306143,0.0248580886258733,0.0064655307003109,0.0310970695599621,87.60269723197983,7.901509634224997,100,84.72749826537103,84.41962983698113,86.86916318801684,0.0,9.0,21.0,0.7901509634224997,86.81254626855733,88.39284819540234,0.0196247228359808,0.0065415742786602,0.0,0.0,0.0369948074760019,mean-sliding-OLS,sliding,mean,OLS,universal_moving_maxima_q99_xi3.00_theta0.10,,,,,,
universal,moving_maxima_q99,3.0,0.1,0.7290064563498708,disjoint_mean_fgls,365.0,100,88,0.6842806985718441,0.4138870843781325,-2.315719301428156,2.315719301428156,0.7719064338093853,0.1379623614593774,0.7393601836050673,0.699563549950137,0.8274895122085629,16.015763641321943,11.725175522364852,6.9816474406072135,17.71743202457656,20.18826151281012,16.81157256535928,100,13.581501195705744,9.309182357846687,27.535332155988673,0.88,9.5,17.5,1.681157256535928,18.507104256274193,21.86941876934605,0.0413887084378132,0.0137962361459377,0.0324961536185438,0.8018773199709163,0.9300066263473222,mean-disjoint-FGLS,disjoint,mean,FGLS,universal_moving_maxima_q99_xi3.00_theta0.10,,,,,,
universal,moving_maxima_q99,3.0,0.1,0.7290064563498708,disjoint_mean_ols,365.0,100,0,0.6914887280287491,0.4208819248522027,-2.308511271971251,2.308511271971251,0.7695037573237503,0.1402939749507342,0.7333225613005161,0.6938073173698374,0.8220295983253584,0.7541447721198236,0.557064544326145,0.3821370845999345,0.9989489044254268,78.01170020857339,17.596367128015274,100,79.18228255325386,67.37486735168191,86.76397787889651,0.0,9.5,17.5,1.7596367128015271,76.25206349577186,79.77133692137491,0.0420881924852202,0.0140293974950734,0.0,0.0,0.0369948074760019,mean-disjoint-OLS,disjoint,mean,OLS,universal_moving_maxima_q99_xi3.00_theta0.10,,,,,,
universal,moving_maxima_q99,3.0,0.1,0.7290064563498708,sliding_mode_fgls,365.0,100,94,1.6906159181630542,1.4544967751085451,-1.3093840818369458,1.6760408719053723,0.5586802906351241,0.334975572351562,0.5184449679001422,0.256786787506878,0.9283219688567356,8.175991825449143,7.110313419776748,4.668263728970764,10.809817624517375,9.923843775111967,8.789663224760059,100,7.422011380738699,5.102133333253982,12.23508203360766,0.94,10.0,16.0,0.8789663224760058,9.044877452635964,10.802810097587974,0.1454496775108545,0.0334975572351562,0.0237486841740758,0.8752303146877748,0.9722142547333432,mode-sliding-FGLS,sliding,mode,FGLS,universal_moving_maxima_q99_xi3.00_theta0.10,,,,,,
universal,moving_maxima_q99,3.0,0.1,0.7290064563498708,sliding_mode_ols,365.0,100,7,1.698396652292947,1.449193763677859,-1.301603347707053,1.6662034700405794,0.5554011566801931,0.3345261838807023,0.5019521964236903,0.2561666986260126,0.9309463652082935,0.3906806017576696,0.3339904750857885,0.1402634671353297,0.5345258341144339,59.566628780450486,42.99239201320601,100,52.521186213717655,21.280229415531835,104.40177075854766,0.07,10.0,16.0,4.299239201320601,55.26738957912988,63.86586798177109,0.1449193763677858,0.0334526183880702,0.0255147016443461,0.034318824364064,0.1374967100652975,mode-sliding-OLS,sliding,mode,OLS,universal_moving_maxima_q99_xi3.00_theta0.10,,,,,,
universal,moving_maxima_q99,3.0,0.1,0.7290064563498708,disjoint_mode_fgls,365.0,100,84,2.029276178867499,3.173167582032493,-0.9707238211325012,2.073987788873315,0.6913292629577715,0.8612614379794141,0.5743371841528884,0.253409636242362,0.9999999999999172,7.963811296039477,6.776927238879111,4.621210541380176,9.312017039289502,20.8818614863008,73.67952060056287,100,8.340381822639909,5.571884978468912,13.704049963575669,0.84,10.0,17.0,7.367952060056287,13.513909426244512,28.249813546357085,0.3173167582032493,0.0861261437979414,0.0366606055596467,0.7557955544110557,0.8990479765052628,mode-disjoint-FGLS,disjoint,mode,FGLS,universal_moving_maxima_q99_xi3.00_theta0.10,,,,,,
universal,moving_maxima_q99,3.0,0.1,0.7290064563498708,disjoint_mode_ols,365.0,100,39,1.955836945104181,2.4568142473407684,-1.0441630548958192,2.0252148087093653,0.6750716029031218,0.5768016567320632,0.6342098026572334,0.2998010555337551,0.973244940892578,2.771829627951582,1.975346919460511,0.9171399957798414,4.10282528567253,48.24201821169914,54.165039976974214,100,29.66746749622733,4.294256063122882,97.47812168628376,0.39,10.0,17.0,5.416503997697421,42.82551421400172,53.65852220939656,0.2456814247340768,0.0576801656732063,0.0487749935930287,0.300167219319702,0.4879716383250184,mode-disjoint-OLS,disjoint,mode,OLS,universal_moving_maxima_q99_xi3.00_theta0.10,,,,,,
universal,moving_maxima_q99,10.0,0.1,0.3486887337134534,sliding_median_fgls,365.0,100,92,4.937037138593004,4.14195070578094,-5.062962861406996,5.904766016091345,0.5904766016091345,0.279818291035907,0.6154142591995793,0.3702261558307839,0.8416599313461801,37.12564907127782,32.3358149120481,17.985298827700003,50.416040883781186,43.10980876765852,33.085070434669895,100,36.386807143651154,20.260690028732487,54.87960713623691,0.92,9.5,16.0,3.3085070434669896,39.80130172419153,46.41831581112551,0.414195070578094,0.0279818291035907,0.027129319932501,0.8500173312059693,0.9589070305141892,median-sliding-FGLS,sliding,median,FGLS,universal_moving_maxima_q99_xi10.00_theta0.10,,,,,,
universal,moving_maxima_q99,10.0,0.1,0.3486887337134534,sliding_median_ols,365.0,100,7,4.943110120949817,4.17201717480904,-5.056889879050183,5.902208826472828,0.5902208826472828,0.2836938215001583,0.6267142284297031,0.3670875842655888,0.8420482776367183,1.4803694159185892,1.172927990521897,0.6567922708924303,1.8218921686524232,210.49418992743557,121.86956444063502,100,226.11415257426188,120.19963993923866,319.31110183258204,0.07,9.5,16.0,12.1869564440635,198.30723348337207,222.68114637149907,0.417201717480904,0.0283693821500158,0.0255147016443461,0.034318824364064,0.1374967100652975,median-sliding-OLS,sliding,median,OLS,universal_moving_maxima_q99_xi10.00_theta0.10,,,,,,
universal,moving_maxima_q99,10.0,0.1,0.3486887337134534,disjoint_median_fgls,365.0,100,94,4.443439907968173,2.789482467503007,-5.556560092031827,5.636985232078654,0.5636985232078654,0.262142644911327,0.6055058620953332,0.3463222141221876,0.7560205528835467,36.89072942615531,30.856224536189316,18.82653936382796,46.75897648044767,43.94451344225353,38.43454023625328,100,34.72347156642182,20.83365718568087,51.54718617668654,0.94,9.0,16.0,3.843454023625328,40.1010594186282,47.78796746587886,0.2789482467503007,0.0262142644911326,0.0237486841740758,0.8752303146877748,0.9722142547333432,median-disjoint-FGLS,disjoint,median,FGLS,universal_moving_maxima_q99_xi10.00_theta0.10,,,,,,
universal,moving_maxima_q99,10.0,0.1,0.3486887337134534,disjoint_median_ols,365.0,100,15,4.366396424509823,2.7325438074970316,-5.633603575490177,5.706716553092701,0.5706716553092701,0.2574741946807769,0.5747511433774634,0.3647853725515326,0.7808465869707729,4.14754118466868,3.532988605086077,2.1012678124980297,5.360161743932868,161.16582983292977,113.13601409798834,100,155.40061055880886,67.84655139745301,245.0927549018352,0.15,9.0,16.0,11.313601409798832,149.85222842313095,172.4794312427286,0.2732543807497031,0.0257474194680776,0.0357071421427142,0.0930590319116229,0.2328373333215783,median-disjoint-OLS,disjoint,median,OLS,universal_moving_maxima_q99_xi10.00_theta0.10,,,,,,
universal,moving_maxima_q99,10.0,0.1,0.3486887337134534,sliding_mean_fgls,365.0,100,40,0.8734815598391756,0.3016372755856036,-9.126518440160824,9.126518440160824,0.9126518440160823,0.0301637275585603,0.9002322046736339,0.9002296234062612,0.901326152274968,20.333161034300375,15.070626543042684,9.376130308704704,28.808661766366065,109.1997147952371,85.27431644451026,100,78.14672468597142,36.008681992828784,181.9513011374989,0.4,8.0,21.0,8.527431644451026,100.67228315078609,117.72714643968813,0.0301637275585603,0.003016372755856,0.0489897948556635,0.3093997461136028,0.4979992153815976,mean-sliding-FGLS,sliding,mean,FGLS,universal_moving_maxima_q99_xi10.00_theta0.10,,,,,,
universal,moving_maxima_q99,10.0,0.1,0.3486887337134534,sliding_mean_ols,365.0,100,0,0.8734867560711433,0.301638657416571,-9.126513243928857,9.126513243928857,0.9126513243928857,0.0301638657416571,0.9002312359314304,0.9002295689492502,0.9013166117724364,0.014932356202933,0.0149478021653361,0.0136454443798167,0.0149495305530223,364.7768149892985,12.082746252409173,100,359.80891154696235,359.8078193508446,360.2065966260446,0.0,8.0,21.0,1.208274625240917,363.5685403640576,365.9850896145394,0.0301638657416571,0.0030163865741657,0.0,0.0,0.0369948074760019,mean-sliding-OLS,sliding,mean,OLS,universal_moving_maxima_q99_xi10.00_theta0.10,,,,,,
universal,moving_maxima_q99,10.0,0.1,0.3486887337134534,disjoint_mean_fgls,365.0,100,93,0.9289683929535164,0.1856225089207432,-9.071031607046484,9.071031607046484,0.9071031607046484,0.0185622508920743,0.9026892480751826,0.8992879663335117,0.9051605113604182,67.89066349328328,50.70691140890376,27.36845850277581,86.75327360152116,77.72090899254155,59.30232621913331,100,61.750809802685296,31.94005773431401,110.1736453831072,0.93,11.0,17.0,5.930232621913332,71.79067637062822,83.65114161445489,0.0185622508920743,0.0018562250892074,0.0255147016443461,0.8625032899347026,0.965681175635936,mean-disjoint-FGLS,disjoint,mean,FGLS,universal_moving_maxima_q99_xi10.00_theta0.10,,,,,,
universal,moving_maxima_q99,10.0,0.1,0.3486887337134534,disjoint_mean_ols,365.0,100,0,0.9331026730896252,0.1749897750875582,-9.066897326910375,9.066897326910375,0.9066897326910376,0.0174989775087558,0.9031554963509536,0.8997171197267728,0.9051483605044336,0.2358838264419551,0.1448824603403866,0.0800252373556731,0.1818749602399659,358.19410037401786,4.657705343700483,100,359.09743453906765,356.6252338252831,359.70154998693744,0.0,11.0,17.0,0.4657705343700483,357.7283298396478,358.6598709083879,0.0174989775087558,0.0017498977508755,0.0,0.0,0.0369948074760019,mean-disjoint-OLS,disjoint,mean,OLS,universal_moving_maxima_q99_xi10.00_theta0.10,,,,,,
universal,moving_maxima_q99,10.0,0.1,0.3486887337134534,sliding_mode_fgls,365.0,100,80,7.241305166128744,6.3661958302559825,-2.758694833871255,5.944814080956664,0.5944814080956663,0.3538068237541397,0.5530960088718557,0.2563140858725375,0.997828117608907,22.715289939444812,18.536954894522314,12.746951601249892,29.939110596928337,38.87533058181081,40.376152576141465,100,25.97639644725179,15.595512442048744,45.09804817730357,0.8,10.0,16.0,4.037615257614147,34.83771532419666,42.91294583942496,0.6366195830255983,0.0353806823754139,0.04,0.7111690380734977,0.8666340774409013,mode-sliding-FGLS,sliding,mode,FGLS,universal_moving_maxima_q99_xi10.00_theta0.10,,,,,,
universal,moving_maxima_q99,10.0,0.1,0.3486887337134534,sliding_mode_ols,365.0,100,7,7.191300462587741,6.324485775822365,-2.8086995374122585,5.909874384621008,0.5909874384621009,0.356204840834425,0.5811109065688329,0.2511614169332347,0.996412783576312,1.3677424911247476,1.2527301524682812,0.0591751131237957,1.8932787674289129,212.20570089693683,154.28457222552694,100,182.9484292048262,67.58790918492892,397.3927478560878,0.07,10.0,16.0,15.428457222552694,196.77724367438412,227.6341581194895,0.6324485775822365,0.0356204840834425,0.0255147016443461,0.034318824364064,0.1374967100652975,mode-sliding-OLS,sliding,mode,OLS,universal_moving_maxima_q99_xi10.00_theta0.10,,,,,,
universal,moving_maxima_q99,10.0,0.1,0.3486887337134534,disjoint_mode_fgls,365.0,100,87,4.914950513635356,6.165441099900219,-5.085049486364644,6.33819020072815,0.633819020072815,0.4853157940444074,0.6223141431513539,0.2815787374741489,0.9446450253986995,25.727907642528443,21.157954470574875,15.613795283564512,34.09661547111149,43.5337869153113,78.20023645887939,100,24.596998284617765,18.053466401140177,41.906500278243,0.87,11.0,17.0,7.820023645887939,35.71376326942337,51.35381056119924,0.616544109990022,0.0485315794044407,0.0336303434416004,0.7901947810519012,0.9224290614158576,mode-disjoint-FGLS,disjoint,mode,FGLS,universal_moving_maxima_q99_xi10.00_theta0.10,,,,,,
universal,moving_maxima_q99,10.0,0.1,0.3486887337134534,disjoint_mode_ols,365.0,100,35,4.671561247990769,5.353648429810872,-5.328438752009231,6.242367553854962,0.6242367553854963,0.4240264291768763,0.6298942878556171,0.2757826562516143,0.923619713035814,7.16474312550327,4.720518254880348,2.7558049709456895,9.567867828635848,170.73615458464388,180.83420541312572,100,110.40613516157435,16.007448636444877,300.70894811332954,0.35,11.0,17.0,18.08342054131257,152.65273404333132,188.81957512595645,0.5353648429810872,0.0424026429176876,0.0476969600708472,0.2636410465347802,0.4474573957080203,mode-disjoint-OLS,disjoint,mode,OLS,universal_moving_maxima_q99_xi10.00_theta0.10,,,,,,
universal,moving_maxima_q99,0.01,0.5,0.993092495437036,sliding_median_fgls,365.0,100,97,0.0061802209858466,0.0032083539973331,-0.0038197790141533,0.0043358970911551,0.4335897091155122,0.2457992148971269,0.4391679083070801,0.2868873760523629,0.6381689177853053,0.0287282466142087,0.0267426594824388,0.0170379963397355,0.0347355171378946,0.0292470474650036,0.0148865282562626,100,0.0272257452788268,0.0178212016388792,0.0347355171378946,0.97,9.0,16.0,0.0014886528256262,0.0277583946393773,0.0307357002906299,0.0003208353997333,0.0245799214897126,0.0170587221092319,0.915479219195973,0.9897456617765852,median-sliding-FGLS,sliding,median,FGLS,universal_moving_maxima_q99_xi0.01_theta0.50,,,,,,
universal,moving_maxima_q99,0.01,0.5,0.993092495437036,sliding_median_ols,365.0,100,19,0.00612255020642,0.0032193661624387,-0.0038774497935799,0.0044004204600554,0.4400420460055445,0.2447755512696256,0.4465764084603645,0.2535543764024899,0.6530179705930577,0.0026626902295989,0.0021636485236297,0.0014996749576864,0.0032352434961538,0.1348437650489316,0.1027255891019129,100,0.1167388613290254,0.0484582291547656,0.2149007881414179,0.19,9.0,16.0,0.0102725589101912,0.1245712061387403,0.1451163239591229,0.0003219366162438,0.0244775551269625,0.039230090491866,0.1251465399270426,0.2777902407080785,median-sliding-OLS,sliding,median,OLS,universal_moving_maxima_q99_xi0.01_theta0.50,,,,,,
universal,moving_maxima_q99,0.01,0.5,0.993092495437036,disjoint_median_fgls,365.0,100,95,0.0072530402005372,0.0047251246320554,-0.0027469597994627,0.0044509571794775,0.4450957179477549,0.3152408584836608,0.4012765341630855,0.2026561019270114,0.6239432992470146,0.0320579298080617,0.0293960314174344,0.0199042904657007,0.0411812450001109,0.0338872590410888,0.0177949703913778,100,0.0303064119153459,0.0207746315990191,0.0422616592854494,0.95,9.0,16.0,0.0017794970391377,0.032107762001951,0.0356667560802266,0.0004725124632055,0.031524085848366,0.0217944947177033,0.8882480347279118,0.9784566385436864,median-disjoint-FGLS,disjoint,median,FGLS,universal_moving_maxima_q99_xi0.01_theta0.50,,,,,,
universal,moving_maxima_q99,0.01,0.5,0.993092495437036,disjoint_median_ols,365.0,100,35,0.0074032433108026,0.0047791185368612,-0.0025967566891973,0.0043424039420369,0.434240394203692,0.3256422954894246,0.3955117960334035,0.181140052688203,0.5954724104710666,0.0049297178788645,0.0042741290684366,0.0023685466207708,0.0064708585012896,0.1079864253275714,0.122188025666296,100,0.0721224148587765,0.0093114984007105,0.1572172346694631,0.35,9.0,16.0,0.0122188025666296,0.0957676227609418,0.120205227894201,0.0004779118536861,0.0325642295489424,0.0476969600708472,0.2636410465347802,0.4474573957080203,median-disjoint-OLS,disjoint,median,OLS,universal_moving_maxima_q99_xi0.01_theta0.50,,,,,,
universal,moving_maxima_q99,0.01,0.5,0.993092495437036,sliding_mean_fgls,365.0,100,99,0.009193591807387,0.0013796237470587,-0.0008064081926129,0.0013097061830069,0.1309706183006925,0.0909707442105936,0.1125307489718943,0.0597415899439073,0.1890785127020454,0.0196722716405814,0.0180835428446122,0.0108963294656487,0.0250401281531022,0.0205419606541115,0.0131274890871051,100,0.0183722855669386,0.0112595364724919,0.0253997269468015,0.99,9.0,17.0,0.0013127489087105,0.019229211745401,0.021854709562822,0.0001379623747058,0.0090970744210593,0.0099498743710662,0.9455124752390652,0.9982326134344526,mean-sliding-FGLS,sliding,mean,FGLS,universal_moving_maxima_q99_xi0.01_theta0.50,,,,,,
universal,moving_maxima_q99,0.01,0.5,0.993092495437036,sliding_mean_ols,365.0,100,2,0.0092042719227475,0.0013873792881572,-0.0007957280772524,0.0013092758142962,0.1309275814296214,0.0912623641183521,0.1108619164997943,0.0603032206243715,0.1903595040496851,0.0001942330160502,0.0001461666564561,8.007825931258868e-05,0.000242285003126,0.048756755927548,0.036890187587282,100,0.0413537236136856,0.0205367690231895,0.0729993680325325,0.02,9.0,17.0,0.0036890187587282,0.0450677371688198,0.0524457746862762,0.0001387379288157,0.0091262364118352,0.014,0.0055018522349681,0.0700131629419936,mean-sliding-OLS,sliding,mean,OLS,universal_moving_maxima_q99_xi0.01_theta0.50,,,,,,
universal,moving_maxima_q99,0.01,0.5,0.993092495437036,disjoint_mean_fgls,365.0,100,99,0.0088928519638695,0.0026892621840267,-0.0011071480361304,0.0021449914266456,0.2144991426645619,0.1955205002818542,0.1580069310681211,0.0572977842406332,0.3336261608772604,0.0249958530388404,0.0243349843558674,0.0162975055659319,0.0316901616845534,0.0251510180871149,0.0113622414170802,100,0.0245335262159564,0.0169132823983117,0.0316901616845534,0.99,10.0,16.0,0.001136224141708,0.0240147939454069,0.0262872422288229,0.0002689262184026,0.0195520500281854,0.0099498743710662,0.9455124752390652,0.9982326134344526,mean-disjoint-FGLS,disjoint,mean,FGLS,universal_moving_maxima_q99_xi0.01_theta0.50,,,,,,
universal,moving_maxima_q99,0.01,0.5,0.993092495437036,disjoint_mean_ols,365.0,100,57,0.0089525677430878,0.0026401471923479,-0.0010474322569121,0.0020981822084484,0.2098182208448487,0.1905711558368062,0.150693981280159,0.0691773891205179,0.3115760952997798,0.0042485148846568,0.0035255241895896,0.0021285633483783,0.0053876822062055,0.0383986175262189,0.057897868360973,100,0.0076460578293817,0.0039641549249165,0.0592461026054222,0.57,10.0,16.0,0.0057897868360973,0.0326088306901216,0.0441884043623162,0.0002640147192347,0.0190571155836806,0.0495075751779462,0.4721521169586435,0.6626686099947162,mean-disjoint-OLS,disjoint,mean,OLS,universal_moving_maxima_q99_xi0.01_theta0.50,,,,,,
universal,moving_maxima_q99,0.01,0.5,0.993092495437036,sliding_mode_fgls,365.0,100,96,0.0036521102498035,0.002580840016997,-0.0063478897501964,0.0064920308076401,0.6492030807640101,0.2188899477806243,0.690889875464539,0.5346673574351304,0.7993535092954631,0.056951134119389,0.0476729628275555,0.0319016394447683,0.0756809877802862,0.0607936904126547,0.0371512719720876,100,0.0503540690585966,0.0332403586438587,0.0793705660155698,0.96,10.5,17.0,0.0037151271972087,0.0570785632154459,0.0645088176098634,0.0002580840016997,0.0218889947780624,0.0195959179422654,0.9016278276739262,0.984336949448152,mode-sliding-FGLS,sliding,mode,FGLS,universal_moving_maxima_q99_xi0.01_theta0.50,,,,,,
universal,moving_maxima_q99,0.01,0.5,0.993092495437036,sliding_mode_ols,365.0,100,3,0.0036509458948887,0.0025901237910519,-0.0063490541051112,0.0064933993325939,0.6493399332593998,0.2199152035281785,0.6943882321813413,0.5311823430392677,0.7941771987672237,0.0008025573704949,0.0006351091184575,0.0003222643671823,0.0010695211328911,0.2446809105080368,0.0908304869496147,100,0.2663801009140937,0.1978620438748422,0.3061019364401466,0.03,10.5,17.0,0.0090830486949614,0.2355978618130754,0.2537639592029983,0.0002590123791051,0.0219915203528178,0.0170587221092319,0.0102543382234148,0.0845207808040269,mode-sliding-OLS,sliding,mode,OLS,universal_moving_maxima_q99_xi0.01_theta0.50,,,,,,
universal,moving_maxima_q99,0.01,0.5,0.993092495437036,disjoint_mode_fgls,365.0,100,95,0.0086209911949186,0.0066228526073245,-0.0013790088050813,0.0051969810862931,0.5196981086293199,0.4301351416126716,0.408179680004638,0.1875840158496127,0.6942080249746245,0.0386591901349108,0.0339870822752857,0.0229585768897492,0.0517721555357876,0.0435353083222432,0.0261617093639405,100,0.0371486798211761,0.0249228522401588,0.0588423175856279,0.95,9.0,16.0,0.002616170936394,0.0409191373858492,0.0461514792586373,0.0006622852607324,0.0430135141612671,0.0217944947177033,0.8882480347279118,0.9784566385436864,mode-disjoint-FGLS,disjoint,mode,FGLS,universal_moving_maxima_q99_xi0.01_theta0.50,,,,,,
universal,moving_maxima_q99,0.01,0.5,0.993092495437036,disjoint_mode_ols,365.0,100,40,0.0090129830803313,0.0064811070573874,-0.0009870169196686,0.0050527071836988,0.5052707183698841,0.4147416588859881,0.3926648118157311,0.2049067625484723,0.6908849347152615,0.0079128884987855,0.0058631703944002,0.0035685573612611,0.0096627718149845,0.0899578930223638,0.1032960754879324,100,0.04063470265269,0.0094095493428804,0.140061775154603,0.4,9.0,16.0,0.0103296075487932,0.0796282854735706,0.1002875005711571,0.0006481107057387,0.0414741658885988,0.0489897948556635,0.3093997461136028,0.4979992153815976,mode-disjoint-OLS,disjoint,mode,OLS,universal_moving_maxima_q99_xi0.01_theta0.50,,,,,,
universal,moving_maxima_q99,0.03,0.5,0.9794202975869268,sliding_median_fgls,365.0,100,97,0.0194457335234139,0.0117222711690241,-0.010554266476586,0.0134712729457497,0.4490424315249919,0.2720724614364537,0.4649603476821594,0.2411755788617992,0.651758512696816,0.0815649436776582,0.074510518865071,0.0575275056014301,0.1035047399729715,0.0844155128396956,0.0346890271313813,100,0.0753610221340968,0.0590452001803368,0.1068319036757161,0.97,10.0,16.0,0.0034689027131381,0.0809466101265574,0.0878844155528337,0.0011722271169024,0.0272072461436453,0.0170587221092319,0.915479219195973,0.9897456617765852,median-sliding-FGLS,sliding,median,FGLS,universal_moving_maxima_q99_xi0.03_theta0.50,,,,,,
universal,moving_maxima_q99,0.03,0.5,0.9794202975869268,sliding_median_ols,365.0,100,21,0.019572126254793,0.0118543660617534,-0.0104278737452069,0.0134023515930402,0.4467450531013426,0.2767420233289579,0.4631742953349196,0.2335401636315508,0.6279424838136559,0.0080612240069357,0.0071144150171894,0.0045723543445461,0.0104371076380867,0.4113876748787893,0.3318116934458929,100,0.3849508776304316,0.0912866446408894,0.6587224109208231,0.21,10.0,16.0,0.0331811693445892,0.3782065055342,0.4445688442233786,0.0011854366061753,0.0276742023328957,0.0407308237088326,0.1416554953164578,0.2998014930196232,median-sliding-OLS,sliding,median,OLS,universal_moving_maxima_q99_xi0.03_theta0.50,,,,,,
universal,moving_maxima_q99,0.03,0.5,0.9794202975869268,disjoint_median_fgls,365.0,100,92,0.0240602387962405,0.0158416214824576,-0.0059397612037594,0.0129180540677509,0.4306018022583661,0.3621423406710525,0.3582680695117422,0.1762742876494171,0.6347647902647257,0.0892463824402025,0.0814139891064077,0.0539563912424569,0.114135834281411,0.1024418227236943,0.0665363979349492,100,0.084649394324881,0.0673618022691454,0.1170968432201021,0.92,9.0,16.0,0.0066536397934949,0.0957881829301994,0.1090954625171892,0.0015841621482457,0.0362142340671052,0.027129319932501,0.8500173312059693,0.9589070305141892,median-disjoint-FGLS,disjoint,median,FGLS,universal_moving_maxima_q99_xi0.03_theta0.50,,,,,,
universal,moving_maxima_q99,0.03,0.5,0.9794202975869268,disjoint_median_ols,365.0,100,39,0.0244302752490246,0.0159517002535488,-0.0055697247509753,0.0129969002750444,0.4332300091681489,0.3577184695987808,0.350679762647467,0.1789602185065905,0.6128681232868649,0.0167744860137184,0.0128688322781576,0.0084702649490061,0.0198307782528775,0.312141294158733,0.3822178673654965,100,0.1447826620463043,0.0218084766372327,0.4859197543040371,0.39,9.0,16.0,0.0382217867365496,0.2739195074221834,0.3503630808952827,0.0015951700253548,0.035771846959878,0.0487749935930287,0.300167219319702,0.4879716383250184,median-disjoint-OLS,disjoint,median,OLS,universal_moving_maxima_q99_xi0.03_theta0.50,,,,,,
universal,moving_maxima_q99,0.03,0.5,0.9794202975869268,sliding_mean_fgls,365.0,100,99,0.0279551632235725,0.0046590830261348,-0.0020448367764274,0.0041444713701012,0.1381490456700413,0.0976416557224797,0.1187534099162279,0.0638362970175267,0.1869663007870642,0.0652541427637804,0.0573721949344029,0.0350096785673136,0.0869758627483877,0.0666027429502147,0.0374555939302048,100,0.0597916676342693,0.0354622147229695,0.0881198042687331,0.99,9.0,17.5,0.0037455593930204,0.0628571835571942,0.0703483023432352,0.0004659083026134,0.0097641655722479,0.0099498743710662,0.9455124752390652,0.9982326134344526,mean-sliding-FGLS,sliding,mean,FGLS,universal_moving_maxima_q99_xi0.03_theta0.50,,,,,,
universal,moving_maxima_q99,0.03,0.5,0.9794202975869268,sliding_mean_ols,365.0,100,3,0.0279922536680648,0.0046825175768429,-0.0020077463319351,0.0041498405515453,0.1383280183848448,0.0977673311626587,0.1198406041400416,0.0630843963050372,0.1868640529335356,0.0006059560598453,0.0004389969948246,0.0002373169357631,0.0007115774412099,0.1551659344817392,0.1181191290332375,100,0.1319710280868245,0.0640726891667104,0.2134779801984669,0.03,9.0,17.5,0.0118119129033237,0.1433540215784155,0.166977847385063,0.0004682517576842,0.0097767331162658,0.0170587221092319,0.0102543382234148,0.0845207808040269,mean-sliding-OLS,sliding,mean,OLS,universal_moving_maxima_q99_xi0.03_theta0.50,,,,,,
universal,moving_maxima_q99,0.03,0.5,0.9794202975869268,disjoint_mean_fgls,365.0,100,97,0.0272855378892338,0.0087818795259949,-0.0027144621107661,0.0070346760434667,0.2344892014488919,0.1960090913947116,0.1992355122116855,0.0691309256248523,0.3444619488979515,0.0654699675000656,0.0594325751302209,0.0407026048439908,0.0815198966942395,0.0682975092354233,0.0350848677658783,100,0.0629431992930479,0.0427421214963873,0.0821911003840909,0.97,8.0,16.0,0.0035084867765878,0.0647890224588355,0.0718059960120112,0.0008781879525994,0.0196009091394711,0.0170587221092319,0.915479219195973,0.9897456617765852,mean-disjoint-FGLS,disjoint,mean,FGLS,universal_moving_maxima_q99_xi0.03_theta0.50,,,,,,
universal,moving_maxima_q99,0.03,0.5,0.9794202975869268,disjoint_mean_ols,365.0,100,45,0.0274751643408894,0.0087242252653632,-0.0025248356591105,0.0069383013208346,0.2312767106944899,0.194150586906078,0.1914149118596758,0.0778308099102056,0.3349683940861139,0.0120521664840767,0.0105029831197855,0.0066993373435296,0.0151841343119941,0.1370451676938319,0.1981545111134204,100,0.0311874669736637,0.0135747880658322,0.1739287191652339,0.45,8.0,16.0,0.019815451111342,0.1172297165824899,0.156860618805174,0.0008724225265363,0.0194150586906078,0.049749371855331,0.3561437510640346,0.5475557296835656,mean-disjoint-OLS,disjoint,mean,OLS,universal_moving_maxima_q99_xi0.03_theta0.50,,,,,,
universal,moving_maxima_q99,0.03,0.5,0.9794202975869268,sliding_mode_fgls,365.0,100,95,0.0107512846916848,0.0066989318020429,-0.0192487153083151,0.0194431838965478,0.6481061298849289,0.2035117377111799,0.6547658868872865,0.5011219593402293,0.8139908647673287,0.1691178691398051,0.1492411690386087,0.104197056916882,0.2155870535880973,0.1786736865029823,0.090111535206141,100,0.1620821449869246,0.1208324270797135,0.2320516956210451,0.95,11.0,17.0,0.0090111535206141,0.1696625329823682,0.1876848400235964,0.0006698931802042,0.0203511737711179,0.0217944947177033,0.8882480347279118,0.9784566385436864,mode-sliding-FGLS,sliding,mode,FGLS,universal_moving_maxima_q99_xi0.03_theta0.50,,,,,,
universal,moving_maxima_q99,0.03,0.5,0.9794202975869268,sliding_mode_ols,365.0,100,0,0.0108775916997931,0.0066983719426484,-0.0191224083002068,0.0193176208343646,0.6439206944788232,0.2035474649785372,0.6569769962227225,0.5022818300411507,0.8140222754007781,0.0026057806255833,0.0018765059439442,0.0013569965609841,0.0035534941341134,0.7231950014885048,0.257920443405822,100,0.7499448810816134,0.556561106352482,0.9365865927200476,0.0,11.0,17.0,0.0257920443405822,0.6974029571479226,0.748987045829087,0.0006698371942648,0.0203547464978537,0.0,0.0,0.0369948074760019,mode-sliding-OLS,sliding,mode,OLS,universal_moving_maxima_q99_xi0.03_theta0.50,,,,,,
universal,moving_maxima_q99,0.03,0.5,0.9794202975869268,disjoint_mode_fgls,365.0,100,98,0.0226216962968339,0.018839446318989,-0.007378303703166,0.015829180695086,0.5276393565028679,0.4174261015648822,0.445133483678901,0.2449490893443808,0.6839672949247321,0.1224548107537343,0.1100055920100822,0.0841384234673129,0.1529971879601184,0.1278716222117197,0.0638165037730936,100,0.1131587947668741,0.0893279541334038,0.1635446014915282,0.98,10.0,16.0,0.0063816503773093,0.1214899718344104,0.1342532725890291,0.0018839446318989,0.0417426101564882,0.014,0.9299868370580064,0.9944981477650318,mode-disjoint-FGLS,disjoint,mode,FGLS,universal_moving_maxima_q99_xi0.03_theta0.50,,,,,,
universal,moving_maxima_q99,0.03,0.5,0.9794202975869268,disjoint_mode_ols,365.0,100,40,0.0233070450176639,0.0186796628294633,-0.006692954982336,0.0152744663567118,0.509148878557063,0.4196717616706327,0.4168269344375055,0.2084886757683736,0.6725921242389137,0.0241347233999836,0.0186465337355165,0.0121736761410264,0.0301030534396617,0.2992911135433977,0.3869180363750482,100,0.1361238350188146,0.032782913944979,0.4148257537428162,0.4,10.0,16.0,0.0386918036375048,0.2605993099058928,0.3379829171809025,0.0018679662829463,0.0419671761670632,0.0489897948556635,0.3093997461136028,0.4979992153815976,mode-disjoint-OLS,disjoint,mode,OLS,universal_moving_maxima_q99_xi0.03_theta0.50,,,,,,
universal,moving_maxima_q99,0.1,0.5,0.9330329915368074,sliding_median_fgls,365.0,100,97,0.0634089667268964,0.0375379064259456,-0.0365910332731035,0.044143720997909,0.4414372099790904,0.2816328807254811,0.435250137049982,0.2106052094916047,0.6410217480547189,0.2794832275024369,0.2589215856193844,0.19898231091199,0.3456374688267789,0.2903746059835674,0.1331636911219737,100,0.2598121173154726,0.200385504821194,0.3556606481649532,0.97,9.0,16.0,0.0133163691121973,0.2770582368713701,0.3036909750957648,0.0037537906425945,0.0281632880725481,0.0170587221092319,0.915479219195973,0.9897456617765852,median-sliding-FGLS,sliding,median,FGLS,universal_moving_maxima_q99_xi0.10_theta0.50,,,,,,
universal,moving_maxima_q99,0.1,0.5,0.9330329915368074,sliding_median_ols,365.0,100,18,0.0634910072834678,0.0373788181596175,-0.0365089927165322,0.0437685231582097,0.4376852315820971,0.2843435140215669,0.4149909482341969,0.2001769368444384,0.6435337738184673,0.0231531728405106,0.0183851853340941,0.010525900911962,0.0330752370955395,1.391907750727293,1.166102040349149,100,1.2131531222293046,0.2383895411735297,2.2791415848994485,0.18,9.0,16.0,0.1166102040349149,1.2752975466923782,1.5085179547622078,0.0037378818159617,0.0284343514021566,0.038418745424597,0.1170013165425103,0.2666753602421308,median-sliding-OLS,sliding,median,OLS,universal_moving_maxima_q99_xi0.10_theta0.50,,,,,,
universal,moving_maxima_q99,0.1,0.5,0.9330329915368074,disjoint_median_fgls,365.0,100,97,0.0673934133989124,0.0498003074433414,-0.0326065866010875,0.0497413041965181,0.497413041965181,0.3247784111475448,0.4798147694285362,0.19932254582202,0.7620345715423706,0.3059816946137905,0.2786752195519058,0.2177413238169631,0.3981934254832245,0.3362001227377739,0.2178033769702612,100,0.284034074991033,0.2299398774898464,0.4035062486011664,0.97,10.0,17.0,0.0217803376970261,0.3144197850407477,0.3579804604348,0.0049800307443341,0.0324778411147544,0.0170587221092319,0.915479219195973,0.9897456617765852,median-disjoint-FGLS,disjoint,median,FGLS,universal_moving_maxima_q99_xi0.10_theta0.50,,,,,,
universal,moving_maxima_q99,0.1,0.5,0.9330329915368074,disjoint_median_ols,365.0,100,30,0.0694480146106081,0.050976503555374,-0.0305519853893918,0.0498771023534012,0.4987710235340127,0.3207183143132441,0.4613172197426847,0.2145735328191366,0.7728251644986478,0.0483872885723572,0.0392099605100621,0.0261190132473527,0.0604863534478858,1.2646613163932423,1.2734194851222669,100,0.7990698534247209,0.0874608045913831,2.3306471836528035,0.3,10.0,17.0,0.1273419485122266,1.1373193678810158,1.3920032649054692,0.0050976503555374,0.0320718314313244,0.0458257569495584,0.2189475386622811,0.3958503843281195,median-disjoint-OLS,disjoint,median,OLS,universal_moving_maxima_q99_xi0.10_theta0.50,,,,,,
universal,moving_maxima_q99,0.1,0.5,0.9330329915368074,sliding_mean_fgls,365.0,100,99,0.0944311359101839,0.0180427921363243,-0.005568864089816,0.0156958248244948,0.1569582482449487,0.1039328915784896,0.1459824950644514,0.0759630806098091,0.2117286481088756,0.2738075568564093,0.2729817457037954,0.1665371816699366,0.3622778362634297,0.2783669189297224,0.152113184193697,100,0.2777782178512445,0.1680618635143478,0.3655819200135575,0.99,10.0,18.0,0.0152113184193696,0.2631556005103527,0.2935782373490921,0.0018042792136324,0.0103932891578489,0.0099498743710662,0.9455124752390652,0.9982326134344526,mean-sliding-FGLS,sliding,mean,FGLS,universal_moving_maxima_q99_xi0.10_theta0.50,,,,,,
universal,moving_maxima_q99,0.1,0.5,0.9330329915368074,sliding_mean_ols,365.0,100,2,0.0945116274992952,0.0181276082192687,-0.0054883725007047,0.0157264754353825,0.1572647543538253,0.1045066722728948,0.1553539640489046,0.0738113576568838,0.207917327678074,0.0015473393591512,0.0010589157339916,0.000632994879486,0.0018920396836988,0.600733187054892,0.4156516135463075,100,0.5586875047748534,0.272365477716273,0.8230418028547236,0.02,10.0,18.0,0.0415651613546307,0.5591680257002613,0.6422983484095227,0.0018127608219268,0.0104506672272894,0.014,0.0055018522349681,0.0700131629419936,mean-sliding-OLS,sliding,mean,OLS,universal_moving_maxima_q99_xi0.10_theta0.50,,,,,,
universal,moving_maxima_q99,0.1,0.5,0.9330329915368074,disjoint_mean_fgls,365.0,100,98,0.0949610522857445,0.0346950504578912,-0.0050389477142554,0.0257769040608554,0.2577690406085546,0.2362696781644457,0.2104751384414172,0.1007904094652574,0.3138428322354776,0.2641857332608429,0.2256815335031989,0.1606655137353882,0.3492874396595494,0.2688405013781962,0.1481454385243084,100,0.2296086865685146,0.1705754107261746,0.3520336919020033,0.98,8.0,16.0,0.0148145438524308,0.2540259575257654,0.2836550452306271,0.0034695050457891,0.0236269678164445,0.014,0.9299868370580064,0.9944981477650318,mean-disjoint-FGLS,disjoint,mean,FGLS,universal_moving_maxima_q99_xi0.10_theta0.50,,,,,,
universal,moving_maxima_q99,0.1,0.5,0.9330329915368074,disjoint_mean_ols,365.0,100,45,0.0960494152915416,0.0351452477828237,-0.0039505847084584,0.0257711172702381,0.257711172702382,0.2408514340437582,0.2094880965648673,0.0910672453321725,0.3142962730614549,0.0393460894736081,0.0320176647553222,0.017850970249112,0.0466334332954235,0.5539584300531031,0.7415714468825502,100,0.236852413658524,0.0449484448114609,0.7328345680954246,0.45,8.0,16.0,0.074157144688255,0.479801285364848,0.628115574741358,0.0035145247782823,0.0240851434043758,0.049749371855331,0.3561437510640346,0.5475557296835656,mean-disjoint-OLS,disjoint,mean,OLS,universal_moving_maxima_q99_xi0.10_theta0.50,,,,,,
universal,moving_maxima_q99,0.1,0.5,0.9330329915368074,sliding_mode_fgls,365.0,100,94,0.0422801867580737,0.0271768575215182,-0.0577198132419262,0.0594255103564572,0.5942551035645722,0.2316784013716216,0.6180037365063775,0.4579273286255372,0.7574039729565243,0.5074938381148194,0.4687260372392364,0.3523761639353441,0.616876898506606,0.554935760574118,0.332194401822721,100,0.4813301016558346,0.3610606837784041,0.6400723756907243,0.94,11.0,17.0,0.0332194401822721,0.5217163203918459,0.58815520075639,0.0027176857521518,0.0231678401371621,0.0237486841740758,0.8752303146877748,0.9722142547333432,mode-sliding-FGLS,sliding,mode,FGLS,universal_moving_maxima_q99_xi0.10_theta0.50,,,,,,
universal,moving_maxima_q99,0.1,0.5,0.9330329915368074,sliding_mode_ols,365.0,100,3,0.0425889418224408,0.027232687979285,-0.0574110581775591,0.0591895862258935,0.5918958622589351,0.2306831280485315,0.6097715291676916,0.4506510516341926,0.7629576158699864,0.0098802225556689,0.0082661088488322,0.0050495083544458,0.0128483257242052,2.183205340478489,0.9742017048644572,100,2.2908487047780755,1.6139624230358762,2.8644690474347025,0.03,11.0,17.0,0.0974201704864457,2.0857851699920427,2.2806255109649345,0.0027232687979285,0.0230683128048531,0.0170587221092319,0.0102543382234148,0.0845207808040269,mode-sliding-OLS,sliding,mode,OLS,universal_moving_maxima_q99_xi0.10_theta0.50,,,,,,
universal,moving_maxima_q99,0.1,0.5,0.9330329915368074,disjoint_mode_fgls,365.0,100,95,0.0783909549840686,0.0600612432608911,-0.0216090450159313,0.0494034526808521,0.4940345268085211,0.4017045879666042,0.3974953485828561,0.2064865049700844,0.6538638606769878,0.3397850973184264,0.3009568104202528,0.2002706497078831,0.3992433356994289,0.3931070700410277,0.2828568940850133,100,0.3307039100532249,0.2296778840031419,0.4803187370342437,0.95,8.0,16.0,0.0282856894085013,0.3648213806325264,0.4213927594495291,0.0060061243260891,0.0401704587966604,0.0217944947177033,0.8882480347279118,0.9784566385436864,mode-disjoint-FGLS,disjoint,mode,FGLS,universal_moving_maxima_q99_xi0.10_theta0.50,,,,,,
universal,moving_maxima_q99,0.1,0.5,0.9330329915368074,disjoint_mode_ols,365.0,100,40,0.081356214836547,0.0588130276005934,-0.0186437851634529,0.0475990182969726,0.4759901829697267,0.3900669038415575,0.3990473609866453,0.219469928591834,0.6043407689360444,0.0836846131466786,0.0655908332778194,0.0395827269468615,0.1025271696207469,0.9127974558397188,1.2645620699217626,100,0.3724756091186287,0.1109547452357891,1.25135992887726,0.4,8.0,16.0,0.1264562069921762,0.7863412488475425,1.0392536628318951,0.0058813027600593,0.0390066903841557,0.0489897948556635,0.3093997461136028,0.4979992153815976,mode-disjoint-OLS,disjoint,mode,OLS,universal_moving_maxima_q99_xi0.10_theta0.50,,,,,,
universal,moving_maxima_q99,0.3,0.5,0.8122523963562355,sliding_median_fgls,365.0,100,95,0.192152584133969,0.1098633440180399,-0.1078474158660309,0.1266941239318008,0.4223137464393363,0.2906882364145638,0.3935194480907095,0.1645499057411354,0.6959847565986715,0.808999261331705,0.7691502390703486,0.521930103796531,1.0313949492874177,0.925990194043742,0.6212134974709858,100,0.7953920520688262,0.5607556615672313,1.0633274080784527,0.95,9.0,16.5,0.0621213497470985,0.8638688442966433,0.9881115437908404,0.0109863344018039,0.0290688236414563,0.0217944947177033,0.8882480347279118,0.9784566385436864,median-sliding-FGLS,sliding,median,FGLS,universal_moving_maxima_q99_xi0.30_theta0.50,,,,,,
universal,moving_maxima_q99,0.3,0.5,0.8122523963562355,sliding_median_ols,365.0,100,25,0.1918506113989847,0.1106117036889832,-0.1081493886010152,0.127842082098385,0.4261402736612834,0.2894573234803669,0.3881220970400981,0.1752885537167436,0.7100909726129639,0.0772867955029653,0.054235064770371,0.036011132775159,0.1043101368013251,4.004844703887742,3.612129082498885,100,3.5154929196535427,0.3153449179824106,7.5337094912196605,0.25,9.0,16.5,0.3612129082498884,3.643631795637854,4.366057612137631,0.0110611703688983,0.0289457323480366,0.0433012701892219,0.1754509400372426,0.3430464637007583,median-sliding-OLS,sliding,median,OLS,universal_moving_maxima_q99_xi0.30_theta0.50,,,,,,
universal,moving_maxima_q99,0.3,0.5,0.8122523963562355,disjoint_median_fgls,365.0,100,97,0.2112174883237512,0.1521991976471262,-0.0887825116762487,0.1365871854433175,0.4552906181443918,0.3694146332470099,0.3787673947734143,0.1792234944955607,0.6228910925114608,0.8967205693711507,0.8402310918198422,0.52547789044855,1.1371388577625858,0.9883078467950612,0.7836205624411806,100,0.8472754634344208,0.5615844845128625,1.162225941206561,0.97,9.0,16.0,0.078362056244118,0.909945790550943,1.066669903039179,0.0152199197647126,0.0369414633247009,0.0170587221092319,0.915479219195973,0.9897456617765852,median-disjoint-FGLS,disjoint,median,FGLS,universal_moving_maxima_q99_xi0.30_theta0.50,,,,,,
universal,moving_maxima_q99,0.3,0.5,0.8122523963562355,disjoint_median_ols,365.0,100,40,0.2153559780309328,0.1552938550710915,-0.0846440219690671,0.137756262788599,0.4591875426286634,0.3679475961539916,0.3981581221869,0.1650123522643667,0.6819107658986377,0.1844149401677292,0.1499191989976985,0.0822830795275606,0.2334531693396876,3.213961317678641,3.404520100572472,100,2.440816061370771,0.2847594559385494,5.779511148974941,0.4,9.0,16.0,0.3404520100572472,2.8735093076213936,3.5544133277358876,0.0155293855071091,0.0367947596153991,0.0489897948556635,0.3093997461136028,0.4979992153815976,median-disjoint-OLS,disjoint,median,OLS,universal_moving_maxima_q99_xi0.30_theta0.50,,,,,,
universal,moving_maxima_q99,0.3,0.5,0.8122523963562355,sliding_mean_fgls,365.0,100,97,0.2649629280974627,0.0530554994523713,-0.0350370719025372,0.050427711726227,0.1680923724207568,0.1285060257239107,0.1425046444712284,0.0680100789145727,0.2438419584796408,0.785100009545237,0.7636410504070826,0.5287433711716949,0.9819634869268652,0.8163469788238025,0.4022695369923842,100,0.7779559938465397,0.5635446908456686,0.994363945698163,0.97,10.0,17.0,0.0402269536992384,0.776120025124564,0.8565739325230409,0.0053055499452371,0.012850602572391,0.0170587221092319,0.915479219195973,0.9897456617765852,mean-sliding-FGLS,sliding,mean,FGLS,universal_moving_maxima_q99_xi0.30_theta0.50,,,,,,
universal,moving_maxima_q99,0.3,0.5,0.8122523963562355,sliding_mean_ols,365.0,100,3,0.2650993771856501,0.0532384575556521,-0.0349006228143499,0.0504922665180711,0.1683075550602371,0.1286454739081562,0.1429367538335877,0.067658137301838,0.2437408492474968,0.0043147567537645,0.0031205712818494,0.0015697206493232,0.0052906941743536,1.9406343953153489,1.537988152058662,100,1.6400023410050035,0.6978747182572789,2.8623339449088965,0.03,10.0,17.0,0.1537988152058662,1.7868355801094824,2.0944332105212147,0.0053238457555652,0.0128645473908156,0.0170587221092319,0.0102543382234148,0.0845207808040269,mean-sliding-OLS,sliding,mean,OLS,universal_moving_maxima_q99_xi0.30_theta0.50,,,,,,
universal,moving_maxima_q99,0.3,0.5,0.8122523963562355,disjoint_mean_fgls,365.0,100,98,0.263272264086498,0.0797020272672458,-0.0367277359135019,0.0704895956778341,0.2349653189261136,0.1730764901490802,0.1971512139791518,0.1026621738876348,0.3130838326411513,0.7679720921656024,0.7060601216470631,0.4705285279267683,1.100668590566514,0.7795645361689694,0.3991255680044457,100,0.7101948509682747,0.4799832812472096,1.1023432505894368,0.98,8.0,17.0,0.0399125568004445,0.7396519793685248,0.819477092969414,0.0079702027267245,0.017307649014908,0.014,0.9299868370580064,0.9944981477650318,mean-disjoint-FGLS,disjoint,mean,FGLS,universal_moving_maxima_q99_xi0.30_theta0.50,,,,,,
universal,moving_maxima_q99,0.3,0.5,0.8122523963562355,disjoint_mean_ols,365.0,100,44,0.2632671792059532,0.082889764936764,-0.0367328207940467,0.0726499002049183,0.2421663340163945,0.1795773227774524,0.2142624989406121,0.1049433312059732,0.3313032612408916,0.1074614140512875,0.0956472102143964,0.0589781876442865,0.1321680360859907,1.4179212260870149,1.8004081750638907,100,0.6458869367231339,0.1274144975981681,2.148788020513176,0.44,8.0,17.0,0.180040817506389,1.2378804085806256,1.5979620435934037,0.0082889764936764,0.0179577322777452,0.0496386945839634,0.3467186540096832,0.537720722887437,mean-disjoint-OLS,disjoint,mean,OLS,universal_moving_maxima_q99_xi0.30_theta0.50,,,,,,
universal,moving_maxima_q99,0.3,0.5,0.8122523963562355,sliding_mode_fgls,365.0,100,92,0.1384834912551385,0.0812761630324814,-0.1615165087448614,0.165946656631173,0.5531555221039102,0.2389897903086317,0.6072908635140278,0.3669154833670435,0.7207575369233545,1.2455933442246443,1.142174370313589,0.6909625421634977,1.566100765724665,1.402910242488108,0.7942680683473441,100,1.247306568002252,0.8004983301790749,1.6801798452694423,0.92,10.0,17.0,0.0794268068347344,1.3234834356533736,1.4823370493228425,0.0081276163032481,0.0238989790308631,0.027129319932501,0.8500173312059693,0.9589070305141892,mode-sliding-FGLS,sliding,mode,FGLS,universal_moving_maxima_q99_xi0.30_theta0.50,,,,,,
universal,moving_maxima_q99,0.3,0.5,0.8122523963562355,sliding_mode_ols,365.0,100,2,0.1389517200029894,0.082519669894304,-0.1610482799970105,0.1656744569434839,0.5522481898116132,0.2422751255068609,0.6078721684263785,0.4200747125057297,0.7261812802141769,0.0308305962827428,0.0243249155490654,0.0146013232216777,0.0418771945656285,6.050669454462149,2.974147841938849,100,6.574183463071293,3.9709748045139657,8.272772560362347,0.02,10.0,17.0,0.2974147841938849,5.753254670268264,6.348084238656034,0.0082519669894304,0.024227512550686,0.014,0.0055018522349681,0.0700131629419936,mode-sliding-OLS,sliding,mode,OLS,universal_moving_maxima_q99_xi0.30_theta0.50,,,,,,
universal,moving_maxima_q99,0.3,0.5,0.8122523963562355,disjoint_mode_fgls,365.0,100,92,0.2310864806910326,0.1903035767075027,-0.0689135193089673,0.1560933813309748,0.5203112711032496,0.4268910689715812,0.4469083688593495,0.2099518681257637,0.7548676482071599,0.9635367059871888,0.9077177142937024,0.6216324813947132,1.2448974549047824,1.1034578434500464,0.7731772053251832,100,0.9594312188661048,0.7036677978853727,1.2901814711786983,0.92,9.0,16.0,0.0773177205325183,1.026140122917528,1.1807755639825648,0.0190303576707502,0.0426891068971581,0.027129319932501,0.8500173312059693,0.9589070305141892,mode-disjoint-FGLS,disjoint,mode,FGLS,universal_moving_maxima_q99_xi0.30_theta0.50,,,,,,
universal,moving_maxima_q99,0.3,0.5,0.8122523963562355,disjoint_mode_ols,365.0,100,42,0.232881198624849,0.1865282553648477,-0.0671188013751509,0.1514329757419273,0.5047765858064246,0.4239974575996494,0.4278453959689113,0.1794581719527038,0.7029190217576304,0.2213263287871291,0.1797959822060972,0.0957964030097112,0.296438298350594,3.0944012152140057,3.655681339759398,100,1.7450926871647872,0.2737050949286664,5.400182449104304,0.42,9.0,16.0,0.3655681339759398,2.728833081238066,3.4599693491899455,0.0186528255364847,0.0423997457599649,0.0493558507170122,0.327982249185113,0.5179369200110473,mode-disjoint-OLS,disjoint,mode,OLS,universal_moving_maxima_q99_xi0.30_theta0.50,,,,,,
universal,moving_maxima_q99,1.0,0.5,0.4999999999999999,sliding_median_fgls,365.0,100,96,0.6345611169905079,0.3677004548987259,-0.3654388830094921,0.4405424434934645,0.4405424434934645,0.2721398945496424,0.4093659369525824,0.2171497406777112,0.6382357453157894,2.9848070182025883,2.8006932513271767,1.8572530854355345,3.6403273993805234,3.2072033612832693,1.808788922845956,100,2.932982371731833,2.020775117393163,3.837085141063866,0.96,10.0,17.0,0.1808788922845956,3.026324468998674,3.3880822535678647,0.0367700454898725,0.0272139894549642,0.0195959179422654,0.9016278276739262,0.984336949448152,median-sliding-FGLS,sliding,median,FGLS,universal_moving_maxima_q99_xi1.00_theta0.50,,,,,,
universal,moving_maxima_q99,1.0,0.5,0.4999999999999999,sliding_median_ols,365.0,100,18,0.6350987314463419,0.3721420251056183,-0.3649012685536582,0.4416977072028079,0.4416977072028079,0.2755359538127467,0.4122181192710445,0.2268623267500615,0.6562223313941152,0.2460310094996345,0.1917648877465744,0.1134807644818581,0.3096370398638336,14.069113519487132,11.635221792737392,100,10.714490141529204,4.796989173565169,22.777634969125273,0.18,10.0,17.0,1.1635221792737391,12.905591340213393,15.232635698760872,0.0372142025105618,0.0275535953812746,0.038418745424597,0.1170013165425103,0.2666753602421308,median-sliding-OLS,sliding,median,OLS,universal_moving_maxima_q99_xi1.00_theta0.50,,,,,,
universal,moving_maxima_q99,1.0,0.5,0.4999999999999999,disjoint_median_fgls,365.0,100,98,0.7306350579225881,0.4662412981343301,-0.2693649420774119,0.4525381840132423,0.4525381840132423,0.2895028874709716,0.4343221391621981,0.2026041241756146,0.6973835733121234,3.2164176806094735,2.922789102961777,1.8966835556529955,4.146283075618464,3.2390377265353756,1.544020014920654,100,2.986007907558719,1.9143259459115451,4.146283075618464,0.98,10.0,17.0,0.1544020014920654,3.0846357250433103,3.393439728027441,0.046624129813433,0.0289502887470971,0.014,0.9299868370580064,0.9944981477650318,median-disjoint-FGLS,disjoint,median,FGLS,universal_moving_maxima_q99_xi1.00_theta0.50,,,,,,
universal,moving_maxima_q99,1.0,0.5,0.4999999999999999,disjoint_median_ols,365.0,100,36,0.7422636063798062,0.466239253722203,-0.2577363936201939,0.4444931448403283,0.4444931448403283,0.2913901617146012,0.4172436470177905,0.1916205373889989,0.6832769222691755,0.5149105317976546,0.4599126118705521,0.2492865391192593,0.6576974866286887,10.992448461127092,11.606760771696608,100,7.0080810620848455,0.898446972716439,19.21611708698166,0.36,10.0,17.0,1.1606760771696607,9.831772383957432,12.153124538296757,0.0466239253722203,0.0291390161714601,0.048,0.2727107459049014,0.4576478001883791,median-disjoint-OLS,disjoint,median,OLS,universal_moving_maxima_q99_xi1.00_theta0.50,,,,,,
universal,moving_maxima_q99,1.0,0.5,0.4999999999999999,sliding_mean_fgls,365.0,100,98,0.7342498733920785,0.1355697830289194,-0.2657501266079215,0.2657501266079215,0.2657501266079215,0.1355697830289194,0.2649303984026989,0.1773781021888965,0.3390422339764267,3.6424985145980378,2.966995634654423,2.078416079398276,4.466269426602196,3.822634147361303,2.6104815708501032,100,3.069957312184637,2.201559557241901,4.647569163651168,0.98,9.5,19.0,0.2610481570850103,3.561585990276293,4.083682304446314,0.0135569783028919,0.0135569783028919,0.014,0.9299868370580064,0.9944981477650318,mean-sliding-FGLS,sliding,mean,FGLS,universal_moving_maxima_q99_xi1.00_theta0.50,,,,,,
universal,moving_maxima_q99,1.0,0.5,0.4999999999999999,sliding_mean_ols,365.0,100,0,0.7344981686477243,0.1356076076701194,-0.2655018313522757,0.2655018313522757,0.2655018313522757,0.1356076076701193,0.2640949940772382,0.177268872246415,0.3391653529725743,0.0099398863230853,0.0070227126570747,0.0035297532501162,0.0155387690505535,10.431215413952406,5.437469946525545,100,10.451448785412024,6.965378452006721,13.421347987828533,0.0,9.5,19.0,0.5437469946525545,9.887468419299852,10.97496240860496,0.0135607607670119,0.0135607607670119,0.0,0.0,0.0369948074760019,mean-sliding-OLS,sliding,mean,OLS,universal_moving_maxima_q99_xi1.00_theta0.50,,,,,,
universal,moving_maxima_q99,1.0,0.5,0.4999999999999999,disjoint_mean_fgls,365.0,100,99,0.7399191713559259,0.2411753173027972,-0.2600808286440741,0.3006054389778045,0.3006054389778045,0.1876550828668145,0.2768052364166138,0.1731503203853615,0.3780723651705315,4.534250774778426,3.2245549114754763,2.1736783498804444,5.128899554564199,4.546162496199056,4.615839852235535,100,3.2245549114754763,2.1736783498804444,5.128899554564199,0.99,10.0,16.5,0.4615839852235535,4.084578510975502,5.007746481422609,0.0241175317302797,0.0187655082866814,0.0099498743710662,0.9455124752390652,0.9982326134344526,mean-disjoint-FGLS,disjoint,mean,FGLS,universal_moving_maxima_q99_xi1.00_theta0.50,,,,,,
universal,moving_maxima_q99,1.0,0.5,0.4999999999999999,disjoint_mean_ols,365.0,100,15,0.7500512403171271,0.2442881632342613,-0.2499487596828729,0.2925680535141328,0.2925680535141328,0.1905819269186981,0.2692538365380476,0.1585627184205952,0.3681911897119708,0.2330959459203386,0.1694309733239652,0.1025127819237539,0.2927519697837941,7.739006402396733,6.390189239071058,100,6.655617471976913,2.290272805975677,11.787737646014872,0.15,10.0,16.5,0.6390189239071058,7.099987478489627,8.378025326303838,0.0244288163234261,0.0190581926918698,0.0357071421427142,0.0930590319116229,0.2328373333215783,mean-disjoint-OLS,disjoint,mean,OLS,universal_moving_maxima_q99_xi1.00_theta0.50,,,,,,
universal,moving_maxima_q99,1.0,0.5,0.4999999999999999,sliding_mode_fgls,365.0,100,94,0.5387073254983643,0.2887857963975634,-0.4612926745016357,0.4767080664372555,0.4767080664372555,0.2622813948459051,0.4996077982998805,0.282823474574954,0.6124543432937628,3.2010838555104955,2.665039716431153,2.0172928094328584,3.762111290255905,3.5060577629740073,2.2059418117724516,100,2.8975290640493996,2.0848944705628156,3.9994158380186935,0.94,10.0,17.0,0.2205941811772451,3.285463581796762,3.7266519441512527,0.0288785796397563,0.0262281394845905,0.0237486841740758,0.8752303146877748,0.9722142547333432,mode-sliding-FGLS,sliding,mode,FGLS,universal_moving_maxima_q99_xi1.00_theta0.50,,,,,,
universal,moving_maxima_q99,1.0,0.5,0.4999999999999999,sliding_mode_ols,365.0,100,5,0.5438293462160214,0.2948839621644331,-0.4561706537839786,0.4791268490211678,0.4791268490211678,0.2554775950387711,0.4928970105987272,0.2983750824054741,0.6248462821006555,0.1103539377261603,0.0916617144557675,0.0601227013456566,0.1434182623962813,17.16495233274648,10.441459055541852,100,18.172265545818835,8.948549541096558,23.36662093342005,0.05,10.0,17.0,1.0441459055541853,16.120806427192296,18.209098238300665,0.0294883962164433,0.0255477595038771,0.0217944947177033,0.0215433614563135,0.1117519652720881,mode-sliding-OLS,sliding,mode,OLS,universal_moving_maxima_q99_xi1.00_theta0.50,,,,,,
universal,moving_maxima_q99,1.0,0.5,0.4999999999999999,disjoint_mode_fgls,365.0,100,86,0.6376447323828998,0.6169398583527459,-0.3623552676171002,0.5939985164945251,0.5939985164945251,0.3960355857240927,0.5450067628206625,0.2700400112022398,0.8810360498180891,3.119751194125614,2.7367311416945013,2.0264448726768096,3.882102194698367,4.1593853908347045,3.2243556136522096,100,3.20951131960953,2.4558644241460335,4.80439894109107,0.86,8.5,16.0,0.3224355613652209,3.836949829469483,4.481820952199925,0.0616939858352745,0.0396035585724092,0.0346987031457949,0.7786263961619276,0.914737342455351,mode-disjoint-FGLS,disjoint,mode,FGLS,universal_moving_maxima_q99_xi1.00_theta0.50,,,,,,
universal,moving_maxima_q99,1.0,0.5,0.4999999999999999,disjoint_mode_ols,365.0,100,38,0.6626806285886276,0.6182685383205239,-0.3373193714113724,0.5905583286914848,0.5905583286914848,0.3806674685082977,0.5368497998431152,0.3358718295401504,0.8496360229303676,0.9141682490091722,0.7531233651453413,0.4768357842823282,1.314851281064862,11.904090978027696,12.639480010596095,100,5.955267321782665,1.5138709285333618,19.38320091053282,0.38,8.5,16.0,1.2639480010596096,10.640142976968086,13.168038979087306,0.0618268538320523,0.0380667468508297,0.0485386443980463,0.2909744920013438,0.4779042617928966,mode-disjoint-OLS,disjoint,mode,OLS,universal_moving_maxima_q99_xi1.00_theta0.50,,,,,,
universal,moving_maxima_q99,3.0,0.5,0.1249999999999999,sliding_median_fgls,365.0,100,96,1.7722851236733888,1.1016837023447663,-1.2277148763266112,1.4236244340019055,0.4745414780006353,0.2766942906736596,0.4477039862474422,0.2557964504790462,0.7058288248103064,8.848026419490626,7.950169331161299,5.558835467619943,11.44804967154051,9.508467281189125,5.560525700820372,100,8.224150566056439,5.895100694357361,11.740726142723156,0.96,10.0,17.0,0.5560525700820371,8.952414711107087,10.064519851271164,0.1101683702344766,0.0276694290673659,0.0195959179422654,0.9016278276739262,0.984336949448152,median-sliding-FGLS,sliding,median,FGLS,universal_moving_maxima_q99_xi3.00_theta0.50,,,,,,
universal,moving_maxima_q99,3.0,0.5,0.1249999999999999,sliding_median_ols,365.0,100,14,1.7833936616912691,1.117134062233641,-1.2166063383087309,1.4307481793359034,0.4769160597786344,0.2739328355368354,0.4522069384265974,0.271712544289481,0.6961102655622412,0.6866385507756673,0.5503698888074954,0.3245938576698283,0.8878566006317326,46.36311635220884,35.310405153087125,100,41.974198389885075,11.462059697867591,77.74608884423046,0.14,10.0,17.0,3.5310405153087125,42.83207583690013,49.89415686751755,0.111713406223364,0.0273932835536835,0.0346987031457949,0.085262657544649,0.2213736038380723,median-sliding-OLS,sliding,median,OLS,universal_moving_maxima_q99_xi3.00_theta0.50,,,,,,
universal,moving_maxima_q99,3.0,0.5,0.1249999999999999,disjoint_median_fgls,365.0,100,95,2.1407657662766884,1.3413008488806462,-0.8592342337233119,1.3448405724979084,0.4482801908326362,0.2824425272529975,0.4326297581197735,0.2132446580862037,0.6346902710996289,8.693013698910702,8.346357393540323,5.5232523460615015,11.508315649323656,9.48045645554784,5.631403028036851,100,8.741925421031413,5.784359263964163,11.678498449513974,0.95,10.0,16.5,0.5631403028036851,8.917316152744156,10.043596758351526,0.1341300848880646,0.0282442527252997,0.0217944947177033,0.8882480347279118,0.9784566385436864,median-disjoint-FGLS,disjoint,median,FGLS,universal_moving_maxima_q99_xi3.00_theta0.50,,,,,,
universal,moving_maxima_q99,3.0,0.5,0.1249999999999999,disjoint_median_ols,365.0,100,28,2.147513880037627,1.3381530521994998,-0.8524861199623729,1.3448775084025757,0.4482925028008585,0.2784404474067813,0.4147200341956969,0.2500881031214508,0.6613316644959609,1.3906686952938725,1.1342461078770072,0.7578991752230217,1.7045851606382532,34.033369500849005,34.55819426987506,100,20.760329630136447,2.6731853386167823,59.31995474122163,0.28,10.0,16.5,3.4558194269875058,30.5775500738615,37.48918892783651,0.1338153052199499,0.0278440447406781,0.0448998886412873,0.2013955916759837,0.3748821236134572,median-disjoint-OLS,disjoint,median,OLS,universal_moving_maxima_q99_xi3.00_theta0.50,,,,,,
universal,moving_maxima_q99,3.0,0.5,0.1249999999999999,sliding_mean_fgls,365.0,100,71,0.9447925452612884,0.2143147490388413,-2.055207454738712,2.055207454738712,0.6850691515795705,0.0714382496796137,0.6605886987194343,0.6578802478530115,0.6755394646600621,8.590288635667399,7.096741303628633,3.703738136260326,11.343925536004328,15.858905947639617,12.956290763734136,100,10.922742141487534,7.822619648676402,18.65910713753748,0.71,8.0,21.0,1.2956290763734135,14.5632768712662,17.15453502401303,0.0214314749038841,0.0071438249679613,0.0453762052181537,0.6146092505999207,0.7898529302601586,mean-sliding-FGLS,sliding,mean,FGLS,universal_moving_maxima_q99_xi3.00_theta0.50,,,,,,
universal,moving_maxima_q99,3.0,0.5,0.1249999999999999,sliding_mean_ols,365.0,100,0,0.9448207998040058,0.2143081518553732,-2.0551792001959943,2.0551792001959943,0.6850597333986648,0.0714360506184577,0.6605716918892113,0.6578727856500242,0.6755456970656536,0.0098484874560319,0.0095579338547113,0.0073633612155588,0.009794263966471,82.02004674617515,8.547348219360423,100,79.11026914392733,78.76191584484019,80.79926838536815,0.0,8.0,21.0,0.8547348219360422,81.1653119242391,82.8747815681112,0.0214308151855373,0.0071436050618457,0.0,0.0,0.0369948074760019,mean-sliding-OLS,sliding,mean,OLS,universal_moving_maxima_q99_xi3.00_theta0.50,,,,,,
universal,moving_maxima_q99,3.0,0.5,0.1249999999999999,disjoint_mean_fgls,365.0,100,92,0.948068718866554,0.0927688614100707,-2.051931281133446,2.051931281133446,0.6839770937111487,0.0309229538033569,0.6762563133205693,0.668915353652371,0.6873867160052594,21.78827230427461,15.644162321315097,7.214183796946205,28.2192938890138,23.293030972794476,19.435014542313784,100,16.686723832545013,9.605144250992495,29.266625224222647,0.92,8.0,15.0,1.9435014542313784,21.3495295185631,25.236532427025853,0.009276886141007,0.0030922953803356,0.027129319932501,0.8500173312059693,0.9589070305141892,mean-disjoint-FGLS,disjoint,mean,FGLS,universal_moving_maxima_q99_xi3.00_theta0.50,,,,,,
universal,moving_maxima_q99,3.0,0.5,0.1249999999999999,disjoint_mean_ols,365.0,100,0,0.9487618860567032,0.0946923173400047,-2.0512381139432967,2.0512381139432967,0.6837460379810989,0.0315641057800016,0.6767416249325773,0.6686551080290274,0.6854746006120582,0.1171035668259833,0.0808430082539686,0.0340078942404246,0.1550650738524434,79.82455678803818,3.590973247031714,100,79.58660400696212,79.07364378401175,80.00187100083319,0.0,8.0,15.0,0.3590973247031714,79.46545946333501,80.18365411274135,0.0094692317340004,0.0031564105780001,0.0,0.0,0.0369948074760019,mean-disjoint-OLS,disjoint,mean,OLS,universal_moving_maxima_q99_xi3.00_theta0.50,,,,,,
universal,moving_maxima_q99,3.0,0.5,0.1249999999999999,sliding_mode_fgls,365.0,100,92,1.5213343819911915,1.6334275808120018,-1.4786656180088085,1.943143773053692,0.6477145910178973,0.3436205676762805,0.779305550131852,0.3354272270418524,0.9965110353559794,8.360753294238013,7.997164534874181,5.884898066719154,10.052234466156564,9.89531805790866,6.737660248079261,100,8.61329109670621,6.6196273621633654,11.277626056724008,0.92,11.0,17.0,0.6737660248079261,9.221552033100732,10.569084082716586,0.1633427580812002,0.034362056767628,0.027129319932501,0.8500173312059693,0.9589070305141892,mode-sliding-FGLS,sliding,mode,FGLS,universal_moving_maxima_q99_xi3.00_theta0.50,,,,,,
universal,moving_maxima_q99,3.0,0.5,0.1249999999999999,sliding_mode_ols,365.0,100,14,1.5208917465022116,1.622214194185807,-1.479108253497788,1.9407116045887505,0.6469038681962502,0.3394494116384343,0.7900197266411986,0.3197816585641602,0.9896381364530004,0.6868798049809526,0.5158581463052907,0.0768306211944535,0.9056808419504132,67.39736588152427,45.87972999840129,100,80.36032918028394,18.21523671962475,117.56748968199705,0.14,11.0,17.0,4.587972999840129,62.80939288168414,71.9853388813644,0.1622214194185807,0.0339449411638434,0.0346987031457949,0.085262657544649,0.2213736038380723,mode-sliding-OLS,sliding,mode,OLS,universal_moving_maxima_q99_xi3.00_theta0.50,,,,,,
universal,moving_maxima_q99,3.0,0.5,0.1249999999999999,disjoint_mode_fgls,365.0,100,80,2.678866835507955,2.3956481549747943,-0.3211331644920452,2.0049661554543614,0.6683220518181205,0.445072284628265,0.6122997033799418,0.3437690942264358,0.9973728526020644,7.030818344044677,6.701301473446173,3.9415511240912062,9.26094281207984,16.960239817967462,28.211317326313143,100,8.772475224660258,5.858891626802607,10.917537259588512,0.8,9.0,16.0,2.821131732631314,14.139108085336147,19.781371550598777,0.2395648154974794,0.0445072284628265,0.04,0.7111690380734977,0.8666340774409013,mode-disjoint-FGLS,disjoint,mode,FGLS,universal_moving_maxima_q99_xi3.00_theta0.50,,,,,,
universal,moving_maxima_q99,3.0,0.5,0.1249999999999999,disjoint_mode_ols,365.0,100,37,2.6059909375508545,2.3132125014821567,-0.3940090624491455,1.9954955403872028,0.6651651801290677,0.4062755813691489,0.6655003310047116,0.3272852246079142,0.9740896390008412,2.7196068218576452,2.0504659597505435,1.1321941314841348,3.779749998698452,46.49460729812201,47.02930877909228,100,28.473670975212883,4.9397201470732615,85.80042879449667,0.37,9.0,16.0,4.702930877909228,41.79167642021278,51.197538176031244,0.2313212501482156,0.0406275581369148,0.0482804308182932,0.2818221256950916,0.4677965242486688,mode-disjoint-OLS,disjoint,mode,OLS,universal_moving_maxima_q99_xi3.00_theta0.50,,,,,,
universal,moving_maxima_q99,10.0,0.5,0.0009765624999999,sliding_median_fgls,365.0,100,98,6.544956397598654,3.781090368089633,-3.455043602401346,4.397239409831303,0.4397239409831303,0.2612187789099343,0.4225581268059158,0.2534244750302321,0.6413669456871447,31.58152529813832,26.88605500814007,18.742351614822553,36.90450876290862,31.783138537919072,19.422662494384433,100,28.05817294611373,19.021155001269467,36.90450876290862,0.98,9.0,16.0,1.9422662494384433,29.84087228848063,33.72540478735752,0.3781090368089633,0.0261218778909934,0.014,0.9299868370580064,0.9944981477650318,median-sliding-FGLS,sliding,median,FGLS,universal_moving_maxima_q99_xi10.00_theta0.50,,,,,,
universal,moving_maxima_q99,10.0,0.5,0.0009765624999999,sliding_median_ols,365.0,100,16,6.516377347866699,3.8052755345464018,-3.4836226521333,4.423778211129461,0.4423778211129461,0.264023525812649,0.4150693854411673,0.2311416589839635,0.6383684139327264,2.427910669185772,1.7905065973588783,1.253266132363609,2.9300922249838592,139.19395281113083,108.55395835635665,100,132.55127928269363,42.80613454977384,221.7905121299848,0.16,9.0,16.0,10.855395835635663,128.33855697549515,150.0493486467665,0.3805275534546402,0.0264023525812648,0.0366606055596467,0.1009520234947371,0.2442044455889441,median-sliding-OLS,sliding,median,OLS,universal_moving_maxima_q99_xi10.00_theta0.50,,,,,,
universal,moving_maxima_q99,10.0,0.5,0.0009765624999999,disjoint_median_fgls,365.0,100,99,6.759294165952021,4.022482745093504,-3.2407058340479797,4.385605727595773,0.4385605727595773,0.2713081007019042,0.4362766980082824,0.2177301657209909,0.6607357297745978,35.604287061134166,32.74943869293084,23.83403690992171,43.24678472200159,36.54156271146108,17.81839215083716,100,33.071953614066935,24.10331800914912,43.55462423550093,0.99,10.0,16.0,1.781839215083716,34.75972349637737,38.3234019265448,0.4022482745093504,0.0271308100701904,0.0099498743710662,0.9455124752390652,0.9982326134344526,median-disjoint-FGLS,disjoint,median,FGLS,universal_moving_maxima_q99_xi10.00_theta0.50,,,,,,
universal,moving_maxima_q99,10.0,0.5,0.0009765624999999,disjoint_median_ols,365.0,100,34,6.845628106022064,4.1203884304371226,-3.1543718939779364,4.421324705298826,0.4421324705298826,0.269862941369505,0.4286608842455587,0.2071440682370849,0.6683523738027253,4.797853873654916,4.0587026420665655,2.4532511683231766,6.348023327322577,112.9070006813874,109.8609021267944,100,78.5079897595225,9.46350038663287,197.05321802108196,0.34,10.0,16.0,10.98609021267944,101.92091046870796,123.89309089406684,0.4120388430437122,0.0269862941369505,0.047370877129308,0.25461379497543,0.4372245434168906,median-disjoint-OLS,disjoint,median,OLS,universal_moving_maxima_q99_xi10.00_theta0.50,,,,,,
universal,moving_maxima_q99,10.0,0.5,0.0009765624999999,sliding_mean_fgls,365.0,100,43,0.978207882007043,0.2021777929265854,-9.021792117992955,9.021792117992955,0.9021792117992956,0.0202177792926585,0.8962037145050743,0.8962012409699938,0.8966507339503892,20.627042712453967,14.06613251168906,9.176351122464917,28.901939273181203,117.42514748054732,90.927592135856,100,94.33649368425444,33.43869872383393,192.3269238008578,0.43,8.0,21.0,9.092759213585598,108.33238826696171,126.5179066941329,0.0202177792926585,0.0020217779292658,0.0495075751779462,0.3373313900052838,0.5278478830413564,mean-sliding-FGLS,sliding,mean,FGLS,universal_moving_maxima_q99_xi10.00_theta0.50,,,,,,
universal,moving_maxima_q99,10.0,0.5,0.0009765624999999,sliding_mean_ols,365.0,100,0,0.9782073815136196,0.2021803323222342,-9.02179261848638,9.02179261848638,0.902179261848638,0.0202180332322234,0.8962036475597512,0.8962011943065155,0.8966470822116582,0.0096806830534776,0.007475330165992,0.0074638961201763,0.0074757720375094,360.68777176143914,8.009065709602888,100,358.3396011121979,358.33844645744233,358.5143322780462,0.0,8.0,21.0,0.8009065709602888,359.88686519047883,361.48867833239945,0.0202180332322234,0.0020218033232223,0.0,0.0,0.0369948074760019,mean-sliding-OLS,sliding,mean,OLS,universal_moving_maxima_q99_xi10.00_theta0.50,,,,,,
universal,moving_maxima_q99,10.0,0.5,0.0009765624999999,disjoint_mean_fgls,365.0,100,91,0.6683256933667081,3.153467856292085,-9.331674306633293,9.331674306633293,0.9331674306633292,0.3153467856292084,0.9008400000188204,0.9006826369650469,0.9008553957491132,63.572480157837575,48.086902075114125,28.128588286161825,84.59196713476727,72.49455676298439,54.245088978412625,100,54.25828085635429,34.26734800940456,93.95013140676843,0.91,8.0,12.0,5.424508897841262,67.07004786514312,77.91906566082565,0.3153467856292085,0.0315346785629208,0.0286181760425083,0.8377362530335634,0.9519280048361152,mean-disjoint-FGLS,disjoint,mean,FGLS,universal_moving_maxima_q99_xi10.00_theta0.50,,,,,,
universal,moving_maxima_q99,10.0,0.5,0.0009765624999999,disjoint_mean_ols,365.0,100,0,0.6669056347388681,3.153361127059375,-9.333094365261132,9.333094365261132,0.9333094365261132,0.3153361127059374,0.9008523770765428,0.9008522105677268,0.900885320694971,0.2168799970610258,0.0336713021805751,0.0336691822294574,0.0344198016486431,369.20305466628577,95.25211134629672,100,359.701237952204,359.70120238932316,359.7168023677039,0.0,8.0,12.0,9.525211134629672,359.6778435316561,378.72826580091544,0.3153361127059375,0.0315336112705937,0.0,0.0,0.0369948074760019,mean-disjoint-OLS,disjoint,mean,OLS,universal_moving_maxima_q99_xi10.00_theta0.50,,,,,,
universal,moving_maxima_q99,10.0,0.5,0.0009765624999999,sliding_mode_fgls,365.0,100,82,3.234464077473141,4.483674553964089,-6.765535922526859,7.427762165388921,0.7427762165388921,0.3257180050757897,0.8558133140461891,0.5214443010357712,0.99999999999996,23.059650764811614,22.464100563587873,14.288105868410025,28.338386360770123,41.953370091026834,47.23059085970405,100,26.98911485244266,20.02191846548066,37.52298868855088,0.82,12.0,18.0,4.723059085970404,37.23031100505643,46.67642917699724,0.4483674553964089,0.0325718005075789,0.0384187454245971,0.7333246397578691,0.8829986834574896,mode-sliding-FGLS,sliding,mode,FGLS,universal_moving_maxima_q99_xi10.00_theta0.50,,,,,,
universal,moving_maxima_q99,10.0,0.5,0.0009765624999999,sliding_mode_ols,365.0,100,14,3.1686134724960864,4.391808242487122,-6.8313865275039145,7.511303299892753,0.7511303299892752,0.3072074360482769,0.8589746891518312,0.5710890917742228,0.9999999999999984,2.4771158306077026,1.2345400725640363,7.092274576116277e-14,4.023692546033878,261.29654463838926,150.17685135941133,100,312.60813820824717,139.5145338590415,399.99999999999807,0.14,12.0,18.0,15.017685135941132,246.27885950244817,276.3142297743304,0.4391808242487122,0.0307207436048276,0.0346987031457949,0.085262657544649,0.2213736038380723,mode-sliding-OLS,sliding,mode,OLS,universal_moving_maxima_q99_xi10.00_theta0.50,,,,,,
universal,moving_maxima_q99,10.0,0.5,0.0009765624999999,disjoint_mode_fgls,365.0,100,77,10.802303539117922,9.466253111860178,0.8023035391179226,6.9900873994726735,0.6990087399472674,0.6395722814335931,0.5601950634483046,0.2409127274214711,0.9267426978634604,23.13070664453588,21.612534024514527,12.650229071187487,29.214283758236434,67.35196378271712,118.85868612060573,100,27.177649161466483,18.50522308553994,50.555699860123624,0.77,10.0,17.0,11.885868612060571,55.466095170656544,79.2378323947777,0.9466253111860178,0.0639572281433593,0.0420832508250016,0.6784543514317231,0.841568452531236,mode-disjoint-FGLS,disjoint,mode,FGLS,universal_moving_maxima_q99_xi10.00_theta0.50,,,,,,
universal,moving_maxima_q99,10.0,0.5,0.0009765624999999,disjoint_mode_ols,365.0,100,45,10.246216405063713,9.167737597375622,0.2462164050637106,6.701899330780557,0.6701899330780557,0.6224106475647636,0.5376723531567733,0.195143535976533,0.9310456388025786,9.282300692598186,8.106177080464066,4.745167536340752,11.381338869117773,153.28826783250213,211.43586122323225,100,41.085627552130774,10.68598183428582,267.846973089441,0.45,10.0,17.0,21.143586122323224,132.1446817101789,174.43185395482536,0.916773759737562,0.0622410647564763,0.049749371855331,0.3561437510640346,0.5475557296835656,mode-disjoint-OLS,disjoint,mode,OLS,universal_moving_maxima_q99_xi10.00_theta0.50,,,,,,
universal,moving_maxima_q99,0.01,1.0,0.0,sliding_median_fgls,365.0,100,99,0.0066230011348875,0.0035222915046923,-0.0033769988651124,0.0042617875138961,0.4261787513896103,0.2362108412516744,0.434282058570315,0.2767962107613926,0.5674332928108696,0.0272825176739339,0.0228813947657929,0.0172372751802921,0.0337984482415674,0.0290528243989202,0.0214978936063424,100,0.0230668372351245,0.0172690288727334,0.0340905684322585,0.99,9.0,16.0,0.0021497893606342,0.026903035038286,0.0312026137595545,0.0003522291504692,0.0236210841251674,0.0099498743710662,0.9455124752390652,0.9982326134344526,median-sliding-FGLS,sliding,median,FGLS,universal_moving_maxima_q99_xi0.01_theta1.00,,,,,,
universal,moving_maxima_q99,0.01,1.0,0.0,sliding_median_ols,365.0,100,17,0.0066850648360711,0.0036154640154101,-0.0033149351639288,0.0042734461988939,0.4273446198893907,0.2392605817608496,0.4235826887011527,0.2576145942332938,0.5665714839678241,0.002522728968216,0.0020016304394315,0.0013127002076207,0.0032588345582502,0.1293767646694502,0.1014705366843578,100,0.1159208838821127,0.0390032443303468,0.1986347716305325,0.17,9.0,16.0,0.0101470536684357,0.1192297110010144,0.139523818337886,0.000361546401541,0.0239260581760849,0.0375632799419859,0.1089347605977315,0.2554818123364297,median-sliding-OLS,sliding,median,OLS,universal_moving_maxima_q99_xi0.01_theta1.00,,,,,,
universal,moving_maxima_q99,0.01,1.0,0.0,disjoint_median_fgls,365.0,100,96,0.0075596516503309,0.0040972247079729,-0.002440348349669,0.004030620499532,0.403062049953207,0.25283795786969,0.3804253683392322,0.2109520110355802,0.5478911468608896,0.0295652893014899,0.0297655756677445,0.0190452007072546,0.0358199073953092,0.032362993630751,0.0220424581996336,100,0.0299653367129205,0.0199333036474078,0.0371060401567418,0.96,9.0,16.0,0.0022042458199633,0.0301587478107876,0.0345672394507143,0.0004097224707972,0.0252837957869689,0.0195959179422654,0.9016278276739262,0.984336949448152,median-disjoint-FGLS,disjoint,median,FGLS,universal_moving_maxima_q99_xi0.01_theta1.00,,,,,,
universal,moving_maxima_q99,0.01,1.0,0.0,disjoint_median_ols,365.0,100,33,0.0076217683501196,0.0041283733023149,-0.0023782316498803,0.0039823699321115,0.3982369932111582,0.2595595913815964,0.3957885394635154,0.1780236717239658,0.5603450338614371,0.0046285495704156,0.0040964616172922,0.0021607643260674,0.0061269943743969,0.0984144451883409,0.0990115197542103,100,0.0846959980174275,0.0090080853002484,0.1514135901412743,0.33,9.0,16.0,0.009901151975421,0.0885132932129199,0.1083155971637619,0.0004128373302314,0.0259559591381596,0.0470212717820349,0.2456298379389545,0.4269483966028862,median-disjoint-OLS,disjoint,median,OLS,universal_moving_maxima_q99_xi0.01_theta1.00,,,,,,
universal,moving_maxima_q99,0.01,1.0,0.0,sliding_mean_fgls,365.0,100,100,0.0100186984496626,0.0015662389203564,1.8698449662640852e-05,0.0011823340780824,0.1182334078082409,0.1020501496793354,0.0865483331466077,0.0473714326858091,0.1663644370494202,0.018739600521829,0.0161493460506114,0.0093606769355034,0.0237905930771972,0.018739600521829,0.011619499012853,100,0.0161493460506114,0.0093606769355034,0.0237905930771972,1.0,9.0,18.0,0.0011619499012853,0.0175776506205437,0.0199015504231143,0.0001566238920356,0.0102050149679335,0.0,0.963005192523998,1.0,mean-sliding-FGLS,sliding,mean,FGLS,universal_moving_maxima_q99_xi0.01_theta1.00,,,,,,
universal,moving_maxima_q99,0.01,1.0,0.0,sliding_mean_ols,365.0,100,7,0.0100319862736065,0.001579690766823,3.1986273606547224e-05,0.0011959547751942,0.1195954775194222,0.1025524742245167,0.0927569635419551,0.0500315608186965,0.165662867774056,0.0002333390985158,0.0001685109382909,0.0001014045148152,0.000288484768113,0.043549623917612,0.0404948412858686,100,0.0306645120887235,0.0142560028844572,0.0615268392536828,0.07,9.0,18.0,0.0040494841285868,0.0395001397890251,0.0475991080461989,0.0001579690766823,0.0102552474224516,0.0255147016443461,0.034318824364064,0.1374967100652975,mean-sliding-OLS,sliding,mean,OLS,universal_moving_maxima_q99_xi0.01_theta1.00,,,,,,
universal,moving_maxima_q99,0.01,1.0,0.0,disjoint_mean_fgls,365.0,100,100,0.0100472238844547,0.0023904352450091,4.72238844547971e-05,0.0017931991156218,0.1793199115621885,0.1571111001412523,0.1397629933823446,0.0638701436164216,0.2459456181866386,0.0221753831244513,0.0218929969274433,0.0136755930352607,0.0284526944950454,0.0221753831244513,0.0119003023977192,100,0.0218929969274433,0.0136755930352607,0.0284526944950454,1.0,9.0,16.0,0.0011900302397719,0.0209853528846793,0.0233654133642232,0.0002390435245009,0.0157111100141252,0.0,0.963005192523998,1.0,mean-disjoint-FGLS,disjoint,mean,FGLS,universal_moving_maxima_q99_xi0.01_theta1.00,,,,,,
universal,moving_maxima_q99,0.01,1.0,0.0,disjoint_mean_ols,365.0,100,43,0.0100452392274683,0.0024089625845774,4.523922746830148e-05,0.0018442312042125,0.1844231204212583,0.1539358248701078,0.1422924727870586,0.0646355982883115,0.2410814032065601,0.0029762515344529,0.0024286852454994,0.0013706533520213,0.0036248473256,0.0359758597835187,0.0481423386050746,100,0.0084606771633914,0.0033893778395231,0.0553448073686757,0.43,9.0,16.0,0.0048142338605074,0.0311616259230113,0.0407900936440262,0.0002408962584577,0.0153935824870107,0.0495075751779462,0.3373313900052838,0.5278478830413564,mean-disjoint-OLS,disjoint,mean,OLS,universal_moving_maxima_q99_xi0.01_theta1.00,,,,,,
universal,moving_maxima_q99,0.01,1.0,0.0,sliding_mode_fgls,365.0,100,98,0.0034329730540957,0.0025846459787737,-0.0065670269459042,0.0066679201599903,0.666792015999038,0.2309023698418972,0.6848608547826309,0.500919762768758,0.835180809451568,0.057911333960987,0.0527545247473274,0.036758250008388,0.0754552225201823,0.0599341401820856,0.0313276622539209,100,0.0542456206240793,0.0376080523966241,0.0758003331745667,0.98,11.0,17.0,0.003132766225392,0.0568013739566935,0.0630669064074777,0.0002584645978773,0.0230902369841897,0.014,0.9299868370580064,0.9944981477650318,mode-sliding-FGLS,sliding,mode,FGLS,universal_moving_maxima_q99_xi0.01_theta1.00,,,,,,
universal,moving_maxima_q99,0.01,1.0,0.0,sliding_mode_ols,365.0,100,3,0.003444601503468,0.0025485264784226,-0.0065553984965319,0.0066370678859501,0.6637067885950191,0.2325227623207862,0.6780163915555673,0.4837423554063424,0.8391791434406545,0.0009152473755681,0.0007012089279942,0.000346217133045,0.0011271623828052,0.248878403215232,0.0967523522003544,100,0.2543161228482052,0.180803977904269,0.3191153686757803,0.03,11.0,17.0,0.0096752352200354,0.2392031679951966,0.2585536384352675,0.0002548526478422,0.0232522762320786,0.0170587221092319,0.0102543382234148,0.0845207808040269,mode-sliding-OLS,sliding,mode,OLS,universal_moving_maxima_q99_xi0.01_theta1.00,,,,,,
universal,moving_maxima_q99,0.01,1.0,0.0,disjoint_mode_fgls,365.0,100,96,0.0075604215540619,0.0045443403808964,-0.002439578445938,0.0040419764789199,0.4041976478919952,0.3187489487440023,0.3149497909138534,0.1537464804567059,0.5627691723925322,0.038012105989831,0.0365190683721749,0.0217963728296263,0.0508653505132505,0.0390596434188435,0.0195437935422685,100,0.0372584854665809,0.0230079157066776,0.0515798735565573,0.96,9.0,16.0,0.0019543793542268,0.0371052640646167,0.0410140227730704,0.0004544340380896,0.0318748948744002,0.0195959179422654,0.9016278276739262,0.984336949448152,mode-disjoint-FGLS,disjoint,mode,FGLS,universal_moving_maxima_q99_xi0.01_theta1.00,,,,,,
universal,moving_maxima_q99,0.01,1.0,0.0,disjoint_mode_ols,365.0,100,43,0.0075403437505623,0.0045891682741179,-0.0024596562494376,0.00420990805592,0.4209908055920048,0.3044525442741638,0.3749005691704759,0.1627159566617521,0.6191558966289444,0.0066933226750383,0.00536817667686,0.0033220379144408,0.0083584627821265,0.0810484392557858,0.0982210259407414,100,0.0374878771440284,0.0080991530277149,0.1318977547370738,0.43,9.0,16.0,0.0098221025940741,0.0712263366617116,0.0908705418498599,0.0004589168274117,0.0304452544274163,0.0495075751779462,0.3373313900052838,0.5278478830413564,mode-disjoint-OLS,disjoint,mode,OLS,universal_moving_maxima_q99_xi0.01_theta1.00,,,,,,
universal,moving_maxima_q99,0.03,1.0,0.0,sliding_median_fgls,365.0,100,97,0.0195458928743642,0.0113183934389628,-0.0104541071256357,0.0128846216756724,0.4294873891890814,0.280491491451096,0.4145910985618561,0.1866911756738115,0.6661239069973096,0.081862992557414,0.0713768767840196,0.0500119106208807,0.1017437545804207,0.0873078556501347,0.0531871216882688,100,0.0734797847161364,0.052684086386926,0.1043160598028268,0.97,10.0,16.5,0.0053187121688268,0.0819891434813078,0.0926265678189616,0.0011318393438962,0.0280491491451096,0.0170587221092319,0.915479219195973,0.9897456617765852,median-sliding-FGLS,sliding,median,FGLS,universal_moving_maxima_q99_xi0.03_theta1.00,,,,,,
universal,moving_maxima_q99,0.03,1.0,0.0,sliding_median_ols,365.0,100,19,0.0195699733388488,0.0114024968934043,-0.0104300266611511,0.0129392970806184,0.4313099026872827,0.2804453994402526,0.4273835062476218,0.1615058255904932,0.6747687091030415,0.0069846177273729,0.0057489388721112,0.0036925679633528,0.0087567931560163,0.4048138331591239,0.3575082472602696,100,0.3486035132222362,0.0588306287606956,0.7006743204389101,0.19,10.0,16.5,0.0357508247260269,0.3690630084330969,0.4405646578851508,0.0011402496893404,0.0280445399440252,0.039230090491866,0.1251465399270426,0.2777902407080785,median-sliding-OLS,sliding,median,OLS,universal_moving_maxima_q99_xi0.03_theta1.00,,,,,,
universal,moving_maxima_q99,0.03,1.0,0.0,disjoint_median_fgls,365.0,100,98,0.0229642914483455,0.0136631936472349,-0.0070357085516544,0.0123693796409111,0.4123126546970385,0.3020983000509419,0.3100588265195316,0.1786370422458804,0.6811620749051386,0.0883383904407484,0.0770504667276662,0.0611690282752174,0.1081407203314424,0.0942785515063151,0.0656520562758973,100,0.0781433289155473,0.0616525540615618,0.1087807486835087,0.98,9.5,16.0,0.0065652056275897,0.0877133458787254,0.1008437571339049,0.0013663193647234,0.0302098300050941,0.014,0.9299868370580064,0.9944981477650318,median-disjoint-FGLS,disjoint,median,FGLS,universal_moving_maxima_q99_xi0.03_theta1.00,,,,,,
universal,moving_maxima_q99,0.03,1.0,0.0,disjoint_median_ols,365.0,100,28,0.0236232845430944,0.0141976727441391,-0.0063767154569055,0.0128655586407001,0.4288519546900064,0.289544851847594,0.3365188571319799,0.182906629675027,0.6775468724819316,0.0125690130078434,0.0101465887291309,0.005828057350323,0.0162475758440508,0.3280482726737419,0.3557091592563449,100,0.1486738644192142,0.0265953448533076,0.6414191444905321,0.28,9.5,16.0,0.0355709159256344,0.2924773567481074,0.3636191885993764,0.0014197672744139,0.0289544851847594,0.0448998886412873,0.2013955916759837,0.3748821236134572,median-disjoint-OLS,disjoint,median,OLS,universal_moving_maxima_q99_xi0.03_theta1.00,,,,,,
universal,moving_maxima_q99,0.03,1.0,0.0,sliding_mean_fgls,365.0,100,100,0.0297819612411897,0.0050731270900571,-0.0002180387588102,0.0040416939564675,0.1347231318822501,0.1015674194037824,0.1058364134345337,0.0512853739236938,0.2006225480438379,0.0643497596401214,0.0601421348578062,0.0428683715846371,0.0860864053665881,0.0643497596401214,0.0321971981920746,100,0.0601421348578062,0.0428683715846371,0.0860864053665881,1.0,10.0,18.0,0.0032197198192074,0.0611300398209139,0.0675694794593288,0.0005073127090057,0.0101567419403782,0.0,0.963005192523998,1.0,mean-sliding-FGLS,sliding,mean,FGLS,universal_moving_maxima_q99_xi0.03_theta1.00,,,,,,
universal,moving_maxima_q99,0.03,1.0,0.0,sliding_mean_ols,365.0,100,6,0.0298170556393423,0.0051137132081426,-0.0001829443606576,0.0040601915159596,0.1353397171986543,0.1029141908818051,0.1059463763574082,0.051571578450656,0.2006750979525967,0.0006595802316699,0.0005133371865583,0.0002940705822998,0.0008567700739939,0.1502830202668219,0.1207862422378589,100,0.1204078484877366,0.055210608828717,0.224121329886668,0.06,10.0,18.0,0.0120786242237858,0.138204396043036,0.1623616444906078,0.0005113713208142,0.0102914190881805,0.0237486841740758,0.0277857452666566,0.124769685312225,mean-sliding-OLS,sliding,mean,OLS,universal_moving_maxima_q99_xi0.03_theta1.00,,,,,,
universal,moving_maxima_q99,0.03,1.0,0.0,disjoint_mean_fgls,365.0,100,100,0.0301776401369715,0.0074553895787129,0.0001776401369715,0.0057070710275759,0.1902357009191971,0.1588677026814098,0.1511214697098806,0.0677097689896613,0.2946920242235201,0.0651283077494726,0.0597594778604584,0.040868826297475,0.0838929710476748,0.0651283077494726,0.0323338813144915,100,0.0597594778604584,0.040868826297475,0.0838929710476748,1.0,8.0,16.0,0.0032333881314491,0.0618949196180235,0.0683616958809218,0.0007455389578712,0.0158867702681409,0.0,0.963005192523998,1.0,mean-disjoint-FGLS,disjoint,mean,FGLS,universal_moving_maxima_q99_xi0.03_theta1.00,,,,,,
universal,moving_maxima_q99,0.03,1.0,0.0,disjoint_mean_ols,365.0,100,39,0.0303041542028972,0.0074007021869754,0.0003041542028972,0.0057421377599198,0.1914045919973279,0.1547709384413575,0.1489855098664684,0.0806869974766678,0.2812160111835085,0.0084226649705287,0.0068466461095687,0.004648478274517,0.0107674802897466,0.1228690566643743,0.1652748604637446,100,0.0537027789141022,0.0120351572066177,0.1834815532165876,0.39,8.0,16.0,0.0165274860463744,0.1063415706179998,0.1393965427107488,0.0007400702186975,0.0154770938441357,0.0487749935930287,0.300167219319702,0.4879716383250184,mean-disjoint-OLS,disjoint,mean,OLS,universal_moving_maxima_q99_xi0.03_theta1.00,,,,,,
universal,moving_maxima_q99,0.03,1.0,0.0,sliding_mode_fgls,365.0,100,94,0.0122360789877684,0.0071318308474713,-0.0177639210122315,0.0178699185459877,0.5956639515329246,0.2286378981155607,0.6346128779115621,0.4638779876494636,0.7518480029679688,0.1499531187808008,0.1313726510083367,0.0843113508077989,0.1973425871492356,0.1568002237971658,0.0943628715613402,100,0.1323346497367164,0.0870160339616847,0.1985576624101505,0.94,10.0,17.0,0.009436287156134,0.1473639366410318,0.1662365109532999,0.0007131830847471,0.022863789811556,0.0237486841740758,0.8752303146877748,0.9722142547333432,mode-sliding-FGLS,sliding,mode,FGLS,universal_moving_maxima_q99_xi0.03_theta1.00,,,,,,
universal,moving_maxima_q99,0.03,1.0,0.0,sliding_mode_ols,365.0,100,3,0.0123449661351208,0.0070775006500855,-0.0176550338648791,0.0177461269164283,0.5915375638809433,0.2281170312532575,0.6323940948520146,0.4571292305125402,0.7487928741469443,0.0030682335609019,0.0026122118964301,0.0012325549910361,0.0040391554573754,0.6530242577139289,0.2913323853696525,100,0.7171583228001444,0.4727083608404044,0.8645444437650989,0.03,10.0,17.0,0.0291332385369652,0.6238910191769637,0.6821574962508942,0.0007077500650085,0.0228117031253257,0.0170587221092319,0.0102543382234148,0.0845207808040269,mode-sliding-OLS,sliding,mode,OLS,universal_moving_maxima_q99_xi0.03_theta1.00,,,,,,
universal,moving_maxima_q99,0.03,1.0,0.0,disjoint_mode_fgls,365.0,100,94,0.0264338616459631,0.0181941399446406,-0.0035661383540368,0.0145972161053401,0.4865738701780047,0.3780674554507245,0.3972918911822128,0.2326045267105142,0.6123824434308298,0.1163370572140173,0.107828771782584,0.0711900004836464,0.1531825658492115,0.1355114600318353,0.0812616858198665,100,0.1156935011225919,0.0789973835884691,0.1707688730079434,0.94,9.0,16.0,0.0081261685819866,0.1273852914498487,0.1436376286138219,0.001819413994464,0.0378067455450724,0.0237486841740758,0.8752303146877748,0.9722142547333432,mode-disjoint-FGLS,disjoint,mode,FGLS,universal_moving_maxima_q99_xi0.03_theta1.00,,,,,,
universal,moving_maxima_q99,0.03,1.0,0.0,disjoint_mode_ols,365.0,100,37,0.0273171521205488,0.0181145601469679,-0.0026828478794511,0.0144400471920383,0.4813349064012781,0.3723595800546752,0.3884194183220695,0.264486891300452,0.5742805667038672,0.0201460868926578,0.0162282895962164,0.0085157794818999,0.0255534378924344,0.2900268612499711,0.3671573814935076,100,0.1753304553404152,0.0260590968868849,0.3470056349432642,0.37,9.0,16.0,0.0367157381493507,0.2533111231006204,0.3267425993993219,0.0018114560146967,0.0372359580054675,0.0482804308182932,0.2818221256950916,0.4677965242486688,mode-disjoint-OLS,disjoint,mode,OLS,universal_moving_maxima_q99_xi0.03_theta1.00,,,,,,
universal,moving_maxima_q99,0.1,1.0,0.0,sliding_median_fgls,365.0,100,96,0.0628473812097648,0.0333792344005884,-0.0371526187902351,0.0435241377565735,0.4352413775657351,0.2439154663545916,0.4191413476289032,0.2696187772046024,0.5899471660278301,0.2980674167265562,0.2550255304579536,0.1643882012711174,0.378909090477886,0.3152703414792056,0.1926965767515,100,0.2801542708958086,0.1873377807797396,0.3850581406008543,0.96,10.5,17.0,0.01926965767515,0.2960006838040556,0.3345399991543556,0.0033379234400588,0.0243915466354591,0.0195959179422654,0.9016278276739262,0.984336949448152,median-sliding-FGLS,sliding,median,FGLS,universal_moving_maxima_q99_xi0.10_theta1.00,,,,,,
universal,moving_maxima_q99,0.1,1.0,0.0,sliding_median_ols,365.0,100,14,0.0632736885801692,0.0337137560334565,-0.0367263114198308,0.0433588396571053,0.4335883965710531,0.2449663234988178,0.4190729618652148,0.2612498545029251,0.5867860986842446,0.0246938612825348,0.0193953980593369,0.0125201791580083,0.0342465895116391,1.3295321452121005,1.0427907449775444,100,1.1898445938012951,0.4480908684737645,1.8895633490722683,0.14,10.5,17.0,0.1042790744977544,1.225253070714346,1.433811219709855,0.0033713756033456,0.0244966323498817,0.0346987031457949,0.085262657544649,0.2213736038380723,median-sliding-OLS,sliding,median,OLS,universal_moving_maxima_q99_xi0.10_theta1.00,,,,,,
universal,moving_maxima_q99,0.1,1.0,0.0,disjoint_median_fgls,365.0,100,96,0.0777756475901767,0.049187665289895,-0.0222243524098232,0.0452555909142562,0.4525559091425626,0.2914757788404727,0.4371077305285187,0.25347014030667,0.6409520442319198,0.3084124746450422,0.2819918184264924,0.1962888936601254,0.3854039013514189,0.3377614827324251,0.2263562894852585,100,0.2910096295969234,0.2074710401010419,0.3987392992787862,0.96,9.0,16.0,0.0226356289485258,0.3151258537838993,0.3603971116809509,0.0049187665289895,0.0291475778840472,0.0195959179422654,0.9016278276739262,0.984336949448152,median-disjoint-FGLS,disjoint,median,FGLS,universal_moving_maxima_q99_xi0.10_theta1.00,,,,,,
universal,moving_maxima_q99,0.1,1.0,0.0,disjoint_median_ols,365.0,100,31,0.0771301464349345,0.0483091914995012,-0.0228698535650654,0.0447124837113719,0.4471248371137196,0.290291425488451,0.4093121997994404,0.2614019329437083,0.632393760735254,0.0490769592607269,0.0356760586330074,0.0233189135914762,0.0667339549050431,1.14371576871314,1.205023087043981,100,0.6615432906125935,0.1127853247932618,1.8276098332496464,0.31,9.0,16.0,0.1205023087043981,1.023213460008742,1.2642180774175382,0.0048309191499501,0.0290291425488451,0.0462493243193887,0.2277956320613237,0.4062623947795569,median-disjoint-OLS,disjoint,median,OLS,universal_moving_maxima_q99_xi0.10_theta1.00,,,,,,
universal,moving_maxima_q99,0.1,1.0,0.0,sliding_mean_fgls,365.0,100,100,0.0989246721885222,0.0157307976304083,-0.0010753278114777,0.0120973922673824,0.1209739226738244,0.1003996279416749,0.0926096877617613,0.0414546802512556,0.1649568718884335,0.241644415780652,0.2314566055323749,0.1518611373059817,0.3024465239140789,0.241644415780652,0.1221872325573435,100,0.2314566055323749,0.1518611373059817,0.3024465239140789,1.0,10.0,17.0,0.0122187232557343,0.2294256925249177,0.2538631390363864,0.0015730797630408,0.0100399627941674,0.0,0.963005192523998,1.0,mean-sliding-FGLS,sliding,mean,FGLS,universal_moving_maxima_q99_xi0.10_theta1.00,,,,,,
universal,moving_maxima_q99,0.1,1.0,0.0,sliding_mean_ols,365.0,100,3,0.0990049087370922,0.0157775868545379,-0.0009950912629077,0.0121008411883795,0.1210084118837951,0.1010064372576539,0.0920436236024579,0.0431678617922736,0.1639115226200331,0.0018470148023716,0.0016242717649949,0.0007303266316678,0.0024041489447526,0.4503401805256055,0.4003285041900667,100,0.3347613503657116,0.1362324820449384,0.6390960144342948,0.03,10.0,17.0,0.0400328504190066,0.4103073301065988,0.4903730309446121,0.0015777586854537,0.0101006437257653,0.0170587221092319,0.0102543382234148,0.0845207808040269,mean-sliding-OLS,sliding,mean,OLS,universal_moving_maxima_q99_xi0.10_theta1.00,,,,,,
universal,moving_maxima_q99,0.1,1.0,0.0,disjoint_mean_fgls,365.0,100,100,0.0965161456687637,0.0175819147725609,-0.0034838543312362,0.0143984877366195,0.1439848773661956,0.1058173009562982,0.1223415149041909,0.0634280777094156,0.2152504100524135,0.2418218812428587,0.2158414878437051,0.1433450965632011,0.3103410359678993,0.2418218812428587,0.1214924207657957,100,0.2158414878437051,0.1433450965632011,0.3103410359678993,1.0,9.0,16.0,0.0121492420765795,0.2296726391662791,0.2539711233194383,0.001758191477256,0.0105817300956298,0.0,0.963005192523998,1.0,mean-disjoint-FGLS,disjoint,mean,FGLS,universal_moving_maxima_q99_xi0.10_theta1.00,,,,,,
universal,moving_maxima_q99,0.1,1.0,0.0,disjoint_mean_ols,365.0,100,62,0.097460411713649,0.0181747438129223,-0.002539588286351,0.0146336479204773,0.1463364792047733,0.1097858138534909,0.1120853570180053,0.0685444599036295,0.2162195234405434,0.0307803076428245,0.0241684956904591,0.0161331665616262,0.0406649089701233,0.2176540099939219,0.3220112391099171,100,0.0511454134319943,0.0297693663093665,0.3213129016503901,0.62,9.0,16.0,0.0322011239109917,0.1854528860829302,0.2498551339049137,0.0018174743812922,0.010978581385349,0.0485386443980463,0.5220957382071033,0.7090255079986562,mean-disjoint-OLS,disjoint,mean,OLS,universal_moving_maxima_q99_xi0.10_theta1.00,,,,,,
universal,moving_maxima_q99,0.1,1.0,0.0,sliding_mode_fgls,365.0,100,93,0.0433788959711679,0.0320631909252295,-0.0566211040288321,0.0608698807730584,0.6086988077305846,0.2288695906525515,0.6383793633154902,0.4688232806147355,0.7943120201659184,0.4967718204032845,0.4800073654060527,0.2700161785149512,0.6357289036922573,0.547998546715699,0.3519521448273709,100,0.5022947846226857,0.2816776653552107,0.6722834226114159,0.93,10.0,16.5,0.035195214482737,0.5128033322329619,0.5831937611984361,0.0032063190925229,0.0228869590652551,0.0255147016443461,0.8625032899347026,0.965681175635936,mode-sliding-FGLS,sliding,mode,FGLS,universal_moving_maxima_q99_xi0.10_theta1.00,,,,,,
universal,moving_maxima_q99,0.1,1.0,0.0,sliding_mode_ols,365.0,100,3,0.0440823517038733,0.0339696435790871,-0.0559176482961266,0.0614454769329539,0.6144547693295397,0.2232980690142669,0.6427610035511453,0.4849373781510027,0.7883293204892393,0.0111648500360364,0.0090618292955998,0.0049875533495299,0.013949101487454,2.2502782954285023,0.9330823943663152,100,2.342576325668206,1.6487026801033895,2.989209690598846,0.03,10.0,16.5,0.0933082394366315,2.156970055991871,2.3435865348651337,0.0033969643579087,0.0223298069014266,0.0170587221092319,0.0102543382234148,0.0845207808040269,mode-sliding-OLS,sliding,mode,OLS,universal_moving_maxima_q99_xi0.10_theta1.00,,,,,,
universal,moving_maxima_q99,0.1,1.0,0.0,disjoint_mode_fgls,365.0,100,92,0.0844820732483119,0.0628594138001301,-0.015517926751688,0.0513164022757591,0.5131640227575915,0.3917360676625295,0.4435551569160756,0.1572645387811248,0.7509617153434274,0.3559014067776471,0.3139286474022371,0.1908900246642693,0.4451036484239959,0.4374473021657326,0.3498232843364478,100,0.3807945813074252,0.2290151957427826,0.5306524581345543,0.92,9.0,16.0,0.0349823284336447,0.4024649737320878,0.4724296305993773,0.006285941380013,0.0391736067662529,0.027129319932501,0.8500173312059693,0.9589070305141892,mode-disjoint-FGLS,disjoint,mode,FGLS,universal_moving_maxima_q99_xi0.10_theta1.00,,,,,,
universal,moving_maxima_q99,0.1,1.0,0.0,disjoint_mode_ols,365.0,100,33,0.0881986546443981,0.0647006294202857,-0.0118013453556018,0.0517267649072758,0.5172676490727579,0.4030092959973715,0.4217115009103035,0.2268923146288089,0.7748794465832797,0.0633142986135035,0.0494558460927067,0.0324396096085846,0.0813539319757854,1.1489503344704963,1.347937703316045,100,0.6510332740217919,0.1073469451467477,1.6719525477153288,0.33,9.0,16.0,0.1347937703316044,1.014156564138892,1.2837441048021008,0.0064700629420285,0.0403009295997371,0.0470212717820349,0.2456298379389545,0.4269483966028862,mode-disjoint-OLS,disjoint,mode,OLS,universal_moving_maxima_q99_xi0.10_theta1.00,,,,,,
universal,moving_maxima_q99,0.3,1.0,0.0,sliding_median_fgls,365.0,100,97,0.196794117162614,0.1134391831252944,-0.1032058828373859,0.1287841563414398,0.4292805211381326,0.2763774625955568,0.3977397285538444,0.2016231129968784,0.6185728803955074,0.78757310982889,0.7022059878470607,0.5027612362092162,0.998646230606806,0.8642810121248681,0.6047648373006975,100,0.7246316826775276,0.5210991470991228,1.0737257899424864,0.97,9.0,16.0,0.0604764837300697,0.8038045283947983,0.9247574958549378,0.0113439183125294,0.0276377462595556,0.0170587221092319,0.915479219195973,0.9897456617765852,median-sliding-FGLS,sliding,median,FGLS,universal_moving_maxima_q99_xi0.30_theta1.00,,,,,,
universal,moving_maxima_q99,0.3,1.0,0.0,sliding_median_ols,365.0,100,20,0.1971215108608465,0.1133458499305528,-0.1028784891391535,0.1294127373766856,0.4313757912556187,0.2712389128259527,0.4014032640375823,0.2003905345698801,0.632196982161216,0.064612038706954,0.0545085030678359,0.0284323062258105,0.0846836175358129,4.113725885199818,3.5409591709505253,100,3.798798345637093,0.7549985810316433,6.827910718547245,0.2,9.0,16.0,0.3540959170950525,3.7596299681047656,4.46782180229487,0.0113345849930552,0.0271238912825952,0.04,0.1333659225590988,0.2888309619265023,median-sliding-OLS,sliding,median,OLS,universal_moving_maxima_q99_xi0.30_theta1.00,,,,,,
universal,moving_maxima_q99,0.3,1.0,0.0,disjoint_median_fgls,365.0,100,96,0.2323061629952452,0.1444346228981737,-0.0676938370047547,0.1293322053263987,0.4311073510879959,0.3090186291490066,0.3900020586721252,0.1722581287314364,0.6284563437678786,0.8593890324398551,0.7984333352330437,0.4993349774511503,1.0661837716702696,0.9502965896102836,0.5607168897056215,100,0.8617620286032794,0.5724761852016971,1.1863951195198488,0.96,9.0,16.0,0.0560716889705621,0.8942249006397215,1.006368278580846,0.0144434622898173,0.0309018629149006,0.0195959179422654,0.9016278276739262,0.984336949448152,median-disjoint-FGLS,disjoint,median,FGLS,universal_moving_maxima_q99_xi0.30_theta1.00,,,,,,
universal,moving_maxima_q99,0.3,1.0,0.0,disjoint_median_ols,365.0,100,32,0.235369684362724,0.1427762535732769,-0.0646303156372759,0.1250369874970151,0.4167899583233839,0.3129103358628563,0.3760538611018719,0.1512097013594699,0.6233947742679461,0.1349300519008935,0.1088972742281507,0.0648356114418921,0.1852415757229358,3.3188835686978875,3.5773053480368966,100,2.0587383472049945,0.2657107271381058,5.403841470860989,0.32,9.0,16.0,0.3577305348036896,2.961153033894198,3.676614103501577,0.0142776253573276,0.0312910335862856,0.0466476151587624,0.2366901081545688,0.4166280225367919,median-disjoint-OLS,disjoint,median,OLS,universal_moving_maxima_q99_xi0.30_theta1.00,,,,,,
universal,moving_maxima_q99,0.3,1.0,0.0,sliding_mean_fgls,365.0,100,100,0.2987512113640448,0.0641667288004063,-0.0012487886359551,0.0499663594900753,0.1665545316335845,0.1332119728183132,0.1330100426484293,0.0633394649279633,0.240865269317459,0.8086638230579375,0.6449801058584311,0.4400655409595119,1.0792852676966742,0.8086638230579375,0.514436956477273,100,0.6449801058584311,0.4400655409595119,1.0792852676966742,1.0,10.0,18.5,0.0514436956477273,0.7572201274102102,0.8601075187056648,0.0064166728800406,0.0133211972818313,0.0,0.963005192523998,1.0,mean-sliding-FGLS,sliding,mean,FGLS,universal_moving_maxima_q99_xi0.30_theta1.00,,,,,,
universal,moving_maxima_q99,0.3,1.0,0.0,sliding_mean_ols,365.0,100,5,0.2991816241333426,0.0646585127790562,-0.0008183758666573,0.0502727402444417,0.1675758008148057,0.1345165250228139,0.1331140051225882,0.0624332199988949,0.2400879250370752,0.0061752567813597,0.0043357211666078,0.0029241886732357,0.0076784667151018,1.8957148777971184,1.5829136866081006,100,1.507240472392779,0.6517209037729783,2.7707259862357976,0.05,10.0,18.5,0.15829136866081,1.7374235091363082,2.054006246457928,0.0064658512779056,0.0134516525022813,0.0217944947177033,0.0215433614563135,0.1117519652720881,mean-sliding-OLS,sliding,mean,OLS,universal_moving_maxima_q99_xi0.30_theta1.00,,,,,,
universal,moving_maxima_q99,0.3,1.0,0.0,disjoint_mean_fgls,365.0,100,100,0.300712337718834,0.0793501010282498,0.000712337718834,0.061253254607122,0.2041775153570734,0.1669028754755321,0.1797636550330731,0.0831052841273632,0.2707831129231203,0.7405100918499585,0.6614508573249809,0.4268423740217446,0.9343101099591472,0.7405100918499585,0.4438443731036767,100,0.6614508573249809,0.4268423740217446,0.9343101099591472,1.0,8.0,16.0,0.0443844373103676,0.6961256545395909,0.7848945291603262,0.0079350101028249,0.0166902875475532,0.0,0.963005192523998,1.0,mean-disjoint-FGLS,disjoint,mean,FGLS,universal_moving_maxima_q99_xi0.30_theta1.00,,,,,,
universal,moving_maxima_q99,0.3,1.0,0.0,disjoint_mean_ols,365.0,100,36,0.3006113752433961,0.0793613986831198,0.0006113752433961,0.0611707878870323,0.2039026262901077,0.1672970493982766,0.1827154176392298,0.0747219058253487,0.2828273131568348,0.0695142668126191,0.0575587642224877,0.037440029474174,0.0893840680201854,1.5163059324995054,1.894627601200703,100,0.707901441653501,0.1145234867993245,2.232990523796511,0.36,8.0,16.0,0.1894627601200703,1.3268431723794352,1.7057686926195756,0.0079361398683119,0.0167297049398276,0.048,0.2727107459049014,0.4576478001883791,mean-disjoint-OLS,disjoint,mean,OLS,universal_moving_maxima_q99_xi0.30_theta1.00,,,,,,
universal,moving_maxima_q99,0.3,1.0,0.0,sliding_mode_fgls,365.0,100,93,0.1350286597161908,0.0955402719465167,-0.1649713402838091,0.1768943349486369,0.5896477831621232,0.2359545293298446,0.6203273387265161,0.4052427141763791,0.7461589318567299,1.1382442156837729,0.9633364939972155,0.6487463306544362,1.4664247061639355,1.2931298168475025,0.7648936283720903,100,1.187949669339881,0.7378347348157288,1.6081707697031469,0.93,10.0,17.0,0.076489362837209,1.2166404540102935,1.3696191796847117,0.0095540271946516,0.0235954529329844,0.0255147016443461,0.8625032899347026,0.965681175635936,mode-sliding-FGLS,sliding,mode,FGLS,universal_moving_maxima_q99_xi0.30_theta1.00,,,,,,
universal,moving_maxima_q99,0.3,1.0,0.0,sliding_mode_ols,365.0,100,1,0.137843078736314,0.0991943968906016,-0.1621569212636859,0.1762189141608875,0.587396380536292,0.2364841259427337,0.625859577494255,0.399568404350773,0.7389313559755497,0.0315923981502004,0.0216601668430572,0.0135943063249938,0.039228908349036,6.459380401146376,2.8441814099451213,100,7.070322152062152,4.261705886360457,8.501249741911995,0.01,10.0,17.0,0.2844181409945121,6.1749622601518634,6.743798542140889,0.0099194396890601,0.0236484125942733,0.0099498743710662,0.0017673865655472,0.0544875247609346,mode-sliding-OLS,sliding,mode,OLS,universal_moving_maxima_q99_xi0.30_theta1.00,,,,,,
universal,moving_maxima_q99,0.3,1.0,0.0,disjoint_mode_fgls,365.0,100,95,0.2535580127591104,0.1704700690797374,-0.0464419872408895,0.141832229826501,0.4727740994216702,0.3483151811495636,0.4187895459109623,0.2101540892598498,0.6731489120809547,0.927114673277742,0.8195447272364819,0.5775321905832924,1.1461705310625612,1.0092121436512027,0.6008528352523226,100,0.8988933423490559,0.6265392096426214,1.2027817015587106,0.95,9.0,16.0,0.0600852835252322,0.9491268601259704,1.069297427176435,0.0170470069079737,0.0348315181149563,0.0217944947177033,0.8882480347279118,0.9784566385436864,mode-disjoint-FGLS,disjoint,mode,FGLS,universal_moving_maxima_q99_xi0.30_theta1.00,,,,,,
universal,moving_maxima_q99,0.3,1.0,0.0,disjoint_mode_ols,365.0,100,33,0.2561217323614034,0.1703878092783552,-0.0438782676385965,0.138218723156321,0.4607290771877366,0.3602370530657143,0.3610602787863504,0.2156991924324813,0.6303256838195737,0.1766654110124043,0.1375387819302579,0.0962896110340178,0.1829043316771451,3.248461499148651,3.773416959811384,100,1.8875743513913792,0.3367802490722381,5.00315387145158,0.33,9.0,16.0,0.3773416959811384,2.8711198031675127,3.6258031951297895,0.0170387809278355,0.0360237053065714,0.0470212717820349,0.2456298379389545,0.4269483966028862,mode-disjoint-OLS,disjoint,mode,OLS,universal_moving_maxima_q99_xi0.30_theta1.00,,,,,,
universal,moving_maxima_q99,1.0,1.0,0.0,sliding_median_fgls,365.0,100,95,0.6593005534572807,0.4269759244469807,-0.3406994465427193,0.4796263688465731,0.4796263688465731,0.2592140701816706,0.4852604123029493,0.2501494372942758,0.6899534799754932,2.637362069594921,2.4335771106025863,1.6701517368721763,3.200524569188124,2.9402442017177197,1.901389379256515,100,2.6425875762386335,1.787036823162458,3.384768555368111,0.95,10.0,16.5,0.1901389379256515,2.750105263792068,3.1303831396433712,0.042697592444698,0.025921407018167,0.0217944947177033,0.8882480347279118,0.9784566385436864,median-sliding-FGLS,sliding,median,FGLS,universal_moving_maxima_q99_xi1.00_theta1.00,,,,,,
universal,moving_maxima_q99,1.0,1.0,0.0,sliding_median_ols,365.0,100,19,0.6698931160987446,0.4269522465996506,-0.3301068839012553,0.4721892838651678,0.4721892838651678,0.2591227891720523,0.4735786227617289,0.2437937359560993,0.6576436617827872,0.2605258083855793,0.2226439567156402,0.1417560049554962,0.3629091542374281,14.512307280792248,11.49340901891242,100,14.53136468753629,2.7610846828151843,23.825711886338222,0.19,10.0,16.5,1.149340901891242,13.362966378901008,15.66164818268349,0.042695224659965,0.0259122789172052,0.039230090491866,0.1251465399270426,0.2777902407080785,median-sliding-OLS,sliding,median,OLS,universal_moving_maxima_q99_xi1.00_theta1.00,,,,,,
universal,moving_maxima_q99,1.0,1.0,0.0,disjoint_median_fgls,365.0,100,97,0.7129248003067655,0.4580744829938455,-0.2870751996932344,0.441072283865361,0.441072283865361,0.31075229723601,0.3970623273861235,0.2064935754602288,0.6086958886718534,2.7966708555855155,2.493654402697722,1.8146530382611872,3.656439763732683,2.9672774806687654,1.79291513328728,100,2.5461351194698625,1.8937339886760207,3.712381421327298,0.97,10.0,16.0,0.179291513328728,2.7879859673400373,3.1465689939974935,0.0458074482993845,0.031075229723601,0.0170587221092319,0.915479219195973,0.9897456617765852,median-disjoint-FGLS,disjoint,median,FGLS,universal_moving_maxima_q99_xi1.00_theta1.00,,,,,,
universal,moving_maxima_q99,1.0,1.0,0.0,disjoint_median_ols,365.0,100,36,0.7235918790286264,0.458123971231951,-0.2764081209713735,0.4354128403319776,0.4354128403319776,0.3091139260742808,0.3573395124491502,0.1868957420543557,0.6124938177762,0.4981937514036277,0.4392767634904643,0.2621445907724271,0.6143155293698521,10.72028492070641,11.74507542129834,100,7.156236130257586,0.8277944857423437,17.137473134236032,0.36,10.0,16.0,1.174507542129834,9.545777378576576,11.894792462836245,0.0458123971231951,0.030911392607428,0.048,0.2727107459049014,0.4576478001883791,median-disjoint-OLS,disjoint,median,OLS,universal_moving_maxima_q99_xi1.00_theta1.00,,,,,,
universal,moving_maxima_q99,1.0,1.0,0.0,sliding_mean_fgls,365.0,100,98,0.7736557404264809,0.1512925080514649,-0.2263442595735191,0.227852103873804,0.227852103873804,0.1489887507269429,0.2039824787466102,0.1059794165282497,0.311623543588567,3.749134258187013,3.2217117409195133,1.704265646432786,5.013294963820136,3.810096746040443,2.795081737804125,100,3.24386465682813,1.7776809614121272,5.050975179930418,0.98,9.0,19.0,0.2795081737804125,3.5305885722600303,4.0896049198208555,0.0151292508051464,0.0148988750726942,0.014,0.9299868370580064,0.9944981477650318,mean-sliding-FGLS,sliding,mean,FGLS,universal_moving_maxima_q99_xi1.00_theta1.00,,,,,,
universal,moving_maxima_q99,1.0,1.0,0.0,sliding_mean_ols,365.0,100,0,0.7737884726240367,0.1513215604118274,-0.2262115273759633,0.2277461356564901,0.2277461356564901,0.1489782890775776,0.2039563052531738,0.1060112003744411,0.3111051627711948,0.00716298005156,0.0068038985208277,0.0037313882644972,0.0097251104500384,8.973748805279962,5.9383801329175245,100,8.08989682164512,4.202909893360888,12.211807504182367,0.0,9.0,19.0,0.5938380132917525,8.379910791988209,9.567586818571716,0.0151321560411827,0.0148978289077577,0.0,0.0,0.0369948074760019,mean-sliding-OLS,sliding,mean,OLS,universal_moving_maxima_q99_xi1.00_theta1.00,,,,,,
universal,moving_maxima_q99,1.0,1.0,0.0,disjoint_mean_fgls,365.0,100,100,0.7919255930278739,0.1524635068903351,-0.2080744069721261,0.2166157953246188,0.2166157953246188,0.1399322555311369,0.208539508143291,0.1125373182201743,0.2804282738133885,4.2704478717235,3.022673816300859,1.9451913668003344,5.077816088691005,4.2704478717235,4.0507904721993135,100,3.022673816300859,1.9451913668003344,5.077816088691005,1.0,8.0,16.0,0.4050790472199314,3.865368824503569,4.675526918943432,0.0152463506890335,0.0139932255531136,0.0,0.963005192523998,1.0,mean-disjoint-FGLS,disjoint,mean,FGLS,universal_moving_maxima_q99_xi1.00_theta1.00,,,,,,
universal,moving_maxima_q99,1.0,1.0,0.0,disjoint_mean_ols,365.0,100,6,0.7935885449370921,0.1529472122787285,-0.2064114550629079,0.2152999157384569,0.2152999157384569,0.1400236499165619,0.207464949191593,0.1124313012360557,0.2728785821777865,0.1235590289959287,0.0842284129681235,0.047761560235515,0.1620027202149884,6.528234354313098,5.048252516757757,100,5.9241745006791255,2.661163879522134,9.15206707080909,0.06,8.0,16.0,0.5048252516757757,6.023409102637323,7.033059605988874,0.0152947212278728,0.0140023649916561,0.0237486841740758,0.0277857452666566,0.124769685312225,mean-disjoint-OLS,disjoint,mean,OLS,universal_moving_maxima_q99_xi1.00_theta1.00,,,,,,
universal,moving_maxima_q99,1.0,1.0,0.0,sliding_mode_fgls,365.0,100,93,0.6240271355820196,0.3365651711454369,-0.3759728644179804,0.4401539486660446,0.4401539486660446,0.2456972135447661,0.4325104150771324,0.252444018713625,0.6280709331371774,3.202935997926937,2.6035169735008363,1.830213206625056,4.164103409164285,3.631835099765467,2.3476945647087595,100,2.937391907247044,2.0644752395997177,4.452666830424879,0.93,10.0,17.0,0.2347694564708759,3.397065643294592,3.8666045562363434,0.0336565171145436,0.0245697213544766,0.0255147016443461,0.8625032899347026,0.965681175635936,mode-sliding-FGLS,sliding,mode,FGLS,universal_moving_maxima_q99_xi1.00_theta1.00,,,,,,
universal,moving_maxima_q99,1.0,1.0,0.0,sliding_mode_ols,365.0,100,10,0.6306308630797397,0.3485661062569516,-0.3693691369202603,0.438418655611058,0.438418655611058,0.2552597980355767,0.4408933216053768,0.2295920956819515,0.645847600659051,0.1329715993409738,0.111832957792863,0.0523970737551097,0.1831356471943672,15.23025094652582,10.52420159177252,100,15.14568560586902,6.448191513320909,23.773312963046585,0.1,10.0,17.0,1.052420159177252,14.177830787348569,16.28267110570307,0.0348566106256951,0.0255259798035576,0.03,0.0552285416131361,0.1743673043676654,mode-sliding-OLS,sliding,mode,OLS,universal_moving_maxima_q99_xi1.00_theta1.00,,,,,,
universal,moving_maxima_q99,1.0,1.0,0.0,disjoint_mode_fgls,365.0,100,90,0.6645013476911978,0.885470814879611,-0.3354986523088022,0.7372392705306265,0.7372392705306265,0.59054467415578,0.5646748159772983,0.2995237740487884,1.0129389556295507,3.3946509137582956,3.1702205420791696,2.234715768553286,4.354900932367806,4.557468019885163,5.5704845875761375,100,3.3339194272072117,2.511685321330039,4.765495134076671,0.9,10.0,17.0,0.5570484587576138,4.000419561127549,5.114516478642777,0.0885470814879611,0.059054467415578,0.03,0.8256326956323347,0.944771458386864,mode-disjoint-FGLS,disjoint,mode,FGLS,universal_moving_maxima_q99_xi1.00_theta1.00,,,,,,
universal,moving_maxima_q99,1.0,1.0,0.0,disjoint_mode_ols,365.0,100,43,0.7033943807744193,0.8252697416227381,-0.2966056192255807,0.6909806747229464,0.6909806747229464,0.5363362859301484,0.565503218969445,0.2890266697554425,1.0023689923784709,1.0659847664897653,0.7741777822349318,0.4644795717778715,1.2827571142364378,14.339813962618358,19.10679596532285,100,4.84867335377609,1.287576027938374,21.9390953608164,0.43,10.0,17.0,1.910679596532285,12.429134366086071,16.25049355915064,0.0825269741622738,0.0536336285930148,0.0495075751779462,0.3373313900052838,0.5278478830413564,mode-disjoint-OLS,disjoint,mode,OLS,universal_moving_maxima_q99_xi1.00_theta1.00,,,,,,
universal,moving_maxima_q99,3.0,1.0,0.0,sliding_median_fgls,365.0,100,97,1.881577993929988,0.9707648610275352,-1.118422006070012,1.28774617738872,0.4292487257962399,0.2428640688784707,0.4222138660008691,0.2561268182611987,0.6388532620655193,8.545109248290709,7.415938788970158,4.885935670708668,10.8935774283115,9.11010650380388,5.731053307949563,100,7.831991698552239,5.58835515393891,11.099974950773529,0.97,10.0,17.0,0.5731053307949563,8.537001173008925,9.683211834598836,0.0970764861027535,0.024286406887847,0.0170587221092319,0.915479219195973,0.9897456617765852,median-sliding-FGLS,sliding,median,FGLS,universal_moving_maxima_q99_xi3.00_theta1.00,,,,,,
universal,moving_maxima_q99,3.0,1.0,0.0,sliding_median_ols,365.0,100,18,1.881475833106071,0.9935249499913534,-1.1185241668939292,1.3017335153311325,0.4339111717770441,0.244767251267758,0.4400108374203242,0.2630822805458838,0.6291659515299759,0.7801646667880199,0.6615895207157768,0.4447190420737215,1.0418346768237607,39.40491716224983,30.202100114927102,100,39.479368168348465,5.702966249329099,63.231998778363135,0.18,10.0,17.0,3.0202100114927104,36.38470715075712,42.42512717374254,0.0993524949991353,0.0244767251267758,0.038418745424597,0.1170013165425103,0.2666753602421308,median-sliding-OLS,sliding,median,OLS,universal_moving_maxima_q99_xi3.00_theta1.00,,,,,,
universal,moving_maxima_q99,3.0,1.0,0.0,disjoint_median_fgls,365.0,100,98,2.4289263196231237,1.2226056177948317,-0.5710736803768762,1.0588171395941657,0.3529390465313884,0.2772415561804601,0.3010869043039008,0.0915934855692152,0.5072549553347775,8.869787823326803,8.22396756462182,4.849250269911023,12.702474781297791,8.947083451395264,4.690170074385273,100,8.290992425706069,4.849250269911023,12.702474781297791,0.98,9.0,17.0,0.4690170074385273,8.478066443956736,9.41610045883379,0.1222605617794831,0.027724155618046,0.014,0.9299868370580064,0.9944981477650318,median-disjoint-FGLS,disjoint,median,FGLS,universal_moving_maxima_q99_xi3.00_theta1.00,,,,,,
universal,moving_maxima_q99,3.0,1.0,0.0,disjoint_median_ols,365.0,100,38,2.4482192360398365,1.20154890420185,-0.5517807639601635,1.046463858709999,0.3488212862366663,0.2677289396318381,0.3084405703540036,0.0998450991812539,0.5065663229466391,1.3964814815983155,1.004521144699174,0.709096014933521,1.5567486988164458,26.85979609331405,30.392163780035933,100,14.518678352727722,2.0446529109323355,45.16206404802619,0.38,9.0,17.0,3.0392163780035935,23.820579715310455,29.899012471317644,0.1201548904201849,0.0267728939631838,0.0485386443980463,0.2909744920013438,0.4779042617928966,median-disjoint-OLS,disjoint,median,OLS,universal_moving_maxima_q99_xi3.00_theta1.00,,,,,,
universal,moving_maxima_q99,3.0,1.0,0.0,sliding_mean_fgls,365.0,100,80,0.9714244315364344,0.1717358221849643,-2.0285755684635656,2.0285755684635656,0.6761918561545218,0.0572452740616547,0.6566250841638659,0.654176480213966,0.6682365562683211,8.309337171570249,7.462136600704324,4.35553813368221,11.326968599237992,12.039444387610772,8.24788000354808,100,9.497534429224704,6.543653431818089,14.268013750050985,0.8,8.0,21.0,0.8247880003548079,11.214656387255964,12.86423238796558,0.0171735822184964,0.0057245274061654,0.04,0.7111690380734977,0.8666340774409013,mean-sliding-FGLS,sliding,mean,FGLS,universal_moving_maxima_q99_xi3.00_theta1.00,,,,,,
universal,moving_maxima_q99,3.0,1.0,0.0,sliding_mean_ols,365.0,100,0,0.9714491050647892,0.1717373069379868,-2.0285508949352105,2.0285508949352105,0.6761836316450701,0.0572457689793289,0.6566109849109785,0.6541725679092459,0.6682235369949129,0.0076871369936133,0.0072917828300165,0.0059149616764532,0.0074926476305272,80.99598019452978,6.839693363065002,100,78.68176545314334,78.35976370656266,80.02770675503027,0.0,8.0,21.0,0.6839693363065001,80.31201085822327,81.67994953083628,0.0171737306937986,0.0057245768979328,0.0,0.0,0.0369948074760019,mean-sliding-OLS,sliding,mean,OLS,universal_moving_maxima_q99_xi3.00_theta1.00,,,,,,
universal,moving_maxima_q99,3.0,1.0,0.0,disjoint_mean_fgls,365.0,100,91,0.968386635708691,0.0818670100988116,-2.031613364291309,2.031613364291309,0.6772044547637697,0.0272890033662705,0.6695132388638854,0.6690724929911956,0.673282126421763,18.870809859852297,15.08567039271088,8.794618090441965,28.128868941337853,21.529138813778363,13.505358863171502,100,17.751559330196546,10.31660977810296,31.602075712026743,0.91,8.0,12.0,1.3505358863171502,20.178602927461213,22.879674700095514,0.0081867010098811,0.002728900336627,0.0286181760425083,0.8377362530335634,0.9519280048361152,mean-disjoint-FGLS,disjoint,mean,FGLS,universal_moving_maxima_q99_xi3.00_theta1.00,,,,,,
universal,moving_maxima_q99,3.0,1.0,0.0,disjoint_mean_ols,365.0,100,0,0.9675946963122576,0.0815253123600961,-2.0324053036877423,2.0324053036877423,0.6774684345625808,0.027175104120032,0.6696204690234313,0.6695032998864661,0.6735083919699606,0.0930351526938768,0.0337016172233234,0.0334318185590616,0.0469480969857159,79.52854424632604,1.5764121821951262,100,79.70218362645406,79.65829077732637,79.8091875716162,0.0,8.0,12.0,0.1576412182195126,79.37090302810653,79.68618546454555,0.0081525312360096,0.0027175104120032,0.0,0.0,0.0369948074760019,mean-disjoint-OLS,disjoint,mean,OLS,universal_moving_maxima_q99_xi3.00_theta1.00,,,,,,
universal,moving_maxima_q99,3.0,1.0,0.0,sliding_mode_fgls,365.0,100,90,1.4098629912133538,1.409337131139046,-1.5901370087866462,1.852513499458312,0.6175044998194373,0.3454202987673734,0.6733133844201216,0.2838186092568786,0.9999999999994126,7.996194012103733,7.419155237377115,5.128116197475174,10.287538279661716,11.633185458319325,12.36684613416547,100,8.143607449444353,5.667475122487836,11.119058265667082,0.9,12.0,18.0,1.236684613416547,10.396500844902778,12.869870071735871,0.1409337131139046,0.0345420298767373,0.03,0.8256326956323347,0.944771458386864,mode-sliding-FGLS,sliding,mode,FGLS,universal_moving_maxima_q99_xi3.00_theta1.00,,,,,,
universal,moving_maxima_q99,3.0,1.0,0.0,sliding_mode_ols,365.0,100,14,1.4410558474180053,1.4275637762855524,-1.5589441525819947,1.8470761170936485,0.6156920390312162,0.3410184193709597,0.6610828468503163,0.2382821477294492,0.9999999999999968,0.694530402165813,0.5102652583288674,5.606394912656463e-14,1.0607496039953104,63.16407695659142,46.5570969157457,100,61.14193848551183,14.819763467696678,119.99999999999858,0.14,12.0,18.0,4.65570969157457,58.50836726501685,67.81978664816599,0.1427563776285552,0.0341018419370959,0.0346987031457949,0.085262657544649,0.2213736038380723,mode-sliding-OLS,sliding,mode,OLS,universal_moving_maxima_q99_xi3.00_theta1.00,,,,,,
universal,moving_maxima_q99,3.0,1.0,0.0,disjoint_mode_fgls,365.0,100,77,2.4942406560510433,2.8972710952304617,-0.5057593439489566,2.1210892537678387,0.7070297512559462,0.6756142728343004,0.5743499316377647,0.2809374540757498,0.9922508395339223,7.077560724544187,6.566178459911399,4.197532812692848,9.036067037503464,22.71855277104835,60.98916578170494,100,8.876748610531198,5.672997700526446,14.230403810036952,0.77,9.5,16.0,6.098916578170494,16.619636192877856,28.817469349218847,0.2897271095230461,0.06756142728343,0.0420832508250016,0.6784543514317231,0.841568452531236,mode-disjoint-FGLS,disjoint,mode,FGLS,universal_moving_maxima_q99_xi3.00_theta1.00,,,,,,
universal,moving_maxima_q99,3.0,1.0,0.0,disjoint_mode_ols,365.0,100,36,2.347977504685103,2.4654420632637186,-0.6520224953148973,2.055870046334225,0.6852900154447417,0.4987247720674951,0.5746887288472807,0.3265419778287305,0.9999999999999984,2.378806621260008,1.9935419891247304,0.914015835089778,3.2102215846108013,52.568717656105,56.34953784068544,100,34.77263927019492,4.162883997306961,95.59953266024876,0.36,9.5,16.0,5.634953784068545,46.93376387203646,58.203671440173544,0.2465442063263718,0.0498724772067495,0.048,0.2727107459049014,0.4576478001883791,mode-disjoint-OLS,disjoint,mode,OLS,universal_moving_maxima_q99_xi3.00_theta1.00,,,,,,
universal,moving_maxima_q99,10.0,1.0,0.0,sliding_median_fgls,365.0,100,96,7.076145344452552,3.932700360201869,-2.923854655547448,4.189903366177293,0.4189903366177293,0.252364707844194,0.4052243257199052,0.2183610648338629,0.597364645628636,29.501560410180744,27.70862475965349,19.21350501588483,36.40785337410431,31.66536365292883,18.90682443302229,100,28.981989459515347,20.204062799187824,37.34389403660868,0.96,10.0,16.0,1.8906824433022291,29.7746812096266,33.55604609623106,0.3932700360201868,0.0252364707844194,0.0195959179422654,0.9016278276739262,0.984336949448152,median-sliding-FGLS,sliding,median,FGLS,universal_moving_maxima_q99_xi10.00_theta1.00,,,,,,
universal,moving_maxima_q99,10.0,1.0,0.0,sliding_median_ols,365.0,100,17,7.05417417425937,3.9251651697951018,-2.94582582574063,4.2255622267788056,0.4225562226778805,0.2477243102968201,0.4241495819069022,0.2145011325971568,0.6067758316233849,2.523849802887754,1.9773592785228913,1.2338483011696004,3.218752047853227,129.26021947830722,103.11746108581607,100,108.89786974005918,34.08976080063937,197.96836613623657,0.17,10.0,16.0,10.311746108581607,118.9484733697256,139.57196558688884,0.3925165169795101,0.024772431029682,0.0375632799419859,0.1089347605977315,0.2554818123364297,median-sliding-OLS,sliding,median,OLS,universal_moving_maxima_q99_xi10.00_theta1.00,,,,,,
universal,moving_maxima_q99,10.0,1.0,0.0,disjoint_median_fgls,365.0,100,98,7.9395395829769395,4.212472874079018,-2.0604604170230605,3.7930725817358666,0.3793072581735866,0.2738719002610172,0.3585389593172067,0.1345040407591568,0.5846968492819613,31.594265186896212,27.7708357531372,18.49263194790249,40.75307019265296,33.31349831140036,19.54832709613794,100,27.984405978963792,18.924795434761336,41.88750643117371,0.98,9.0,16.0,1.954832709613794,31.35866560178657,35.268331021014156,0.4212472874079018,0.0273871900261017,0.014,0.9299868370580064,0.9944981477650318,median-disjoint-FGLS,disjoint,median,FGLS,universal_moving_maxima_q99_xi10.00_theta1.00,,,,,,
universal,moving_maxima_q99,10.0,1.0,0.0,disjoint_median_ols,365.0,100,37,7.887439892510251,4.111290898012832,-2.112560107489748,3.8064911334106113,0.3806491133410611,0.2602877424601633,0.3689047206209406,0.1584248394839801,0.580550248688951,4.637374520411786,3.6860114104922017,2.5781608374543485,5.604435331319676,88.17011644683959,96.20596974415248,100,54.13660300778532,7.053679726173635,166.0528986086501,0.37,9.0,16.0,9.620596974415246,78.54951947242434,97.79071342125484,0.4111290898012832,0.0260287742460163,0.0482804308182932,0.2818221256950916,0.4677965242486688,median-disjoint-OLS,disjoint,median,OLS,universal_moving_maxima_q99_xi10.00_theta1.00,,,,,,
universal,moving_maxima_q99,10.0,1.0,0.0,sliding_mean_fgls,365.0,100,52,0.9462878394599148,0.2712172782431585,-9.053712160540083,9.053712160540083,0.9053712160540086,0.0271217278243158,0.8961959775119851,0.8961935529825922,0.896982745849192,24.514481488629244,19.0301650961987,9.120386882641368,30.073297107027106,105.79368309137897,92.46865335535736,100,50.93540987408859,28.50815908512169,193.71321786521983,0.52,8.0,21.0,9.246865335535736,96.54681775584322,115.04054842691468,0.0271217278243158,0.0027121727824315,0.0499599839871871,0.4231640509017654,0.6153561567991945,mean-sliding-FGLS,sliding,mean,FGLS,universal_moving_maxima_q99_xi10.00_theta1.00,,,,,,
universal,moving_maxima_q99,10.0,1.0,0.0,sliding_mean_ols,365.0,100,0,0.9462916102329604,0.2712166627952738,-9.05370838976704,9.05370838976704,0.905370838976704,0.0271216662795273,0.8961951543506428,0.8961934984191111,0.8969826964322398,0.0084602934897266,0.0074605393475759,0.0074251269760953,0.0074605411469095,361.9875900143768,10.82847690754023,100,358.3365875182302,358.3356491192952,358.7094734885681,0.0,8.0,21.0,1.082847690754023,360.9047423236228,363.0704377051308,0.0271216662795273,0.0027121666279527,0.0,0.0,0.0369948074760019,mean-sliding-OLS,sliding,mean,OLS,universal_moving_maxima_q99_xi10.00_theta1.00,,,,,,
universal,moving_maxima_q99,10.0,1.0,0.0,disjoint_mean_fgls,365.0,100,91,0.9796265196339248,0.0657576200318312,-9.020373480366075,9.020373480366075,0.9020373480366076,0.0065757620031831,0.9008496476873232,0.9007563522981628,0.9008523680977532,69.30062667059676,57.79515820618208,27.605753818782787,84.92042552008692,81.79439417265549,64.95899224889884,100,66.25739337045502,36.483976889761834,106.49480779470188,0.91,8.0,12.0,6.495899224889884,75.2984949477656,88.29029339754537,0.0065757620031831,0.0006575762003183,0.0286181760425083,0.8377362530335634,0.9519280048361152,mean-disjoint-FGLS,disjoint,mean,FGLS,universal_moving_maxima_q99_xi10.00_theta1.00,,,,,,
universal,moving_maxima_q99,10.0,1.0,0.0,disjoint_mean_ols,365.0,100,0,0.978824123848717,0.0655406208489137,-9.021175876151284,9.021175876151284,0.9021175876151284,0.0065540620848913,0.9008523698091828,0.9008523698091728,0.9008523706153694,0.0429100512300942,0.0336707242165396,0.0336707242147626,0.0336707260772016,360.0317440726795,1.9435004214998275,100,359.70120416355735,359.70120416355303,359.70120429473883,0.0,8.0,12.0,0.1943500421499827,359.8373940305295,360.2260941148295,0.0065540620848913,0.0006554062084891,0.0,0.0,0.0369948074760019,mean-disjoint-OLS,disjoint,mean,OLS,universal_moving_maxima_q99_xi10.00_theta1.00,,,,,,
universal,moving_maxima_q99,10.0,1.0,0.0,sliding_mode_fgls,365.0,100,71,3.437227224620889,4.679310818518672,-6.562772775379111,7.370782980747247,0.7370782980747247,0.3244036485323168,0.8450079985036167,0.497232149928989,0.9999999999999772,22.53606678638391,20.614065820891277,12.397617748766148,28.292133919604815,55.960411810214225,66.3821869084366,100,30.720416155739837,21.32567325602694,54.764069826220435,0.71,11.0,17.0,6.63821869084366,49.32219311937057,62.59863050105788,0.4679310818518671,0.0324403648532316,0.0453762052181537,0.6146092505999207,0.7898529302601586,mode-sliding-FGLS,sliding,mode,FGLS,universal_moving_maxima_q99_xi10.00_theta1.00,,,,,,
universal,moving_maxima_q99,10.0,1.0,0.0,sliding_mode_ols,365.0,100,13,3.3368025812105957,4.557139206774313,-6.663197418789403,7.478375031816984,0.7478375031816985,0.3020460413375113,0.8299548289115741,0.5258505862598717,0.9999999999999988,2.946431485894156,1.8124718806388893,6.419722319673691e-14,4.673526639451152,254.7115254725574,148.9070829678612,100,306.73135883429313,124.20669131234982,399.9999999999983,0.13,11.0,17.0,14.89070829678612,239.82081717577128,269.6022337693435,0.4557139206774313,0.0302046041337511,0.0336303434416004,0.0775709385841426,0.2098052189480987,mode-sliding-OLS,sliding,mode,OLS,universal_moving_maxima_q99_xi10.00_theta1.00,,,,,,
universal,moving_maxima_q99,10.0,1.0,0.0,disjoint_mode_fgls,365.0,100,74,8.988764847094574,9.36427673569171,-1.0112351529054266,7.854725251280601,0.78547252512806,0.5138355449303929,0.729905883197091,0.4469816977569195,0.997372280390823,23.36238625007823,21.75375012001575,16.284992688346705,29.095678722759615,70.46394404955792,115.93395210823724,100,28.12884015941055,20.240183446396944,46.54301655790569,0.74,11.0,17.0,11.593395210823724,58.8705488387342,82.05733926038165,0.936427673569171,0.0513835544930392,0.0438634243989226,0.6462882736813838,0.8159542187301354,mode-disjoint-FGLS,disjoint,mode,FGLS,universal_moving_maxima_q99_xi10.00_theta1.00,,,,,,
universal,moving_maxima_q99,10.0,1.0,0.0,disjoint_mode_ols,365.0,100,27,9.168914058180713,8.995192763709882,-0.8310859418192905,7.755354926545803,0.7755354926545803,0.4567068300600562,0.7928551315372095,0.4093816711178754,0.999999999999998,9.21426799066944,8.062781248479503,4.22393512217501,12.413957284870776,180.7491982617488,167.91831222553876,100,138.7419949094125,20.984828108391763,326.5066052595922,0.27,11.0,17.0,16.791831222553874,163.9573670391949,197.54102948430267,0.8995192763709883,0.0456706830060056,0.0443959457608462,0.1926946091766482,0.3643230022623127,mode-disjoint-OLS,disjoint,mode,OLS,universal_moving_maxima_q99_xi10.00_theta1.00,,,,,,
universal,pareto_additive_ar1,0.01,0.01,0.9998995016917585,sliding_median_fgls,365.0,100,100,0.002694992183893,5.828224232004748e-05,-0.0073050078161069,0.0073050078161069,0.7305007816106937,0.0058282242320047,0.7276384403363636,0.7262112747822727,0.7373093136857847,0.0697134651793201,0.0684073816715221,0.065254482864824,0.0740086334731738,0.0697134651793201,0.0057768616902116,100,0.0684073816715221,0.065254482864824,0.0740086334731738,1.0,8.0,21.0,0.0005776861690211,0.0691357790102989,0.0702911513483413,5.828224232004748e-06,0.0005828224232004,0.0,0.963005192523998,1.0,median-sliding-FGLS,sliding,median,FGLS,universal_pareto_additive_ar1_xi0.01_theta0.01,,,,,,
universal,pareto_additive_ar1,0.01,0.01,0.9998995016917585,sliding_median_ols,365.0,100,0,0.0026958740946709,5.846640670654502e-05,-0.007304125905329,0.007304125905329,0.7304125905329041,0.0058466406706545,0.7274833100224096,0.7261860729348818,0.7372613309782436,0.0004869080803457,0.0005097190968456,0.000437745566675,0.0005153884019842,0.2829137826865919,0.0030301872813925,100,0.2812830397456394,0.2807050921184079,0.2867853398498713,0.0,8.0,21.0,0.0003030187281392,0.2826107639584526,0.2832168014147311,5.846640670654502e-06,0.0005846640670654,0.0,0.0,0.0369948074760019,median-sliding-OLS,sliding,median,OLS,universal_pareto_additive_ar1_xi0.01_theta0.01,,,,,,
universal,pareto_additive_ar1,0.01,0.01,0.9998995016917585,disjoint_median_fgls,365.0,100,100,0.00264375318973,1.8156632853437847e-05,-0.0073562468102699,0.0073562468102699,0.7356246810269909,0.0018156632853437,0.7359704829904103,0.7346045444416518,0.736816385417626,0.2148442611660822,0.2155307662732194,0.2060504540600298,0.2207056096156229,0.2148442611660822,0.0108795267558603,100,0.2155307662732194,0.2060504540600298,0.2207056096156229,1.0,8.0,12.0,0.001087952675586,0.2137563084904962,0.2159322138416682,1.8156632853437848e-06,0.0001815663285343,0.0,0.963005192523998,1.0,median-disjoint-FGLS,disjoint,median,FGLS,universal_pareto_additive_ar1_xi0.01_theta0.01,,,,,,
universal,pareto_additive_ar1,0.01,0.01,0.9998995016917585,disjoint_median_ols,365.0,100,0,0.002645937652319,1.8194305512927025e-05,-0.0073540623476809,0.0073540623476809,0.7354062347680983,0.0018194305512927,0.7357765480321505,0.7343265983446405,0.7366408729155051,0.0023774612258587,0.0023731512664489,0.0023570382319064,0.0023984334125718,0.2489907306159225,0.0010530569207767,100,0.2492184042279091,0.2485844739235819,0.2496358174113756,0.0,8.0,12.0,0.0001053056920776,0.2488854249238448,0.2490960363080001,1.8194305512927025e-06,0.0001819430551292,0.0,0.0,0.0369948074760019,median-disjoint-OLS,disjoint,median,OLS,universal_pareto_additive_ar1_xi0.01_theta0.01,,,,,,
universal,pareto_additive_ar1,0.01,0.01,0.9998995016917585,sliding_mean_fgls,365.0,100,100,0.0027520033706193,1.9735992532199408e-06,-0.0072479966293806,0.0072479966293806,0.7247996629380609,0.0001973599253219,0.724798673017645,0.7246595562254257,0.7249367855699731,0.0450321901567085,0.0450551744674324,0.0436218685305883,0.0465066952421624,0.0450321901567085,0.0022389446707104,100,0.0450551744674324,0.0436218685305883,0.0465066952421624,1.0,8.0,21.0,0.000223894467071,0.0448082956896375,0.0452560846237796,1.973599253219941e-07,1.9735992532199417e-05,0.0,0.963005192523998,1.0,mean-sliding-FGLS,sliding,mean,FGLS,universal_pareto_additive_ar1_xi0.01_theta0.01,,,,,,
universal,pareto_additive_ar1,0.01,0.01,0.9998995016917585,sliding_mean_ols,365.0,100,0,0.0027511344026401,1.9675620564440316e-06,-0.0072488655973598,0.0072488655973598,0.7248865597359891,0.0001967562056443,0.7248862444293793,0.7247463724306888,0.7250218101037882,0.0005173580514104,0.0005173700470482,0.0005170599332669,0.000517646586311,0.2801248209175964,8.566294750215542e-05,100,0.2801223969194294,0.2800643636670664,0.2801856056715836,0.0,8.0,21.0,8.566294750215543e-06,0.2801162546228462,0.2801333872123466,1.9675620564440318e-07,1.967562056443915e-05,0.0,0.0,0.0369948074760019,mean-sliding-OLS,sliding,mean,OLS,universal_pareto_additive_ar1_xi0.01_theta0.01,,,,,,
universal,pareto_additive_ar1,0.01,0.01,0.9998995016917585,disjoint_mean_fgls,365.0,100,100,0.0026415559506671,2.783651561248934e-06,-0.0073584440493328,0.0073584440493328,0.7358444049332888,0.0002783651561248,0.7358757365645943,0.7356775007659735,0.7360184773739888,0.1454854320266906,0.1455522983142457,0.1409364534390879,0.1502444914923279,0.1454854320266906,0.0072336349745576,100,0.1455522983142457,0.1409364534390879,0.1502444914923279,1.0,8.0,12.0,0.0007233634974557,0.1447620685292348,0.1462087955241464,2.783651561248934e-07,2.7836515612488827e-05,0.0,0.963005192523998,1.0,mean-disjoint-FGLS,disjoint,mean,FGLS,universal_pareto_additive_ar1_xi0.01_theta0.01,,,,,,
universal,pareto_additive_ar1,0.01,0.01,0.9998995016917585,disjoint_mean_ols,365.0,100,0,0.0026425505101458,2.778368366621046e-06,-0.0073574494898541,0.0073574494898541,0.7357449489854153,0.0002778368366621,0.7357725533665054,0.7355758536121411,0.7359173978889972,0.0023598722610052,0.0023602628159818,0.0023568459003757,0.0023622282769765,0.2494604066350665,0.0001427566609588,100,0.2494629250973822,0.2493627842932846,0.2495331056117781,0.0,8.0,12.0,1.4275666095888886e-05,0.2494461309689707,0.2494746823011624,2.778368366621046e-07,2.7783683666211355e-05,0.0,0.0,0.0369948074760019,mean-disjoint-OLS,disjoint,mean,OLS,universal_pareto_additive_ar1_xi0.01_theta0.01,,,,,,
universal,pareto_additive_ar1,0.01,0.01,0.9998995016917585,sliding_mode_fgls,365.0,100,100,0.0016519013564021,0.0002653856096977,-0.0083480986435978,0.0083480986435978,0.8348098643597837,0.0265385609697736,0.8358443623736491,0.8203805991638049,0.8568541848058544,0.2150088985834114,0.1954742760414225,0.1435573137458459,0.2495083427626496,0.2150088985834114,0.0959514030877636,100,0.1954742760414225,0.1435573137458459,0.2495083427626496,1.0,8.0,19.0,0.0095951403087763,0.205413758274635,0.2246040388921878,2.653856096977364e-05,0.0026538560969773,0.0,0.963005192523998,1.0,mode-sliding-FGLS,sliding,mode,FGLS,universal_pareto_additive_ar1_xi0.01_theta0.01,,,,,,
universal,pareto_additive_ar1,0.01,0.01,0.9998995016917585,sliding_mode_ols,365.0,100,0,0.0016520440986029,0.0002655048812632,-0.008347955901397,0.008347955901397,0.8347955901397016,0.0265504881263287,0.8358869199134085,0.8203991082353785,0.8568188418561358,0.0002431292261462,0.0002607330187921,0.0001962205796002,0.0002807091100226,0.3292987807591013,0.0110756459960987,100,0.3291324308506476,0.3222212811182381,0.3391536542553156,0.0,8.0,19.0,0.0011075645996098,0.3281912161594914,0.3304063453587111,2.6550488126328747e-05,0.0026550488126328,0.0,0.0,0.0369948074760019,mode-sliding-OLS,sliding,mode,OLS,universal_pareto_additive_ar1_xi0.01_theta0.01,,,,,,
universal,pareto_additive_ar1,0.01,0.01,0.9998995016917585,disjoint_mode_fgls,365.0,100,100,-0.003943329340657,0.0043737182432921,-0.013943329340657,0.013943329340657,1.3943329340657016,0.437371824329216,1.5779511653429383,0.8343733320155025,1.742781667372583,0.3510849649283687,0.3481101985515998,0.3245801004839531,0.4976712824500406,0.3510849649283687,0.1397915441205366,100,0.3481101985515998,0.3245801004839531,0.4976712824500406,1.0,8.0,14.0,0.0139791544120536,0.337105810516315,0.3650641193404224,0.0004373718243292,0.0437371824329216,0.0,0.963005192523998,1.0,mode-disjoint-FGLS,disjoint,mode,FGLS,universal_pareto_additive_ar1_xi0.01_theta0.01,,,,,,
universal,pareto_additive_ar1,0.01,0.01,0.9998995016917585,disjoint_mode_ols,365.0,100,0,-0.0039397212233662,0.0043867178037225,-0.0139397212233662,0.0139397212233662,1.3939721223366244,0.4386717803722548,1.578529427068517,0.8320504930170693,1.7427899068293895,0.0051236905571481,0.0031697910961648,0.0021253542170789,0.0102656188833294,0.4602387283488356,0.2486901646868858,100,0.5919106059338574,0.1365322692670597,0.6729099355928307,0.0,8.0,14.0,0.0248690164686885,0.435369711880147,0.4851077448175242,0.0004386717803722,0.0438671780372254,0.0,0.0,0.0369948074760019,mode-disjoint-OLS,disjoint,mode,OLS,universal_pareto_additive_ar1_xi0.01_theta0.01,,,,,,
universal,pareto_additive_ar1,0.03,0.01,0.99969853537399,sliding_median_fgls,365.0,100,71,0.0020665987205319,0.0002612411563486,-0.027933401279468,0.027933401279468,0.9311133759822684,0.0087080385449553,0.9303216192400848,0.927452672343442,0.9346970425302554,0.0971856283552895,0.0618654914847445,0.0547413651860642,0.1524885686160304,0.1167606585402309,0.0556638579939532,100,0.1058671476959755,0.0629287549768908,0.1692860052376441,0.71,8.0,19.0,0.0055663857993953,0.1111942727408356,0.1223270443396262,2.6124115634866065e-05,0.0008708038544955,0.0453762052181537,0.6146092505999207,0.7898529302601586,median-sliding-FGLS,sliding,median,FGLS,universal_pareto_additive_ar1_xi0.03_theta0.01,,,,,,
universal,pareto_additive_ar1,0.03,0.01,0.99969853537399,sliding_median_ols,365.0,100,0,0.0020669117943446,0.0002613494420502,-0.0279330882056553,0.0279330882056553,0.9311029401885116,0.0087116480683402,0.9302867683661206,0.9274371088160644,0.93469479483906,0.0002790573888667,0.0003180433263968,0.000180236902705,0.0003785017720615,1.1120214378377462,0.0110991456152507,100,1.1092835273796369,1.1055270685161758,1.118503764487731,0.0,8.0,19.0,0.001109914561525,1.1109115232762212,1.1131313523992712,2.6134944205020605e-05,0.000871164806834,0.0,0.0,0.0369948074760019,median-sliding-OLS,sliding,median,OLS,universal_pareto_additive_ar1_xi0.03_theta0.01,,,,,,
universal,pareto_additive_ar1,0.03,0.01,0.99969853537399,disjoint_median_fgls,365.0,100,100,0.0020872262881073,7.545452434851658e-05,-0.0279127737118926,0.0279127737118926,0.9304257903964224,0.0025151508116171,0.9305874712727398,0.9290141297857796,0.9320551431883548,0.1700025593423181,0.1705885995195797,0.1629202297412201,0.1750650196676919,0.1700025593423181,0.008814000339833,100,0.1705885995195797,0.1629202297412201,0.1750650196676919,1.0,8.0,12.0,0.0008814000339833,0.1691211593083348,0.1708839593763014,7.545452434851658e-06,0.0002515150811617,0.0,0.963005192523998,1.0,median-disjoint-FGLS,disjoint,median,FGLS,universal_pareto_additive_ar1_xi0.03_theta0.01,,,,,,
universal,pareto_additive_ar1,0.03,0.01,0.99969853537399,disjoint_median_ols,365.0,100,0,0.0020891483637711,7.532148539153962e-05,-0.0279108516362288,0.0279108516362288,0.93036172120763,0.0025107161797179,0.93053288788544,0.9289536649127268,0.9319872912448224,0.001904077068217,0.0018950420867093,0.0018090434331799,0.0020101436870346,1.080256601153031,0.0039293452371726,100,1.0813896479773966,1.0780039208738068,1.0830403444410452,0.0,8.0,12.0,0.0003929345237172,1.0798636666293138,1.0806495356767485,7.532148539153962e-06,0.0002510716179717,0.0,0.0,0.0369948074760019,median-disjoint-OLS,disjoint,median,OLS,universal_pareto_additive_ar1_xi0.03_theta0.01,,,,,,
universal,pareto_additive_ar1,0.03,0.01,0.99969853537399,sliding_mean_fgls,365.0,100,0,0.0022011056906698,7.730263002856663e-06,-0.0277988943093301,0.0277988943093301,0.9266298103110036,0.0002576754334285,0.926645239976016,0.9264481272000182,0.9268472194562088,0.0356263433279404,0.0356389980219373,0.0345027727436592,0.0367603135286812,0.4350552491423349,0.0342629203306853,100,0.4344092075665342,0.4135429977313617,0.4566143892057206,0.0,8.0,21.0,0.0034262920330685,0.4316289571092663,0.4384815411754034,7.730263002856663e-07,2.5767543342855177e-05,0.0,0.0,0.0369948074760019,mean-sliding-FGLS,sliding,mean,FGLS,universal_pareto_additive_ar1_xi0.03_theta0.01,,,,,,
universal,pareto_additive_ar1,0.03,0.01,0.99969853537399,sliding_mean_ols,365.0,100,0,0.0022002512041609,7.69913574143735e-06,-0.027799748795839,0.027799748795839,0.9266582931946356,0.0002566378580479,0.9266740752229478,0.926478790683799,0.9268759757585748,0.0004132389630063,0.0004132083439744,0.0004121741516647,0.0004142425368009,1.1041384115364428,0.0003347134335551,100,1.104150970702066,1.103902479326083,1.1044148757222472,0.0,8.0,21.0,3.3471343355513284e-05,1.1041049401930874,1.1041718828797982,7.699135741437351e-07,2.5663785804791403e-05,0.0,0.0,0.0369948074760019,mean-sliding-OLS,sliding,mean,OLS,universal_pareto_additive_ar1_xi0.03_theta0.01,,,,,,
universal,pareto_additive_ar1,0.03,0.01,0.99969853537399,disjoint_mean_fgls,365.0,100,100,0.0020830002983979,9.430675203004755e-06,-0.027916999701602,0.027916999701602,0.93056665672007,0.0003143558401001,0.930549350506226,0.9303901320487852,0.9307882739591,0.1152089271010234,0.1152462368857042,0.1115612803883789,0.1188899440543174,0.1152089271010234,0.0058217875050186,100,0.1152462368857042,0.1115612803883789,0.1188899440543174,1.0,8.0,12.0,0.0005821787505018,0.1146267483505215,0.1157911058515253,9.430675203004756e-07,3.1435584010015206e-05,0.0,0.963005192523998,1.0,mean-disjoint-FGLS,disjoint,mean,FGLS,universal_pareto_additive_ar1_xi0.03_theta0.01,,,,,,
universal,pareto_additive_ar1,0.03,0.01,0.99969853537399,disjoint_mean_ols,365.0,100,0,0.0020839485608267,9.432138062433668e-06,-0.0279160514391732,0.0279160514391732,0.93053504797244,0.0003144046020811,0.9305162869265552,0.930355118658114,0.9307599834887296,0.001839916205771,0.001841566891679,0.0018270395280506,0.0018551483177373,1.0816836496572773,0.0005584006826674,100,1.0816726864386306,1.081336920406417,1.0820137623348778,0.0,8.0,12.0,5.5840068266747094e-05,1.0816278095890106,1.081739489725544,9.432138062433668e-07,3.144046020811216e-05,0.0,0.0,0.0369948074760019,mean-disjoint-OLS,disjoint,mean,OLS,universal_pareto_additive_ar1_xi0.03_theta0.01,,,,,,
universal,pareto_additive_ar1,0.03,0.01,0.99969853537399,sliding_mode_fgls,365.0,100,100,0.0011454302619073,0.0002090520632218,-0.0288545697380926,0.0288545697380926,0.961818991269754,0.0069684021073963,0.9635480332415228,0.9566371579192036,0.966653869026582,0.2473891098974595,0.2603442064222121,0.1851194810582214,0.3203925938793185,0.2473891098974595,0.0866668575949908,100,0.2603442064222121,0.1851194810582214,0.3203925938793185,1.0,9.0,15.0,0.008666685759499,0.2387224241379605,0.2560557956569587,2.0905206322189087e-05,0.0006968402107396,0.0,0.963005192523998,1.0,mode-sliding-FGLS,sliding,mode,FGLS,universal_pareto_additive_ar1_xi0.03_theta0.01,,,,,,
universal,pareto_additive_ar1,0.03,0.01,0.99969853537399,sliding_mode_ols,365.0,100,0,0.0011455450920117,0.0002091188915053,-0.0288544549079882,0.0288544549079882,0.961815163599608,0.0069706297168463,0.9635511402179706,0.9566329618434436,0.9666489494244974,0.0001285987737445,0.0001161064370206,8.612081706918273e-05,0.000173087349684,1.1517348196183834,0.008329725720015,100,1.1534533400399296,1.1451364886503406,1.157843050504088,0.0,9.0,15.0,0.0008329725720015,1.150901847046382,1.152567792190385,2.091188915053911e-05,0.0006970629716846,0.0,0.0,0.0369948074760019,mode-sliding-OLS,sliding,mode,OLS,universal_pareto_additive_ar1_xi0.03_theta0.01,,,,,,
universal,pareto_additive_ar1,0.03,0.01,0.99969853537399,disjoint_mode_fgls,365.0,100,100,-0.0039577422336893,0.0025656968528034,-0.0339577422336893,0.0339577422336893,1.1319247411229771,0.0855232284267823,1.1588219117441745,1.0655202257822416,1.187359068046078,0.2935932392618276,0.2762102349926991,0.2615866567714843,0.3926898683999348,0.2935932392618276,0.0856773750469335,100,0.2762102349926991,0.2615866567714843,0.3926898683999348,1.0,8.0,12.0,0.0085677375046933,0.2850255017571342,0.302160976766521,0.0002565696852803,0.0085523228426782,0.0,0.963005192523998,1.0,mode-disjoint-FGLS,disjoint,mode,FGLS,universal_pareto_additive_ar1_xi0.03_theta0.01,,,,,,
universal,pareto_additive_ar1,0.03,0.01,0.99969853537399,disjoint_mode_ols,365.0,100,0,-0.0039472954874336,0.0025765938020561,-0.0339472954874336,0.0339472954874336,1.1315765162477898,0.0858864600685368,1.1588539896790888,1.0634308665066388,1.1869143675278298,0.0046092214293535,0.0029597966608819,0.0017647034310382,0.0078161271887983,1.27031661233963,0.1696910052538458,100,1.3568382427019383,1.0864937137864925,1.3834522886610716,0.0,8.0,12.0,0.0169691005253845,1.2533475118142454,1.2872857128650148,0.0002576593802056,0.0085886460068536,0.0,0.0,0.0369948074760019,mode-disjoint-OLS,disjoint,mode,OLS,universal_pareto_additive_ar1_xi0.03_theta0.01,,,,,,
universal,pareto_additive_ar1,0.1,0.01,0.99899547129175,sliding_median_fgls,365.0,100,0,0.0005841863645417,0.0003880216844478,-0.0994158136354582,0.0994158136354582,0.9941581363545822,0.0038802168444787,0.995439039603582,0.9922777361489068,0.9967793385021508,0.0645225735287948,0.0652761487862557,0.054136289053725,0.0743604818035573,2.750703648371228,0.2894672336224212,100,2.749018699054147,2.57060285405185,2.937322756995446,0.0,9.0,13.0,0.0289467233622421,2.721756925008986,2.77965037173347,3.8802168444787794e-05,0.0003880216844478,0.0,0.0,0.0369948074760019,median-sliding-FGLS,sliding,median,FGLS,universal_pareto_additive_ar1_xi0.10_theta0.01,,,,,,
universal,pareto_additive_ar1,0.1,0.01,0.99899547129175,sliding_median_ols,365.0,100,0,0.0005841971612254,0.0003880239701227,-0.0994158028387745,0.0994158028387745,0.9941580283877453,0.0038802397012275,0.9954392359887344,0.9922780805791034,0.9967791454007706,0.0001453180751008,9.448757332529154e-05,4.603291408543885e-05,0.0002095135088893,3.973871070124064,0.0168632356744833,100,3.980234091294091,3.965616995499052,3.985062294258457,0.0,9.0,13.0,0.0016863235674483,3.972184746556616,3.975557393691512,3.880239701227597e-05,0.0003880239701227,0.0,0.0,0.0369948074760019,median-sliding-OLS,sliding,median,OLS,universal_pareto_additive_ar1_xi0.10_theta0.01,,,,,,
universal,pareto_additive_ar1,0.1,0.01,0.99899547129175,disjoint_median_fgls,365.0,100,0,0.0007750437020395,0.000652579814259,-0.0992249562979604,0.0992249562979604,0.9922495629796046,0.0065257981425905,0.9934907232253068,0.9897012747398152,0.9954676892345162,0.0560332154544897,0.0622296580400876,0.035334638623056,0.0694539143955918,2.9043671582831143,0.444737642302611,100,2.7947693492990275,2.6536885665211045,3.312189305638658,0.0,8.0,14.0,0.0444737642302611,2.859893394052853,2.9488409225133756,6.525798142590558e-05,0.000652579814259,0.0,0.0,0.0369948074760019,median-disjoint-FGLS,disjoint,median,FGLS,universal_pareto_additive_ar1_xi0.10_theta0.01,,,,,,
universal,pareto_additive_ar1,0.1,0.01,0.99899547129175,disjoint_median_ols,365.0,100,0,0.000775884637027,0.0006556118827728,-0.0992241153629729,0.0992241153629729,0.9922411536297296,0.0065561188277288,0.9934717525445068,0.9896797634023836,0.995467999610206,0.001232382270835,0.0008859427851436,0.0005541783304136,0.0016840489401946,3.945549351373052,0.0362480099392808,100,3.956113931459838,3.942759419558672,3.9662710475577594,0.0,8.0,14.0,0.003624800993928,3.941924550379124,3.94917415236698,6.556118827728838e-05,0.0006556118827728,0.0,0.0,0.0369948074760019,median-disjoint-OLS,disjoint,median,OLS,universal_pareto_additive_ar1_xi0.10_theta0.01,,,,,,
universal,pareto_additive_ar1,0.1,0.01,0.99899547129175,sliding_mean_fgls,365.0,100,0,0.0008926493553261,4.836304010193953e-05,-0.0991073506446738,0.0991073506446738,0.9910735064467388,0.0004836304010194,0.991159251397228,0.9908127809145064,0.9913844657322136,0.013987089701007,0.013900780288371,0.013195533903587,0.014588000998756,3.698539321467822,0.0204071962117923,100,3.700160993665385,3.6880556806104017,3.714263117236239,0.0,8.0,21.0,0.0020407196211792,3.696498601846643,3.700580041089001,4.836304010193952e-06,4.836304010194276e-05,0.0,0.0,0.0369948074760019,mean-sliding-FGLS,sliding,mean,FGLS,universal_pareto_additive_ar1_xi0.10_theta0.01,,,,,,
universal,pareto_additive_ar1,0.1,0.01,0.99899547129175,sliding_mean_ols,365.0,100,0,0.0008920023896017,4.814751423082098e-05,-0.0991079976103982,0.0991079976103982,0.9910799761039824,0.0004814751423081,0.9911638643930644,0.9908183158543076,0.9913931113268568,0.0001657527611357,0.0001656185498087,0.0001605716433059,0.0001727714088587,3.961170601954349,0.0021128442530015,100,3.96150858974023,3.9599742016982056,3.962458724748072,0.0,8.0,21.0,0.0002112844253001,3.960959317529049,3.961381886379649,4.814751423082098e-06,4.814751423081844e-05,0.0,0.0,0.0369948074760019,mean-sliding-OLS,sliding,mean,OLS,universal_pareto_additive_ar1_xi0.10_theta0.01,,,,,,
universal,pareto_additive_ar1,0.1,0.01,0.99899547129175,disjoint_mean_fgls,365.0,100,0,0.001157662530563,0.0006430031230053,-0.0988423374694369,0.0988423374694369,0.98842337469437,0.0064300312300534,0.991740771374964,0.9882214852764406,0.9923259439709966,0.050081319915357,0.045925184329986,0.0430280535609349,0.0527415110126778,3.002148420385697,0.2515037433004432,100,3.095662930088297,2.962938199869832,3.152365344647832,0.0,8.0,12.0,0.0251503743300443,2.9769980460556527,3.0272987947157413,6.430031230053484e-05,0.0006430031230053,0.0,0.0,0.0369948074760019,mean-disjoint-FGLS,disjoint,mean,FGLS,universal_pareto_additive_ar1_xi0.10_theta0.01,,,,,,
universal,pareto_additive_ar1,0.1,0.01,0.99899547129175,disjoint_mean_ols,365.0,100,0,0.0011605725073825,0.0006468019489665,-0.0988394274926174,0.0988394274926174,0.9883942749261748,0.0064680194896655,0.9917322586231844,0.9882218566870716,0.9923157600090842,0.0012398788901969,0.0007414596397352,0.0006489692931526,0.000926251825104,3.930019400790957,0.0445828993300613,100,3.9532488789916314,3.9446391395113594,3.956303030483786,0.0,8.0,12.0,0.0044582899330061,3.9255611108579505,3.9344776907239623,6.468019489665589e-05,0.0006468019489665,0.0,0.0,0.0369948074760019,mean-disjoint-OLS,disjoint,mean,OLS,universal_pareto_additive_ar1_xi0.10_theta0.01,,,,,,
universal,pareto_additive_ar1,0.1,0.01,0.99899547129175,sliding_mode_fgls,365.0,100,0,0.0001915942744127,0.0002132479053723,-0.0998084057255872,0.0998084057255872,0.9980840572558728,0.002132479053723,0.9976573223749908,0.9965867758261596,0.999877297084936,0.1078398809377853,0.1181341736505221,0.0866052662554346,0.1318774452228371,1.9433784912055696,0.7245346064386117,100,1.751110587258648,1.480586263235058,2.336736041858103,0.0,9.0,16.0,0.0724534606438611,1.8709250305617084,2.0158319518494308,2.1324790537230683e-05,0.0002132479053723,0.0,0.0,0.0369948074760019,mode-sliding-FGLS,sliding,mode,FGLS,universal_pareto_additive_ar1_xi0.10_theta0.01,,,,,,
universal,pareto_additive_ar1,0.1,0.01,0.99899547129175,sliding_mode_ols,365.0,100,0,0.0001914043096777,0.0002133378487096,-0.0998085956903222,0.0998085956903222,0.9980859569032222,0.0021333784870965,0.9976559420011364,0.996587657280581,0.999869371944324,0.0001953022306028,0.0001351232391708,6.737110794101422e-05,0.0002387320548164,3.988633085231435,0.0076261354050163,100,3.988183445629839,3.983819512886245,3.9931354940410912,0.0,9.0,16.0,0.0007626135405016,3.9878704716909334,3.989395698771936,2.133378487096524e-05,0.0002133378487096,0.0,0.0,0.0369948074760019,mode-sliding-OLS,sliding,mode,OLS,universal_pareto_additive_ar1_xi0.10_theta0.01,,,,,,
universal,pareto_additive_ar1,0.1,0.01,0.99899547129175,disjoint_mode_fgls,365.0,100,0,-0.0005732356713293,0.0018030366432425,-0.1005732356713293,0.1005732356713293,1.0057323567132932,0.0180303664324251,1.0085728754484649,0.9954679924462652,1.0169698778550753,0.0934234032602041,0.1008016524884389,0.068135551481318,0.1156213636689985,2.247884764909294,0.6399159169050505,100,2.112417392461687,1.827046176114985,2.7155783330844443,0.0,8.0,14.0,0.063991591690505,2.183893173218789,2.3118763565997993,0.0001803036643242,0.0018030366432425,0.0,0.0,0.0369948074760019,mode-disjoint-FGLS,disjoint,mode,FGLS,universal_pareto_additive_ar1_xi0.10_theta0.01,,,,,,
universal,pareto_additive_ar1,0.1,0.01,0.99899547129175,disjoint_mode_ols,365.0,100,0,-0.0005717140093993,0.0018032231598859,-0.1005717140093993,0.1005717140093993,1.0057171400939935,0.0180322315988599,1.0085648472453317,0.995393419064964,1.0168710592619048,0.0016491815242451,0.001205643161261,0.000766089076012,0.002048749795486,3.9915341114153167,0.0794706095628152,100,4.010883644889413,3.954456277886671,4.042847514635885,0.0,8.0,14.0,0.0079470609562815,3.983587050459035,3.999481172371598,0.0001803223159885,0.0018032231598859,0.0,0.0,0.0369948074760019,mode-disjoint-OLS,disjoint,mode,OLS,universal_pareto_additive_ar1_xi0.10_theta0.01,,,,,,
universal,pareto_additive_ar1,0.3,0.01,0.9969894400953796,sliding_median_fgls,365.0,100,0,0.000785860962406,0.0011045401818074,-0.2992141390375939,0.2992141390375939,0.9973804634586464,0.0036818006060246,0.998618361601217,0.9965931793053286,0.9999999999992896,0.0448420802948664,0.0374451271252637,0.0217671637323988,0.0590187071854034,11.116566035901291,0.6315106044327874,100,11.260886208255313,10.878644563482164,11.514833497549642,0.0,10.5,17.0,0.0631510604432787,11.053414975458017,11.179717096344572,0.0001104540181807,0.0003681800606024,0.0,0.0,0.0369948074760019,median-sliding-FGLS,sliding,median,FGLS,universal_pareto_additive_ar1_xi0.30_theta0.01,,,,,,
universal,pareto_additive_ar1,0.3,0.01,0.9969894400953796,sliding_median_ols,365.0,100,0,0.0007843487506821,0.001103729794893,-0.2992156512493178,0.2992156512493178,0.9973855041643926,0.0036790993163101,0.9986219320809044,0.9965717149576824,0.9999999999999748,0.0004008135445204,0.0003159146790459,5.1781387107944064e-14,0.000604199798538,11.961010592626824,0.0498408509646831,100,11.974779031848708,11.940068925401487,11.99999999999869,0.0,10.5,17.0,0.0049840850964683,11.956026507530355,11.965994677723293,0.0001103729794893,0.000367909931631,0.0,0.0,0.0369948074760019,median-sliding-OLS,sliding,median,OLS,universal_pareto_additive_ar1_xi0.30_theta0.01,,,,,,
universal,pareto_additive_ar1,0.3,0.01,0.9969894400953796,disjoint_median_fgls,365.0,100,0,0.0018885491262936,0.0025495477666741,-0.2981114508737063,0.2981114508737063,0.9937048362456876,0.0084984925555805,0.995328840875312,0.9919068515610654,0.9972494157627996,0.0360120936055876,0.0268147705365032,0.015539060078833,0.0498062994306249,11.240228256442087,0.5675526697254719,100,11.406222127717124,10.969408227502049,11.61188274053462,0.0,8.0,16.0,0.0567552669725471,11.18347298946954,11.296983523414635,0.0002549547766674,0.000849849255558,0.0,0.0,0.0369948074760019,median-disjoint-FGLS,disjoint,median,FGLS,universal_pareto_additive_ar1_xi0.30_theta0.01,,,,,,
universal,pareto_additive_ar1,0.3,0.01,0.9969894400953796,disjoint_median_ols,365.0,100,0,0.0018869806730777,0.0025579075394882,-0.2981130193269222,0.2981130193269222,0.993710064423074,0.0085263584649609,0.995140863386899,0.9918282169088356,0.997474934282656,0.0018798675738298,0.0015091150850719,0.000764394551268,0.00247227870152,11.88880328917412,0.1117612396793757,100,11.912600066174203,11.855787239301746,11.94534238580318,0.0,8.0,16.0,0.0111761239679375,11.877627165206183,11.899979413142058,0.0002557907539488,0.000852635846496,0.0,0.0,0.0369948074760019,median-disjoint-OLS,disjoint,median,OLS,universal_pareto_additive_ar1_xi0.30_theta0.01,,,,,,
universal,pareto_additive_ar1,0.3,0.01,0.9969894400953796,sliding_mean_fgls,365.0,100,0,0.0019263173415614,0.0005032707534972,-0.2980736826584385,0.2980736826584385,0.9935789421947951,0.0016775691783243,0.9936627744800904,0.9926809940387844,0.994771454843292,0.0211243766333595,0.0168263165895336,0.0096606832679209,0.0287302087545352,11.521584150303712,0.3042198098108241,100,11.61107250489665,11.382180352094917,11.729540617451718,0.0,9.0,21.0,0.0304219809810824,11.49116216932263,11.552006131284791,5.032707534972973e-05,0.0001677569178324,0.0,0.0,0.0369948074760019,mean-sliding-FGLS,sliding,mean,FGLS,universal_pareto_additive_ar1_xi0.30_theta0.01,,,,,,
universal,pareto_additive_ar1,0.3,0.01,0.9969894400953796,sliding_mean_ols,365.0,100,0,0.0019270684638089,0.0005039663483712,-0.2980729315361911,0.2980729315361911,0.9935764384539704,0.0016798878279041,0.9936655283320128,0.9926462522079332,0.9947738274565242,0.0001198103918386,6.489033712761463e-05,3.368184708873762e-05,0.0001763859693128,11.92064086400271,0.021427102720851,100,11.922616882619472,11.910573974651008,11.93616942508638,0.0,9.0,21.0,0.0021427102720851,11.918498153730624,11.922783574274796,5.039663483712627e-05,0.0001679887827904,0.0,0.0,0.0369948074760019,mean-sliding-OLS,sliding,mean,OLS,universal_pareto_additive_ar1_xi0.30_theta0.01,,,,,,
universal,pareto_additive_ar1,0.3,0.01,0.9969894400953796,disjoint_mean_fgls,365.0,100,0,0.0017998038294332,0.0007345247847368,-0.2982001961705668,0.2982001961705668,0.9940006539018892,0.0024484159491226,0.9943400660872802,0.9927849322718032,0.9955391857803022,0.024327715320675,0.0212975807161404,0.0139920424452034,0.0329467371555424,11.465781255729846,0.2490757839960491,100,11.513857065408116,11.29038429584547,11.663311372452872,0.0,8.0,13.0,0.0249075783996049,11.440873677330242,11.49068883412945,7.345247847368092e-05,0.0002448415949122,0.0,0.0,0.0369948074760019,mean-disjoint-FGLS,disjoint,mean,FGLS,universal_pareto_additive_ar1_xi0.30_theta0.01,,,,,,
universal,pareto_additive_ar1,0.3,0.01,0.9969894400953796,disjoint_mean_ols,365.0,100,0,0.0017989190620129,0.0007280576279268,-0.298201080937987,0.298201080937987,0.9940036031266232,0.0024268587597562,0.9943144109400384,0.9928294712136811,0.9955502855531746,0.0010112018745205,0.0008594453807224,0.0005078594886395,0.0013096416659553,11.90883040190359,0.0344905481208852,100,11.914761442725288,11.892253860490454,11.933197905297252,0.0,8.0,13.0,0.0034490548120885,11.9053813470915,11.912279456715678,7.280576279268758e-05,0.0002426858759756,0.0,0.0,0.0369948074760019,mean-disjoint-OLS,disjoint,mean,OLS,universal_pareto_additive_ar1_xi0.30_theta0.01,,,,,,
universal,pareto_additive_ar1,0.3,0.01,0.9969894400953796,sliding_mode_fgls,365.0,100,0,0.001258835003502,0.0007888374192054,-0.2987411649964979,0.2987411649964979,0.9958038833216598,0.0026294580640183,0.995847357942888,0.9941867614356166,0.9974970277217304,0.0619492411435134,0.0507735852438858,0.0291542388846609,0.0779779907033746,10.772611018133162,1.0839946389933934,100,10.983075639758413,10.452277884179392,11.432522259058729,0.0,10.0,17.0,0.1083994638993393,10.664211554233823,10.8810104820325,7.888374192054933e-05,0.0002629458064018,0.0,0.0,0.0369948074760019,mode-sliding-FGLS,sliding,mode,FGLS,universal_pareto_additive_ar1_xi0.30_theta0.01,,,,,,
universal,pareto_additive_ar1,0.3,0.01,0.9969894400953796,sliding_mode_ols,365.0,100,0,0.0012612673176837,0.0007911253303904,-0.2987387326823162,0.2987387326823162,0.9957957756077208,0.0026370844346348,0.9958504977800052,0.9941943462547016,0.9974934264677292,0.000274269187187,0.0002399645302582,0.0001277994793079,0.0003311285737648,11.944338192736096,0.0328893928884279,100,11.94790628243413,11.923652822926613,11.966450812995513,0.0,10.0,17.0,0.0032889392888427,11.941049253447252,11.94762713202494,7.911253303904575e-05,0.0002637084434634,0.0,0.0,0.0369948074760019,mode-sliding-OLS,sliding,mode,OLS,universal_pareto_additive_ar1_xi0.30_theta0.01,,,,,,
universal,pareto_additive_ar1,0.3,0.01,0.9969894400953796,disjoint_mode_fgls,365.0,100,0,0.0013524435212388,0.003738431385283,-0.2986475564787612,0.2986475564787612,0.995491854929204,0.0124614379509435,0.9950708901606806,0.9923568559879546,0.9974094519303948,0.0536626401178318,0.04078499992711,0.0247877770471436,0.0750588774751197,10.92631209691164,0.7446725976937861,100,11.210838335882698,10.562501988498196,11.495946133946356,0.0,8.0,13.5,0.0744672597693786,10.851844837142265,11.00077935668102,0.0003738431385283,0.0012461437950943,0.0,0.0,0.0369948074760019,mode-disjoint-FGLS,disjoint,mode,FGLS,universal_pareto_additive_ar1_xi0.30_theta0.01,,,,,,
universal,pareto_additive_ar1,0.3,0.01,0.9969894400953796,disjoint_mode_ols,365.0,100,0,0.0013417394341605,0.0036272703174386,-0.2986582605658394,0.2986582605658394,0.9955275352194648,0.0120909010581288,0.9950720419200796,0.992700461337893,0.9973965014262948,0.0037446106243634,0.0016769429567833,0.0008872277319426,0.00304060399485,11.875182820770672,0.168972227785072,100,11.903372997457918,11.871025940889895,11.942609416374234,0.0,8.0,13.5,0.0168972227785072,11.858285597992166,11.89208004354918,0.0003627270317438,0.0012090901058128,0.0,0.0,0.0369948074760019,mode-disjoint-OLS,disjoint,mode,OLS,universal_pareto_additive_ar1_xi0.30_theta0.01,,,,,,
universal,pareto_additive_ar1,1.0,0.01,0.99,sliding_median_fgls,365.0,100,24,0.027996117953313,0.0345902729584023,-0.972003882046687,0.972003882046687,0.972003882046687,0.0345902729584023,0.9919659474638678,0.9488250186677902,0.9999999999998296,1.5256557854813315,1.1919961160906007,0.6546175660704285,1.8696254378587531,16.606646731098174,11.224416688390484,100,14.966663608153862,4.579561367853812,27.230374380246595,0.24,10.0,17.0,1.1224416688390484,15.484205062259123,17.729088399937222,0.0034590272958402,0.0034590272958402,0.0427083130081252,0.1669121126545996,0.3323251872329213,median-sliding-FGLS,sliding,median,FGLS,universal_pareto_additive_ar1_xi1.00_theta0.01,,,,,,
universal,pareto_additive_ar1,1.0,0.01,0.99,sliding_median_ols,365.0,100,0,0.0280272283385507,0.0346268568720367,-0.9719727716614492,0.9719727716614492,0.9719727716614492,0.0346268568720367,0.9919282039220162,0.9488311130914312,0.999999999999992,0.0067323006177215,0.0044353786828188,3.906185639845972e-14,0.0103093535946407,38.75099715472126,1.482431718869992,100,39.55723204398358,37.743244263696944,39.99999999999898,0.0,10.0,17.0,0.1482431718869992,38.602753982834265,38.89924032660826,0.0034626856872036,0.0034626856872036,0.0,0.0,0.0369948074760019,median-sliding-OLS,sliding,median,OLS,universal_pareto_additive_ar1_xi1.00_theta0.01,,,,,,
universal,pareto_additive_ar1,1.0,0.01,0.99,disjoint_median_fgls,365.0,100,21,0.0346578277269365,0.0519650522625879,-0.9653421722730636,0.9653421722730636,0.9653421722730636,0.0519650522625879,0.9707196508112296,0.9497341389891184,0.9882274761901826,1.4079338284912553,0.9007230934332568,0.4896649613220165,1.7074046340443645,18.77205275478903,11.407447469272102,100,20.98592297270621,6.242935741067522,28.972548414057098,0.21,8.0,15.0,1.14074474692721,17.63130800786182,19.91279750171624,0.0051965052262587,0.0051965052262587,0.0407308237088326,0.1416554953164578,0.2998014930196232,median-disjoint-FGLS,disjoint,median,FGLS,universal_pareto_additive_ar1_xi1.00_theta0.01,,,,,,
universal,pareto_additive_ar1,1.0,0.01,0.99,disjoint_median_ols,365.0,100,0,0.0346803737635527,0.05218589696341,-0.9653196262364472,0.9653196262364472,0.9653196262364472,0.05218589696341,0.9706548783206498,0.9503173671121236,0.988731287668312,0.0554139817535044,0.0414836756443664,0.0208446800390148,0.079190721612391,37.559919396141304,2.3466138782114068,100,37.926680723765216,36.667222532926374,38.99147908804081,0.0,8.0,15.0,0.2346613878211406,37.32525800832016,37.794580783962445,0.005218589696341,0.005218589696341,0.0,0.0,0.0369948074760019,median-disjoint-OLS,disjoint,median,OLS,universal_pareto_additive_ar1_xi1.00_theta0.01,,,,,,
universal,pareto_additive_ar1,1.0,0.01,0.99,sliding_mean_fgls,365.0,100,2,0.0475294290449441,0.0257806968734841,-0.9524705709550558,0.9524705709550558,0.9524705709550558,0.025780696873484,0.9591652669629268,0.943185405323062,0.9713304290109956,0.4884340465255565,0.3123917501248711,0.2278231862853069,0.6767631327527983,28.91175458281313,7.854677812341361,100,32.03469734812721,25.88198567078917,33.87253901896964,0.02,8.0,21.0,0.7854677812341361,28.126286801578996,29.697222364047267,0.0025780696873484,0.0025780696873484,0.014,0.0055018522349681,0.0700131629419936,mean-sliding-FGLS,sliding,mean,FGLS,universal_pareto_additive_ar1_xi1.00_theta0.01,,,,,,
universal,pareto_additive_ar1,1.0,0.01,0.99,sliding_mean_ols,365.0,100,0,0.0476694735636673,0.0259142039026298,-0.9523305264363328,0.9523305264363328,0.9523305264363328,0.0259142039026298,0.9590978208141993,0.9428986738517277,0.9712800532849744,0.0062969820252241,0.0050665915250707,0.0027612483171601,0.0082166872003358,37.97357839897405,1.124679561250151,100,38.27429558828189,37.57248255615822,38.78708000229598,0.0,8.0,21.0,0.1124679561250151,37.86111044284903,38.086046355099064,0.0025914203902629,0.0025914203902629,0.0,0.0,0.0369948074760019,mean-sliding-OLS,sliding,mean,OLS,universal_pareto_additive_ar1_xi1.00_theta0.01,,,,,,
universal,pareto_additive_ar1,1.0,0.01,0.99,disjoint_mean_fgls,365.0,100,16,0.0458065198341951,0.0479897475720036,-0.9541934801658049,0.9541934801658049,0.9541934801658049,0.0479897475720036,0.9682970598527731,0.9457271995022438,0.9800442420075548,1.0242752255000465,0.7905821818886896,0.4123318307171131,1.260376650317864,21.331274147818547,10.831503421872958,100,23.516786719372675,13.070246885500476,30.692666812011797,0.16,8.0,14.0,1.0831503421872957,20.248123805631252,22.41442449000584,0.0047989747572003,0.0047989747572003,0.0366606055596467,0.1009520234947371,0.2442044455889441,mean-disjoint-FGLS,disjoint,mean,FGLS,universal_pareto_additive_ar1_xi1.00_theta0.01,,,,,,
universal,pareto_additive_ar1,1.0,0.01,0.99,disjoint_mean_ols,365.0,100,0,0.045864831442931,0.048646456561769,-0.954135168557069,0.954135168557069,0.954135168557069,0.048646456561769,0.96829537537133,0.947220123544362,0.9801304316553112,0.0512982928486186,0.0265143438425577,0.015353523333922,0.0490996241685423,37.190739178159006,2.9827929283740304,100,38.17539970313023,36.98233116911982,38.81427882500706,0.0,8.0,14.0,0.298279292837403,36.89245988532161,37.489018470996406,0.0048646456561769,0.0048646456561769,0.0,0.0,0.0369948074760019,mean-disjoint-OLS,disjoint,mean,OLS,universal_pareto_additive_ar1_xi1.00_theta0.01,,,,,,
universal,pareto_additive_ar1,1.0,0.01,0.99,sliding_mode_fgls,365.0,100,26,0.0345344350237186,0.0239729847480619,-0.9654655649762812,0.9654655649762812,0.9654655649762812,0.0239729847480619,0.9695974347479536,0.9561800108423028,0.9798089737801376,1.4875954002901628,1.193761027078193,0.6396463644222803,2.0543770525423204,15.883345951188652,11.175052571650888,100,16.09787553877287,3.9272364524175063,26.405319050069167,0.26,10.0,17.0,1.1175052571650888,14.765840694023565,17.000851208353744,0.0023972984748061,0.0023972984748061,0.0438634243989226,0.1840457812698646,0.3537117263186163,mode-sliding-FGLS,sliding,mode,FGLS,universal_pareto_additive_ar1_xi1.00_theta0.01,,,,,,
universal,pareto_additive_ar1,1.0,0.01,0.99,sliding_mode_ols,365.0,100,0,0.0345531548125248,0.0239555760220861,-0.9654468451874753,0.9654468451874753,0.9654468451874753,0.0239555760220861,0.9692306837855788,0.9561678048852014,0.9799745719996596,0.0084058837545875,0.0061779557943058,0.0033192522410157,0.0098433623263958,38.45816201616184,1.015991880559792,100,38.68281318323507,38.04911617729963,39.03337190446,0.0,10.0,17.0,0.1015991880559792,38.356562828105865,38.55976120421782,0.0023955576022086,0.0023955576022086,0.0,0.0,0.0369948074760019,mode-sliding-OLS,sliding,mode,OLS,universal_pareto_additive_ar1_xi1.00_theta0.01,,,,,,
universal,pareto_additive_ar1,1.0,0.01,0.99,disjoint_mode_fgls,365.0,100,23,0.0209354404093448,0.0636033760737378,-0.9790645595906552,0.9790645595906552,0.9790645595906552,0.0636033760737378,0.9735025316542192,0.9570958734356624,0.9919764089380294,1.3968526592038004,1.1264008084633266,0.6985839239876497,1.7933935684605435,17.05914839861596,11.372035070889355,100,16.947017336871678,4.177311687774776,26.394593868392725,0.23,8.0,14.0,1.1372035070889357,15.921944891527025,18.196351905704898,0.0063603376073737,0.0063603376073737,0.0420832508250016,0.158431547468764,0.3215456485682769,mode-disjoint-FGLS,disjoint,mode,FGLS,universal_pareto_additive_ar1_xi1.00_theta0.01,,,,,,
universal,pareto_additive_ar1,1.0,0.01,0.99,disjoint_mode_ols,365.0,100,0,0.0219797879966298,0.0587065144239251,-0.9780202120033702,0.9780202120033702,0.9780202120033702,0.0587065144239252,0.972889398518726,0.9563392977758364,0.990547030997912,0.0694933062311088,0.0377182469238448,0.0202588962097828,0.0594451686441922,37.80043566174374,2.20059585664217,100,38.06173613893163,37.28115939964234,38.9561190599454,0.0,8.0,14.0,0.220059585664217,37.58037607607952,38.02049524740796,0.0058706514423925,0.0058706514423925,0.0,0.0,0.0369948074760019,mode-disjoint-OLS,disjoint,mode,OLS,universal_pareto_additive_ar1_xi1.00_theta0.01,,,,,,
universal,pareto_additive_ar1,3.0,0.01,0.970299,sliding_median_fgls,365.0,100,62,0.3174620303958646,0.198276211981783,-2.682537969604135,2.682537969604135,0.8941793232013785,0.0660920706605943,0.9037846800704256,0.840439871262968,0.9335920380729708,7.101777187830254,6.029101690899658,4.655811310527616,8.302889946943662,18.988580884961376,20.488513718257742,100,9.528502769413723,6.623542257102011,19.523626798540327,0.62,8.5,18.0,2.0488513718257746,16.939729513135603,21.03743225678715,0.0198276211981783,0.0066092070660594,0.0485386443980463,0.5220957382071033,0.7090255079986562,median-sliding-FGLS,sliding,median,FGLS,universal_pareto_additive_ar1_xi3.00_theta0.01,,,,,,
universal,pareto_additive_ar1,3.0,0.01,0.970299,sliding_median_ols,365.0,100,0,0.3185854019949126,0.1994232437329183,-2.6814145980050874,2.6814145980050874,0.8938048660016957,0.0664744145776394,0.9035584390798306,0.841204900989627,0.9332989221238288,0.0455827614379031,0.0323304131164725,0.0137477736929986,0.0711355552300488,106.39051145288332,8.559378071908272,100,107.61683619432226,99.84963865601686,111.32252325974042,0.0,8.5,18.0,0.8559378071908272,105.5345736456925,107.24644926007416,0.0199423243732918,0.0066474414577639,0.0,0.0,0.0369948074760019,median-sliding-OLS,sliding,median,OLS,universal_pareto_additive_ar1_xi3.00_theta0.01,,,,,,
universal,pareto_additive_ar1,3.0,0.01,0.970299,disjoint_median_fgls,365.0,100,69,0.2837001339338474,0.2846122769311093,-2.716299866066153,2.716299866066153,0.9054332886887176,0.0948707589770364,0.90080202647889,0.8658406182078551,0.952435702793198,9.22467679743487,7.222217702839604,4.651043208081614,11.812495675949728,21.79171320377347,21.92744243192084,100,12.704354652151402,7.635312363603637,23.944672711788215,0.69,8.0,16.0,2.192744243192084,19.598968960581384,23.984457446965553,0.0284612276931109,0.0094870758977036,0.0462493243193887,0.5937376052204429,0.7722043679386762,median-disjoint-FGLS,disjoint,median,FGLS,universal_pareto_additive_ar1_xi3.00_theta0.01,,,,,,
universal,pareto_additive_ar1,3.0,0.01,0.970299,disjoint_median_ols,365.0,100,0,0.2855989560376851,0.2856157042240963,-2.714401043962315,2.714401043962315,0.9048003479874382,0.0952052347413654,0.9007057681744415,0.8668147773217375,0.952168883964611,0.4398733960828307,0.3356209783165952,0.2080480756816074,0.5356564218422466,100.2184472329188,13.49555652809985,100,101.01550593463772,95.98321882790168,109.1314221648629,0.0,8.0,16.0,1.349555652809985,98.86889158010882,101.5680028857288,0.0285615704224096,0.0095205234741365,0.0,0.0,0.0369948074760019,median-disjoint-OLS,disjoint,median,OLS,universal_pareto_additive_ar1_xi3.00_theta0.01,,,,,,
universal,pareto_additive_ar1,3.0,0.01,0.970299,sliding_mean_fgls,365.0,100,16,0.2325141797168815,0.1012455390304243,-2.7674858202831185,2.7674858202831185,0.9224952734277062,0.0337485130101414,0.9051503537374472,0.8941302927943617,0.9472057804699622,3.743151277938961,2.3141484749698957,1.5572753868408835,3.204519919587075,59.367006648171184,26.705547245787837,100,65.27507135722021,50.25097002827614,80.19695938584408,0.16,8.0,21.0,2.6705547245787837,56.6964519235924,62.03756137274997,0.0101245539030424,0.0033748513010141,0.0366606055596467,0.1009520234947371,0.2442044455889441,mean-sliding-FGLS,sliding,mean,FGLS,universal_pareto_additive_ar1_xi3.00_theta0.01,,,,,,
universal,pareto_additive_ar1,3.0,0.01,0.970299,sliding_mean_ols,365.0,100,0,0.2327659802375401,0.1014456066771236,-2.7672340197624603,2.7672340197624603,0.92241133992082,0.0338152022257078,0.9049541629546238,0.8941217810213757,0.9472831911123798,0.0284558935127025,0.0332379679409402,0.0096193956407721,0.0444535696457717,110.14869881375704,4.321573493795744,100,108.07315664488148,106.449581154445,113.42343965147651,0.0,8.0,21.0,0.4321573493795744,109.71654146437749,110.58085616313664,0.0101445606677123,0.0033815202225707,0.0,0.0,0.0369948074760019,mean-sliding-OLS,sliding,mean,OLS,universal_pareto_additive_ar1_xi3.00_theta0.01,,,,,,
universal,pareto_additive_ar1,3.0,0.01,0.970299,disjoint_mean_fgls,365.0,100,55,0.1647310442987773,0.2642765752466212,-2.8352689557012227,2.8352689557012227,0.9450896519004076,0.0880921917488737,0.9439467297530656,0.9077785490407564,0.9772005399072916,7.786840961403064,6.322223937628703,3.7453124635613246,9.014648599367025,26.02187777188991,24.510213181321856,100,11.897105983579,8.547475397232244,43.69163009078739,0.55,8.5,16.0,2.4510213181321854,23.570856453757724,28.472899090022093,0.0264276575246621,0.0088092191748873,0.0497493718553309,0.4524442703164344,0.6438562489359654,mean-disjoint-FGLS,disjoint,mean,FGLS,universal_pareto_additive_ar1_xi3.00_theta0.01,,,,,,
universal,pareto_additive_ar1,3.0,0.01,0.970299,disjoint_mean_ols,365.0,100,0,0.1665188415995695,0.2651786726577552,-2.83348115840043,2.83348115840043,0.9444937194668102,0.0883928908859184,0.9453184409644896,0.8994667373836253,0.971234057726139,0.3214147181658122,0.2265574785106005,0.1074382569840958,0.4838334332902366,107.23236669086678,12.137351710661772,100,107.92604365278996,100.52680143840668,113.2054942668561,0.0,8.5,16.0,1.2137351710661772,106.0186315198006,108.44610186193296,0.0265178672657755,0.0088392890885918,0.0,0.0,0.0369948074760019,mean-disjoint-OLS,disjoint,mean,OLS,universal_pareto_additive_ar1_xi3.00_theta0.01,,,,,,
universal,pareto_additive_ar1,3.0,0.01,0.970299,sliding_mode_fgls,365.0,100,50,0.3189613130349292,0.1353974351531493,-2.681038686965071,2.681038686965071,0.8936795623216902,0.0451324783843831,0.8878593796276514,0.8653733068502601,0.9172664642711746,6.525811955848246,5.537104747961834,3.607250474817174,8.708571754526304,27.24246607503564,24.63686578519038,100,14.517762262517689,8.336301902644642,39.17645394428038,0.5,9.0,18.0,2.463686578519038,24.7787794965166,29.70615265355468,0.0135397435153149,0.0045132478384383,0.05,0.4038298285901471,0.5961701714098528,mode-sliding-FGLS,sliding,mode,FGLS,universal_pareto_additive_ar1_xi3.00_theta0.01,,,,,,
universal,pareto_additive_ar1,3.0,0.01,0.970299,sliding_mode_ols,365.0,100,0,0.3198214965237767,0.1356923375501595,-2.680178503476223,2.680178503476223,0.8933928344920744,0.0452307791833865,0.8874342603481261,0.8654130532581208,0.9170992897853236,0.0471187079471796,0.046581317716804,0.0303496456793047,0.0633708781505411,106.31188468805252,5.708460208939281,100,105.50263315787764,102.41463477006144,108.86766509033912,0.0,9.0,18.0,0.5708460208939281,105.7410386671586,106.88273070894644,0.0135692337550159,0.0045230779183386,0.0,0.0,0.0369948074760019,mode-sliding-OLS,sliding,mode,OLS,universal_pareto_additive_ar1_xi3.00_theta0.01,,,,,,
universal,pareto_additive_ar1,3.0,0.01,0.970299,disjoint_mode_fgls,365.0,100,51,0.2553099818307804,0.3556023672484599,-2.7446900181692193,2.7446900181692193,0.9148966727230732,0.1185341224161533,0.9292233870726628,0.8310709826384037,0.9766233340316338,7.109787978667526,6.095302585832027,3.5403806603841805,9.100005312577316,26.147314564813172,22.85327064693869,100,15.607918173120932,8.731522781473227,37.59016738746994,0.51,8.0,15.0,2.2853270646938686,23.861987500119305,28.43264162950704,0.035560236724846,0.0118534122416153,0.0499899989997999,0.4134784047743415,0.6057816990761385,mode-disjoint-FGLS,disjoint,mode,FGLS,universal_pareto_additive_ar1_xi3.00_theta0.01,,,,,,
universal,pareto_additive_ar1,3.0,0.01,0.970299,disjoint_mode_ols,365.0,100,0,0.2521622078848948,0.3485115243466553,-2.747837792115105,2.747837792115105,0.915945930705035,0.1161705081155517,0.9274028273803968,0.8338657125429947,0.9770363379833712,0.5037360803117497,0.3863165983184938,0.2285059635021905,0.6545131102533666,100.34252615868095,18.294124322081924,100,103.40073380504352,86.5937501497733,113.12647149414644,0.0,8.0,15.0,1.8294124322081924,98.51311372647277,102.17193859088914,0.0348511524346655,0.0116170508115551,0.0,0.0,0.0369948074760019,mode-disjoint-OLS,disjoint,mode,OLS,universal_pareto_additive_ar1_xi3.00_theta0.01,,,,,,
universal,pareto_additive_ar1,10.0,0.01,0.9043820750088044,sliding_median_fgls,365.0,100,60,0.9593586582441652,0.609991507579509,-9.040641341755835,9.040641341755835,0.9040641341755836,0.0609991507579509,0.9174108337311964,0.8652508247025225,0.9356888014040748,27.75545484745758,19.88778675944425,13.992346030993136,30.027075634907145,68.22273582508288,58.31820501743289,100,39.26369493580209,25.54239584793927,101.73398406931808,0.6,8.0,19.0,5.831820501743289,62.39091532333959,74.05455632682617,0.0609991507579509,0.006099915075795,0.0489897948556635,0.5020007846184025,0.6906002538863971,median-sliding-FGLS,sliding,median,FGLS,universal_pareto_additive_ar1_xi10.00_theta0.01,,,,,,
universal,pareto_additive_ar1,10.0,0.01,0.9043820750088044,sliding_median_ols,365.0,100,0,0.9608232441129712,0.6106399058893064,-9.039176755887029,9.039176755887029,0.9039176755887028,0.0610639905889306,0.9174194327310388,0.8649385345007305,0.9356067905327814,0.1278808733469718,0.107841482731941,0.0503098219589626,0.1608406050219863,359.1373336418887,25.94685633822984,100,365.3069475859383,344.74740217280413,372.1937280412061,0.0,8.0,19.0,2.594685633822984,356.5426480080657,361.7320192757117,0.0610639905889306,0.006106399058893,0.0,0.0,0.0369948074760019,median-sliding-OLS,sliding,median,OLS,universal_pareto_additive_ar1_xi10.00_theta0.01,,,,,,
universal,pareto_additive_ar1,10.0,0.01,0.9043820750088044,disjoint_median_fgls,365.0,100,71,1.4946765542706515,5.491937849429073,-8.505323445729347,9.393748609344822,0.9393748609344824,0.3754832779431354,0.8962278602834204,0.8622734015424101,0.9691744035518725,32.864378346571314,27.03577048081832,17.548089488934647,42.48971964510985,62.92033996855794,54.36480757599159,100,43.65903078141722,27.14550869717356,69.07170559267371,0.71,8.0,16.0,5.436480757599159,57.483859210958784,68.3568207261571,0.5491937849429073,0.0375483277943135,0.0453762052181537,0.6146092505999207,0.7898529302601586,median-disjoint-FGLS,disjoint,median,FGLS,universal_pareto_additive_ar1_xi10.00_theta0.01,,,,,,
universal,pareto_additive_ar1,10.0,0.01,0.9043820750088044,disjoint_median_ols,365.0,100,1,1.5059372308499563,5.5245395075941435,-8.494062769150043,9.38889944346865,0.9388899443468652,0.3789006022206482,0.8978801866632851,0.8597790338397234,0.9683382976378868,1.751455492983899,1.2717065603332167,0.7695113795132422,1.9097557996953631,342.9582674445535,105.90887152416931,100,336.1041654952818,312.11244552334836,369.7296222144316,0.01,8.0,16.0,10.590887152416933,332.36738029213654,353.5491545969704,0.5524539507594144,0.0378900602220648,0.0099498743710662,0.0017673865655472,0.0544875247609346,median-disjoint-OLS,disjoint,median,OLS,universal_pareto_additive_ar1_xi10.00_theta0.01,,,,,,
universal,pareto_additive_ar1,10.0,0.01,0.9043820750088044,sliding_mean_fgls,365.0,100,18,0.4532887604972686,0.2462719164096591,-9.54671123950273,9.54671123950273,0.9546711239502732,0.0246271916409659,0.9387440371718242,0.9383461225281706,0.9781550823849386,15.672557730252525,8.549275066941636,6.4604873240019,13.089378703803812,196.3000744026613,92.80754244253082,100,221.3724458155284,137.8561409258336,258.66532905716036,0.18,8.0,21.0,9.280754244253082,187.01932015840825,205.58082864691437,0.0246271916409659,0.0024627191640965,0.038418745424597,0.1170013165425103,0.2666753602421308,mean-sliding-FGLS,sliding,mean,FGLS,universal_pareto_additive_ar1_xi10.00_theta0.01,,,,,,
universal,pareto_additive_ar1,10.0,0.01,0.9043820750088044,sliding_mean_ols,365.0,100,0,0.4533725608679018,0.2463288646025983,-9.5466274391321,9.5466274391321,0.9546627439132098,0.0246328864602598,0.9387205633452588,0.9383272880983966,0.9781699684634888,0.0343806925579176,0.0524606314187123,0.0074657444377282,0.0539113879207506,381.2118644066835,10.163396961258645,100,374.54511021247566,374.3079214816807,390.7585277844601,0.0,8.0,21.0,1.0163396961258644,380.19552471055766,382.22820410280934,0.0246328864602598,0.0024632886460259,0.0,0.0,0.0369948074760019,mean-sliding-OLS,sliding,mean,OLS,universal_pareto_additive_ar1_xi10.00_theta0.01,,,,,,
universal,pareto_additive_ar1,10.0,0.01,0.9043820750088044,disjoint_mean_fgls,365.0,100,63,0.4635554860807451,0.4340417005954872,-9.536444513919257,9.536444513919257,0.9536444513919256,0.0434041700595487,0.9593980169023212,0.9285402307395202,0.97480129047716,29.746494464958676,24.952589016619115,13.890286086740716,32.613898063533505,86.06782181133269,84.76571999141414,100,35.8520747347667,29.752748365715533,135.77533806366245,0.63,9.0,17.0,8.476571999141415,77.59124981219128,94.5443938104741,0.0434041700595487,0.0043404170059548,0.0482804308182932,0.5322034757513312,0.7181778743049083,mean-disjoint-FGLS,disjoint,mean,FGLS,universal_pareto_additive_ar1_xi10.00_theta0.01,,,,,,
universal,pareto_additive_ar1,10.0,0.01,0.9043820750088044,disjoint_mean_ols,365.0,100,0,0.4751455302629969,0.4167805527998444,-9.524854469737004,9.524854469737004,0.9524854469737004,0.0416780552799844,0.959475833731818,0.9276265685646736,0.973579300801796,0.7083858822105578,0.6159427566652808,0.1989738212330851,1.0876207803757612,367.53484702747954,20.675412614889968,100,367.56195949574095,353.59094230440803,382.588841331278,0.0,9.0,17.0,2.067541261488997,365.46730576599055,369.60238828896854,0.0416780552799844,0.0041678055279984,0.0,0.0,0.0369948074760019,mean-disjoint-OLS,disjoint,mean,OLS,universal_pareto_additive_ar1_xi10.00_theta0.01,,,,,,
universal,pareto_additive_ar1,10.0,0.01,0.9043820750088044,sliding_mode_fgls,365.0,100,12,1.2124797717932183,0.3939214953773052,-8.78752022820678,8.78752022820678,0.8787520228206782,0.0393921495377305,0.8657536594117715,0.8653848421008753,0.870340268254769,10.472992917689233,7.974557203450113,4.748713228226029,11.560689518742429,182.58103572499655,86.14147136649834,100,199.50935158046525,129.14722713760546,256.0870155042972,0.12,8.0,21.0,8.614147136649834,173.9668885883467,191.1951828616464,0.0393921495377305,0.003939214953773,0.0324961536185438,0.0699933736526777,0.1981226800290836,mode-sliding-FGLS,sliding,mode,FGLS,universal_pareto_additive_ar1_xi10.00_theta0.01,,,,,,
universal,pareto_additive_ar1,10.0,0.01,0.9043820750088044,sliding_mode_ols,365.0,100,0,1.2216914756278043,0.396834362355004,-8.778308524372196,8.778308524372196,0.8778308524372196,0.0396834362355004,0.8653840423676268,0.8653838836777172,0.865578521636287,0.2197253562740242,0.2540875633043755,0.2234477859082336,0.2540877570587594,346.9575592056814,17.14133102359381,100,341.3259406514246,341.32588609384925,341.41412715736544,0.0,8.0,21.0,1.714133102359381,345.243426103322,348.67169230804075,0.0396834362355004,0.00396834362355,0.0,0.0,0.0369948074760019,mode-sliding-OLS,sliding,mode,OLS,universal_pareto_additive_ar1_xi10.00_theta0.01,,,,,,
universal,pareto_additive_ar1,10.0,0.01,0.9043820750088044,disjoint_mode_fgls,365.0,100,45,1.147177716664581,1.219667173695171,-8.85282228333542,8.85282228333542,0.885282228333542,0.1219667173695171,0.8984608155579054,0.7981651641676841,0.948880957340512,24.44029068215567,15.430583615097197,10.007734938256249,28.55632752426856,96.51411430478213,73.13678646427587,100,70.37263156804352,31.11447981709858,155.71984988443725,0.45,8.0,14.0,7.313678646427587,89.20043565835452,103.8277929512097,0.1219667173695171,0.0121966717369517,0.049749371855331,0.3561437510640346,0.5475557296835656,mode-disjoint-FGLS,disjoint,mode,FGLS,universal_pareto_additive_ar1_xi10.00_theta0.01,,,,,,
universal,pareto_additive_ar1,10.0,0.01,0.9043820750088044,disjoint_mode_ols,365.0,100,0,1.149290583183861,1.2504227884482235,-8.850709416816139,8.850709416816139,0.8850709416816138,0.1250422788448223,0.8972737019122426,0.7921844065614458,0.9486780169493116,1.7203799985890122,1.2878915034981075,0.9158433003746,2.388056843948644,321.34115669945436,61.398227761216944,100,319.4502648513217,281.0172051959997,348.32079192443655,0.0,8.0,14.0,6.139822776121695,315.20133392333264,327.4809794755761,0.1250422788448223,0.0125042278844822,0.0,0.0,0.0369948074760019,mode-disjoint-OLS,disjoint,mode,OLS,universal_pareto_additive_ar1_xi10.00_theta0.01,,,,,,
universal,pareto_additive_ar1,0.01,0.1,0.9989469496904544,sliding_median_fgls,365.0,100,99,0.0007430732355494,0.0001498145234553,-0.0092569267644505,0.0092569267644505,0.9256926764450596,0.0149814523455326,0.9284088811094762,0.918386408839055,0.937241030638546,0.046244377544347,0.041838742914549,0.0224369505098652,0.0688969992137042,0.0462509292428649,0.0241191316861225,100,0.041838742914549,0.0224369505098652,0.0688969992137042,0.99,8.0,18.0,0.0024119131686122,0.0438390160742526,0.0486628424114771,1.498145234553264e-05,0.0014981452345532,0.0099498743710662,0.9455124752390652,0.9982326134344526,median-sliding-FGLS,sliding,median,FGLS,universal_pareto_additive_ar1_xi0.01_theta0.10,,,,,,
universal,pareto_additive_ar1,0.01,0.1,0.9989469496904544,sliding_median_ols,365.0,100,0,0.0007430501652347,0.0001498322986638,-0.0092569498347652,0.0092569498347652,0.9256949834765285,0.0149832298663843,0.9284185291503176,0.9183730680415012,0.9372445993527284,7.748720377419513e-05,7.420727425992094e-05,4.0234383905128385e-05,0.0001167258511273,0.3688057365189017,0.0059288899154776,100,0.3691571200243078,0.3654295969320282,0.373831081641429,0.0,8.0,18.0,0.0005928889915477,0.3682128475273539,0.3693986255104494,1.4983229866384294e-05,0.0014983229866384,0.0,0.0,0.0369948074760019,median-sliding-OLS,sliding,median,OLS,universal_pareto_additive_ar1_xi0.01_theta0.10,,,,,,
universal,pareto_additive_ar1,0.01,0.1,0.9989469496904544,disjoint_median_fgls,365.0,100,100,0.0007560555280366,3.8729729465267184e-05,-0.0092439444719633,0.0092439444719633,0.9243944471963346,0.0038729729465267,0.9250134037765748,0.9222917366424211,0.926982620132776,0.0621616943846539,0.0622080382179497,0.0597031291103927,0.0641839626353951,0.0621616943846539,0.0032154974782357,100,0.0622080382179497,0.0597031291103927,0.0641839626353951,1.0,8.0,12.0,0.0003215497478235,0.0618401446368303,0.0624832441324775,3.872972946526718e-06,0.0003872972946526,0.0,0.963005192523998,1.0,median-disjoint-FGLS,disjoint,median,FGLS,universal_pareto_additive_ar1_xi0.01_theta0.10,,,,,,
universal,pareto_additive_ar1,0.01,0.1,0.9989469496904544,disjoint_median_ols,365.0,100,0,0.0007570566808123,3.8680118839857655e-05,-0.0092429433191876,0.0092429433191876,0.924294331918765,0.0038680118839857,0.9249123651222626,0.9221509837544456,0.9268672411935802,0.0006875799265874,0.0006926935755642,0.0006344214336363,0.0007306978678934,0.3566537141623452,0.0020110956689449,100,0.356991479788683,0.355615065130377,0.3581896795154294,0.0,8.0,12.0,0.0002011095668944,0.3564526045954507,0.3568548237292397,3.868011883985765e-06,0.0003868011883985,0.0,0.0,0.0369948074760019,median-disjoint-OLS,disjoint,median,OLS,universal_pareto_additive_ar1_xi0.01_theta0.10,,,,,,
universal,pareto_additive_ar1,0.01,0.1,0.9989469496904544,sliding_mean_fgls,365.0,100,0,0.000834567791427,4.3659470333424e-06,-0.0091654322085729,0.0091654322085729,0.9165432208572925,0.0004365947033342,0.916519561105588,0.9162020663190376,0.9168493787045976,0.0129939430342565,0.0129509964995535,0.0126161883015778,0.0133881154908197,0.1197323706920426,0.0126765646270519,100,0.120405067120692,0.1122190524942991,0.1270777534157073,0.0,8.0,21.0,0.0012676564627051,0.1184647142293374,0.1210000271547478,4.3659470333424003e-07,4.365947033342346e-05,0.0,0.0,0.0369948074760019,mean-sliding-FGLS,sliding,mean,FGLS,universal_pareto_additive_ar1_xi0.01_theta0.10,,,,,,
universal,pareto_additive_ar1,0.01,0.1,0.9989469496904544,sliding_mean_ols,365.0,100,0,0.0008339659410765,4.352302352417675e-06,-0.0091660340589234,0.0091660340589234,0.916603405892342,0.0004352302352417,0.9165832524291212,0.9162597896166632,0.916908112012462,0.0001557853176642,0.0001558124291486,0.0001552268885454,0.0001562901139591,0.3636814413213154,0.0001898147030534,100,0.3636720177251282,0.3635369054898613,0.3638129644743831,0.0,8.0,21.0,1.898147030534477e-05,0.3636624598510101,0.3637004227916208,4.352302352417675e-07,4.3523023524176256e-05,0.0,0.0,0.0369948074760019,mean-sliding-OLS,sliding,mean,OLS,universal_pareto_additive_ar1_xi0.01_theta0.10,,,,,,
universal,pareto_additive_ar1,0.01,0.1,0.9989469496904544,disjoint_mean_fgls,365.0,100,100,0.0007526557083082,6.130450219767721e-06,-0.0092473442916917,0.0092473442916917,0.9247344291691776,0.0006130450219767,0.9248086848325556,0.924395104929431,0.9251094266256246,0.0422053790194833,0.0420540571944061,0.0409571318058832,0.0434579720696781,0.0422053790194833,0.0021606169796812,100,0.0420540571944061,0.0409571318058832,0.0434579720696781,1.0,8.0,12.0,0.0002160616979681,0.0419893173215152,0.0424214407174514,6.130450219767721e-07,6.130450219767565e-05,0.0,0.963005192523998,1.0,mean-disjoint-FGLS,disjoint,mean,FGLS,universal_pareto_additive_ar1_xi0.01_theta0.10,,,,,,
universal,pareto_additive_ar1,0.01,0.1,0.9989469496904544,disjoint_mean_ols,365.0,100,0,0.0007532649989564,6.125848858492208e-06,-0.0092467350010435,0.0092467350010435,0.924673500104352,0.0006125848858492,0.9247439631613532,0.924331615586836,0.925052167587237,0.0006401349812668,0.0006393104910566,0.0006319255020224,0.0006476316831883,0.3577068353976714,0.0003697340141579,100,0.3577472664220116,0.3574603186750275,0.3579703664219935,0.0,8.0,12.0,3.6973401415790907e-05,0.3576698619962556,0.3577438087990872,6.125848858492208e-07,6.125848858492275e-05,0.0,0.0,0.0369948074760019,mean-disjoint-OLS,disjoint,mean,OLS,universal_pareto_additive_ar1_xi0.01_theta0.10,,,,,,
universal,pareto_additive_ar1,0.01,0.1,0.9989469496904544,sliding_mode_fgls,365.0,100,100,0.0003803236302442,7.72115602166508e-05,-0.0096196763697557,0.0096196763697557,0.9619676369755724,0.007721156021665,0.9622809879333828,0.9561679253385904,0.9685628540163408,0.098126160793428,0.1072638954202381,0.0638380749834836,0.1234267331833525,0.098126160793428,0.0375041287955374,100,0.1072638954202381,0.0638380749834836,0.1234267331833525,1.0,9.0,16.5,0.0037504128795537,0.0943757479138743,0.1018765736729818,7.72115602166508e-06,0.0007721156021665,0.0,0.963005192523998,1.0,mode-sliding-FGLS,sliding,mode,FGLS,universal_pareto_additive_ar1_xi0.01_theta0.10,,,,,,
universal,pareto_additive_ar1,0.01,0.1,0.9989469496904544,sliding_mode_ols,365.0,100,0,0.0003803189524327,7.722883506386297e-05,-0.0096196810475672,0.0096196810475672,0.9619681047567256,0.0077228835063862,0.9622887071580266,0.956171079818032,0.9685651893823012,3.881644897744437e-05,3.3958518284384406e-05,2.4286558018119252e-05,5.4299597230263375e-05,0.3840497293721188,0.0032175859278172,100,0.3841073860040821,0.3816572941415471,0.3868963399530445,0.0,9.0,16.5,0.0003217585927817,0.383727970779337,0.3843714879649005,7.722883506386298e-06,0.0007722883506386,0.0,0.0,0.0369948074760019,mode-sliding-OLS,sliding,mode,OLS,universal_pareto_additive_ar1_xi0.01_theta0.10,,,,,,
universal,pareto_additive_ar1,0.01,0.1,0.9989469496904544,disjoint_mode_fgls,365.0,100,100,-0.0011767884911243,0.0005095293514678,-0.0111767884911243,0.0111767884911243,1.117678849112437,0.0509529351467892,1.1286701152736214,1.1078260675683396,1.1348226669193764,0.0938900579618051,0.0990898364264384,0.0693503806545121,0.1025869087711882,0.0938900579618051,0.0304618340155132,100,0.0990898364264384,0.0693503806545121,0.1025869087711882,1.0,8.0,12.0,0.0030461834015513,0.0908438745602538,0.0969362413633565,5.095293514678928e-05,0.0050952935146789,0.0,0.963005192523998,1.0,mode-disjoint-FGLS,disjoint,mode,FGLS,universal_pareto_additive_ar1_xi0.01_theta0.10,,,,,,
universal,pareto_additive_ar1,0.01,0.1,0.9989469496904544,disjoint_mode_ols,365.0,100,0,-0.0011732994676474,0.000513103786622,-0.0111732994676474,0.0111732994676474,1.1173299467647468,0.051310378662207,1.1282725448697395,1.1081764942185464,1.134831274063475,0.0013096256311068,0.0008608982185721,0.000704745017012,0.0013156018259455,0.4220490917148677,0.0408275596382954,100,0.434700839170244,0.4238562353937743,0.4372007959043068,0.0,8.0,12.0,0.0040827559638295,0.4179663357510381,0.4261318476786973,5.1310378662207054e-05,0.0051310378662207,0.0,0.0,0.0369948074760019,mode-disjoint-OLS,disjoint,mode,OLS,universal_pareto_additive_ar1_xi0.01_theta0.10,,,,,,
universal,pareto_additive_ar1,0.03,0.1,0.9968441746484832,sliding_median_fgls,365.0,100,0,5.0915433253138074e-05,6.883416520655658e-05,-0.0299490845667468,0.0299490845667468,0.998302818891562,0.0022944721735518,0.9993024850927744,0.9974628913577136,0.9999999999926577,0.0034775890562689,0.0032862242799607,0.0019915584106673,0.004576795015559,1.1318891906007642,0.0363896579662016,100,1.1367736499210537,1.111492668383977,1.1598744841549744,0.0,11.0,16.0,0.0036389657966201,1.128250224804144,1.1355281563973845,6.8834165206556575e-06,0.0002294472173551,0.0,0.0,0.0369948074760019,median-sliding-FGLS,sliding,median,FGLS,universal_pareto_additive_ar1_xi0.03_theta0.10,,,,,,
universal,pareto_additive_ar1,0.03,0.1,0.9968441746484832,sliding_median_ols,365.0,100,0,5.090164665309223e-05,6.89700794538602e-05,-0.0299490983533469,0.0299490983533469,0.9983032784448967,0.002299002648462,0.9992953908090207,0.9974651787207116,0.9999999999997344,3.4385990083323056e-05,1.83862769454067e-05,5.1334978627882e-14,5.615178894532285e-05,1.197310600322293,0.0033797734992883,100,1.1985333854300109,1.1957790998874942,1.1999999999987572,0.0,11.0,16.0,0.0003379773499288,1.1969726229723645,1.197648577672222,6.89700794538602e-06,0.0002299002648462,0.0,0.0,0.0369948074760019,median-sliding-OLS,sliding,median,OLS,universal_pareto_additive_ar1_xi0.03_theta0.10,,,,,,
universal,pareto_additive_ar1,0.03,0.1,0.9968441746484832,disjoint_median_fgls,365.0,100,0,0.0001107733913603,0.0001155055030894,-0.0298892266086396,0.0298892266086396,0.9963075536213222,0.0038501834363136,0.9965942257377448,0.9947013982909046,0.9985868634250132,0.0027590008566301,0.0022475719586603,0.0014525833910989,0.0034160770053752,1.1431480480696146,0.0343047727485986,100,1.151683427435465,1.1300793024839249,1.1670398574109628,0.0,9.0,16.0,0.0034304772748598,1.1397175707947549,1.1465785253444745,1.1550550308941084e-05,0.0003850183436313,0.0,0.0,0.0369948074760019,median-disjoint-FGLS,disjoint,median,FGLS,universal_pareto_additive_ar1_xi0.03_theta0.10,,,,,,
universal,pareto_additive_ar1,0.03,0.1,0.9968441746484832,disjoint_median_ols,365.0,100,0,0.0001114766443556,0.0001169870819254,-0.0298885233556443,0.0298885233556443,0.996284111854813,0.0038995693975165,0.996580932589568,0.9945551113415873,0.9986045212033984,0.0001654491329083,0.0001126880042872,6.52918358141243e-05,0.0002306328638483,1.1923974007005178,0.0066395018845632,100,1.1933327166197183,1.19025823985053,1.1964940195446572,0.0,9.0,16.0,0.0006639501884563,1.1917334505120616,1.193061350888974,1.1698708192549583e-05,0.0003899569397516,0.0,0.0,0.0369948074760019,median-disjoint-OLS,disjoint,median,OLS,universal_pareto_additive_ar1_xi0.03_theta0.10,,,,,,
universal,pareto_additive_ar1,0.03,0.1,0.9968441746484832,sliding_mean_fgls,365.0,100,0,0.000145409951292,3.252512939131234e-05,-0.0298545900487079,0.0298545900487079,0.9951530016235992,0.0010841709797104,0.9952486945366796,0.9946270455607688,0.995918434505112,0.0016834645296346,0.0013237131687671,0.000762870126358,0.0021105189210493,1.1621977758852604,0.0248064116332716,100,1.1688624609444656,1.1521564974686591,1.1802893988191805,0.0,9.0,19.0,0.0024806411633271,1.1597171347219333,1.1646784170485875,3.252512939131234e-06,0.000108417097971,0.0,0.0,0.0369948074760019,mean-sliding-FGLS,sliding,mean,FGLS,universal_pareto_additive_ar1_xi0.03_theta0.10,,,,,,
universal,pareto_additive_ar1,0.03,0.1,0.9968441746484832,sliding_mean_ols,365.0,100,0,0.0001454467808632,3.250557685803593e-05,-0.0298545532191367,0.0298545532191367,0.9951517739712256,0.0010835192286011,0.995245984150053,0.9946265287241872,0.9959175593308852,7.949854068698794e-06,6.559306233936649e-06,2.6170425398637813e-06,1.1591273627729014e-05,1.1940310815381656,0.0013501054075552,100,1.194137712384665,1.1932942095261416,1.19499682886419,0.0,9.0,19.0,0.0001350105407555,1.19389607099741,1.1941660920789212,3.250557685803593e-06,0.0001083519228601,0.0,0.0,0.0369948074760019,mean-sliding-OLS,sliding,mean,OLS,universal_pareto_additive_ar1_xi0.03_theta0.10,,,,,,
universal,pareto_additive_ar1,0.03,0.1,0.9968441746484832,disjoint_mean_fgls,365.0,100,0,0.0001408612184532,5.776001643235745e-05,-0.0298591387815467,0.0298591387815467,0.9953046260515588,0.0019253338810785,0.9956350072006708,0.9946479723119748,0.996434333496372,0.0021125288419804,0.0018374381140226,0.0011865632375508,0.0027564870891511,1.1542275032642415,0.0250256736074756,100,1.1591931201790426,1.143339435569814,1.1722991213008214,0.0,8.0,14.0,0.0025025673607475,1.1517249359034942,1.1567300706249892,5.776001643235745e-06,0.0001925333881078,0.0,0.0,0.0369948074760019,mean-disjoint-FGLS,disjoint,mean,FGLS,universal_pareto_additive_ar1_xi0.03_theta0.10,,,,,,
universal,pareto_additive_ar1,0.03,0.1,0.9968441746484832,disjoint_mean_ols,365.0,100,0,0.0001409206400266,5.7709709371650565e-05,-0.0298590793599733,0.0298590793599733,0.9953026453324436,0.001923656979055,0.995649404534261,0.994675804939716,0.9964363837457004,7.333581746501132e-05,5.689158055536728e-05,3.945333736483064e-05,9.272137295175107e-05,1.1929697938670971,0.0028745224389191,100,1.193360390052756,1.1924093917402194,1.1945870929361246,0.0,8.0,14.0,0.0002874522438919,1.1926823416232053,1.193257246110989,5.7709709371650565e-06,0.0001923656979055,0.0,0.0,0.0369948074760019,mean-disjoint-OLS,disjoint,mean,OLS,universal_pareto_additive_ar1_xi0.03_theta0.10,,,,,,
universal,pareto_additive_ar1,0.03,0.1,0.9968441746484832,sliding_mode_fgls,365.0,100,0,0.0001442755728762,3.731864521275573e-05,-0.0298557244271237,0.0298557244271237,0.9951908142374596,0.0012439548404251,0.9952847608975997,0.9947498052159804,0.99599606838571,0.0026300166434507,0.0019646250203565,0.0010887860090309,0.0030925110634019,1.1442586608593863,0.0464015306010152,100,1.15780337532735,1.1346515378486033,1.175481643691125,0.0,8.0,17.0,0.0046401530601015,1.1396185077992849,1.1488988139194878,3.731864521275573e-06,0.0001243954840425,0.0,0.0,0.0369948074760019,mode-sliding-FGLS,sliding,mode,FGLS,universal_pareto_additive_ar1_xi0.03_theta0.10,,,,,,
universal,pareto_additive_ar1,0.03,0.1,0.9968441746484832,sliding_mode_ols,365.0,100,0,0.0001443398918901,3.730673916766968e-05,-0.0298556601081098,0.0298556601081098,0.995188670270328,0.0012435579722556,0.9952773254161196,0.9947467849796016,0.995994748002405,1.9179072525764806e-05,1.6672307887186495e-05,9.147777823713328e-06,2.2950470133127156e-05,1.193862001946404,0.0015517300862201,100,1.1940327554731565,1.1931396598321942,1.194903954872736,0.0,8.0,17.0,0.000155173008622,1.193706828937782,1.194017174955026,3.730673916766968e-06,0.0001243557972255,0.0,0.0,0.0369948074760019,mode-sliding-OLS,sliding,mode,OLS,universal_pareto_additive_ar1_xi0.03_theta0.10,,,,,,
universal,pareto_additive_ar1,0.03,0.1,0.9968441746484832,disjoint_mode_fgls,365.0,100,0,0.0001337107992972,6.025875789720438e-05,-0.0298662892007027,0.0298662892007027,0.995542973356758,0.0020086252632401,0.995689693186544,0.9945716253082632,0.996576658883966,0.0026183141447508,0.0021006214392142,0.0014274305070319,0.0032556643165636,1.1449035992778425,0.0376522012232106,100,1.1547638866190035,1.1328827468550204,1.167576936788734,0.0,8.0,14.0,0.003765220122321,1.1411383791555214,1.1486688194001635,6.0258757897204374e-06,0.000200862526324,0.0,0.0,0.0369948074760019,mode-disjoint-FGLS,disjoint,mode,FGLS,universal_pareto_additive_ar1_xi0.03_theta0.10,,,,,,
universal,pareto_additive_ar1,0.03,0.1,0.9968441746484832,disjoint_mode_ols,365.0,100,0,0.0001335225461345,6.027272817254501e-05,-0.0298664774538655,0.0298664774538655,0.9955492484621832,0.0020090909390848,0.9957350566357708,0.9945726465279568,0.9965642011094564,0.0001022525300724,8.611316623935958e-05,4.8647965243338454e-05,0.0001325496177593,1.192716300083243,0.0027911225841889,100,1.193301840514864,1.190985195573404,1.1944749933703784,0.0,8.0,14.0,0.0002791122584188,1.192437187824824,1.192995412341662,6.027272817254501e-06,0.0002009090939084,0.0,0.0,0.0369948074760019,mode-disjoint-OLS,disjoint,mode,OLS,universal_pareto_additive_ar1_xi0.03_theta0.10,,,,,,
universal,pareto_additive_ar1,0.1,0.1,0.9895192582062144,sliding_median_fgls,365.0,100,0,0.0009370710948176,0.0010807330419146,-0.0990629289051823,0.0990629289051823,0.990629289051823,0.0108073304191464,0.994727246528896,0.9854960647663836,0.998929275198094,0.0286906732348418,0.0238620166444483,0.0153278941808725,0.0370943400663702,3.4173943647452973,0.3440020381516982,100,3.511426861600612,3.2784707704809906,3.6395043902847553,0.0,10.0,17.0,0.0344002038151698,3.3829941609301275,3.451794568560467,0.0001080733041914,0.0010807330419146,0.0,0.0,0.0369948074760019,median-sliding-FGLS,sliding,median,FGLS,universal_pareto_additive_ar1_xi0.10_theta0.10,,,,,,
universal,pareto_additive_ar1,0.1,0.1,0.9895192582062144,sliding_median_ols,365.0,100,0,0.0009377812914576,0.0010802237898019,-0.0990622187085423,0.0990622187085423,0.9906221870854236,0.0108022378980199,0.9945517096406452,0.9857260967067696,0.998935652712505,0.0005028383037992,0.0003321156070699,0.0001219779934941,0.0006635599167993,3.95293482056951,0.0510905632604009,100,3.971460460171849,3.9300604910493,3.991672826159683,0.0,10.0,17.0,0.00510905632604,3.9478257642434698,3.9580438768955504,0.0001080223789801,0.0010802237898019,0.0,0.0,0.0369948074760019,median-sliding-OLS,sliding,median,OLS,universal_pareto_additive_ar1_xi0.10_theta0.10,,,,,,
universal,pareto_additive_ar1,0.1,0.1,0.9895192582062144,disjoint_median_fgls,365.0,100,0,0.0016417740068362,0.0011933300882727,-0.0983582259931638,0.0983582259931638,0.983582259931638,0.0119333008827278,0.9854432205127353,0.9787866324044217,0.992596958124853,0.0244427399022907,0.0211579074999919,0.0141061857292493,0.0309487776379975,3.4699169815830277,0.2951362471690925,100,3.533182956768357,3.359499316357354,3.665591794442985,0.0,8.0,16.0,0.0295136247169092,3.4404033568661183,3.499430606299937,0.0001193330088272,0.0011933300882727,0.0,0.0,0.0369948074760019,median-disjoint-FGLS,disjoint,median,FGLS,universal_pareto_additive_ar1_xi0.10_theta0.10,,,,,,
universal,pareto_additive_ar1,0.1,0.1,0.9895192582062144,disjoint_median_ols,365.0,100,0,0.0016383074713874,0.001187059042931,-0.0983616925286125,0.0983616925286125,0.9836169252861252,0.0118705904293102,0.985397691870098,0.9781855717965308,0.9929591870609196,0.0015733334578259,0.0012800126512363,0.0007911675216886,0.0020515708983895,3.9045743654458063,0.0610343195522275,100,3.916224739976779,3.871452398418927,3.9512969382651786,0.0,8.0,16.0,0.0061034319552227,3.898470933490584,3.9106777974010294,0.0001187059042931,0.001187059042931,0.0,0.0,0.0369948074760019,median-disjoint-OLS,disjoint,median,OLS,universal_pareto_additive_ar1_xi0.10_theta0.10,,,,,,
universal,pareto_additive_ar1,0.1,0.1,0.9895192582062144,sliding_mean_fgls,365.0,100,0,0.001651273307814,0.0003547734685712,-0.0983487266921859,0.0983487266921859,0.9834872669218592,0.0035477346857128,0.9834597661905632,0.981453764146302,0.9862883611595876,0.0154419074304473,0.0109447710836566,0.0066805554715269,0.0226611922386349,3.6405528265089377,0.2200765518458652,100,3.72773314673776,3.5148114274700504,3.799842994756412,0.0,8.0,19.0,0.0220076551845865,3.618545171324351,3.662560481693524,3.547734685712835e-05,0.0003547734685712,0.0,0.0,0.0369948074760019,mean-sliding-FGLS,sliding,mean,FGLS,universal_pareto_additive_ar1_xi0.10_theta0.10,,,,,,
universal,pareto_additive_ar1,0.1,0.1,0.9895192582062144,sliding_mean_ols,365.0,100,0,0.001651442698282,0.0003547183559687,-0.0983485573017179,0.0983485573017179,0.9834855730171796,0.0035471835596875,0.9834662019602411,0.9814716181613574,0.986284997233547,0.0001001788359715,7.360750114309388e-05,3.149955047331921e-05,0.0001585624835691,3.93203889418526,0.0151041209759399,100,3.931809210237948,3.9232520353068665,3.944083678145077,0.0,8.0,19.0,0.0015104120975939,3.930528482087666,3.933549306282854,3.547183559687586e-05,0.0003547183559687,0.0,0.0,0.0369948074760019,mean-sliding-OLS,sliding,mean,OLS,universal_pareto_additive_ar1_xi0.10_theta0.10,,,,,,
universal,pareto_additive_ar1,0.1,0.1,0.9895192582062144,disjoint_mean_fgls,365.0,100,0,0.0016380748802418,0.0005445010366138,-0.0983619251197581,0.0983619251197581,0.9836192511975816,0.005445010366138,0.9843492075885364,0.9816310989499256,0.9869425844715032,0.0187734471533581,0.0165146932687879,0.0118082602580185,0.0235265230242477,3.5777815088765226,0.182318203290875,100,3.621698456198613,3.4784775517652937,3.710337485745376,0.0,9.0,14.0,0.0182318203290875,3.559549688547435,3.59601332920561,5.445010366138032e-05,0.0005445010366138,0.0,0.0,0.0369948074760019,mean-disjoint-FGLS,disjoint,mean,FGLS,universal_pareto_additive_ar1_xi0.10_theta0.10,,,,,,
universal,pareto_additive_ar1,0.1,0.1,0.9895192582062144,disjoint_mean_ols,365.0,100,0,0.001638317454032,0.0005453632899385,-0.0983616825459679,0.0983616825459679,0.9836168254596792,0.005453632899385,0.9843346865835612,0.9816487413025294,0.9870373212611796,0.0007292719687847,0.0006048451683554,0.0004033348695988,0.0009368289881739,3.920611134431806,0.0242038624080291,100,3.925052232825234,3.908184399632285,3.935417439453251,0.0,9.0,14.0,0.0024203862408029,3.918190748191004,3.9230315206726094,5.4536328993850765e-05,0.0005453632899385,0.0,0.0,0.0369948074760019,mean-disjoint-OLS,disjoint,mean,OLS,universal_pareto_additive_ar1_xi0.10_theta0.10,,,,,,
universal,pareto_additive_ar1,0.1,0.1,0.9895192582062144,sliding_mode_fgls,365.0,100,0,0.0010569577110685,0.0006203706011765,-0.0989430422889314,0.0989430422889314,0.9894304228893144,0.0062037060117652,0.9900475167986258,0.987018553805882,0.9931251833378631,0.042652003456949,0.0409407656284525,0.025199254553696,0.0569226904682898,3.1473336258752256,0.4964697024901545,100,3.1810349987864717,2.854024822767665,3.4883054510972973,0.0,9.0,16.0,0.0496469702490154,3.09768665562621,3.196980596124241,6.203706011765215e-05,0.0006203706011765,0.0,0.0,0.0369948074760019,mode-sliding-FGLS,sliding,mode,FGLS,universal_pareto_additive_ar1_xi0.10_theta0.10,,,,,,
universal,pareto_additive_ar1,0.1,0.1,0.9895192582062144,sliding_mode_ols,365.0,100,0,0.0010571784588526,0.000617033363354,-0.0989428215411473,0.0989428215411473,0.989428215411474,0.0061703336335408,0.989985957815536,0.987015998248184,0.9931246566897874,0.0002225139714169,0.0001789801809441,0.0001018895609064,0.000295352081131,3.953485096188973,0.0256631649789698,100,3.95731171547892,3.943895437768131,3.968881330500435,0.0,9.0,16.0,0.0025663164978969,3.950918779691076,3.95605141268687,6.170333633540812e-05,0.000617033363354,0.0,0.0,0.0369948074760019,mode-sliding-OLS,sliding,mode,OLS,universal_pareto_additive_ar1_xi0.10_theta0.10,,,,,,
universal,pareto_additive_ar1,0.1,0.1,0.9895192582062144,disjoint_mode_fgls,365.0,100,0,0.0003612297671251,0.0080225554859753,-0.0996387702328748,0.0996387702328748,0.9963877023287488,0.0802255548597531,0.9867604163467404,0.9751977200481434,0.99525661305654,0.0359879032064322,0.029099820224759,0.020020816620801,0.0471263736675468,3.301780648392783,0.4372511223695673,100,3.414482696540431,3.132418351856033,3.585343911282302,0.0,9.0,15.0,0.0437251122369567,3.258055536155826,3.34550576062974,0.0008022555485975,0.0080225554859753,0.0,0.0,0.0369948074760019,mode-disjoint-FGLS,disjoint,mode,FGLS,universal_pareto_additive_ar1_xi0.10_theta0.10,,,,,,
universal,pareto_additive_ar1,0.1,0.1,0.9895192582062144,disjoint_mode_ols,365.0,100,0,0.0003677901067963,0.0079475558425087,-0.0996322098932036,0.0996322098932036,0.9963220989320368,0.0794755584250875,0.9863431506324768,0.9755982473996676,0.9949638323374232,0.0039017146502249,0.0017225933581759,0.0009503935553574,0.00263421534325,3.911155817373874,0.2370871620613742,100,3.916802630168191,3.861586131423481,3.9523710008493698,0.0,9.0,15.0,0.0237087162061374,3.887447101167736,3.934864533580011,0.0007947555842508,0.0079475558425087,0.0,0.0,0.0369948074760019,mode-disjoint-OLS,disjoint,mode,OLS,universal_pareto_additive_ar1_xi0.10_theta0.10,,,,,,
universal,pareto_additive_ar1,0.3,0.1,0.9688861611972632,sliding_median_fgls,365.0,100,2,0.0085829081061588,0.0100140877131338,-0.2914170918938412,0.2914170918938412,0.971390306312804,0.0333802923771129,0.9833383739375848,0.9590629882833426,0.9943391579230934,0.2472262837690666,0.2192622989587996,0.1427607665372623,0.3318638532419614,7.062360762783147,2.4751154566197293,100,7.464629259036873,5.581737173307775,8.920009864723694,0.02,11.0,17.0,0.2475115456619729,6.814849217121174,7.30987230844512,0.0010014087713133,0.0033380292377112,0.014,0.0055018522349681,0.0700131629419936,median-sliding-FGLS,sliding,median,FGLS,universal_pareto_additive_ar1_xi0.30_theta0.10,,,,,,
universal,pareto_additive_ar1,0.3,0.1,0.9688861611972632,sliding_median_ols,365.0,100,0,0.0085655504654704,0.0100157927350836,-0.2914344495345295,0.2914344495345295,0.9714481651150986,0.0333859757836122,0.9841282158132856,0.9592299833908324,0.9943064625075764,0.0052852665974776,0.0039433117327694,0.0013931309950491,0.0074408941626384,11.556957916029107,0.4819663584761957,100,11.720562088173615,11.36637047501781,11.887841558835094,0.0,11.0,17.0,0.0481966358476195,11.508761280181488,11.605154551876726,0.0010015792735083,0.0033385975783612,0.0,0.0,0.0369948074760019,median-sliding-OLS,sliding,median,OLS,universal_pareto_additive_ar1_xi0.30_theta0.10,,,,,,
universal,pareto_additive_ar1,0.3,0.1,0.9688861611972632,disjoint_median_fgls,365.0,100,0,0.0150049293293914,0.0144147918969972,-0.2849950706706086,0.2849950706706086,0.9499835689020286,0.048049306323324,0.9583646941057148,0.928022810165095,0.9814436471686936,0.1971241759322378,0.1741212998525065,0.1198324968191431,0.2552105950921862,7.654443484111823,2.008112025014872,100,8.232883745502905,6.48826342896205,9.132880558560188,0.0,9.0,16.0,0.2008112025014872,7.453632281610336,7.855254686613311,0.0014414791896997,0.0048049306323324,0.0,0.0,0.0369948074760019,median-disjoint-FGLS,disjoint,median,FGLS,universal_pareto_additive_ar1_xi0.30_theta0.10,,,,,,
universal,pareto_additive_ar1,0.3,0.1,0.9688861611972632,disjoint_median_ols,365.0,100,0,0.0151185852256264,0.0143624496581715,-0.2848814147743735,0.2848814147743735,0.9496047159145784,0.0478748321939051,0.9570288771343278,0.926766007488567,0.9800542340786657,0.0161482315752432,0.011070601538524,0.007440263803151,0.0219829058345695,11.08844019104532,0.7133086149761076,100,11.223953706070803,10.76192226560335,11.526834119214223,0.0,9.0,16.0,0.0713308614976107,11.01710932954771,11.159771052542933,0.0014362449658171,0.0047874832193905,0.0,0.0,0.0369948074760019,median-disjoint-OLS,disjoint,median,OLS,universal_pareto_additive_ar1_xi0.30_theta0.10,,,,,,
universal,pareto_additive_ar1,0.3,0.1,0.9688861611972632,sliding_mean_fgls,365.0,100,0,0.0181108393077963,0.0045275727233096,-0.2818891606922037,0.2818891606922037,0.9396305356406788,0.0150919090776988,0.9413291290479696,0.9320653515282942,0.950251368303104,0.120333627785669,0.101272436814182,0.0527556773853496,0.1710432878196205,8.989227499760435,1.599170772765455,100,9.38959937900944,8.038625253122213,10.307838786451434,0.0,8.0,19.0,0.1599170772765455,8.82931042248389,9.14914457703698,0.0004527572723309,0.0015091909077698,0.0,0.0,0.0369948074760019,mean-sliding-FGLS,sliding,mean,FGLS,universal_pareto_additive_ar1_xi0.30_theta0.10,,,,,,
universal,pareto_additive_ar1,0.3,0.1,0.9688861611972632,sliding_mean_ols,365.0,100,0,0.018141231901517,0.0045542412275918,-0.281858768098483,0.281858768098483,0.9395292269949432,0.0151808040919727,0.9411024563337572,0.931973881906896,0.9502297775607071,0.0011213140729197,0.000760249707658,0.0003377615379229,0.0017180805922306,11.253045756553842,0.1940888976627754,100,11.281285601296364,11.170258203596074,11.390694544255286,0.0,8.0,19.0,0.0194088897662775,11.233636866787563,11.27245464632012,0.0004554241227591,0.0015180804091972,0.0,0.0,0.0369948074760019,mean-sliding-OLS,sliding,mean,OLS,universal_pareto_additive_ar1_xi0.30_theta0.10,,,,,,
universal,pareto_additive_ar1,0.3,0.1,0.9688861611972632,disjoint_mean_fgls,365.0,100,0,0.0168653345011005,0.0069248287528607,-0.2831346654988994,0.2831346654988994,0.9437822183296648,0.0230827625095358,0.9488912348559212,0.9332336980642032,0.9598579030620964,0.1539134715893209,0.1456228167988765,0.0940550735233919,0.205343908830956,8.401030659758879,1.5336853008348903,100,8.60229305643393,7.465015339490574,9.480205277288317,0.0,8.0,14.0,0.153368530083489,8.24766212967539,8.554399189842368,0.000692482875286,0.0023082762509535,0.0,0.0,0.0369948074760019,mean-disjoint-FGLS,disjoint,mean,FGLS,universal_pareto_additive_ar1_xi0.30_theta0.10,,,,,,
universal,pareto_additive_ar1,0.3,0.1,0.9688861611972632,disjoint_mean_ols,365.0,100,0,0.0169144035999204,0.0069092358181955,-0.2830855964000796,0.2830855964000796,0.9436186546669318,0.0230307860606518,0.9495170731999564,0.9334842351945888,0.960082142181857,0.0095965327429979,0.0073134536557872,0.0044806926271734,0.0134373619757538,11.141089733886222,0.3319069287437626,100,11.197444286897117,11.01909929285787,11.367654029070392,0.0,8.0,14.0,0.0331906928743762,11.107899041011846,11.174280426760598,0.0006909235818195,0.0023030786060651,0.0,0.0,0.0369948074760019,mean-disjoint-OLS,disjoint,mean,OLS,universal_pareto_additive_ar1_xi0.30_theta0.10,,,,,,
universal,pareto_additive_ar1,0.3,0.1,0.9688861611972632,sliding_mode_fgls,365.0,100,8,0.0095508741056104,0.0085548656686019,-0.2904491258943895,0.2904491258943895,0.9681637529812984,0.0285162188953398,0.9710546163297368,0.9596103644667976,0.9814661746178738,0.3026065026901356,0.264749207413647,0.1532453003747548,0.3765680525021407,6.096324520707657,2.982846163133928,100,6.266413379650983,4.1073910381775995,8.800733231071444,0.08,9.0,16.5,0.2982846163133928,5.798039904394264,6.39460913702105,0.0008554865668601,0.0028516218895339,0.027129319932501,0.0410929694858109,0.1499826687940307,mode-sliding-FGLS,sliding,mode,FGLS,universal_pareto_additive_ar1_xi0.30_theta0.10,,,,,,
universal,pareto_additive_ar1,0.3,0.1,0.9688861611972632,sliding_mode_ols,365.0,100,0,0.009555441037004,0.0085897148640067,-0.2904445589629959,0.2904445589629959,0.9681485298766532,0.0286323828800223,0.9711014520724784,0.9597543809921476,0.9814808414603856,0.002098339656824,0.0014998726650087,0.0009712084578206,0.0024908294036832,11.57791390504018,0.3506221151523154,100,11.616186810966068,11.4619626055368,11.760715190404577,0.0,9.0,16.5,0.0350622115152315,11.542851693524948,11.612976116555412,0.0008589714864006,0.0028632382880022,0.0,0.0,0.0369948074760019,mode-sliding-OLS,sliding,mode,OLS,universal_pareto_additive_ar1_xi0.30_theta0.10,,,,,,
universal,pareto_additive_ar1,0.3,0.1,0.9688861611972632,disjoint_mode_fgls,365.0,100,6,0.0149072230486743,0.0213189314058966,-0.2850927769513256,0.2850927769513256,0.9503092565044188,0.0710631046863219,0.9565979621947538,0.9290127411921248,0.9883490461102298,0.248954630353367,0.2309758137081263,0.1466480301974104,0.316860667783403,6.756163383941633,2.7247913713428344,100,7.179335997170053,5.1996796270531345,9.12657403329073,0.06,8.0,16.0,0.2724791371342834,6.48368424680735,7.028642521075916,0.0021318931405896,0.0071063104686321,0.0237486841740758,0.0277857452666566,0.124769685312225,mode-disjoint-FGLS,disjoint,mode,FGLS,universal_pareto_additive_ar1_xi0.30_theta0.10,,,,,,
universal,pareto_additive_ar1,0.3,0.1,0.9688861611972632,disjoint_mode_ols,365.0,100,1,0.0147945647313662,0.0206838035598862,-0.2852054352686338,0.2852054352686338,0.9506847842287792,0.0689460118662874,0.9568722427892512,0.9247086606381096,0.9889115352023812,0.0332952654798407,0.0184878182899502,0.0111174772962828,0.0278387729395013,10.806571301314683,1.5700503481031791,100,11.128458012398925,10.639017556104069,11.48863234273687,0.01,8.0,16.0,0.1570050348103179,10.649566266504364,10.963576336125,0.0020683803559886,0.0068946011866287,0.0099498743710662,0.0017673865655472,0.0544875247609346,mode-disjoint-OLS,disjoint,mode,OLS,universal_pareto_additive_ar1_xi0.30_theta0.10,,,,,,
universal,pareto_additive_ar1,1.0,0.1,0.9,sliding_median_fgls,365.0,100,58,0.2334832998498045,0.2028123366577134,-0.7665167001501955,0.7737040464698193,0.7737040464698193,0.1730633548584949,0.810392205406778,0.6898796986267115,0.9012085835191356,2.2540491182422584,1.7891338646146844,0.8997939287825587,2.796980584559038,7.1803671980194625,6.477994640385075,100,4.341427488599923,2.200433499880667,12.127290130757904,0.58,9.0,17.0,0.6477994640385075,6.532567733980955,7.82816666205797,0.0202812336657713,0.0173063354858494,0.0493558507170122,0.4820630799889527,0.672017750814887,median-sliding-FGLS,sliding,median,FGLS,universal_pareto_additive_ar1_xi1.00_theta0.10,,,,,,
universal,pareto_additive_ar1,1.0,0.1,0.9,sliding_median_ols,365.0,100,0,0.2345390206033641,0.2044461214005284,-0.7654609793966358,0.77325410877818,0.77325410877818,0.1722953437603494,0.8089357292918458,0.6890140892569272,0.9008090514468144,0.0942526640695631,0.0811346646957298,0.0415247203700127,0.135148589506027,29.1393637338055,7.766766313604883,100,30.728414646249167,25.08206476932458,34.107018893453,0.0,9.0,17.0,0.7766766313604883,28.362687102445012,29.916040365165987,0.0204446121400528,0.0172295343760349,0.0,0.0,0.0369948074760019,median-sliding-OLS,sliding,median,OLS,universal_pareto_additive_ar1_xi1.00_theta0.10,,,,,,
universal,pareto_additive_ar1,1.0,0.1,0.9,disjoint_median_fgls,365.0,100,64,0.3099690053410922,0.266282524049017,-0.6900309946589078,0.7007583238426622,0.7007583238426622,0.2362969026564051,0.7536422064254342,0.5996561903889699,0.8545960166003397,2.3865983074077697,1.9816709932185177,1.2536369780555898,2.7801581878997896,5.9949062119293055,5.381625393577891,100,3.7102726663423367,2.2757222549281746,8.081131733861154,0.64,9.0,16.0,0.5381625393577891,5.456743672571516,6.533068751287095,0.0266282524049017,0.0236296902656405,0.048,0.542352199811621,0.7272892540950986,median-disjoint-FGLS,disjoint,median,FGLS,universal_pareto_additive_ar1_xi1.00_theta0.10,,,,,,
universal,pareto_additive_ar1,1.0,0.1,0.9,disjoint_median_ols,365.0,100,5,0.3086310930768869,0.2604451246488153,-0.6913689069231131,0.6992517774953142,0.6992517774953142,0.238241163473569,0.7543424952810128,0.5938011746645842,0.8538655835703635,0.2732669091537594,0.2044897065578292,0.1210168351549534,0.3440672368590326,23.22899279694998,10.650144984869694,100,25.169557615939393,17.230253652361725,30.58949083447882,0.05,9.0,16.0,1.0650144984869694,22.16397829846301,24.294007295436952,0.0260445124648815,0.0238241163473569,0.0217944947177033,0.0215433614563135,0.1117519652720881,median-disjoint-OLS,disjoint,median,OLS,universal_pareto_additive_ar1_xi1.00_theta0.10,,,,,,
universal,pareto_additive_ar1,1.0,0.1,0.9,sliding_mean_fgls,365.0,100,59,0.3680174421140932,0.118875187272413,-0.6319825578859067,0.6319825578859067,0.6319825578859067,0.118875187272413,0.6507567987323988,0.5410781750991305,0.7242252830414273,2.2395321285908443,1.7162434312756527,0.8474717259394287,2.842243661107784,6.962674173471026,6.358077065337771,100,3.790832967328488,2.2122853259599493,9.872155483704478,0.59,9.0,21.0,0.6358077065337772,6.326866466937249,7.598481880004803,0.0118875187272413,0.0118875187272413,0.0491833305094317,0.4920125056109662,0.6813284290433533,mean-sliding-FGLS,sliding,mean,FGLS,universal_pareto_additive_ar1_xi1.00_theta0.10,,,,,,
universal,pareto_additive_ar1,1.0,0.1,0.9,sliding_mean_ols,365.0,100,0,0.3690892261537805,0.1192235085881143,-0.6309107738462195,0.6309107738462195,0.6309107738462195,0.1192235085881142,0.6500905579470836,0.541089136174224,0.7232953868065756,0.0224516615676015,0.0204915280122373,0.0068440682321329,0.036967695622385,24.80984938406435,5.004651819005347,100,25.54806071447879,21.311013255882983,28.673598712790422,0.0,9.0,21.0,0.5004651819005347,24.309384202163816,25.310314565964884,0.0119223508588114,0.0119223508588114,0.0,0.0,0.0369948074760019,mean-sliding-OLS,sliding,mean,OLS,universal_pareto_additive_ar1_xi1.00_theta0.10,,,,,,
universal,pareto_additive_ar1,1.0,0.1,0.9,disjoint_mean_fgls,365.0,100,69,0.3287909195547038,0.2247518705552917,-0.6712090804452961,0.6712090804452961,0.6712090804452961,0.2247518705552917,0.6976309271902608,0.5377066358755727,0.7736305343438312,3.2399526946604578,2.0344949952101414,1.375468953298009,3.5775285057082247,6.343087258231251,6.185696097601179,100,3.7346435487644634,2.1590525269029865,7.668345289714528,0.69,8.0,16.0,0.6185696097601179,5.724517648471133,6.961656867991369,0.0224751870555291,0.0224751870555291,0.0462493243193887,0.5937376052204429,0.7722043679386762,mean-disjoint-FGLS,disjoint,mean,FGLS,universal_pareto_additive_ar1_xi1.00_theta0.10,,,,,,
universal,pareto_additive_ar1,1.0,0.1,0.9,disjoint_mean_ols,365.0,100,6,0.327681645637157,0.2218905054096659,-0.6723183543628428,0.6723183543628428,0.6723183543628428,0.2218905054096659,0.6984914287959634,0.5561878871868786,0.7767364965611547,0.3174525695726077,0.1900987160955761,0.1184456584149144,0.4179527035006418,21.15884495350396,10.547879364688535,100,23.51325014760107,14.7680893882467,28.22790484627517,0.06,8.0,16.0,1.0547879364688535,20.10405701703511,22.213632889972818,0.0221890505409665,0.0221890505409666,0.0237486841740758,0.0277857452666566,0.124769685312225,mean-disjoint-OLS,disjoint,mean,OLS,universal_pareto_additive_ar1_xi1.00_theta0.10,,,,,,
universal,pareto_additive_ar1,1.0,0.1,0.9,sliding_mode_fgls,365.0,100,53,0.1577387235586524,0.1110139351085576,-0.8422612764413476,0.8422612764413476,0.8422612764413476,0.1110139351085576,0.8580888411523802,0.7766411143622172,0.9036226302157288,2.1548694467043026,1.881810460281796,1.210496908101577,2.7428541522518355,7.455174891481431,7.306549895051005,100,3.7430745744538614,2.465802586719388,10.112931152101888,0.53,10.0,16.5,0.7306549895051005,6.724519901976331,8.185829880986532,0.0111013935108557,0.0111013935108557,0.0499099188538711,0.4328868313724773,0.6248934801789626,mode-sliding-FGLS,sliding,mode,FGLS,universal_pareto_additive_ar1_xi1.00_theta0.10,,,,,,
universal,pareto_additive_ar1,1.0,0.1,0.9,sliding_mode_ols,365.0,100,0,0.1584365437887541,0.1116829849331417,-0.8415634562112458,0.8415634562112458,0.8415634562112458,0.1116829849331417,0.8565975002683768,0.7750753692586796,0.9011434083252984,0.040958833928789,0.0294066849114352,0.0172544299276145,0.0542421191866418,32.884320403802846,4.722283698309852,100,33.5104318093431,29.78320345993614,35.82290672098773,0.0,10.0,16.5,0.4722283698309851,32.41209203397186,33.35654877363383,0.0111682984933141,0.0111682984933141,0.0,0.0,0.0369948074760019,mode-sliding-OLS,sliding,mode,OLS,universal_pareto_additive_ar1_xi1.00_theta0.10,,,,,,
universal,pareto_additive_ar1,1.0,0.1,0.9,disjoint_mode_fgls,365.0,100,50,0.183524756789492,0.2377116464579624,-0.8164752432105079,0.8164752432105079,0.8164752432105079,0.2377116464579624,0.8615434238211961,0.7226545803956839,0.9553544750862102,1.8545177987631785,1.659254750445924,1.0970394506052588,2.3578104911778093,8.290456123556602,7.737451426045776,100,3.959538692827176,2.3353984146001987,13.06501998767219,0.5,9.0,16.0,0.7737451426045776,7.516710980952024,9.06420126616118,0.0237711646457962,0.0237711646457962,0.05,0.4038298285901471,0.5961701714098528,mode-disjoint-FGLS,disjoint,mode,FGLS,universal_pareto_additive_ar1_xi1.00_theta0.10,,,,,,
universal,pareto_additive_ar1,1.0,0.1,0.9,disjoint_mode_ols,365.0,100,7,0.1944613897209436,0.2395958495255888,-0.8055386102790564,0.8055386102790564,0.8055386102790564,0.2395958495255887,0.8451212195985698,0.6988688480629799,0.9511255854712536,0.3194932805870383,0.2368344279875849,0.1436264194733148,0.3921525173739438,26.79746537578238,10.831311730548247,100,29.660915561396813,21.413812691699967,34.390200379543465,0.07,9.0,16.0,1.083131173054825,25.714334202727557,27.880596548837204,0.0239595849525588,0.0239595849525588,0.0255147016443461,0.034318824364064,0.1374967100652975,mode-disjoint-OLS,disjoint,mode,OLS,universal_pareto_additive_ar1_xi1.00_theta0.10,,,,,,
universal,pareto_additive_ar1,3.0,0.1,0.7290000000000001,sliding_median_fgls,365.0,100,93,1.5061823583494427,1.174276493280838,-1.4938176416505573,1.6947289739909164,0.5649096579969721,0.2851586836609877,0.5817345753014251,0.3619524681551584,0.8173192092672821,9.97452291826254,8.342981071345765,5.098120934931955,12.386516584228168,10.872754133700594,7.616014181028482,100,8.810168152914324,5.835795652263541,13.265786758794146,0.93,9.0,17.0,0.7616014181028482,10.111152715597743,11.634355551803443,0.1174276493280838,0.0285158683660987,0.0255147016443461,0.8625032899347026,0.965681175635936,median-sliding-FGLS,sliding,median,FGLS,universal_pareto_additive_ar1_xi3.00_theta0.10,,,,,,
universal,pareto_additive_ar1,3.0,0.1,0.7290000000000001,sliding_median_ols,365.0,100,6,1.5051529603741731,1.1829097496036147,-1.4948470396258269,1.699873641190282,0.5666245470634272,0.2862897837349802,0.5780110083988863,0.3766368595523897,0.8169711250229046,0.4979666822631427,0.4045351794511759,0.2301197154802874,0.7126537402137344,59.4394100888688,36.31520009631336,100,61.09274961422565,30.496233021326702,88.97594686656932,0.06,9.0,17.0,3.631520009631336,55.80789007923746,63.070930098500135,0.1182909749603614,0.028628978373498,0.0237486841740758,0.0277857452666566,0.124769685312225,median-sliding-OLS,sliding,median,OLS,universal_pareto_additive_ar1_xi3.00_theta0.10,,,,,,
universal,pareto_additive_ar1,3.0,0.1,0.7290000000000001,disjoint_median_fgls,365.0,100,95,1.4049285941946812,1.131951014585273,-1.5950714058053188,1.7929471751015629,0.5976490583671875,0.2590869718080449,0.5698156448311285,0.4054802761093677,0.8101303333211073,10.8191114269932,9.653329124450096,6.323361634216271,13.767457118345938,11.383692746457514,5.919972979545201,100,10.196164470945282,6.823869401871939,14.815284423899907,0.95,9.0,16.0,0.59199729795452,10.791695448502994,11.975690044412037,0.1131951014585272,0.0259086971808044,0.0217944947177033,0.8882480347279118,0.9784566385436864,median-disjoint-FGLS,disjoint,median,FGLS,universal_pareto_additive_ar1_xi3.00_theta0.10,,,,,,
universal,pareto_additive_ar1,3.0,0.1,0.7290000000000001,disjoint_median_ols,365.0,100,13,1.4320164823239676,1.1393266879523354,-1.5679835176760324,1.7763167399592104,0.5921055799864035,0.256969256220761,0.5602095855351445,0.4146415636852253,0.8137273506746493,1.257289812910498,0.959446415545768,0.6158919254208611,1.6182153236764227,50.24488919344533,32.75167386106371,100,46.114880810920674,27.343431341419148,73.63360376255355,0.13,9.0,16.0,3.2751673861063706,46.96972180733896,53.5200565795517,0.1139326687952335,0.0256969256220761,0.0336303434416004,0.0775709385841426,0.2098052189480987,median-disjoint-OLS,disjoint,median,OLS,universal_pareto_additive_ar1_xi3.00_theta0.10,,,,,,
universal,pareto_additive_ar1,3.0,0.1,0.7290000000000001,sliding_mean_fgls,365.0,100,79,0.7992980373117795,0.184908031522173,-2.2007019626882203,2.2007019626882203,0.7335673208960735,0.061636010507391,0.7099811476122492,0.7084468780371532,0.7311930339851191,9.912000291046128,8.191511149049706,4.625354456260075,13.204285634685032,16.66942768172654,13.869286922180976,100,11.771494924104111,7.544347381516306,20.445549958598676,0.79,9.0,21.0,1.3869286922180977,15.282498989508442,18.05635637394464,0.0184908031522173,0.0061636010507391,0.0407308237088326,0.7001985069803768,0.8583445046835422,mean-sliding-FGLS,sliding,mean,FGLS,universal_pareto_additive_ar1_xi3.00_theta0.10,,,,,,
universal,pareto_additive_ar1,3.0,0.1,0.7290000000000001,sliding_mean_ols,365.0,100,0,0.7993769696327682,0.1849056675145988,-2.200623030367232,2.200623030367232,0.7335410101224106,0.0616352225048663,0.7099396955163892,0.7084236812431863,0.7311234096178785,0.0212791922825988,0.0301368451680412,0.0081346766736588,0.0311026145743041,87.62061656131989,7.454504989665918,100,84.67271858183429,84.42199022321275,87.13188522639472,0.0,9.0,21.0,0.7454504989665918,86.8751660623533,88.36606706028648,0.0184905667514598,0.0061635222504866,0.0,0.0,0.0369948074760019,mean-sliding-OLS,sliding,mean,OLS,universal_pareto_additive_ar1_xi3.00_theta0.10,,,,,,
universal,pareto_additive_ar1,3.0,0.1,0.7290000000000001,disjoint_mean_fgls,365.0,100,88,0.7785741009182808,0.3594734355361481,-2.2214258990817193,2.2214258990817193,0.7404752996939064,0.1198244785120494,0.7297446638074423,0.6764240949284215,0.7849679919987876,16.700218597964056,10.562194432380467,6.962257636174827,22.635034840361634,20.6422342437864,16.014143126140574,100,14.44048884435879,9.284959122227956,27.814799105523814,0.88,10.0,17.0,1.6014143126140574,19.040819931172344,22.24364855640046,0.0359473435536148,0.0119824478512049,0.0324961536185438,0.8018773199709163,0.9300066263473222,mean-disjoint-FGLS,disjoint,mean,FGLS,universal_pareto_additive_ar1_xi3.00_theta0.10,,,,,,
universal,pareto_additive_ar1,3.0,0.1,0.7290000000000001,disjoint_mean_ols,365.0,100,0,0.7757150606677518,0.3586655792348489,-2.2242849393322484,2.2242849393322484,0.7414283131107494,0.1195551930782829,0.7281939334900885,0.6767018970441575,0.7803346521328215,0.563583673858957,0.394477305064028,0.2080366516244012,0.7802027949460846,78.26330776996976,15.669994527606796,100,80.0446564543513,73.39907799848801,85.43752665431373,0.0,10.0,17.0,1.5669994527606796,76.69630831720907,79.83030722273044,0.0358665579234848,0.0119555193078282,0.0,0.0,0.0369948074760019,mean-disjoint-OLS,disjoint,mean,OLS,universal_pareto_additive_ar1_xi3.00_theta0.10,,,,,,
universal,pareto_additive_ar1,3.0,0.1,0.7290000000000001,sliding_mode_fgls,365.0,100,84,1.0033296441480466,1.042625629888525,-1.9966703558519536,2.086098488143054,0.6953661627143514,0.2825018756360705,0.7518363825871717,0.472774270116427,0.9695582502580796,7.560174012964089,6.650380744931753,4.528474308247918,8.880817561886758,10.542963231520552,8.8524897718884,100,7.879737459164132,5.636422643522227,10.979760541158658,0.84,10.5,16.0,0.8852489771888401,9.657714254331712,11.428212208709391,0.1042625629888525,0.028250187563607,0.0366606055596467,0.7557955544110557,0.8990479765052628,mode-sliding-FGLS,sliding,mode,FGLS,universal_pareto_additive_ar1_xi3.00_theta0.10,,,,,,
universal,pareto_additive_ar1,3.0,0.1,0.7290000000000001,sliding_mode_ols,365.0,100,3,1.007921345156933,1.036689657933803,-1.992078654843067,2.077863624310729,0.6926212081035764,0.2832468313677962,0.7311745631146016,0.4871638179895767,0.9683514341416836,0.2658236850730778,0.1918642781281191,0.0575723442734107,0.3050445862240653,78.18123837832368,36.44326173242109,100,81.08974109076397,54.20403931821504,111.8061050959335,0.03,10.5,16.0,3.644326173242109,74.53691220508158,81.82556455156579,0.1036689657933803,0.0283246831367796,0.0170587221092319,0.0102543382234148,0.0845207808040269,mode-sliding-OLS,sliding,mode,OLS,universal_pareto_additive_ar1_xi3.00_theta0.10,,,,,,
universal,pareto_additive_ar1,3.0,0.1,0.7290000000000001,disjoint_mode_fgls,365.0,100,74,1.3106464536050886,2.3107952075745724,-1.6893535463949114,2.207938096516671,0.735979365505557,0.6053726452607723,0.7601151513130919,0.415943159094148,0.9995301311398658,6.967755509348124,6.455658556263776,3.9157725535187895,9.334332455304107,17.669645369903545,46.73399170001863,100,8.701742766163107,6.466460430140983,13.483475903673645,0.74,9.0,16.0,4.673399170001863,12.996246199901682,22.343044539905407,0.2310795207574572,0.0605372645260772,0.0438634243989226,0.6462882736813838,0.8159542187301354,mode-disjoint-FGLS,disjoint,mode,FGLS,universal_pareto_additive_ar1_xi3.00_theta0.10,,,,,,
universal,pareto_additive_ar1,3.0,0.1,0.7290000000000001,disjoint_mode_ols,365.0,100,24,1.212108619901107,1.7912137897118223,-1.7878913800988931,2.131448565943548,0.7104828553145159,0.4531774551053418,0.7458010151786068,0.4377816104305601,0.9999999999999968,1.6045371865696894,1.044203610494356,0.256982836708775,1.9761521340530104,64.3819128062268,52.12854529952531,100,62.55573592362058,7.238983402171654,115.0598015731458,0.24,9.0,16.0,5.212854529952531,59.169058276274264,69.59476733617933,0.1791213789711822,0.0453177455105341,0.0427083130081252,0.1669121126545996,0.3323251872329213,mode-disjoint-OLS,disjoint,mode,OLS,universal_pareto_additive_ar1_xi3.00_theta0.10,,,,,,
universal,pareto_additive_ar1,10.0,0.1,0.3486784401000001,sliding_median_fgls,365.0,100,99,5.611114509858553,4.589981919968878,-4.388885490141447,5.73543690104892,0.573543690104892,0.2701352838229647,0.5928535805265313,0.3966145562056397,0.7850960234669117,38.94590143531519,32.408191105522235,19.770209472524673,49.24738721180448,39.076286706715045,25.509704857945312,100,32.408191105522235,20.11174887394448,49.24738721180448,0.99,9.5,17.0,2.5509704857945312,36.52531622092051,41.627257192509575,0.4589981919968878,0.0270135283822964,0.0099498743710662,0.9455124752390652,0.9982326134344526,median-sliding-FGLS,sliding,median,FGLS,universal_pareto_additive_ar1_xi10.00_theta0.10,,,,,,
universal,pareto_additive_ar1,10.0,0.1,0.3486784401000001,sliding_median_ols,365.0,100,5,5.621290806690832,4.606792143844776,-4.378709193309168,5.732314541958785,0.5732314541958785,0.271991768845341,0.602666890561199,0.3921632372583196,0.7948285735545788,1.6937290082020513,1.33485862930211,0.753472697268015,2.3715466793028215,198.29840956615237,119.25921942344412,100,201.97199646940007,84.95566172655921,288.68520725209436,0.05,9.5,17.0,11.925921942344411,186.37248762380796,210.2243315084968,0.4606792143844775,0.0271991768845341,0.0217944947177033,0.0215433614563135,0.1117519652720881,median-sliding-OLS,sliding,median,OLS,universal_pareto_additive_ar1_xi10.00_theta0.10,,,,,,
universal,pareto_additive_ar1,10.0,0.1,0.3486784401000001,disjoint_median_fgls,365.0,100,97,4.738845752599072,3.20561708203704,-5.261154247400928,5.551207991757501,0.5551207991757502,0.266610882708343,0.6187981262930067,0.3671558862931292,0.7424664609051944,36.712942882467175,35.291763053339125,26.030673503373084,44.56256577664818,39.15802167405259,18.73997359876004,100,37.37827144409806,28.01457808747936,44.97535405741657,0.97,8.0,14.0,1.873997359876004,37.284024314176584,41.0320190339286,0.320561708203704,0.0266610882708343,0.0170587221092319,0.915479219195973,0.9897456617765852,median-disjoint-FGLS,disjoint,median,FGLS,universal_pareto_additive_ar1_xi10.00_theta0.10,,,,,,
universal,pareto_additive_ar1,10.0,0.1,0.3486784401000001,disjoint_median_ols,365.0,100,18,4.8262279788393725,3.2970014426711725,-5.1737720211606275,5.5242230322007355,0.5524223032200736,0.266143295975802,0.6033902687976485,0.3648872567510212,0.7426030206427244,4.605571088258411,3.917662380990695,2.115207486320219,6.125728176110817,151.44489637052743,111.4124602973472,100,156.49219604171225,45.74089960239933,236.84523881275751,0.18,8.0,14.0,11.14124602973472,140.3036503407927,162.58614240026216,0.3297001442671172,0.0266143295975802,0.038418745424597,0.1170013165425103,0.2666753602421308,median-disjoint-OLS,disjoint,median,OLS,universal_pareto_additive_ar1_xi10.00_theta0.10,,,,,,
universal,pareto_additive_ar1,10.0,0.1,0.3486784401000001,sliding_mean_fgls,365.0,100,47,0.8678631474267152,0.3157486549392115,-9.132136852573286,9.132136852573286,0.9132136852573284,0.0315748654939211,0.9002307827403542,0.9002294975183659,0.901527492145074,20.889952318931428,17.719727554454025,9.09039100838258,25.16116343960328,107.08779893725097,91.63809705327958,100,59.343874537422614,28.22521357898895,189.83493370983535,0.47,8.0,21.0,9.163809705327958,97.923989231923,116.25160864257892,0.0315748654939211,0.0031574865493921,0.0499099188538711,0.3751065198210374,0.5671131686275227,mean-sliding-FGLS,sliding,mean,FGLS,universal_pareto_additive_ar1_xi10.00_theta0.10,,,,,,
universal,pareto_additive_ar1,10.0,0.1,0.3486784401000001,sliding_mean_ols,365.0,100,0,0.8678695223561498,0.3157488251783224,-9.13213047764385,9.13213047764385,0.9132130477643848,0.0315748825178322,0.900229946085253,0.9002293938698209,0.9015265662455528,0.0136455238944346,0.0149474904660744,0.014693614058201,0.0149476054407972,365.0259541517597,12.65672257667084,100,359.80802809097383,359.80775524171963,360.28915568058864,0.0,8.0,21.0,1.265672257667084,363.76028189409266,366.2916264094268,0.0315748825178322,0.0031574882517832,0.0,0.0,0.0369948074760019,mean-sliding-OLS,sliding,mean,OLS,universal_pareto_additive_ar1_xi10.00_theta0.10,,,,,,
universal,pareto_additive_ar1,10.0,0.1,0.3486784401000001,disjoint_mean_fgls,365.0,100,92,0.905401154197094,0.2278277806031633,-9.094598845802906,9.094598845802906,0.9094598845802906,0.0227827780603163,0.9032497120177368,0.9002852245206355,0.9109479217191052,63.276419030238365,48.207144616660216,32.6700465889848,77.99708785989345,73.6659068875105,57.952964914162685,100,54.080245869647385,37.20006305544992,91.8987515605162,0.92,11.0,16.0,5.795296491416268,67.87061039609424,79.46120337892677,0.0227827780603163,0.0022782778060316,0.027129319932501,0.8500173312059693,0.9589070305141892,mean-disjoint-FGLS,disjoint,mean,FGLS,universal_pareto_additive_ar1_xi10.00_theta0.10,,,,,,
universal,pareto_additive_ar1,10.0,0.1,0.3486784401000001,disjoint_mean_ols,365.0,100,0,0.9104125362947956,0.2169856901821855,-9.089587463705204,9.089587463705204,0.9089587463705204,0.0216985690182185,0.9034202543255272,0.9004546434649243,0.9100482078748828,0.2485318357846011,0.1442638475746342,0.087660053401678,0.2762013138174451,358.8613936683007,7.997048559235686,100,359.1246631388622,356.44476115338017,360.36791141514936,0.0,11.0,16.0,0.7997048559235685,358.06168881237716,359.66109852422426,0.0216985690182185,0.0021698569018218,0.0,0.0,0.0369948074760019,mean-disjoint-OLS,disjoint,mean,OLS,universal_pareto_additive_ar1_xi10.00_theta0.10,,,,,,
universal,pareto_additive_ar1,10.0,0.1,0.3486784401000001,sliding_mode_fgls,365.0,100,82,4.898220922900387,6.095136034369704,-5.101779077099613,7.127522289318296,0.7127522289318297,0.3482387462052171,0.9279045739990012,0.4205903614644924,0.9999999999999772,24.43723223736803,23.392836594814973,15.680448673968478,30.484204884331653,38.39564322547495,39.3888201823641,100,27.486237221266418,20.821819300097417,42.07818740176059,0.82,10.0,16.0,3.93888201823641,34.456761207238536,42.33452524371136,0.6095136034369704,0.0348238746205217,0.0384187454245971,0.7333246397578691,0.8829986834574896,mode-sliding-FGLS,sliding,mode,FGLS,universal_pareto_additive_ar1_xi10.00_theta0.10,,,,,,
universal,pareto_additive_ar1,10.0,0.1,0.3486784401000001,sliding_mode_ols,365.0,100,5,4.830431470706232,6.018024389305411,-5.169568529293769,7.107941335932137,0.7107941335932136,0.3489675988372277,0.9250437739843717,0.4001699953690285,0.9999999999999982,0.9344165797845484,0.7406844605290861,7.748143907216323e-14,1.5986892901061376,267.2043603337678,151.941643649346,100,343.6726668734914,120.46834353563466,399.99999999999784,0.05,10.0,16.0,15.1941643649346,252.0101959688332,282.3985246987024,0.6018024389305411,0.0348967598837227,0.0217944947177033,0.0215433614563135,0.1117519652720881,mode-sliding-OLS,sliding,mode,OLS,universal_pareto_additive_ar1_xi10.00_theta0.10,,,,,,
universal,pareto_additive_ar1,10.0,0.1,0.3486784401000001,disjoint_mode_fgls,365.0,100,83,5.822504857511767,6.083793462704311,-4.177495142488233,6.5012549729812115,0.6501254972981211,0.3456448651795675,0.7196351851996269,0.3926643505168726,0.9795926211501808,24.43019163333902,23.441561182081355,13.473667912311663,32.67712917090859,41.73233203929885,52.53007917073118,100,28.11707197213398,18.865440028500565,39.51093792394575,0.83,9.0,16.0,5.253007917073118,36.479324122225734,46.98533995637197,0.6083793462704311,0.0345644865179567,0.0375632799419859,0.7445181876635703,0.8910652394022684,mode-disjoint-FGLS,disjoint,mode,FGLS,universal_pareto_additive_ar1_xi10.00_theta0.10,,,,,,
universal,pareto_additive_ar1,10.0,0.1,0.3486784401000001,disjoint_mode_ols,365.0,100,28,5.961721994361397,5.955313167473691,-4.038278005638604,6.342348671158966,0.6342348671158966,0.3362508677129168,0.68073595210842,0.3790609411990994,0.934279120964775,6.549709843059237,5.500809330432672,2.5949414853547017,9.40561383364044,159.4133390695768,145.4610707655125,100,123.22142693169732,15.485084001793869,252.1295477483637,0.28,9.0,16.0,14.546107076551248,144.86723199302557,173.95944614612804,0.5955313167473691,0.0336250867712916,0.0448998886412873,0.2013955916759837,0.3748821236134572,mode-disjoint-OLS,disjoint,mode,OLS,universal_pareto_additive_ar1_xi10.00_theta0.10,,,,,,
universal,pareto_additive_ar1,0.01,0.5,0.993092495437036,sliding_median_fgls,365.0,100,0,4.528887295496275e-05,5.385397053823592e-05,-0.009954711127045,0.009954711127045,0.9954711127045036,0.0053853970538235,0.9977781546164124,0.9928231721369798,0.9996851936160168,0.0018618014072123,0.0016169525071931,0.001064155137773,0.002465645626952,0.3628142183447677,0.0198894693966528,100,0.3665307766023081,0.352638096162685,0.3773255571792068,0.0,11.0,17.5,0.0019889469396652,0.3608252714051024,0.3648031652844329,5.385397053823592e-06,0.0005385397053823,0.0,0.0,0.0369948074760019,median-sliding-FGLS,sliding,median,FGLS,universal_pareto_additive_ar1_xi0.01_theta0.50,,,,,,
universal,pareto_additive_ar1,0.01,0.5,0.993092495437036,sliding_median_ols,365.0,100,0,4.510115705982257e-05,5.3719634485582704e-05,-0.0099548988429401,0.0099548988429401,0.9954898842940176,0.0053719634485582,0.9978089227583142,0.9927724357364486,0.9996906485274992,2.6283580787777902e-05,1.7961509305561398e-05,2.969504313202608e-06,3.528535231209045e-05,0.3976965656826393,0.0024872427747448,100,0.3986590825575348,0.3963455391300997,0.3998041966159265,0.0,11.0,17.5,0.0002487242774744,0.3974478414051648,0.3979452899601138,5.37196344855827e-06,0.0005371963448558,0.0,0.0,0.0369948074760019,median-sliding-OLS,sliding,median,OLS,universal_pareto_additive_ar1_xi0.01_theta0.50,,,,,,
universal,pareto_additive_ar1,0.01,0.5,0.993092495437036,disjoint_median_fgls,365.0,100,0,8.007089527023225e-05,8.505763397467927e-05,-0.0099199291047297,0.0099199291047297,0.9919929104729768,0.0085057633974679,0.9937855500292015,0.9876594043378476,0.9973307522999733,0.0014979136486992,0.0014439181043661,0.0009533832554733,0.0019128566628507,0.3683368048639057,0.0151893373198246,100,0.3701700560131468,0.359184537667821,0.3797592449392462,0.0,8.5,14.0,0.0015189337319824,0.3668178711319232,0.3698557385958882,8.505763397467926e-06,0.0008505763397467,0.0,0.0,0.0369948074760019,median-disjoint-FGLS,disjoint,median,FGLS,universal_pareto_additive_ar1_xi0.01_theta0.50,,,,,,
universal,pareto_additive_ar1,0.01,0.5,0.993092495437036,disjoint_median_ols,365.0,100,0,8.028200122961285e-05,8.46439630634567e-05,-0.0099197179987703,0.0099197179987703,0.9919717998770388,0.0084643963063456,0.9936218223873308,0.9876155927279155,0.9974290970346088,0.0001094126636972,7.154604969716742e-05,4.741682304567471e-05,0.0001501731603988,0.3947098793405675,0.0043303112731301,100,0.3957181712813754,0.3924902048722979,0.3980567798409736,0.0,8.5,14.0,0.000433031127313,0.3942768482132545,0.3951429104678805,8.46439630634567e-06,0.0008464396306345,0.0,0.0,0.0369948074760019,median-disjoint-OLS,disjoint,median,OLS,universal_pareto_additive_ar1_xi0.01_theta0.50,,,,,,
universal,pareto_additive_ar1,0.01,0.5,0.993092495437036,sliding_mean_fgls,365.0,100,0,0.0001066783259337,2.155536252621339e-05,-0.0098933216740663,0.0098933216740663,0.98933216740663,0.0021555362526213,0.9893524643654884,0.9882856197695348,0.990958210163594,0.0010660399279387,0.0007929709854487,0.0004719471865948,0.0014270952484926,0.375478108331815,0.0160978658139545,100,0.3805875051441472,0.3690306264682695,0.3870185668969072,0.0,10.0,19.0,0.0016097865813954,0.3738683217504196,0.3770878949132105,2.1555362526213395e-06,0.0002155536252621,0.0,0.0,0.0369948074760019,mean-sliding-FGLS,sliding,mean,FGLS,universal_pareto_additive_ar1_xi0.01_theta0.50,,,,,,
universal,pareto_additive_ar1,0.01,0.5,0.993092495437036,sliding_mean_ols,365.0,100,0,0.0001067284297884,2.15592628044366e-05,-0.0098932715702115,0.0098932715702115,0.9893271570211596,0.0021559262804436,0.989349182580289,0.9882934844925436,0.9909528810271891,5.422865482907399e-06,3.7874937378121193e-06,1.6535331473461963e-06,8.953900905985074e-06,0.3956278283642885,0.0008927441853706,100,0.3956123425424346,0.3952011804231896,0.3963344557438151,0.0,10.0,19.0,8.927441853706404e-05,0.3955385539457514,0.3957171027828255,2.15592628044366e-06,0.0002155926280443,0.0,0.0,0.0369948074760019,mean-sliding-OLS,sliding,mean,OLS,universal_pareto_additive_ar1_xi0.01_theta0.50,,,,,,
universal,pareto_additive_ar1,0.01,0.5,0.993092495437036,disjoint_mean_fgls,365.0,100,0,9.354789655620976e-05,2.9081278593339416e-05,-0.0099064521034437,0.0099064521034437,0.990645210344379,0.0029081278593339,0.9912525320738156,0.98910728633561,0.9924033822523484,0.0010852706635181,0.0010058947207913,0.0006540383074949,0.001366557997662,0.3756379415309073,0.0111990791669194,100,0.3777613292664367,0.3705516147916083,0.3842052931922106,0.0,8.0,14.0,0.0011199079166919,0.3745180336142154,0.3767578494475992,2.9081278593339416e-06,0.0002908127859333,0.0,0.0,0.0369948074760019,mean-disjoint-FGLS,disjoint,mean,FGLS,universal_pareto_additive_ar1_xi0.01_theta0.50,,,,,,
universal,pareto_additive_ar1,0.01,0.5,0.993092495437036,disjoint_mean_ols,365.0,100,0,9.343857322735151e-05,2.913450218897267e-05,-0.0099065614267726,0.0099065614267726,0.9906561426772648,0.0029134502188972,0.9911667931348868,0.9891137887585956,0.9924548612055288,4.551650620925452e-05,3.474077831179079e-05,2.5208590356503405e-05,5.510066124142473e-05,0.3953976434529301,0.0013912033615762,100,0.3955758807034061,0.3944913400552099,0.3963528298648524,0.0,8.0,14.0,0.0001391203361576,0.3952585231167724,0.3955367637890877,2.913450218897267e-06,0.0002913450218897,0.0,0.0,0.0369948074760019,mean-disjoint-OLS,disjoint,mean,OLS,universal_pareto_additive_ar1_xi0.01_theta0.50,,,,,,
universal,pareto_additive_ar1,0.01,0.5,0.993092495437036,sliding_mode_fgls,365.0,100,0,0.0001050794656097,2.4547351160788176e-05,-0.0098949205343902,0.0098949205343902,0.989492053439026,0.0024547351160788,0.9896807341670524,0.9883621046667947,0.991115260736052,0.0012107417802814,0.0010706871646308,0.000717975975309,0.0015962407021511,0.372792727550263,0.0132434359834624,100,0.37586661316125,0.3658959751667751,0.3823619994557817,0.0,10.0,17.0,0.0013243435983462,0.3714683839519167,0.3741170711486092,2.4547351160788176e-06,0.0002454735116078,0.0,0.0,0.0369948074760019,mode-sliding-FGLS,sliding,mode,FGLS,universal_pareto_additive_ar1_xi0.01_theta0.50,,,,,,
universal,pareto_additive_ar1,0.01,0.5,0.993092495437036,sliding_mode_ols,365.0,100,0,0.0001051138554579,2.4575453971690458e-05,-0.009894886144542,0.009894886144542,0.9894886144542012,0.002457545397169,0.989682333881554,0.9883519756360846,0.9910892915822144,1.046257725909574e-05,8.86049946613717e-06,6.110862047552598e-06,1.2800381424394666e-05,0.3955966568137576,0.0010264157540266,100,0.395718663020681,0.395149712475548,0.3962676585535224,0.0,10.0,17.0,0.0001026415754026,0.3954940152383549,0.3956992983891603,2.4575453971690453e-06,0.0002457545397169,0.0,0.0,0.0369948074760019,mode-sliding-OLS,sliding,mode,OLS,universal_pareto_additive_ar1_xi0.01_theta0.50,,,,,,
universal,pareto_additive_ar1,0.01,0.5,0.993092495437036,disjoint_mode_fgls,365.0,100,0,9.284716213393552e-05,3.4176160550267674e-05,-0.009907152837866,0.009907152837866,0.9907152837866064,0.0034176160550267,0.9907722114443231,0.9891173403966604,0.9924030122691933,0.0011575852353868,0.0011054338942971,0.0007107578997432,0.0014737553784342,0.3742919940422931,0.0116886844586558,100,0.3768245652664001,0.368642190943922,0.3828954449409713,0.0,8.0,14.0,0.0011688684458655,0.3731231255964274,0.3754608624881587,3.4176160550267675e-06,0.0003417616055026,0.0,0.0,0.0369948074760019,mode-disjoint-FGLS,disjoint,mode,FGLS,universal_pareto_additive_ar1_xi0.01_theta0.50,,,,,,
universal,pareto_additive_ar1,0.01,0.5,0.993092495437036,disjoint_mode_ols,365.0,100,0,9.27363831723753e-05,3.407214732166552e-05,-0.0099072636168276,0.0099072636168276,0.9907263616827624,0.0034072147321665,0.99080201802701,0.989090954456254,0.9924800531566084,4.796757229368485e-05,3.717631402546849e-05,2.636917351611021e-05,6.17921996642133e-05,0.395379160799525,0.0015357067318986,100,0.3953811368761339,0.3946025015124935,0.3964312030868837,0.0,8.0,14.0,0.0001535706731898,0.3952255901263351,0.3955327314727149,3.4072147321665523e-06,0.0003407214732166,0.0,0.0,0.0369948074760019,mode-disjoint-OLS,disjoint,mode,OLS,universal_pareto_additive_ar1_xi0.01_theta0.50,,,,,,
universal,pareto_additive_ar1,0.03,0.5,0.9794202975869268,sliding_median_fgls,365.0,100,0,0.0005025077751112,0.0005594258880821,-0.0294974922248887,0.0294974922248887,0.983249740829624,0.0186475296027377,0.9890058983093392,0.972823386330134,0.997422852300133,0.0126181526929267,0.011250950867867,0.0064910696898042,0.016502587910477,0.940154787829941,0.1437350478214461,100,0.9619508363831988,0.8754335986753427,1.050257778766409,0.0,11.5,17.0,0.0143735047821446,0.9257812830477964,0.9545282926120856,5.594258880821334e-05,0.0018647529602737,0.0,0.0,0.0369948074760019,median-sliding-FGLS,sliding,median,FGLS,universal_pareto_additive_ar1_xi0.03_theta0.50,,,,,,
universal,pareto_additive_ar1,0.03,0.5,0.9794202975869268,sliding_median_ols,365.0,100,0,0.0005041816403444,0.0005629696040208,-0.0294958183596555,0.0294958183596555,0.983193945321853,0.0187656534673607,0.9888154223893104,0.9730934758150984,0.9974356415736282,0.0002431153393741,0.0001977932398683,8.325140354044166e-05,0.0003385103645455,1.1752135429381148,0.0247009013892243,100,1.181164617868076,1.1588425923292118,1.1945216884112384,0.0,11.5,17.0,0.0024700901389224,1.1727434527991922,1.1776836330770373,5.629696040208229e-05,0.001876565346736,0.0,0.0,0.0369948074760019,median-sliding-OLS,sliding,median,OLS,universal_pareto_additive_ar1_xi0.03_theta0.50,,,,,,
universal,pareto_additive_ar1,0.03,0.5,0.9794202975869268,disjoint_median_fgls,365.0,100,0,0.0007803598363402,0.0005944102248577,-0.0292196401636597,0.0292196401636597,0.9739880054553244,0.0198136741619266,0.9760872622696676,0.9646959518827316,0.9900301743108956,0.0103331912752679,0.0093882617455492,0.0066747537566337,0.0136907318327674,0.9724549723162984,0.0983437605968069,100,0.9961498158239253,0.91760916222179,1.0448388424603818,0.0,8.0,14.0,0.0098343760596806,0.9626205962566178,0.9822893483759793,5.944102248577985e-05,0.0019813674161926,0.0,0.0,0.0369948074760019,median-disjoint-FGLS,disjoint,median,FGLS,universal_pareto_additive_ar1_xi0.03_theta0.50,,,,,,
universal,pareto_additive_ar1,0.03,0.5,0.9794202975869268,disjoint_median_ols,365.0,100,0,0.0007835549787601,0.0005913173996293,-0.0292164450212398,0.0292164450212398,0.9738815007079958,0.0197105799876439,0.9760998331438804,0.9630856794964135,0.9904299333463116,0.000873197570554,0.0006308112155291,0.0003302350258978,0.001240256270657,1.1520670470090684,0.0329448118276175,100,1.154632693409548,1.135103608887048,1.178212783405183,0.0,8.0,14.0,0.0032944811827617,1.1487725658263066,1.15536152819183,5.913173996293172e-05,0.0019710579987643,0.0,0.0,0.0369948074760019,median-disjoint-OLS,disjoint,median,OLS,universal_pareto_additive_ar1_xi0.03_theta0.50,,,,,,
universal,pareto_additive_ar1,0.03,0.5,0.9794202975869268,sliding_mean_fgls,365.0,100,0,0.0009195090838024,0.0001907559570806,-0.0290804909161975,0.0290804909161975,0.9693496972065851,0.0063585319026888,0.96923254300422,0.9654532003603437,0.974109691995494,0.0070106844620483,0.0060099741277977,0.0035264850126851,0.0096913050573298,1.0300166318689836,0.0871284549174397,100,1.0510076896741063,0.9798645948346808,1.096526489339025,0.0,9.0,19.0,0.0087128454917439,1.0213037863772396,1.0387294773607276,1.9075595708066557e-05,0.0006358531902688,0.0,0.0,0.0369948074760019,mean-sliding-FGLS,sliding,mean,FGLS,universal_pareto_additive_ar1_xi0.03_theta0.50,,,,,,
universal,pareto_additive_ar1,0.03,0.5,0.9794202975869268,sliding_mean_ols,365.0,100,0,0.0009203648246279,0.0001914928951486,-0.029079635175372,0.029079635175372,0.9693211725124028,0.0063830965049562,0.9692325205696792,0.9654503972292452,0.974114195100891,4.716649396489274e-05,2.9990502752195156e-05,1.5038899159401651e-05,6.369579537906779e-05,1.1622892436295504,0.0081033615642473,100,1.162273577136526,1.1570824674964657,1.1687407622051518,0.0,9.0,19.0,0.0008103361564247,1.1614789074731258,1.1630995797859751,1.914928951486863e-05,0.0006383096504956,0.0,0.0,0.0369948074760019,mean-sliding-OLS,sliding,mean,OLS,universal_pareto_additive_ar1_xi0.03_theta0.50,,,,,,
universal,pareto_additive_ar1,0.03,0.5,0.9794202975869268,disjoint_mean_fgls,365.0,100,0,0.0008373330169517,0.0002304747973218,-0.0291626669830482,0.0291626669830482,0.9720888994349426,0.0076824932440609,0.9715479694124554,0.9675122785252944,0.9773199623430032,0.0074279641897055,0.0068383510239754,0.0047302143670562,0.0089730604035143,1.0253753597175246,0.0735858138467634,100,1.03721814358454,0.9923090390214242,1.0742705134091803,0.0,8.0,14.0,0.0073585813846763,1.0180167783328482,1.032733941102201,2.3047479732182688e-05,0.000768249324406,0.0,0.0,0.0369948074760019,mean-disjoint-FGLS,disjoint,mean,FGLS,universal_pareto_additive_ar1_xi0.03_theta0.50,,,,,,
universal,pareto_additive_ar1,0.03,0.5,0.9794202975869268,disjoint_mean_ols,365.0,100,0,0.0008386647923429,0.0002311557622862,-0.029161335207657,0.029161335207657,0.9720445069219028,0.0077051920762068,0.9715356224367316,0.9674416106605778,0.9774443303418504,0.0004121326976921,0.0003574921162851,0.0002264663683758,0.0005398546325815,1.1586228870501332,0.0103412726677011,100,1.1592700136340146,1.151602846832129,1.1659029117706547,0.0,8.0,14.0,0.0010341272667701,1.157588759783363,1.1596570143169034,2.3115576228620383e-05,0.0007705192076206,0.0,0.0,0.0369948074760019,mean-disjoint-OLS,disjoint,mean,OLS,universal_pareto_additive_ar1_xi0.03_theta0.50,,,,,,
universal,pareto_additive_ar1,0.03,0.5,0.9794202975869268,sliding_mode_fgls,365.0,100,0,0.0006133411524801,0.0003920167333866,-0.0293866588475198,0.0293866588475198,0.979555294917328,0.0130672244462228,0.9803679173496108,0.9733979357053216,0.9869339492079234,0.015792882145087,0.0150592328696303,0.0092384035104795,0.0210542049235781,0.8754015931441388,0.1671723612764415,100,0.8861568359873411,0.7810091681391059,1.0030758191369151,0.0,9.0,16.5,0.0167172361276441,0.8586843570164946,0.892118829271783,3.9201673338668784e-05,0.0013067224446222,0.0,0.0,0.0369948074760019,mode-sliding-FGLS,sliding,mode,FGLS,universal_pareto_additive_ar1_xi0.03_theta0.50,,,,,,
universal,pareto_additive_ar1,0.03,0.5,0.9794202975869268,sliding_mode_ols,365.0,100,0,0.0006144321119393,0.0003932919989379,-0.0293855678880607,0.0293855678880607,0.9795189296020232,0.0131097332979307,0.9804154137292344,0.9732834165683442,0.9868034501677824,0.0001069832060526,9.000948514941223e-05,5.377725283195895e-05,0.0001575508847493,1.173390034607428,0.0160388027049688,100,1.1749912004414258,1.1655776084521154,1.181852316341608,0.0,9.0,16.5,0.0016038802704968,1.171786154336931,1.174993914877925,3.9329199893792114e-05,0.001310973329793,0.0,0.0,0.0369948074760019,mode-sliding-OLS,sliding,mode,OLS,universal_pareto_additive_ar1_xi0.03_theta0.50,,,,,,
universal,pareto_additive_ar1,0.03,0.5,0.9794202975869268,disjoint_mode_fgls,365.0,100,0,0.0009582213147482,0.0016298144598705,-0.0290417786852517,0.0290417786852517,0.9680592895083902,0.0543271486623503,0.972152541924686,0.9574212972425732,0.9915875329707642,0.0154781832394887,0.0151401258420631,0.009551214789426,0.019710792522568,0.8675856658597829,0.1824523015944439,100,0.8856616582794963,0.793064413090179,0.9930250576799676,0.0,9.0,16.0,0.0182452301594443,0.8493404357003386,0.8858308960192273,0.000162981445987,0.005432714866235,0.0,0.0,0.0369948074760019,mode-disjoint-FGLS,disjoint,mode,FGLS,universal_pareto_additive_ar1_xi0.03_theta0.50,,,,,,
universal,pareto_additive_ar1,0.03,0.5,0.9794202975869268,disjoint_mode_ols,365.0,100,0,0.0009546953650536,0.0016360499472442,-0.0290453046349463,0.0290453046349463,0.9681768211648776,0.054534998241474,0.9725708235475644,0.9597524798933472,0.9918673098997798,0.0013837807621801,0.0010285369785327,0.0005273220164581,0.0018381796322695,1.1355203509164304,0.0779096554663042,100,1.1495545072344715,1.120487967830189,1.1707938105938325,0.0,9.0,16.0,0.0077909655466304,1.1277293853698,1.1433113164630608,0.0001636049947244,0.0054534998241474,0.0,0.0,0.0369948074760019,mode-disjoint-OLS,disjoint,mode,OLS,universal_pareto_additive_ar1_xi0.03_theta0.50,,,,,,
universal,pareto_additive_ar1,0.1,0.5,0.9330329915368074,sliding_median_fgls,365.0,100,0,0.0066198223120722,0.0048500275635894,-0.0933801776879277,0.0933801776879277,0.9338017768792776,0.0485002756358943,0.940399722676858,0.9079337274704128,0.9740975657313412,0.0630545155633997,0.0607546214144163,0.0424315432418608,0.0787240159199647,2.537171311812516,0.5149515212757904,100,2.58668137180718,2.275739405946312,2.908242962561883,0.0,10.0,16.0,0.051495152127579,2.485676159684937,2.588666463940095,0.0004850027563589,0.0048500275635894,0.0,0.0,0.0369948074760019,median-sliding-FGLS,sliding,median,FGLS,universal_pareto_additive_ar1_xi0.10_theta0.50,,,,,,
universal,pareto_additive_ar1,0.1,0.5,0.9330329915368074,sliding_median_ols,365.0,100,0,0.0066317954577141,0.004847990496608,-0.0933682045422858,0.0933682045422858,0.9336820454228588,0.0484799049660804,0.9415688144381552,0.9075067392387242,0.9743514883947788,0.003126797986545,0.0025198914921701,0.0011964845441898,0.0043813046441517,3.67531901994708,0.2244225722526392,100,3.693654101830089,3.545212140874164,3.8588452382342986,0.0,10.0,16.0,0.0224422572252639,3.652876762721816,3.697761277172345,0.0004847990496608,0.004847990496608,0.0,0.0,0.0369948074760019,median-sliding-OLS,sliding,median,OLS,universal_pareto_additive_ar1_xi0.10_theta0.50,,,,,,
universal,pareto_additive_ar1,0.1,0.5,0.9330329915368074,disjoint_median_fgls,365.0,100,0,0.0078499628821654,0.0057164030224027,-0.0921500371178345,0.0921500371178345,0.9215003711783452,0.0571640302240276,0.9221031019550664,0.8834490055976154,0.9669661476089288,0.0634752544251905,0.0613797772050122,0.0411548327504257,0.0854846587221328,2.4799716506347607,0.6314096721870271,100,2.5362122221509376,2.107250968837655,2.9779562479855652,0.0,9.0,16.0,0.0631409672187027,2.416830683416058,2.5431126178534633,0.0005716403022402,0.0057164030224027,0.0,0.0,0.0369948074760019,median-disjoint-FGLS,disjoint,median,FGLS,universal_pareto_additive_ar1_xi0.10_theta0.50,,,,,,
universal,pareto_additive_ar1,0.1,0.5,0.9330329915368074,disjoint_median_ols,365.0,100,0,0.0079460039311533,0.0058614547968476,-0.0920539960688466,0.0920539960688466,0.920539960688466,0.0586145479684764,0.9230921438875814,0.8827561695183336,0.971157619475119,0.0069223172907905,0.0055353166017349,0.0035506019052631,0.0089903492282243,3.550635814228844,0.2858753685057434,100,3.5582647029560306,3.3694889369832897,3.7707523338927538,0.0,9.0,16.0,0.0285875368505743,3.52204827737827,3.5792233510794182,0.0005861454796847,0.0058614547968476,0.0,0.0,0.0369948074760019,median-disjoint-OLS,disjoint,median,OLS,universal_pareto_additive_ar1_xi0.10_theta0.50,,,,,,
universal,pareto_additive_ar1,0.1,0.5,0.9330329915368074,sliding_mean_fgls,365.0,100,0,0.0102469084244772,0.0018203705548638,-0.0897530915755227,0.0897530915755227,0.8975309157552274,0.0182037055486388,0.8988685997289849,0.886933993658964,0.9098906959979116,0.0477463262752102,0.0423771611562338,0.0248850291049887,0.0648834340284292,2.6829434637919136,0.5665308006734812,100,2.8031483754282505,2.361398347266293,3.086994502093827,0.0,10.0,19.0,0.0566530800673481,2.6262903837245655,2.7395965438592618,0.0001820370554863,0.0018203705548638,0.0,0.0,0.0369948074760019,mean-sliding-FGLS,sliding,mean,FGLS,universal_pareto_additive_ar1_xi0.10_theta0.50,,,,,,
universal,pareto_additive_ar1,0.1,0.5,0.9330329915368074,sliding_mean_ols,365.0,100,0,0.0102661519753518,0.0018340905409224,-0.0897338480246481,0.0897338480246481,0.8973384802464816,0.0183409054092248,0.8987547799070884,0.8869089081402401,0.9093821390347048,0.0003643596589803,0.0001983712708051,0.0001019632843596,0.0004733112743723,3.5824310874653005,0.0766416708234601,100,3.5868606875999163,3.540006350810817,3.635567834154665,0.0,10.0,19.0,0.007664167082346,3.574766920382954,3.5900952545476463,0.0001834090540922,0.0018340905409224,0.0,0.0,0.0369948074760019,mean-sliding-OLS,sliding,mean,OLS,universal_pareto_additive_ar1_xi0.10_theta0.50,,,,,,
universal,pareto_additive_ar1,0.1,0.5,0.9330329915368074,disjoint_mean_fgls,365.0,100,0,0.0101811042074954,0.0036068892645969,-0.0898188957925045,0.0898188957925045,0.898188957925045,0.0360688926459692,0.9022873505016662,0.8814336894104216,0.923242653384392,0.0548106702141855,0.0524057733163963,0.0393004258839348,0.0676596669138028,2.5513530976306553,0.4781581627033706,100,2.642557069904641,2.2622946471846106,2.909166723513149,0.0,8.0,14.0,0.047815816270337,2.5035372813603183,2.5991689139009924,0.0003606889264596,0.0036068892645969,0.0,0.0,0.0369948074760019,mean-disjoint-FGLS,disjoint,mean,FGLS,universal_pareto_additive_ar1_xi0.10_theta0.50,,,,,,
universal,pareto_additive_ar1,0.1,0.5,0.9330329915368074,disjoint_mean_ols,365.0,100,0,0.0101925935812274,0.0036601737711299,-0.0898074064187725,0.0898074064187725,0.8980740641877256,0.0366017377112995,0.902446827119231,0.8816116934325039,0.9233836793967508,0.0047155214467015,0.0035352766734528,0.0025445270671402,0.0057725097487557,3.5027013492635732,0.1896806389547429,100,3.5402444955513395,3.4425780515133875,3.626736578298556,0.0,8.0,14.0,0.0189680638954742,3.483733285368099,3.5216694131590476,0.0003660173771129,0.0036601737711299,0.0,0.0,0.0369948074760019,mean-disjoint-OLS,disjoint,mean,OLS,universal_pareto_additive_ar1_xi0.10_theta0.50,,,,,,
universal,pareto_additive_ar1,0.1,0.5,0.9330329915368074,sliding_mode_fgls,365.0,100,9,0.004841047618444,0.0030946113621172,-0.0951589523815559,0.0951589523815559,0.9515895238155594,0.0309461136211722,0.9613423141135372,0.9353699717734044,0.9717798373117006,0.0977425842586621,0.0876586202495748,0.0567869206070427,0.1347902920355652,1.973042764080495,1.0139559820490835,100,2.238108196592727,1.3178562767921436,2.8162915137322964,0.09,10.0,17.0,0.1013955982049083,1.8716471658755869,2.0744383622854032,0.0003094611362117,0.0030946113621172,0.0286181760425083,0.0480719951638848,0.1622637469664366,mode-sliding-FGLS,sliding,mode,FGLS,universal_pareto_additive_ar1_xi0.10_theta0.50,,,,,,
universal,pareto_additive_ar1,0.1,0.5,0.9330329915368074,sliding_mode_ols,365.0,100,0,0.0048307946944282,0.0030747127086601,-0.0951692053055717,0.0951692053055717,0.9516920530557172,0.030747127086601,0.9608419193529998,0.9347370861173004,0.9720498558856656,0.0010337691617743,0.000901677088215,0.000591621577668,0.0013311210233524,3.7871265981491553,0.1254332106807387,100,3.8274239508304335,3.709592260857664,3.862451081175044,0.0,10.0,17.0,0.0125433210680738,3.7745832770810814,3.799669919217229,0.000307471270866,0.0030747127086601,0.0,0.0,0.0369948074760019,mode-sliding-OLS,sliding,mode,OLS,universal_pareto_additive_ar1_xi0.10_theta0.50,,,,,,
universal,pareto_additive_ar1,0.1,0.5,0.9330329915368074,disjoint_mode_fgls,365.0,100,5,0.0072220229732202,0.0117655624481024,-0.0927779770267798,0.0927779770267798,0.927779770267798,0.1176556244810246,0.9381924419774492,0.891176265125381,0.9793533281771118,0.0858351706303896,0.0849120150521363,0.0496665931417799,0.1125212505794647,2.118607323861909,0.8630159820607084,100,2.256574112871899,1.6031789447970413,2.7589429309946243,0.05,9.0,16.0,0.0863015982060708,2.0323057256558386,2.20490892206798,0.0011765562448102,0.0117655624481024,0.0217944947177033,0.0215433614563135,0.1117519652720881,mode-disjoint-FGLS,disjoint,mode,FGLS,universal_pareto_additive_ar1_xi0.10_theta0.50,,,,,,
universal,pareto_additive_ar1,0.1,0.5,0.9330329915368074,disjoint_mode_ols,365.0,100,1,0.007143488932686,0.0114740353744803,-0.0928565110673139,0.0928565110673139,0.9285651106731396,0.1147403537448036,0.9368770458076872,0.8903930469558813,0.9701388747068562,0.0136657648237938,0.0093543387830759,0.0056572156328786,0.015144508262018,3.4548640846490573,0.6027196289952775,100,3.5523840439845755,3.3081245004389546,3.700782154240528,0.01,9.0,16.0,0.0602719628995277,3.3945921217495294,3.515136047548585,0.001147403537448,0.0114740353744803,0.0099498743710662,0.0017673865655472,0.0544875247609346,mode-disjoint-OLS,disjoint,mode,OLS,universal_pareto_additive_ar1_xi0.10_theta0.50,,,,,,
universal,pareto_additive_ar1,0.3,0.5,0.8122523963562356,sliding_median_fgls,365.0,100,30,0.0586130987886138,0.0321448274282067,-0.2413869012113861,0.2413869012113861,0.804623004037954,0.1071494247606891,0.8181754252431357,0.743885738431383,0.8868312270386838,0.3908282314421866,0.3714202957295267,0.2359726352225243,0.5102368904602048,3.1689850423923476,2.538038412973056,100,2.655523455978452,0.7160906020982665,5.139732923337294,0.3,10.0,17.0,0.2538038412973056,2.915181201095042,3.422788883689653,0.0032144827428206,0.0107149424760689,0.0458257569495584,0.2189475386622811,0.3958503843281195,median-sliding-FGLS,sliding,median,FGLS,universal_pareto_additive_ar1_xi0.30_theta0.50,,,,,,
universal,pareto_additive_ar1,0.3,0.5,0.8122523963562356,sliding_median_ols,365.0,100,0,0.0590467543215032,0.0325644896470291,-0.2409532456784966,0.2409532456784966,0.8031774855949891,0.1085482988234306,0.8169637714587471,0.7361827258089415,0.8913440309764655,0.0255133246231951,0.0200025383888931,0.0141073379839576,0.0333156222604874,9.15337665929916,1.49098258556762,100,9.423752967758375,8.209302642866865,10.231963913947222,0.0,10.0,17.0,0.149098258556762,9.004278400742399,9.302474917855925,0.0032564489647029,0.010854829882343,0.0,0.0,0.0369948074760019,median-sliding-OLS,sliding,median,OLS,universal_pareto_additive_ar1_xi0.30_theta0.50,,,,,,
universal,pareto_additive_ar1,0.3,0.5,0.8122523963562356,disjoint_median_fgls,365.0,100,31,0.0741750213973348,0.0566001860357362,-0.2258249786026651,0.2262152029484304,0.7540506764947682,0.1833455203963332,0.7887918263767778,0.6642183521022021,0.8863029938907468,0.4017250272907647,0.3363867825437862,0.2384748297853183,0.5142236956300682,3.107553974977252,2.4306315440142794,100,2.292111392499316,0.7571195821876053,5.072120437970229,0.31,9.0,16.0,0.2430631544014279,2.864490820575824,3.35061712937868,0.0056600186035736,0.0183345520396333,0.0462493243193887,0.2277956320613237,0.4062623947795569,median-disjoint-FGLS,disjoint,median,FGLS,universal_pareto_additive_ar1_xi0.30_theta0.50,,,,,,
universal,pareto_additive_ar1,0.3,0.5,0.8122523963562356,disjoint_median_ols,365.0,100,2,0.0753128090584563,0.0566122107941576,-0.2246871909415436,0.2250237206438879,0.7500790688129599,0.1841518888193303,0.7816104776680894,0.6577512391462762,0.8801736803333982,0.052494527814617,0.0405036741025678,0.0224360579733314,0.0716941868005183,8.010710297134876,2.611105665702982,100,8.464330649968609,6.698215841850271,9.75086198502034,0.02,9.0,16.0,0.2611105665702982,7.749599730564578,8.271820863705175,0.0056612210794157,0.018415188881933,0.014,0.0055018522349681,0.0700131629419936,median-disjoint-OLS,disjoint,median,OLS,universal_pareto_additive_ar1_xi0.30_theta0.50,,,,,,
universal,pareto_additive_ar1,0.3,0.5,0.8122523963562356,sliding_mean_fgls,365.0,100,35,0.0992603856659641,0.0232001408821004,-0.2007396143340358,0.2007396143340358,0.6691320477801196,0.0773338029403347,0.681244522477949,0.6295791674607873,0.7163610009549473,0.3717627797145808,0.3299106271977904,0.1876796331550043,0.4609226656805609,2.75824151174333,2.163309704344613,100,2.461017656195263,0.6814593745456846,4.741901771547454,0.35,10.0,18.5,0.2163309704344612,2.5419105413088685,2.9745724821777912,0.00232001408821,0.0077333802940334,0.0476969600708472,0.2636410465347802,0.4474573957080203,mean-sliding-FGLS,sliding,mean,FGLS,universal_pareto_additive_ar1_xi0.30_theta0.50,,,,,,
universal,pareto_additive_ar1,0.3,0.5,0.8122523963562356,sliding_mean_ols,365.0,100,0,0.0995015492942715,0.0233803936150047,-0.2004984507057284,0.2004984507057284,0.668328169019095,0.0779346453833493,0.6800651410834654,0.6282857604511379,0.7158542724379414,0.002852539956408,0.0015081773867333,0.0008079270658824,0.0030974448181655,7.965739769057386,0.9655045490576126,100,8.111805570666359,7.429333107294041,8.53941195854379,0.0,10.0,18.5,0.0965504549057612,7.869189314151624,8.062290223963148,0.0023380393615004,0.0077934645383349,0.0,0.0,0.0369948074760019,mean-sliding-OLS,sliding,mean,OLS,universal_pareto_additive_ar1_xi0.30_theta0.50,,,,,,
universal,pareto_additive_ar1,0.3,0.5,0.8122523963562356,disjoint_mean_fgls,365.0,100,29,0.0900980622478153,0.0294812016302198,-0.2099019377521846,0.2099019377521846,0.6996731258406154,0.0982706721007328,0.6962869589326258,0.6499608926063729,0.7680063215492592,0.3476468267603073,0.2982830594380441,0.2168887774794874,0.4412055352961286,2.935710730688168,2.14391091728814,100,2.707432204937084,0.7669219558204282,4.741877721934536,0.29,8.0,14.0,0.214391091728814,2.721319638959354,3.150101822416982,0.0029481201630219,0.0098270672100732,0.0453762052181537,0.2101470697398414,0.3853907494000793,mean-disjoint-FGLS,disjoint,mean,FGLS,universal_pareto_additive_ar1_xi0.30_theta0.50,,,,,,
universal,pareto_additive_ar1,0.3,0.5,0.8122523963562356,disjoint_mean_ols,365.0,100,0,0.0904286923410715,0.0292254878344293,-0.2095713076589284,0.2095713076589284,0.6985710255297616,0.0974182927814312,0.6951534605433092,0.6492308696443263,0.7684107293516773,0.043856769131485,0.0347579444680877,0.0225080611641305,0.0532805626198268,7.549573692858923,1.3948265759119345,100,7.613691148422925,6.792767872783662,8.615218690797413,0.0,8.0,14.0,0.1394826575911934,7.41009103526773,7.689056350450116,0.0029225487834429,0.0097418292781431,0.0,0.0,0.0369948074760019,mean-disjoint-OLS,disjoint,mean,OLS,universal_pareto_additive_ar1_xi0.30_theta0.50,,,,,,
universal,pareto_additive_ar1,0.3,0.5,0.8122523963562356,sliding_mode_fgls,365.0,100,50,0.0391160683679544,0.0294409240697551,-0.2608839316320455,0.2608839316320455,0.8696131054401518,0.0981364135658505,0.8859960996568811,0.8340029977924696,0.9346420408553608,0.5997780919081527,0.5372108535861393,0.3402819372529727,0.7957859131133509,2.404913467162287,2.399921195024863,100,1.1134172277762149,0.780510993360165,3.8215557450772097,0.5,10.0,17.0,0.2399921195024862,2.164921347659801,2.6449055866647733,0.0029440924069755,0.009813641356585,0.05,0.4038298285901471,0.5961701714098528,mode-sliding-FGLS,sliding,mode,FGLS,universal_pareto_additive_ar1_xi0.30_theta0.50,,,,,,
universal,pareto_additive_ar1,0.3,0.5,0.8122523963562356,sliding_mode_ols,365.0,100,0,0.0397316460796707,0.0298651281606866,-0.2602683539203292,0.2602683539203292,0.8675611797344308,0.0995504272022888,0.8848741224214223,0.8276521305698512,0.9336686412411248,0.0100411471386173,0.0084531413975661,0.0049580638349738,0.0146006929657549,10.21995236117944,1.2304234730637866,100,10.452064778017052,9.759829383560533,11.018415554645486,0.0,10.0,17.0,0.1230423473063786,10.09691001387306,10.342994708485818,0.0029865128160686,0.0099550427202288,0.0,0.0,0.0369948074760019,mode-sliding-OLS,sliding,mode,OLS,universal_pareto_additive_ar1_xi0.30_theta0.50,,,,,,
universal,pareto_additive_ar1,0.3,0.5,0.8122523963562356,disjoint_mode_fgls,365.0,100,47,0.0757549031307012,0.0735765926769756,-0.2242450968692987,0.2269692183968593,0.7565640613228644,0.2153017669343442,0.7608726873293428,0.6364946190679863,0.8824340002611184,0.4570201228427538,0.3949292874767973,0.280897721630295,0.5863632757791228,2.5204122705674137,2.444087324479954,100,1.2849547551097564,0.6011119305265016,4.193115440977632,0.47,9.0,16.0,0.2444087324479954,2.276003538119418,2.7648210030154092,0.0073576592676975,0.0215301766934344,0.0499099188538711,0.3751065198210374,0.5671131686275227,mode-disjoint-FGLS,disjoint,mode,FGLS,universal_pareto_additive_ar1_xi0.30_theta0.50,,,,,,
universal,pareto_additive_ar1,0.3,0.5,0.8122523963562356,disjoint_mode_ols,365.0,100,5,0.0789050375857549,0.0761801800988603,-0.221094962414245,0.2248088668362412,0.7493628894541375,0.214233722768998,0.7672701071119978,0.638951297584222,0.8785034840234321,0.0921809976683731,0.0746948166214198,0.0412302887445206,0.1116368860765401,7.3807015179991025,2.980965778800696,100,7.670730362296897,6.426745931392873,9.134833112441385,0.05,9.0,16.0,0.2980965778800696,7.082604940119033,7.678798095879172,0.007618018009886,0.0214233722768997,0.0217944947177033,0.0215433614563135,0.1117519652720881,mode-disjoint-OLS,disjoint,mode,OLS,universal_pareto_additive_ar1_xi0.30_theta0.50,,,,,,
universal,pareto_additive_ar1,1.0,0.5,0.5,sliding_median_fgls,365.0,100,93,0.5241201284113068,0.3459750449939899,-0.4758798715886931,0.522613397113137,0.522613397113137,0.2693775724659003,0.5169006268224692,0.3562351570398192,0.7678692248332197,2.3752749857417332,2.3231207047969553,1.633607069591509,2.8689563537245584,2.9108970655669997,2.374304301535681,100,2.405432121456484,1.7686885788738471,3.0020834014976994,0.93,10.0,16.0,0.237430430153568,2.6734666354134315,3.148327495720568,0.0345975044993989,0.02693775724659,0.0255147016443461,0.8625032899347026,0.965681175635936,median-sliding-FGLS,sliding,median,FGLS,universal_pareto_additive_ar1_xi1.00_theta0.50,,,,,,
universal,pareto_additive_ar1,1.0,0.5,0.5,sliding_median_ols,365.0,100,11,0.52895894319728,0.3554022873078172,-0.47104105680272,0.5249502996212972,0.5249502996212972,0.2684684171307541,0.5152638846452122,0.3586448929277878,0.766593374114581,0.2060283314350297,0.1576125972081805,0.0874422344088528,0.274182626233847,17.579891932098484,11.790039186835536,100,16.24119275248569,7.878337452594987,28.314291777557784,0.11,10.0,16.0,1.1790039186835537,16.40088801341493,18.758895850782036,0.0355402287307817,0.0268468417130754,0.031288975694324,0.0625413195522512,0.1863146302790302,median-sliding-OLS,sliding,median,OLS,universal_pareto_additive_ar1_xi1.00_theta0.50,,,,,,
universal,pareto_additive_ar1,1.0,0.5,0.5,disjoint_median_fgls,365.0,100,94,0.6207785967988824,0.398927799383819,-0.3792214032011176,0.4715512809144868,0.4715512809144868,0.2824857506797585,0.4420716868099887,0.2527084516510207,0.6720833146707079,2.603127839831244,2.2724185243224735,1.6032881094897662,3.155632385026169,3.1850470657908176,2.6925169405789777,100,2.527679733216239,1.7729177355955184,3.383627752502169,0.94,9.0,16.0,0.2692516940578978,2.9157953717329197,3.4542987598487156,0.0398927799383819,0.0282485750679758,0.0237486841740758,0.8752303146877748,0.9722142547333432,median-disjoint-FGLS,disjoint,median,FGLS,universal_pareto_additive_ar1_xi1.00_theta0.50,,,,,,
universal,pareto_additive_ar1,1.0,0.5,0.5,disjoint_median_ols,365.0,100,26,0.6347108307747097,0.4115410707548482,-0.3652891692252903,0.471304927901286,0.471304927901286,0.2824500214628717,0.4534105664499414,0.248463114407939,0.6804000503725617,0.3780564070060783,0.2905118897210114,0.183674575559156,0.4647711377098584,13.126810373183169,11.633547736340912,100,11.696067378175371,1.7284512145283857,21.125940416073608,0.26,9.0,16.0,1.1633547736340912,11.963455599549077,14.29016514681726,0.0411541070754848,0.0282450021462871,0.0438634243989226,0.1840457812698646,0.3537117263186163,median-disjoint-OLS,disjoint,median,OLS,universal_pareto_additive_ar1_xi1.00_theta0.50,,,,,,
universal,pareto_additive_ar1,1.0,0.5,0.5,sliding_mean_fgls,365.0,100,92,0.6769417144274845,0.1405279759638814,-0.3230582855725154,0.3230582855725154,0.3230582855725154,0.1405279759638814,0.3364198964779774,0.2322661613281793,0.393695512359371,3.2118824882466956,2.5052023581646163,1.4910689515218332,3.9816456265022726,3.6851742616139256,2.914350701530453,100,2.7730566465115283,1.716069605270949,4.615052044877409,0.92,10.0,19.0,0.2914350701530453,3.39373919146088,3.976609331766971,0.0140527975963881,0.0140527975963881,0.027129319932501,0.8500173312059693,0.9589070305141892,mean-sliding-FGLS,sliding,mean,FGLS,universal_pareto_additive_ar1_xi1.00_theta0.50,,,,,,
universal,pareto_additive_ar1,1.0,0.5,0.5,sliding_mean_ols,365.0,100,0,0.6772956139208525,0.1405976729342063,-0.3227043860791475,0.3227043860791475,0.3227043860791475,0.1405976729342064,0.3363779760052853,0.2308525966588764,0.3930361640661987,0.0101097283550627,0.0074283391558305,0.0037741754343154,0.0132158522377051,12.71609060441971,5.626826850717024,100,13.276022430951354,8.814978874352697,15.553428032230675,0.0,10.0,19.0,0.5626826850717024,12.153407919348007,13.278773289491411,0.0140597672934206,0.0140597672934206,0.0,0.0,0.0369948074760019,mean-sliding-OLS,sliding,mean,OLS,universal_pareto_additive_ar1_xi1.00_theta0.50,,,,,,
universal,pareto_additive_ar1,1.0,0.5,0.5,disjoint_mean_fgls,365.0,100,96,0.68126976577009,0.1824311624807566,-0.31873023422991,0.3228412993378103,0.3228412993378103,0.1749769837902413,0.3105824192837048,0.2166719920499504,0.4351049469574493,3.991624935416587,2.886454678484917,1.663716889637063,4.9375529793268775,4.146196401387973,3.8158903646008926,100,2.980165314824666,1.9361094903241831,5.064717145131658,0.96,10.0,17.0,0.3815890364600892,3.764607364927884,4.527785437848062,0.0182431162480756,0.0174976983790241,0.0195959179422654,0.9016278276739262,0.984336949448152,mean-disjoint-FGLS,disjoint,mean,FGLS,universal_pareto_additive_ar1_xi1.00_theta0.50,,,,,,
universal,pareto_additive_ar1,1.0,0.5,0.5,disjoint_mean_ols,365.0,100,12,0.6810785271684964,0.1829065170444825,-0.3189214728315037,0.3230777708965741,0.3230777708965741,0.1753838670784755,0.3129774231247196,0.2145550222569907,0.4261482840968674,0.2082853545657645,0.1657427631150601,0.10931396734237,0.2503959623863222,9.320666373691603,6.800119258824546,100,9.369759576692042,3.642433472606706,13.078475444342672,0.12,10.0,17.0,0.6800119258824546,8.640654447809148,10.00067829957406,0.0182906517044482,0.0175383867078475,0.0324961536185438,0.0699933736526777,0.1981226800290836,mean-disjoint-OLS,disjoint,mean,OLS,universal_pareto_additive_ar1_xi1.00_theta0.50,,,,,,
universal,pareto_additive_ar1,1.0,0.5,0.5,sliding_mode_fgls,365.0,100,85,0.4239400811353935,0.2168983693702352,-0.5760599188646065,0.5775240854790971,0.5775240854790971,0.2129291019269469,0.5987546034624884,0.4578346353859395,0.7122142698816774,2.574219555727574,2.1086511024065384,1.5260784052791567,3.2608640580598163,3.774974767462451,3.165064477479126,100,2.6792958540546836,1.9660662209410835,4.327723538991812,0.85,9.0,16.0,0.3165064477479126,3.4584683197145387,4.091481215210364,0.0216898369370235,0.0212929101926947,0.0357071421427142,0.7671626666784216,0.906940968088377,mode-sliding-FGLS,sliding,mode,FGLS,universal_pareto_additive_ar1_xi1.00_theta0.50,,,,,,
universal,pareto_additive_ar1,1.0,0.5,0.5,sliding_mode_ols,365.0,100,3,0.4299950274859803,0.2246135479633421,-0.5700049725140197,0.5716852964403312,0.5716852964403312,0.2202577094674124,0.596675361884226,0.4171175614079921,0.7106609548926441,0.0784599875486259,0.0592029892878644,0.0382610931773356,0.0961659908104014,21.45070944601333,9.087163698520152,100,22.513235518450895,15.147237447708331,27.093103287799117,0.03,9.0,16.0,0.9087163698520152,20.541993076161315,22.359425815865347,0.0224613547963342,0.0220257709467412,0.0170587221092319,0.0102543382234148,0.0845207808040269,mode-sliding-OLS,sliding,mode,OLS,universal_pareto_additive_ar1_xi1.00_theta0.50,,,,,,
universal,pareto_additive_ar1,1.0,0.5,0.5,disjoint_mode_fgls,365.0,100,80,0.4442174292035143,0.4359580511913952,-0.5557825707964856,0.5846888806026537,0.5846888806026537,0.3959287853976319,0.5476774827595037,0.3234106874015463,0.807278398765714,2.5639188916601854,2.1154284094499993,1.3207207840312631,3.2137564842281305,4.800430701470771,5.221865248105358,100,2.9305652592592706,1.8275149026029145,5.194460683218381,0.8,8.0,16.0,0.5221865248105357,4.278244176660235,5.322617226281307,0.0435958051191395,0.0395928785397631,0.04,0.7111690380734977,0.8666340774409013,mode-disjoint-FGLS,disjoint,mode,FGLS,universal_pareto_additive_ar1_xi1.00_theta0.50,,,,,,
universal,pareto_additive_ar1,1.0,0.5,0.5,disjoint_mode_ols,365.0,100,33,0.4531951476506535,0.4082213386637465,-0.5468048523493465,0.5641825419549713,0.5641825419549713,0.3835925614042607,0.5051211076523887,0.2879897676786648,0.8155000386956834,0.7406720052800199,0.5605775859728532,0.3278953573543979,0.8902979038503883,13.545947888643376,14.07280921148846,100,7.626735996601164,1.5087552617853868,22.72625599178676,0.33,8.0,16.0,1.407280921148846,12.13866696749453,14.953228809792222,0.0408221338663746,0.038359256140426,0.0470212717820349,0.2456298379389545,0.4269483966028862,mode-disjoint-OLS,disjoint,mode,OLS,universal_pareto_additive_ar1_xi1.00_theta0.50,,,,,,
universal,pareto_additive_ar1,3.0,0.5,0.125,sliding_median_fgls,365.0,100,99,1.6901719592518487,1.0184522677240937,-1.3098280407481513,1.4657805168010134,0.4885935056003378,0.2582009640914781,0.4923065910302094,0.2938623461835258,0.6915767995959735,8.617786756691565,7.958587876325369,5.345791173429745,10.735288712544556,8.946373147971736,5.233423742041947,100,8.053011811928073,5.5214413633510695,10.892127533066263,0.99,10.0,16.0,0.5233423742041947,8.423030773767541,9.46971552217593,0.1018452267724093,0.0258200964091478,0.0099498743710662,0.9455124752390652,0.9982326134344526,median-sliding-FGLS,sliding,median,FGLS,universal_pareto_additive_ar1_xi3.00_theta0.50,,,,,,
universal,pareto_additive_ar1,3.0,0.5,0.125,sliding_median_ols,365.0,100,15,1.673577021958294,1.0164171511661848,-1.326422978041706,1.480692183680807,0.4935640612269354,0.2572672933867108,0.4928350132735394,0.3038358371477844,0.7141758412652528,0.6194764816226301,0.526355632508305,0.3331600089519256,0.7968444648450912,48.927399411121634,32.89868584393379,100,49.79226562486615,18.70726347293772,74.76380609094876,0.15,10.0,16.0,3.2898685843933793,45.63753082672825,52.217267995515016,0.1016417151166184,0.025726729338671,0.0357071421427142,0.0930590319116229,0.2328373333215783,median-sliding-OLS,sliding,median,OLS,universal_pareto_additive_ar1_xi3.00_theta0.50,,,,,,
universal,pareto_additive_ar1,3.0,0.5,0.125,disjoint_median_fgls,365.0,100,98,2.205826486600039,1.278117184247533,-0.7941735133999606,1.2554805756534506,0.4184935252178169,0.2745729864688745,0.3907882899748642,0.1947112005633282,0.6230303084971922,8.856781376341841,8.050388762126108,4.966095799104582,11.99147930233465,9.254785754381643,5.365352617216887,100,8.356644693221739,5.06195076098812,12.514990614950928,0.98,8.0,16.0,0.5365352617216887,8.718250492659955,9.791321016103332,0.1278117184247533,0.0274572986468874,0.014,0.9299868370580064,0.9944981477650318,median-disjoint-FGLS,disjoint,median,FGLS,universal_pareto_additive_ar1_xi3.00_theta0.50,,,,,,
universal,pareto_additive_ar1,3.0,0.5,0.125,disjoint_median_ols,365.0,100,32,2.248985663818101,1.293403978805333,-0.7510143361818991,1.2417433921579673,0.4139144640526557,0.2759049583119837,0.3791370593265578,0.1935295995627476,0.614073228511151,1.4339900683546474,1.1846919933731033,0.8241469755653605,1.8529677563339464,29.7082021979019,30.220686740484517,100,21.959844411725975,2.600561338136288,48.17627806114052,0.32,8.0,16.0,3.0220686740484517,26.68613352385345,32.73027087195035,0.1293403978805333,0.0275904958311983,0.0466476151587624,0.2366901081545688,0.4166280225367919,median-disjoint-OLS,disjoint,median,OLS,universal_pareto_additive_ar1_xi3.00_theta0.50,,,,,,
universal,pareto_additive_ar1,3.0,0.5,0.125,sliding_mean_fgls,365.0,100,76,0.8986947081404909,0.2840804028512192,-2.101305291859509,2.101305291859509,0.7004350972865031,0.094693467617073,0.6617071962240004,0.6582103285380327,0.6724713482211998,8.827145714931657,6.555525671734539,4.311429203901164,10.004263579857852,13.53388653608752,12.961061509449566,100,8.955187887667664,6.352934901319713,16.010598100467547,0.76,8.0,21.0,1.2961061509449563,12.237780385142564,14.829992687032476,0.0284080402851219,0.0094693467617073,0.0427083130081252,0.6676748127670786,0.8330878873454004,mean-sliding-FGLS,sliding,mean,FGLS,universal_pareto_additive_ar1_xi3.00_theta0.50,,,,,,
universal,pareto_additive_ar1,3.0,0.5,0.125,sliding_mean_ols,365.0,100,0,0.8987367633757805,0.2840519384326412,-2.1012632366242197,2.1012632366242197,0.7004210788747399,0.0946839794775471,0.6616826825068343,0.6582036519705141,0.6724472098922474,0.01078393295906,0.0095342986432689,0.0079928634642633,0.0102247609731508,83.84563473874663,11.292116915431768,100,79.25747117423737,78.80198688702954,80.46510707114686,0.0,8.0,21.0,1.129211691543177,82.71642304720345,84.9748464302898,0.0284051938432641,0.0094683979477547,0.0,0.0,0.0369948074760019,mean-sliding-OLS,sliding,mean,OLS,universal_pareto_additive_ar1_xi3.00_theta0.50,,,,,,
universal,pareto_additive_ar1,3.0,0.5,0.125,disjoint_mean_fgls,365.0,100,95,0.9451151703525086,0.4062806483409177,-2.0548848296474915,2.0548848296474915,0.6849616098824971,0.1354268827803059,0.6743108413638008,0.6669377788410695,0.6843125906030803,20.781609526073066,16.0037676211284,9.864547244960836,27.140246494326536,21.474496737747316,17.427372490095216,100,17.566113018870613,10.44290617050545,27.55711678833654,0.95,9.5,16.0,1.7427372490095216,19.731759488737794,23.21723398675684,0.0406280648340917,0.0135426882780305,0.0217944947177033,0.8882480347279118,0.9784566385436864,mean-disjoint-FGLS,disjoint,mean,FGLS,universal_pareto_additive_ar1_xi3.00_theta0.50,,,,,,
universal,pareto_additive_ar1,3.0,0.5,0.125,disjoint_mean_ols,365.0,100,1,0.9432788602477392,0.408366105442417,-2.056721139752261,2.056721139752261,0.6855737132507537,0.1361220351474723,0.6753983303513884,0.668087006734469,0.6849806382126841,0.176335806176752,0.0902622233121579,0.0407401246986449,0.1562103176541822,79.09066327779597,14.57390153902556,100,79.5032814978885,78.01964402946308,80.3288066953788,0.01,9.5,16.0,1.4573901539025562,77.63327312389342,80.54805343169852,0.0408366105442417,0.0136122035147472,0.0099498743710662,0.0017673865655472,0.0544875247609346,mean-disjoint-OLS,disjoint,mean,OLS,universal_pareto_additive_ar1_xi3.00_theta0.50,,,,,,
universal,pareto_additive_ar1,3.0,0.5,0.125,sliding_mode_fgls,365.0,100,86,1.4391109907559627,1.384730317727306,-1.5608890092440373,1.8284105417728416,0.6094701805909472,0.3336013505359617,0.6344826339958018,0.2747284946589859,0.9234623390595308,6.815468905540212,5.911875480765753,4.4166035496700795,8.653509779899357,9.10041553810356,8.205315668406369,100,6.611209047955904,5.213146221733786,10.20979283301446,0.86,10.0,16.0,0.8205315668406369,8.279883971262922,9.920947104944196,0.1384730317727306,0.0333601350535961,0.0346987031457949,0.7786263961619276,0.914737342455351,mode-sliding-FGLS,sliding,mode,FGLS,universal_pareto_additive_ar1_xi3.00_theta0.50,,,,,,
universal,pareto_additive_ar1,3.0,0.5,0.125,sliding_mode_ols,365.0,100,16,1.4611329992115891,1.3818283171749055,-1.5388670007884109,1.79066279461883,0.5968875982062767,0.3436114733016828,0.6285036174970775,0.2625260123719697,0.9039911824148824,0.5949640589119087,0.40457492081862,0.1246984583204994,0.9600901401368122,63.586873311146086,43.96936931350476,100,69.6351007769247,17.78018010555016,101.82073086798168,0.16,10.0,16.0,4.396936931350476,59.18993637979561,67.98381024249656,0.1381828317174905,0.0343611473301682,0.0366606055596467,0.1009520234947371,0.2442044455889441,mode-sliding-OLS,sliding,mode,OLS,universal_pareto_additive_ar1_xi3.00_theta0.50,,,,,,
universal,pareto_additive_ar1,3.0,0.5,0.125,disjoint_mode_fgls,365.0,100,75,2.0330077505565227,2.453754525806659,-0.9669922494434772,2.128338317784403,0.7094461059281343,0.5153047299680913,0.7210342826354623,0.3492602271986176,0.9999999999999526,6.595140039712951,5.663916197579491,4.0072396334994735,8.586249494117993,17.003729543600855,30.449578398858797,100,8.47670813894259,5.306608214982781,12.983625188488148,0.75,10.0,16.0,3.0449578398858796,13.958771703714977,20.048687383486733,0.2453754525806659,0.0515304729968091,0.0433012701892219,0.6569535362992417,0.8245490599627573,mode-disjoint-FGLS,disjoint,mode,FGLS,universal_pareto_additive_ar1_xi3.00_theta0.50,,,,,,
universal,pareto_additive_ar1,3.0,0.5,0.125,disjoint_mode_ols,365.0,100,36,2.0955123448214756,2.2797578997202463,-0.9044876551785244,1.9938409890785311,0.6646136630261772,0.472358168092215,0.6773114142968784,0.2892722061005573,0.9739831198966776,2.414079394076792,1.8328215394135137,1.0047073916292937,3.3134867188238415,51.75202627248086,50.88712368352568,100,33.60313141954458,4.412219755953897,99.45637854413113,0.36,10.0,16.0,5.088712368352568,46.663313904128294,56.84073864083343,0.2279757899720246,0.0472358168092215,0.048,0.2727107459049014,0.4576478001883791,mode-disjoint-OLS,disjoint,mode,OLS,universal_pareto_additive_ar1_xi3.00_theta0.50,,,,,,
universal,pareto_additive_ar1,10.0,0.5,0.0009765625,sliding_median_fgls,365.0,100,97,5.924602534912808,3.4992178918455012,-4.075397465087192,4.672786074853812,0.4672786074853812,0.2639255977411053,0.4964095834588647,0.2291010242118716,0.6968629164583717,28.021875198829,23.64509161886908,16.239988772445898,35.43184441097495,31.063292612763856,22.422795743049353,100,24.273901010656044,17.550615139658724,38.34318606473349,0.97,9.5,17.0,2.242279574304935,28.82101303845892,33.30557218706879,0.3499217891845501,0.0263925597741105,0.0170587221092319,0.915479219195973,0.9897456617765852,median-sliding-FGLS,sliding,median,FGLS,universal_pareto_additive_ar1_xi10.00_theta0.50,,,,,,
universal,pareto_additive_ar1,10.0,0.5,0.0009765625,sliding_median_ols,365.0,100,17,5.934168929180215,3.635162975803032,-4.065831070819785,4.802366750234643,0.4802366750234643,0.2572292467844248,0.5034215206814887,0.2475682857880458,0.6960779012294327,2.5769540586911814,2.248762211683573,1.3858368964131065,3.4264936464747326,150.79890664560477,111.9153661678374,100,147.25763407538028,39.623332701071426,245.51261753695903,0.17,9.5,17.0,11.19153661678374,139.60737002882104,161.9904432623885,0.3635162975803032,0.0257229246784424,0.0375632799419859,0.1089347605977315,0.2554818123364297,median-sliding-OLS,sliding,median,OLS,universal_pareto_additive_ar1_xi10.00_theta0.50,,,,,,
universal,pareto_additive_ar1,10.0,0.5,0.0009765625,disjoint_median_fgls,365.0,100,95,6.837344414882018,5.314480065110069,-3.1626555851179825,5.289281305235872,0.5289281305235872,0.3176166770897525,0.4889827291830556,0.3047933761410348,0.7555091364252349,28.979543348760203,26.616896095757493,17.527509652348506,34.13128784082448,32.31899825891495,19.92479679064429,100,27.956670839216216,20.14087268338369,38.47066337992389,0.95,9.0,16.0,1.992479679064429,30.32651857985052,34.31147793797938,0.5314480065110069,0.0317616677089752,0.0217944947177033,0.8882480347279118,0.9784566385436864,median-disjoint-FGLS,disjoint,median,FGLS,universal_pareto_additive_ar1_xi10.00_theta0.50,,,,,,
universal,pareto_additive_ar1,10.0,0.5,0.0009765625,disjoint_median_ols,365.0,100,21,6.855963737325138,5.26043162834163,-3.1440362626748617,5.2308302753235765,0.5230830275323577,0.316527850898776,0.5281812166585413,0.3054463205408063,0.7501476615516101,4.692778694034522,3.679139819883182,2.1116102340399694,5.66829888919944,138.33095829082737,118.10656937966752,100,106.08986106736486,29.68993847958486,232.99462147125408,0.21,9.0,16.0,11.810656937966751,126.5203013528606,150.1416152287941,0.526043162834163,0.0316527850898776,0.0407308237088326,0.1416554953164578,0.2998014930196232,median-disjoint-OLS,disjoint,median,OLS,universal_pareto_additive_ar1_xi10.00_theta0.50,,,,,,
universal,pareto_additive_ar1,10.0,0.5,0.0009765625,sliding_mean_fgls,365.0,100,50,0.9938902704416808,0.1892338461629811,-9.00610972955832,9.00610972955832,0.9006109729558319,0.0189233846162981,0.896201647271863,0.8962012225672324,0.8963380505472223,20.869549709372617,18.183420907354034,10.376354906537776,27.16651009434936,100.2257548649768,89.66735422835649,100,56.817735630751024,26.51843700464616,169.21034794507543,0.5,8.0,21.0,8.966735422835649,91.25901944214114,109.19249028781245,0.0189233846162981,0.0018923384616298,0.05,0.4038298285901471,0.5961701714098528,mean-sliding-FGLS,sliding,mean,FGLS,universal_pareto_additive_ar1_xi10.00_theta0.50,,,,,,
universal,pareto_additive_ar1,10.0,0.5,0.0009765625,sliding_mean_ols,365.0,100,0,0.9938933009218104,0.1892336191760964,-9.00610669907819,9.00610669907819,0.9006106699078189,0.0189233619176096,0.896201233801378,0.8962011940576234,0.8963373662868931,0.0080575786802639,0.0074753301421819,0.0074742935227901,0.0074753312217857,360.09117396820255,7.514707821985144,100,358.3384644032069,358.3384463492851,358.42236095730084,0.0,8.0,21.0,0.7514707821985145,359.33970318600404,360.84264475040106,0.0189233619176096,0.0018923361917609,0.0,0.0,0.0369948074760019,mean-sliding-OLS,sliding,mean,OLS,universal_pareto_additive_ar1_xi10.00_theta0.50,,,,,,
universal,pareto_additive_ar1,10.0,0.5,0.0009765625,disjoint_mean_fgls,365.0,100,91,0.9925624536871754,0.0041862989393876,-9.007437546312824,9.007437546312824,0.9007437546312824,0.0004186298939387,0.9008389390016872,0.9007356850719817,0.9008524555133534,62.06588026897787,47.94537738812271,25.63861450865958,83.53976645900488,74.56770591207028,55.13138704497763,100,60.647207609855975,34.303120501543795,97.38578148579468,0.91,8.0,12.0,5.513138704497763,69.05456720757252,80.08084461656804,0.0004186298939387,4.1862989393876235e-05,0.0286181760425083,0.8377362530335634,0.9519280048361152,mean-disjoint-FGLS,disjoint,mean,FGLS,universal_pareto_additive_ar1_xi10.00_theta0.50,,,,,,
universal,pareto_additive_ar1,10.0,0.5,0.0009765625,disjoint_mean_ols,365.0,100,0,0.9918474721567736,0.0035070976122766,-9.008152527843226,9.008152527843226,0.9008152527843226,0.0003507097612276,0.9008523699644037,0.900851525731484,0.9008552897250196,0.0357538825485018,0.0336711125040626,0.0336700656834635,0.0342560414688503,359.6467773453075,0.4623132787662562,100,359.70122472321276,359.70120408122636,359.7107746057501,0.0,8.0,12.0,0.0462313278766256,359.6005460174309,359.6930086731841,0.0003507097612276,3.507097612276689e-05,0.0,0.0,0.0369948074760019,mean-disjoint-OLS,disjoint,mean,OLS,universal_pareto_additive_ar1_xi10.00_theta0.50,,,,,,
universal,pareto_additive_ar1,10.0,0.5,0.0009765625,sliding_mode_fgls,365.0,100,68,2.9277901613350483,3.5940575438189737,-7.072209838664951,7.299772268034016,0.7299772268034017,0.3100595245711275,0.8488676812010112,0.5595035811482547,0.9999999999997272,20.1689606003086,19.100172980382716,12.430785700836338,25.132653870318872,49.70851297880827,60.19844140951355,100,25.630419734889728,19.68062035795352,40.48200645658414,0.68,12.0,18.0,6.019844140951355,43.68866883785691,55.72835711975963,0.3594057543818973,0.0310059524571127,0.0466476151587624,0.5833719774632081,0.7633098918454312,mode-sliding-FGLS,sliding,mode,FGLS,universal_pareto_additive_ar1_xi10.00_theta0.50,,,,,,
universal,pareto_additive_ar1,10.0,0.5,0.0009765625,sliding_mode_ols,365.0,100,9,3.0300995170089027,3.72932715052356,-6.969900482991097,7.298738875111463,0.7298738875111462,0.3027938219318909,0.8394698586829221,0.5376933325281312,0.999999999999998,2.232504397586454,1.421739981164643,1.239145310012624e-13,3.689811343871313,257.5171930895154,145.1237908600205,100,289.1539371000083,131.4631282237127,399.999999999997,0.09,12.0,18.0,14.512379086002053,243.00481400351333,272.02957217551744,0.372932715052356,0.030279382193189,0.0286181760425083,0.0480719951638848,0.1622637469664366,mode-sliding-OLS,sliding,mode,OLS,universal_pareto_additive_ar1_xi10.00_theta0.50,,,,,,
universal,pareto_additive_ar1,10.0,0.5,0.0009765625,disjoint_mode_fgls,365.0,100,80,7.297806364715859,6.910445069623729,-2.7021936352841407,6.212481103450183,0.6212481103450183,0.4018095122777135,0.6484022582337616,0.2747302788012163,0.8871633306912685,22.42931665925835,18.9947482276536,12.639962377259138,31.400443028818785,37.99767572272373,40.63953117081418,100,27.287063606182816,15.382376871343354,40.83996503557253,0.8,10.0,17.0,4.063953117081418,33.93372260564231,42.061628839805145,0.691044506962373,0.0401809512277713,0.04,0.7111690380734977,0.8666340774409013,mode-disjoint-FGLS,disjoint,mode,FGLS,universal_pareto_additive_ar1_xi10.00_theta0.50,,,,,,
universal,pareto_additive_ar1,10.0,0.5,0.0009765625,disjoint_mode_ols,365.0,100,33,7.3071493926437565,6.975652491837764,-2.692850607356243,6.319421990029124,0.6319421990029125,0.3955494901353706,0.6391073707653239,0.325132922294248,0.9045756242893352,7.21704330721602,5.591453031117906,3.2961490816525725,9.272500211530446,157.91817554736042,146.78978717930568,100,120.65725831765924,13.818342997726951,279.7232988356705,0.33,10.0,17.0,14.678978717930567,143.23919682942986,172.59715426529098,0.6975652491837764,0.039554949013537,0.0470212717820349,0.2456298379389545,0.4269483966028862,mode-disjoint-OLS,disjoint,mode,OLS,universal_pareto_additive_ar1_xi10.00_theta0.50,,,,,,
universal,pareto_additive_ar1,0.01,1.0,0.0,sliding_median_fgls,365.0,100,95,0.0068188811942641,0.004514830618684,-0.0031811188057358,0.0047478652309078,0.4747865230907886,0.2799197425669423,0.5182527755349267,0.2438142863946826,0.6648995993945519,0.0253531669051852,0.0230506336356777,0.0166805057206426,0.0311181640419123,0.0278603533481386,0.0152516091407803,100,0.0246743087279603,0.0184354252305547,0.0341972179571664,0.95,9.0,16.0,0.001525160914078,0.0263351924340606,0.0293855142622167,0.0004514830618684,0.0279919742566942,0.0217944947177033,0.8882480347279118,0.9784566385436864,median-sliding-FGLS,sliding,median,FGLS,universal_pareto_additive_ar1_xi0.01_theta1.00,,,,,,
universal,pareto_additive_ar1,0.01,1.0,0.0,sliding_median_ols,365.0,100,15,0.0068365033044741,0.0045334831747102,-0.0031634966955258,0.0047666518046486,0.4766651804648621,0.2776831803134471,0.5156539107022541,0.2329121630654833,0.6739603489976764,0.0025202302463268,0.0019865821784464,0.0012426793834169,0.0030805484731623,0.1523624126241341,0.1118214340269048,100,0.1602699471637985,0.0426515994441693,0.2317393924874136,0.15,9.0,16.0,0.0111821434026904,0.1411802692214436,0.1635445560268246,0.000453348317471,0.0277683180313447,0.0357071421427142,0.0930590319116229,0.2328373333215783,median-sliding-OLS,sliding,median,OLS,universal_pareto_additive_ar1_xi0.01_theta1.00,,,,,,
universal,pareto_additive_ar1,0.01,1.0,0.0,disjoint_median_fgls,365.0,100,97,0.0073000832578173,0.0043289463984689,-0.0026999167421826,0.0042252726812659,0.4225272681265932,0.2840721265516731,0.38809663470628,0.1878000875676573,0.6429475964864808,0.0279883763711258,0.0240145672696724,0.017540196316597,0.0349659801229961,0.0287122045534212,0.0144218860102046,100,0.0249840643809204,0.0178494699598843,0.0353667785836776,0.97,9.0,16.0,0.0014421886010204,0.0272700159524008,0.0301543931544417,0.0004328946398468,0.0284072126551673,0.0170587221092319,0.915479219195973,0.9897456617765852,median-disjoint-FGLS,disjoint,median,FGLS,universal_pareto_additive_ar1_xi0.01_theta1.00,,,,,,
universal,pareto_additive_ar1,0.01,1.0,0.0,disjoint_median_ols,365.0,100,32,0.0073874308501662,0.0042987032053889,-0.0026125691498337,0.0041386801176809,0.413868011768098,0.28410599106451,0.3670931319196913,0.2177972158420286,0.6495015876969662,0.0044080603419,0.0036178531242609,0.0020369615669339,0.0053370892293686,0.1089628299053119,0.1061336427996338,100,0.0766928618679781,0.009211477163494,0.1970352628655954,0.32,9.0,16.0,0.0106133642799633,0.0983494656253485,0.1195761941852753,0.0004298703205388,0.028410599106451,0.0466476151587624,0.2366901081545688,0.4166280225367919,median-disjoint-OLS,disjoint,median,OLS,universal_pareto_additive_ar1_xi0.01_theta1.00,,,,,,
universal,pareto_additive_ar1,0.01,1.0,0.0,sliding_mean_fgls,365.0,100,100,0.0094448982422688,0.0016669522980404,-0.0005551017577311,0.0014495279048401,0.1449527904840155,0.0983679691866551,0.130404666269368,0.054884938968208,0.2152123463813405,0.0207279535070618,0.0193757156645384,0.0118086375988422,0.0276564807004251,0.0207279535070618,0.0104168967687124,100,0.0193757156645384,0.0118086375988422,0.0276564807004251,1.0,10.0,17.0,0.0010416896768712,0.0196862638301905,0.021769643183933,0.000166695229804,0.0098367969186655,0.0,0.963005192523998,1.0,mean-sliding-FGLS,sliding,mean,FGLS,universal_pareto_additive_ar1_xi0.01_theta1.00,,,,,,
universal,pareto_additive_ar1,0.01,1.0,0.0,sliding_mean_ols,365.0,100,5,0.0094656067753222,0.0016866687389514,-0.0005343932246777,0.0014610455317295,0.1461045531729509,0.098848164015859,0.1299173130046286,0.0647157532611044,0.2137989825172736,0.0002464123833898,0.0001836674988016,0.0001035822957879,0.0002999405061764,0.0539729633292507,0.0389165307568045,100,0.0486622183804849,0.0194278512996371,0.082249397776369,0.05,10.0,17.0,0.0038916530756804,0.0500813102535703,0.0578646164049312,0.0001686668738951,0.0098848164015859,0.0217944947177033,0.0215433614563135,0.1117519652720881,mean-sliding-OLS,sliding,mean,OLS,universal_pareto_additive_ar1_xi0.01_theta1.00,,,,,,
universal,pareto_additive_ar1,0.01,1.0,0.0,disjoint_mean_fgls,365.0,100,99,0.009409485802416,0.0020367974158187,-0.0005905141975839,0.0016438518882518,0.1643851888251873,0.1330875106266085,0.1394358727347416,0.0601291747583716,0.2331051048160051,0.0212505707897873,0.0206875862142046,0.0132901699962987,0.0276382285574124,0.0217110490505365,0.0111114272592909,100,0.0213104318161841,0.0141252918446295,0.0278555680421398,0.99,8.0,16.0,0.001111142725929,0.0205999063246074,0.0228221917764656,0.0002036797415818,0.0133087510626608,0.0099498743710662,0.9455124752390652,0.9982326134344526,mean-disjoint-FGLS,disjoint,mean,FGLS,universal_pareto_additive_ar1_xi0.01_theta1.00,,,,,,
universal,pareto_additive_ar1,0.01,1.0,0.0,disjoint_mean_ols,365.0,100,53,0.0093753394270318,0.0020875129109225,-0.0006246605729681,0.0017345603434982,0.1734560343498286,0.1308725302380325,0.1476433116760339,0.079159006025773,0.2332902382090611,0.0032048055658438,0.0026786646369815,0.0016204146454826,0.0040867464212755,0.0311348894954097,0.0420709793390772,100,0.008354146466027,0.0036650823966598,0.0465990776962141,0.53,8.0,16.0,0.0042070979339077,0.0269277915615019,0.0353419874293174,0.0002087512910922,0.0130872530238032,0.0499099188538711,0.4328868313724773,0.6248934801789626,mean-disjoint-OLS,disjoint,mean,OLS,universal_pareto_additive_ar1_xi0.01_theta1.00,,,,,,
universal,pareto_additive_ar1,0.01,1.0,0.0,sliding_mode_fgls,365.0,100,98,0.0037562447574359,0.002658916570833,-0.006243755242564,0.0064463170062842,0.6446317006284208,0.2115029321591904,0.6641596858041823,0.5049333908375799,0.7909131939294869,0.0541936481510778,0.0491523584690622,0.0331885283391863,0.0665141437822335,0.0560720576929883,0.0293160939721329,100,0.0512938136305774,0.0345717451793254,0.0690756348185347,0.98,11.0,17.0,0.0029316093972132,0.053140448295775,0.0590036670902016,0.0002658916570833,0.021150293215919,0.014,0.9299868370580064,0.9944981477650318,mode-sliding-FGLS,sliding,mode,FGLS,universal_pareto_additive_ar1_xi0.01_theta1.00,,,,,,
universal,pareto_additive_ar1,0.01,1.0,0.0,sliding_mode_ols,365.0,100,3,0.0037316392784076,0.0026145799955491,-0.0062683607215923,0.0064436105898893,0.6443610589889383,0.2141437487905749,0.6738495494372527,0.5098823216092201,0.7788611258879781,0.0008527864166757,0.0006709371230689,0.0003479427071945,0.0011013514303783,0.2427098940228308,0.0887355232389279,100,0.2564879151232195,0.1898084691124608,0.2990491513900251,0.03,11.0,17.0,0.0088735523238927,0.233836341698938,0.2515834463467236,0.0002614579995549,0.0214143748790574,0.0170587221092319,0.0102543382234148,0.0845207808040269,mode-sliding-OLS,sliding,mode,OLS,universal_pareto_additive_ar1_xi0.01_theta1.00,,,,,,
universal,pareto_additive_ar1,0.01,1.0,0.0,disjoint_mode_fgls,365.0,100,97,0.0082771921711274,0.0055949693135668,-0.0017228078288725,0.0045846789444972,0.4584678944497291,0.3615263740559344,0.407135154836924,0.1674264991992849,0.5916102074220655,0.0365868858358792,0.029635952321038,0.0202861582796244,0.0423572424338397,0.0384049193666558,0.0255864604401864,100,0.0316678524966677,0.021130190869403,0.0436453300601785,0.97,9.0,17.0,0.0025586460440186,0.0358462733226371,0.0409635654106744,0.0005594969313566,0.0361526374055934,0.0170587221092319,0.915479219195973,0.9897456617765852,mode-disjoint-FGLS,disjoint,mode,FGLS,universal_pareto_additive_ar1_xi0.01_theta1.00,,,,,,
universal,pareto_additive_ar1,0.01,1.0,0.0,disjoint_mode_ols,365.0,100,40,0.0080496983097712,0.0055537869612217,-0.0019503016902287,0.0044904888679346,0.449048886793462,0.378397612005769,0.3662052585416572,0.1650193495854321,0.6270041197355356,0.0069497152713453,0.005193502472233,0.003213302535728,0.0098284572091345,0.0897807353329828,0.1143899272881052,100,0.0314186155103466,0.0100571860983406,0.1594244939119398,0.4,9.0,17.0,0.0114389927288105,0.0783417426041723,0.1012197280617933,0.0005553786961221,0.0378397612005769,0.0489897948556635,0.3093997461136028,0.4979992153815976,mode-disjoint-OLS,disjoint,mode,OLS,universal_pareto_additive_ar1_xi0.01_theta1.00,,,,,,
universal,pareto_additive_ar1,0.03,1.0,0.0,sliding_median_fgls,365.0,100,97,0.0161666360863116,0.0090814209327334,-0.0138333639136883,0.0145617991794101,0.4853933059803372,0.2615747998099231,0.5237567233508091,0.2727276439300402,0.667774882873809,0.0833675852181008,0.0714426768420033,0.0570303422374867,0.1006969112400397,0.0874618452896606,0.0470011839844159,100,0.0729531210158588,0.0578890159065481,0.1055103458714969,0.97,10.5,16.0,0.0047001183984415,0.082761726891219,0.0921619636881022,0.0009081420932733,0.0261574799809923,0.0170587221092319,0.915479219195973,0.9897456617765852,median-sliding-FGLS,sliding,median,FGLS,universal_pareto_additive_ar1_xi0.03_theta1.00,,,,,,
universal,pareto_additive_ar1,0.03,1.0,0.0,sliding_median_ols,365.0,100,13,0.0162804496098547,0.0090805321903928,-0.0137195503901452,0.0145324913075969,0.4844163769198987,0.2565948640536398,0.5191242875978306,0.2773641692148202,0.667498930704688,0.0070171805526268,0.0060441417425838,0.0036539913167125,0.0099416382904853,0.4632659209387404,0.3293296199467123,100,0.4354386011953711,0.1541194275295543,0.7115986283202922,0.13,10.5,16.0,0.0329329619946712,0.4303329589440692,0.4961988829334116,0.0009080532190392,0.0256594864053639,0.0336303434416004,0.0775709385841426,0.2098052189480987,median-sliding-OLS,sliding,median,OLS,universal_pareto_additive_ar1_xi0.03_theta1.00,,,,,,
universal,pareto_additive_ar1,0.03,1.0,0.0,disjoint_median_fgls,365.0,100,97,0.019877133309211,0.0109972772022571,-0.0101228666907889,0.0126702406323677,0.4223413544122572,0.2630822592912673,0.4054616663268599,0.180849687854157,0.5924079961094074,0.0765995801440264,0.0709887567189553,0.0488426762649203,0.1026138056907447,0.0848922520768686,0.0564106299938554,100,0.0736925483361495,0.0536373992192299,0.1108416742497068,0.97,9.0,16.0,0.0056410629993855,0.079251189077483,0.0905333150762541,0.0010997277202257,0.0263082259291267,0.0170587221092319,0.915479219195973,0.9897456617765852,median-disjoint-FGLS,disjoint,median,FGLS,universal_pareto_additive_ar1_xi0.03_theta1.00,,,,,,
universal,pareto_additive_ar1,0.03,1.0,0.0,disjoint_median_ols,365.0,100,28,0.0201875405197436,0.0111942635004812,-0.0098124594802564,0.0125963348102238,0.419877827007463,0.2630971757106776,0.4280535205213956,0.1916667866443853,0.6005004807446434,0.0113072016871956,0.0094047565156628,0.0056210357502891,0.0142580314734546,0.3473850463822266,0.3242557020116897,100,0.280165536746751,0.0280794637574902,0.5967538443150555,0.28,9.0,16.0,0.0324255702011689,0.3149594761810577,0.3798106165833956,0.0011194263500481,0.0263097175710677,0.0448998886412873,0.2013955916759837,0.3748821236134572,median-disjoint-OLS,disjoint,median,OLS,universal_pareto_additive_ar1_xi0.03_theta1.00,,,,,,
universal,pareto_additive_ar1,0.03,1.0,0.0,sliding_mean_fgls,365.0,100,99,0.0277256670097679,0.0045605965303976,-0.002274332990232,0.0042049168651279,0.140163895504265,0.0952421157971063,0.1346219518798985,0.0620399782984439,0.1978358268517032,0.0587862709315009,0.055794607043634,0.0322750769906563,0.0747377865194911,0.0597017105211702,0.0322119454200413,100,0.0571358196247524,0.033228138272093,0.075597767940925,0.99,9.0,18.0,0.0032211945420041,0.0564805159791661,0.0629229050631744,0.0004560596530397,0.0095242115797106,0.0099498743710662,0.9455124752390652,0.9982326134344526,mean-sliding-FGLS,sliding,mean,FGLS,universal_pareto_additive_ar1_xi0.03_theta1.00,,,,,,
universal,pareto_additive_ar1,0.03,1.0,0.0,sliding_mean_ols,365.0,100,6,0.0277762740239082,0.0046190010644686,-0.0022237259760917,0.0042089851766667,0.1402995058888925,0.096813542919743,0.1341849609401529,0.0585566194864005,0.1968363807494398,0.0006745146471599,0.0005006646172799,0.0003384636680373,0.0007296677356649,0.1566360349710896,0.1146137990551611,100,0.1516946411533953,0.0623696249944815,0.2210735404906953,0.06,9.0,18.0,0.0114613799055161,0.1451746550655735,0.1680974148766057,0.0004619001064468,0.0096813542919743,0.0237486841740758,0.0277857452666566,0.124769685312225,mean-sliding-OLS,sliding,mean,OLS,universal_pareto_additive_ar1_xi0.03_theta1.00,,,,,,
universal,pareto_additive_ar1,0.03,1.0,0.0,disjoint_mean_fgls,365.0,100,100,0.0270034366249367,0.0069615576923264,-0.0029965633750632,0.0059185049884084,0.1972834996136154,0.1568823052511229,0.1688536155750366,0.0853673188418733,0.2533287411431393,0.0652698842527629,0.0578184704273039,0.037122507949552,0.0811409827215066,0.0652698842527629,0.0383159526234451,100,0.0578184704273039,0.037122507949552,0.0811409827215066,1.0,8.0,16.0,0.0038315952623445,0.0614382889904184,0.0691014795151075,0.0006961557692326,0.0156882305251122,0.0,0.963005192523998,1.0,mean-disjoint-FGLS,disjoint,mean,FGLS,universal_pareto_additive_ar1_xi0.03_theta1.00,,,,,,
universal,pareto_additive_ar1,0.03,1.0,0.0,disjoint_mean_ols,365.0,100,46,0.0269989402006353,0.0068402023300706,-0.0030010597993646,0.0059516751985393,0.1983891732846465,0.1494637120529426,0.1569661039158379,0.0888106753076218,0.2438708043277701,0.0098355920537837,0.0072135084740726,0.0047110384813284,0.0119452854652358,0.1221252160736322,0.1573967419108476,100,0.0394476725249653,0.0124495998024412,0.1789415659965766,0.46,8.0,16.0,0.0157396741910847,0.1063855418825474,0.137864890264717,0.000684020233007,0.0149463712052942,0.0498397431775084,0.3656064385333186,0.5573531460647615,mean-disjoint-OLS,disjoint,mean,OLS,universal_pareto_additive_ar1_xi0.03_theta1.00,,,,,,
universal,pareto_additive_ar1,0.03,1.0,0.0,sliding_mode_fgls,365.0,100,93,0.0106325907160944,0.0070334462280326,-0.0193674092839055,0.0195191449609519,0.650638165365066,0.2198719006403389,0.6823422964647616,0.5641660749299311,0.8099322573164767,0.140841247015746,0.1267590842229055,0.0866903726716151,0.1873588442973638,0.1580508972566287,0.0783035762761409,100,0.1440069669186158,0.1069373779382808,0.1994704396444983,0.93,11.0,17.0,0.007830357627614,0.1502205396290146,0.1658812548842427,0.0007033446228032,0.0219871900640338,0.0255147016443461,0.8625032899347026,0.965681175635936,mode-sliding-FGLS,sliding,mode,FGLS,universal_pareto_additive_ar1_xi0.03_theta1.00,,,,,,
universal,pareto_additive_ar1,0.03,1.0,0.0,sliding_mode_ols,365.0,100,2,0.0106910374096797,0.0070316946369441,-0.0193089625903202,0.0194517957833737,0.6483931927791252,0.2207373606049825,0.6751703239314111,0.5601869924104608,0.797709984260592,0.0024688481096519,0.0020137203461349,0.0012538714809635,0.0034171720857166,0.7321766696651528,0.274474425008152,100,0.766280207028136,0.6089413487642245,0.9278878627600786,0.02,11.0,17.0,0.0274474425008152,0.7047292271643376,0.759624112165968,0.0007031694636944,0.0220737360604982,0.014,0.0055018522349681,0.0700131629419936,mode-sliding-OLS,sliding,mode,OLS,universal_pareto_additive_ar1_xi0.03_theta1.00,,,,,,
universal,pareto_additive_ar1,0.03,1.0,0.0,disjoint_mode_fgls,365.0,100,94,0.0213469118200524,0.014670472235089,-0.0086530881799475,0.0144275940388982,0.4809198012966089,0.2992527043838388,0.4992655932676162,0.2447686111955218,0.7119406188881474,0.10739326673397,0.088049699223752,0.0625147463263608,0.1281475919468417,0.1194607988360714,0.091498877219642,100,0.0946280363174917,0.0662522476898907,0.1397033047379677,0.94,9.0,17.0,0.0091498877219642,0.1103109111141072,0.1286106865580356,0.0014670472235089,0.0299252704383838,0.0237486841740758,0.8752303146877748,0.9722142547333432,mode-disjoint-FGLS,disjoint,mode,FGLS,universal_pareto_additive_ar1_xi0.03_theta1.00,,,,,,
universal,pareto_additive_ar1,0.03,1.0,0.0,disjoint_mode_ols,365.0,100,29,0.0218612685017313,0.015141483047859,-0.0081387314982686,0.0142976507720536,0.4765883590684536,0.3156736096588418,0.4765284369071273,0.196921135320343,0.7187082805884213,0.0150371822625217,0.0120335424865062,0.0082689570633116,0.01826633125454,0.3665873445242067,0.3321942249760058,100,0.3181808403817149,0.0355064816470295,0.6167747378876753,0.29,9.0,17.0,0.0332194224976005,0.3333679220266061,0.3998067670218073,0.0015141483047859,0.0315673609658841,0.0453762052181537,0.2101470697398414,0.3853907494000793,mode-disjoint-OLS,disjoint,mode,OLS,universal_pareto_additive_ar1_xi0.03_theta1.00,,,,,,
universal,pareto_additive_ar1,0.1,1.0,0.0,sliding_median_fgls,365.0,100,99,0.0682692739306821,0.0346825238981221,-0.0317307260693178,0.0399767306678971,0.399767306678971,0.2460903733350199,0.3584340654483267,0.2338986950324346,0.5751001300103944,0.2514129985634988,0.2194898718140746,0.1629224175965881,0.3091088947768188,0.2556112457684543,0.1392647790795638,100,0.2215785892061494,0.1632804724304463,0.3119022952209666,0.99,9.0,16.0,0.0139264779079563,0.2416847678604979,0.2695377236764106,0.0034682523898122,0.0246090373335019,0.0099498743710662,0.9455124752390652,0.9982326134344526,median-sliding-FGLS,sliding,median,FGLS,universal_pareto_additive_ar1_xi0.10_theta1.00,,,,,,
universal,pareto_additive_ar1,0.1,1.0,0.0,sliding_median_ols,365.0,100,18,0.0684697198362383,0.0351182908608748,-0.0315302801637616,0.0400577838324549,0.4005778383245499,0.2483265061287934,0.3635230931013088,0.2203216642298824,0.5668466048198706,0.0233585058448759,0.022248915696609,0.0127193730280436,0.028496736125584,1.2193317227717189,1.0338023728961534,100,1.019207606460066,0.2019107272882052,1.938636129265067,0.18,9.0,16.0,0.1033802372896153,1.1159514854821035,1.3227119600613342,0.0035118290860874,0.0248326506128793,0.038418745424597,0.1170013165425103,0.2666753602421308,median-sliding-OLS,sliding,median,OLS,universal_pareto_additive_ar1_xi0.10_theta1.00,,,,,,
universal,pareto_additive_ar1,0.1,1.0,0.0,disjoint_median_fgls,365.0,100,97,0.0792399557307738,0.0418246807263404,-0.0207600442692261,0.038621220928936,0.3862122092893609,0.2603788247802891,0.361421874404062,0.1903981910512139,0.5545052695932764,0.2570169649691917,0.2428380407231296,0.1625387143993085,0.3058820255393643,0.265149319291486,0.1362149775567929,100,0.2430319291743198,0.1663980407719767,0.3104205316509897,0.97,10.0,16.0,0.0136214977556792,0.2515278215358067,0.2787708170471653,0.004182468072634,0.0260378824780289,0.0170587221092319,0.915479219195973,0.9897456617765852,median-disjoint-FGLS,disjoint,median,FGLS,universal_pareto_additive_ar1_xi0.10_theta1.00,,,,,,
universal,pareto_additive_ar1,0.1,1.0,0.0,disjoint_median_ols,365.0,100,33,0.0807209681723316,0.0430691257073039,-0.0192790318276683,0.0387932636897389,0.3879326368973895,0.2665082585962899,0.3681929100537155,0.1723536522111931,0.5475432349002862,0.0478202863425987,0.0382618950972256,0.0242374763682658,0.0670994022187295,0.9230441943311386,0.9838614271284664,100,0.5454907983575259,0.0831090080802108,1.537970467441515,0.33,10.0,16.0,0.0983861427128466,0.824658051618292,1.0214303370439852,0.0043069125707303,0.0266508258596289,0.0470212717820349,0.2456298379389545,0.4269483966028862,median-disjoint-OLS,disjoint,median,OLS,universal_pareto_additive_ar1_xi0.10_theta1.00,,,,,,
universal,pareto_additive_ar1,0.1,1.0,0.0,sliding_mean_fgls,365.0,100,99,0.0943794497094849,0.0171050975361824,-0.005620550290515,0.013995632982426,0.1399563298242603,0.1125334343558931,0.1181017718037749,0.0394368344566038,0.2173332856789718,0.2397411756476615,0.2084223259845562,0.1231887449897051,0.3189410231834717,0.2398516643861178,0.1511828670687766,100,0.2084223259845562,0.1231887449897051,0.3189410231834717,0.99,10.0,19.0,0.0151182867068776,0.2247333776792401,0.2549699510929955,0.0017105097536182,0.0112533434355893,0.0099498743710662,0.9455124752390652,0.9982326134344526,mean-sliding-FGLS,sliding,mean,FGLS,universal_pareto_additive_ar1_xi0.10_theta1.00,,,,,,
universal,pareto_additive_ar1,0.1,1.0,0.0,sliding_mean_ols,365.0,100,7,0.0945142547484428,0.0171601598752135,-0.0054857452515571,0.0139761155282972,0.1397611552829727,0.1129440604266978,0.1165420798475854,0.0380329484751296,0.2175415899386438,0.0017725713103059,0.001509487645532,0.0006080632647261,0.0022525581851745,0.5268629382293956,0.4533027258682302,100,0.4274701017113129,0.1200644404208969,0.8486250428511105,0.07,10.0,19.0,0.045330272586823,0.4815326656425725,0.5721932108162185,0.0017160159875213,0.0112944060426697,0.0255147016443461,0.034318824364064,0.1374967100652975,mean-sliding-OLS,sliding,mean,OLS,universal_pareto_additive_ar1_xi0.10_theta1.00,,,,,,
universal,pareto_additive_ar1,0.1,1.0,0.0,disjoint_mean_fgls,365.0,100,100,0.0939523540967656,0.0203821748507378,-0.0060476459032343,0.0167145201414344,0.1671452014143447,0.1304528083494968,0.1316054494087204,0.0615063283841781,0.2811286134774344,0.2184026621644053,0.1882286374967696,0.147859271716062,0.2874306417422425,0.2184026621644053,0.1016526870146821,100,0.1882286374967696,0.147859271716062,0.2874306417422425,1.0,9.0,16.0,0.0101652687014682,0.2082373934629371,0.2285679308658735,0.0020382174850737,0.0130452808349496,0.0,0.963005192523998,1.0,mean-disjoint-FGLS,disjoint,mean,FGLS,universal_pareto_additive_ar1_xi0.10_theta1.00,,,,,,
universal,pareto_additive_ar1,0.1,1.0,0.0,disjoint_mean_ols,365.0,100,51,0.0939088479279233,0.0209238923741964,-0.0060911520720766,0.0171895920241955,0.1718959202419557,0.1329734685213645,0.1265854222437966,0.0655430072511446,0.2716369970264838,0.0294697324127202,0.0222719130739122,0.0160167056205504,0.0368408819588291,0.325719695709779,0.4295125099116754,100,0.0817703281296112,0.0276072309835126,0.4970611316575603,0.51,9.0,16.0,0.0429512509911675,0.2827684447186114,0.3686709467009465,0.0020923892374196,0.0132973468521364,0.0499899989997999,0.4134784047743415,0.6057816990761385,mean-disjoint-OLS,disjoint,mean,OLS,universal_pareto_additive_ar1_xi0.10_theta1.00,,,,,,
universal,pareto_additive_ar1,0.1,1.0,0.0,sliding_mode_fgls,365.0,100,95,0.0405013926351009,0.0278842706669733,-0.0594986073648991,0.0618878919964205,0.6188789199642057,0.2201308902927204,0.6566360356456205,0.5076014936516007,0.7523119726061491,0.4496819366859182,0.3947133017219194,0.3127972416436342,0.5451877037377558,0.4859727674004238,0.2605895697114551,100,0.4046834651236056,0.3213437191243683,0.5762434359713471,0.95,10.0,16.0,0.0260589569711455,0.4599138104292783,0.5120317243715693,0.0027884270666973,0.022013089029272,0.0217944947177033,0.8882480347279118,0.9784566385436864,mode-sliding-FGLS,sliding,mode,FGLS,universal_pareto_additive_ar1_xi0.10_theta1.00,,,,,,
universal,pareto_additive_ar1,0.1,1.0,0.0,sliding_mode_ols,365.0,100,1,0.0409243606015804,0.0283059259173391,-0.0590756393984195,0.0617783657089386,0.6177836570893863,0.2170923297227908,0.6532040793222091,0.5077034375718329,0.754954503164082,0.0075125247900951,0.0061581109322746,0.0035265745707908,0.0097976531405412,2.331947347038529,0.9030094956958716,100,2.4760006735945117,1.8381591881846373,2.9648292126084885,0.01,10.0,16.0,0.0903009495695871,2.2416463974689416,2.4222482966081156,0.0028305925917339,0.021709232972279,0.0099498743710662,0.0017673865655472,0.0544875247609346,mode-sliding-OLS,sliding,mode,OLS,universal_pareto_additive_ar1_xi0.10_theta1.00,,,,,,
universal,pareto_additive_ar1,0.1,1.0,0.0,disjoint_mode_fgls,365.0,100,97,0.0754342917754066,0.0561126370854267,-0.0245657082245933,0.0475128493186973,0.4751284931869732,0.3844377936923639,0.4217509945177813,0.2118154889838078,0.6059163430655152,0.3315107241267487,0.2980554016700452,0.2012343511099978,0.4371218973159382,0.3594226182841219,0.2159692399578027,100,0.3050794446793367,0.2112347642314893,0.4491477144320966,0.97,8.5,16.0,0.0215969239957802,0.3378256942883416,0.3810195422799022,0.0056112637085426,0.0384437793692363,0.0170587221092319,0.915479219195973,0.9897456617765852,mode-disjoint-FGLS,disjoint,mode,FGLS,universal_pareto_additive_ar1_xi0.10_theta1.00,,,,,,
universal,pareto_additive_ar1,0.1,1.0,0.0,disjoint_mode_ols,365.0,100,40,0.077565778779893,0.054224204694247,-0.0224342212201069,0.0456826904948402,0.4568269049484022,0.3661494702078713,0.3749602520999641,0.2117059720919142,0.5814977456893694,0.0732579854765902,0.0534378350362939,0.0377833676761597,0.0847586160449126,0.9041502191174052,1.1470010789918867,100,0.4103593659125383,0.0907746320576461,1.441556504204361,0.4,8.5,16.0,0.1147001078991886,0.7894501112182165,1.0188503270165938,0.0054224204694247,0.0366149470207871,0.0489897948556635,0.3093997461136028,0.4979992153815976,mode-disjoint-OLS,disjoint,mode,OLS,universal_pareto_additive_ar1_xi0.10_theta1.00,,,,,,
universal,pareto_additive_ar1,0.3,1.0,0.0,sliding_median_fgls,365.0,100,98,0.2141590765839797,0.1179399260078572,-0.0858409234160201,0.1234556336593935,0.4115187788646453,0.2572865952554429,0.3933370857882418,0.2007017076352656,0.6153359592085508,0.821712178601304,0.7457564364241055,0.5311323564889001,0.9822476557538083,0.8488110099210867,0.4680661604646408,100,0.7601394453969541,0.5400457631613571,0.985735144093542,0.98,9.0,16.0,0.046806616046464,0.8020043938746226,0.8956176259675508,0.0117939926007857,0.0257286595255442,0.014,0.9299868370580064,0.9944981477650318,median-sliding-FGLS,sliding,median,FGLS,universal_pareto_additive_ar1_xi0.30_theta1.00,,,,,,
universal,pareto_additive_ar1,0.3,1.0,0.0,sliding_median_ols,365.0,100,17,0.2119276262497824,0.1189156452835919,-0.0880723737502175,0.1272179076759895,0.4240596922532984,0.2500699873039438,0.4193241416094164,0.2101211368907221,0.6220921224192112,0.0710640080768377,0.054676058531805,0.0371616670276876,0.0928537536664486,4.001946962106938,3.158719629439544,100,3.7930372602715696,0.945795210749828,6.387699607979903,0.17,9.0,16.0,0.3158719629439544,3.686074999162984,4.317818925050893,0.0118915645283591,0.0250069987303943,0.0375632799419859,0.1089347605977315,0.2554818123364297,median-sliding-OLS,sliding,median,OLS,universal_pareto_additive_ar1_xi0.30_theta1.00,,,,,,
universal,pareto_additive_ar1,0.3,1.0,0.0,disjoint_median_fgls,365.0,100,95,0.2521745179199582,0.1577585404296272,-0.0478254820800417,0.1358805361391536,0.4529351204638455,0.3081867636421824,0.3989827485736062,0.1809101039531112,0.6734228807911411,0.8958814181842242,0.7882315189639372,0.5426744680413473,1.1142768698159962,1.119634949601224,1.004256078404823,100,0.8406352064693283,0.6049612996192016,1.194409446583134,0.95,9.0,16.0,0.1004256078404822,1.019209341760742,1.2200605574417065,0.0157758540429627,0.0308186763642182,0.0217944947177033,0.8882480347279118,0.9784566385436864,median-disjoint-FGLS,disjoint,median,FGLS,universal_pareto_additive_ar1_xi0.30_theta1.00,,,,,,
universal,pareto_additive_ar1,0.3,1.0,0.0,disjoint_median_ols,365.0,100,31,0.2534888503361257,0.1575914954086472,-0.0465111496638742,0.135265243781092,0.4508841459369733,0.308017255386659,0.4091816192765314,0.1898309695926147,0.6450051546014055,0.1354801141388704,0.1036413247615854,0.0717574013785906,0.1631860535367679,3.4392622431453024,3.4192141495191737,100,2.6430652298500963,0.261211248731742,5.8353883725232,0.31,9.0,16.0,0.3419214149519173,3.097340828193385,3.78118365809722,0.0157591495408647,0.0308017255386659,0.0462493243193887,0.2277956320613237,0.4062623947795569,median-disjoint-OLS,disjoint,median,OLS,universal_pareto_additive_ar1_xi0.30_theta1.00,,,,,,
universal,pareto_additive_ar1,0.3,1.0,0.0,sliding_mean_fgls,365.0,100,99,0.3016931465425825,0.0701982033464935,0.0016931465425825,0.05189309927384,0.1729769975794669,0.1567229954082357,0.1429954052194872,0.0458030184067799,0.2407763706339191,0.9036684590461206,0.8067117730944429,0.4365768563666157,1.1310415941444258,0.9037353831604016,0.6381958163462702,100,0.8067117730944429,0.4365768563666157,1.1310415941444258,0.99,9.0,19.0,0.063819581634627,0.8399158015257746,0.9675549647950286,0.0070198203346493,0.0156722995408235,0.0099498743710662,0.9455124752390652,0.9982326134344526,mean-sliding-FGLS,sliding,mean,FGLS,universal_pareto_additive_ar1_xi0.30_theta1.00,,,,,,
universal,pareto_additive_ar1,0.3,1.0,0.0,sliding_mean_ols,365.0,100,4,0.302062269601838,0.0705725448399156,0.002062269601838,0.0522275853610673,0.1740919512035579,0.1573921709731762,0.1417013195584214,0.0475436413881175,0.2406520200065818,0.006343460647822,0.0045865824331626,0.0027171598766013,0.0074591885468504,1.9703414330483615,1.8752825177271848,100,1.5982215644170663,0.4239578330308543,2.8571080799920043,0.04,9.0,19.0,0.1875282517727184,1.7828131812756434,2.15786968482108,0.0070572544839915,0.0157392170973176,0.0195959179422654,0.015663050551848,0.0983721723260737,mean-sliding-OLS,sliding,mean,OLS,universal_pareto_additive_ar1_xi0.30_theta1.00,,,,,,
universal,pareto_additive_ar1,0.3,1.0,0.0,disjoint_mean_fgls,365.0,100,99,0.3052263621414685,0.0707775450077751,0.0052263621414684,0.058887658591468,0.1962921953048934,0.1305657548306117,0.176983896158737,0.093131359846969,0.2604181589087109,0.922100362653486,0.8588094364779805,0.5693053745109133,1.159955416275881,0.926888955638306,0.4829008469015891,100,0.8588094364779805,0.5878182615363863,1.159955416275881,0.99,9.0,16.0,0.0482900846901589,0.8785988709481469,0.9751790403284648,0.0070777545007775,0.0130565754830611,0.0099498743710662,0.9455124752390652,0.9982326134344526,mean-disjoint-FGLS,disjoint,mean,FGLS,universal_pareto_additive_ar1_xi0.30_theta1.00,,,,,,
universal,pareto_additive_ar1,0.3,1.0,0.0,disjoint_mean_ols,365.0,100,30,0.3059643904793457,0.0728037462968066,0.0059643904793457,0.0604572400550139,0.201524133516713,0.1351674232572674,0.1812634098402159,0.0975319340595913,0.2587809822921371,0.0772748215786203,0.0568769735763467,0.0339090925560813,0.0996477557239456,1.3283567760021449,1.3869936479144742,100,1.0245288774362875,0.1433674965316982,1.948312990059133,0.3,9.0,16.0,0.1386993647914474,1.1896574112106977,1.4670561407935925,0.0072803746296806,0.0135167423257267,0.0458257569495584,0.2189475386622811,0.3958503843281195,mean-disjoint-OLS,disjoint,mean,OLS,universal_pareto_additive_ar1_xi0.30_theta1.00,,,,,,
universal,pareto_additive_ar1,0.3,1.0,0.0,sliding_mode_fgls,365.0,100,93,0.1545914081132869,0.0896493551868177,-0.145408591886713,0.1541599817774352,0.5138666059247843,0.2446967345769713,0.5344164424797384,0.3287802587328065,0.7144023688383758,1.0904928747935276,0.917213797776354,0.5786545661517343,1.4599669939731623,1.2027170457602898,0.7018724741870112,100,1.0913176044805009,0.64072185385391,1.56764954010128,0.93,10.0,17.0,0.0701872474187011,1.1325297983415887,1.272904293178991,0.0089649355186817,0.0244696734576971,0.0255147016443461,0.8625032899347026,0.965681175635936,mode-sliding-FGLS,sliding,mode,FGLS,universal_pareto_additive_ar1_xi0.30_theta1.00,,,,,,
universal,pareto_additive_ar1,0.3,1.0,0.0,sliding_mode_ols,365.0,100,3,0.1551589063912379,0.0909672749874873,-0.144841093608762,0.1541712520563855,0.513904173521285,0.2462390985494532,0.529770108139973,0.3273690968669496,0.7267156008583198,0.0259262649994802,0.0197732886544894,0.0116137125490875,0.0343914110511466,5.68197675140706,3.042413891262274,100,5.93215818051705,3.6675375927616094,8.35923338564845,0.03,10.0,17.0,0.3042413891262274,5.377735362280832,5.986218140533287,0.0090967274987487,0.0246239098549453,0.0170587221092319,0.0102543382234148,0.0845207808040269,mode-sliding-OLS,sliding,mode,OLS,universal_pareto_additive_ar1_xi0.30_theta1.00,,,,,,
universal,pareto_additive_ar1,0.3,1.0,0.0,disjoint_mode_fgls,365.0,100,93,0.2471047440524504,0.1940573699533915,-0.0528952559475495,0.1555689728887057,0.5185632429623525,0.4221409143004647,0.471702927816743,0.1851365282466978,0.727890697466357,0.9489016922725296,0.8053785155428566,0.5495465744003156,1.2271181943726153,1.0618430394105962,0.5924480596328716,100,0.9660134463532556,0.6247490921052996,1.337017961876501,0.93,9.0,16.0,0.0592448059632871,1.0025982334473091,1.1210878453738833,0.0194057369953391,0.0422140914300464,0.0255147016443461,0.8625032899347026,0.965681175635936,mode-disjoint-FGLS,disjoint,mode,FGLS,universal_pareto_additive_ar1_xi0.30_theta1.00,,,,,,
universal,pareto_additive_ar1,0.3,1.0,0.0,disjoint_mode_ols,365.0,100,38,0.259152993417413,0.1955299741261274,-0.0408470065825869,0.1498575106408588,0.4995250354695295,0.4375841176178008,0.3989426112931562,0.1598992066012947,0.7397407249120469,0.1817342748410229,0.1518479124963555,0.1033610218673356,0.2215700169632881,3.4026808589625683,4.377999998503997,100,1.157894781211814,0.196041211265202,5.707835856917069,0.38,9.0,16.0,0.4377999998503997,2.9648808591121685,3.840480858812968,0.0195529974126127,0.04375841176178,0.0485386443980463,0.2909744920013438,0.4779042617928966,mode-disjoint-OLS,disjoint,mode,OLS,universal_pareto_additive_ar1_xi0.30_theta1.00,,,,,,
universal,pareto_additive_ar1,1.0,1.0,0.0,sliding_median_fgls,365.0,100,98,0.6777850678918391,0.346829315444443,-0.3222149321081609,0.4018683016307426,0.4018683016307426,0.2490628879430635,0.4376250527825505,0.1835379883742973,0.5572196592016105,2.659997267702081,2.5160225613871936,1.7897933720925616,3.161451296951592,2.7850402609203657,1.382957284235101,100,2.6069889571526685,1.843663975965386,3.1928640820548906,0.98,9.0,16.0,0.1382957284235101,2.6467445324968555,2.923335989343876,0.0346829315444443,0.0249062887943063,0.014,0.9299868370580064,0.9944981477650318,median-sliding-FGLS,sliding,median,FGLS,universal_pareto_additive_ar1_xi1.00_theta1.00,,,,,,
universal,pareto_additive_ar1,1.0,1.0,0.0,sliding_median_ols,365.0,100,24,0.6744929322391324,0.3423449800155603,-0.3255070677608674,0.3984816969785575,0.3984816969785575,0.2526531395271633,0.4202416944548157,0.1835148393790965,0.5603874500851184,0.2479966238815953,0.1869477237329864,0.1184683988080559,0.3412635886595753,12.328468669288474,10.171398370479515,100,11.949200172171189,0.97865329097399,19.89796316960053,0.24,9.0,16.0,1.0171398370479516,11.311328832240523,13.345608506336426,0.034234498001556,0.0252653139527163,0.0427083130081252,0.1669121126545996,0.3323251872329213,median-sliding-OLS,sliding,median,OLS,universal_pareto_additive_ar1_xi1.00_theta1.00,,,,,,
universal,pareto_additive_ar1,1.0,1.0,0.0,disjoint_median_fgls,365.0,100,99,0.7664195357419391,0.455981276255933,-0.2335804642580609,0.422454888175627,0.422454888175627,0.2876786854340973,0.3787869290467078,0.2051347592043839,0.6248146500165177,2.70507280059627,2.5094870640719993,1.765308721174272,3.359394016480482,2.745873269721033,1.317477599896861,100,2.550621611403419,1.8504028064090936,3.456323416294891,0.99,8.0,16.0,0.1317477599896861,2.614125509731347,2.877621029710719,0.0455981276255933,0.0287678685434097,0.0099498743710662,0.9455124752390652,0.9982326134344526,median-disjoint-FGLS,disjoint,median,FGLS,universal_pareto_additive_ar1_xi1.00_theta1.00,,,,,,
universal,pareto_additive_ar1,1.0,1.0,0.0,disjoint_median_ols,365.0,100,29,0.7718916288534368,0.461889836245982,-0.2281083711465632,0.4272553512164411,0.4272553512164411,0.2854999026395496,0.3883647647012309,0.1831918819965151,0.6447183286575418,0.4400477770525842,0.3597260650055676,0.2366099551087136,0.5457480792711658,11.066395769485238,11.207286890027545,100,6.904825559785647,1.1607215245720472,18.422048128193712,0.29,8.0,16.0,1.1207286890027544,9.945667080482483,12.187124458487991,0.0461889836245982,0.0285499902639549,0.0453762052181537,0.2101470697398414,0.3853907494000793,median-disjoint-OLS,disjoint,median,OLS,universal_pareto_additive_ar1_xi1.00_theta1.00,,,,,,
universal,pareto_additive_ar1,1.0,1.0,0.0,sliding_mean_fgls,365.0,100,97,0.7536345074931967,0.1482873926276463,-0.2463654925068033,0.2467730881147667,0.2467730881147667,0.1476012174014425,0.2385484351934224,0.1319968301217784,0.3567119297003174,3.4795151476521915,3.289304336233212,2.107017973326499,4.449748298311915,3.5629085582675613,1.801992103698374,100,3.3205390160825576,2.157696491229041,4.462363443595393,0.97,10.0,17.5,0.1801992103698373,3.3827093478977237,3.743107768637399,0.0148287392627646,0.0147601217401442,0.0170587221092319,0.915479219195973,0.9897456617765852,mean-sliding-FGLS,sliding,mean,FGLS,universal_pareto_additive_ar1_xi1.00_theta1.00,,,,,,
universal,pareto_additive_ar1,1.0,1.0,0.0,sliding_mean_ols,365.0,100,2,0.7537952569385052,0.1482802718051269,-0.2462047430614947,0.2466218157775855,0.2466218157775855,0.1475785156720286,0.2385047820361588,0.1320363339555139,0.357087611764429,0.0069266807382315,0.0058035250387723,0.0030130961385598,0.0091194548027845,9.73422663366024,5.873149837539387,100,9.29728206765644,5.198712019799805,14.11692694094015,0.02,10.0,17.5,0.5873149837539386,9.146911649906302,10.321541617414178,0.0148280271805126,0.0147578515672028,0.014,0.0055018522349681,0.0700131629419936,mean-sliding-OLS,sliding,mean,OLS,universal_pareto_additive_ar1_xi1.00_theta1.00,,,,,,
universal,pareto_additive_ar1,1.0,1.0,0.0,disjoint_mean_fgls,365.0,100,99,0.7734424091049449,0.1345143215284558,-0.226557590895055,0.2269174479315255,0.2269174479315255,0.1339002172044041,0.2070769630609703,0.13605663495062,0.2779593819707955,3.7995867833320847,3.1606031061771787,2.1570996288072615,4.499622835782976,3.8137644904951897,2.6128208446023713,100,3.1606031061771787,2.1570996288072615,4.499622835782976,0.99,9.0,16.0,0.2612820844602371,3.5524824060349527,4.075046574955427,0.0134514321528455,0.0133900217204404,0.0099498743710662,0.9455124752390652,0.9982326134344526,mean-disjoint-FGLS,disjoint,mean,FGLS,universal_pareto_additive_ar1_xi1.00_theta1.00,,,,,,
universal,pareto_additive_ar1,1.0,1.0,0.0,disjoint_mean_ols,365.0,100,5,0.772327207568489,0.1362292515056272,-0.2276727924315109,0.22809197463805,0.22809197463805,0.1355191156347578,0.2094755564479857,0.1381115274334602,0.2762532345599089,0.1222791440746079,0.0944090526075522,0.0601538193640773,0.1565438435737325,6.912466219041623,4.902134620088605,100,6.389690007177592,3.773181993396298,8.82728369908584,0.05,9.0,16.0,0.4902134620088604,6.422252757032763,7.402679681050484,0.0136229251505627,0.0135519115634757,0.0217944947177033,0.0215433614563135,0.1117519652720881,mean-disjoint-OLS,disjoint,mean,OLS,universal_pareto_additive_ar1_xi1.00_theta1.00,,,,,,
universal,pareto_additive_ar1,1.0,1.0,0.0,sliding_mode_fgls,365.0,100,95,0.5721497998343112,0.3197819240360622,-0.4278502001656888,0.4791879838559977,0.4791879838559977,0.234999557404801,0.4579709547327439,0.2939314533816493,0.6619945122979729,3.219721135493357,2.897904863700709,1.7712377765593033,4.086294486971655,3.6130739441317288,2.5826999838477405,100,3.108472422395961,2.0180614405797854,4.356399343826521,0.95,10.0,17.0,0.258269998384774,3.354803945746955,3.8713439425165026,0.0319781924036062,0.0234999557404801,0.0217944947177033,0.8882480347279118,0.9784566385436864,mode-sliding-FGLS,sliding,mode,FGLS,universal_pareto_additive_ar1_xi1.00_theta1.00,,,,,,
universal,pareto_additive_ar1,1.0,1.0,0.0,sliding_mode_ols,365.0,100,6,0.5788632000277526,0.3323448066612754,-0.4211367999722474,0.4801927415178395,0.4801927415178395,0.2380893540228322,0.4582174060611188,0.3106899873739503,0.6493603153327512,0.1144836632414346,0.0901377646087164,0.0538272750320447,0.1463569160583389,17.135398001552478,10.07653363711921,100,16.77391871722213,9.904131562027306,24.98265906311025,0.06,10.0,17.0,1.007653363711921,16.127744637840557,18.1430513652644,0.0332344806661275,0.0238089354022832,0.0237486841740758,0.0277857452666566,0.124769685312225,mode-sliding-OLS,sliding,mode,OLS,universal_pareto_additive_ar1_xi1.00_theta1.00,,,,,,
universal,pareto_additive_ar1,1.0,1.0,0.0,disjoint_mode_fgls,365.0,100,96,0.8407556279430376,0.6666532039140565,-0.1592443720569624,0.5223391316072646,0.5223391316072646,0.440961794274367,0.418504162057971,0.1977765037993926,0.7123377291408293,2.845337487515346,2.485773263193991,1.786936599860426,3.471163734748164,3.079236874001973,2.121930834276996,100,2.5519634483718794,1.914576878975223,3.71631405478659,0.96,8.5,14.0,0.2121930834276996,2.8670437905742734,3.2914299574296724,0.0666653203914056,0.0440961794274366,0.0195959179422654,0.9016278276739262,0.984336949448152,mode-disjoint-FGLS,disjoint,mode,FGLS,universal_pareto_additive_ar1_xi1.00_theta1.00,,,,,,
universal,pareto_additive_ar1,1.0,1.0,0.0,disjoint_mode_ols,365.0,100,40,0.8747957990584332,0.7060032312253881,-0.1252042009415667,0.5474532519653779,0.5474532519653779,0.4599376173352547,0.4678380052975081,0.2072821091360689,0.7277589730934313,0.804738517721642,0.6546935008174977,0.4121709982151229,0.9880444474709142,10.756089964604378,14.051589250434892,100,5.135949889217981,0.9731632476516948,16.19563520050199,0.4,8.5,14.0,1.4051589250434893,9.350931039560887,12.161248889647869,0.0706003231225388,0.0459937617335254,0.0489897948556635,0.3093997461136028,0.4979992153815976,mode-disjoint-OLS,disjoint,mode,OLS,universal_pareto_additive_ar1_xi1.00_theta1.00,,,,,,
universal,pareto_additive_ar1,3.0,1.0,0.0,sliding_median_fgls,365.0,100,94,1.805430555831466,1.2578138831412318,-1.194569444168534,1.5252793354254828,0.5084264451418276,0.2735627502442171,0.5076393992600382,0.3126428991780017,0.7047080029134681,7.771953262296552,7.082993989448695,5.50674745668991,9.473265360533665,9.295641048261368,7.04679375493847,100,7.378015780297846,5.776594678373562,10.513220999569896,0.94,10.0,16.5,0.704679375493847,8.590961672767522,10.000320423755214,0.1257813883141231,0.0273562750244217,0.0237486841740758,0.8752303146877748,0.9722142547333432,median-sliding-FGLS,sliding,median,FGLS,universal_pareto_additive_ar1_xi3.00_theta1.00,,,,,,
universal,pareto_additive_ar1,3.0,1.0,0.0,sliding_median_ols,365.0,100,10,1.8088912981094212,1.275248765156883,-1.1911087018905788,1.533050893103015,0.5110169643676715,0.2759519220351539,0.5074736706364456,0.3164774382050442,0.7154754070788315,0.6580350596171385,0.5552604687219436,0.3644947984819277,0.8468094593325601,49.67226961033384,34.62136079215238,100,49.27482009558326,19.997787210102302,76.77206855830352,0.1,10.0,16.5,3.462136079215238,46.2101335311186,53.13440568954909,0.1275248765156882,0.0275951922035153,0.03,0.0552285416131361,0.1743673043676654,median-sliding-OLS,sliding,median,OLS,universal_pareto_additive_ar1_xi3.00_theta1.00,,,,,,
universal,pareto_additive_ar1,3.0,1.0,0.0,disjoint_median_fgls,365.0,100,97,1.971583669957768,1.1366685771021767,-1.028416330042232,1.3123017095382583,0.4374339031794194,0.2626378470128248,0.4798027005623074,0.2256363092872438,0.6248945920014346,8.760279977758866,7.813388769391826,6.425567524922219,10.842641833080862,9.722720822046057,6.264515151561895,100,8.010063773007001,6.48446120580124,11.564838018734925,0.97,9.0,16.0,0.6264515151561895,9.096269306889866,10.349172337202244,0.1136668577102176,0.0262637847012824,0.0170587221092319,0.915479219195973,0.9897456617765852,median-disjoint-FGLS,disjoint,median,FGLS,universal_pareto_additive_ar1_xi3.00_theta1.00,,,,,,
universal,pareto_additive_ar1,3.0,1.0,0.0,disjoint_median_ols,365.0,100,28,1.989324587287272,1.1339041289407052,-1.0106754127127278,1.306435992785197,0.4354786642617324,0.2567978095394801,0.464379694761398,0.2129604323738234,0.6215322522130181,1.2725715970035505,1.0874022006906974,0.7131112882038809,1.7479730069642023,33.22825085652236,30.52927974219895,100,28.880836156609732,3.3646702014224252,52.776492629090974,0.28,9.0,16.0,3.052927974219895,30.175322882302464,36.281178830742256,0.1133904128940705,0.025679780953948,0.0448998886412873,0.2013955916759837,0.3748821236134572,median-disjoint-OLS,disjoint,median,OLS,universal_pareto_additive_ar1_xi3.00_theta1.00,,,,,,
universal,pareto_additive_ar1,3.0,1.0,0.0,sliding_mean_fgls,365.0,100,87,1.0065531294894674,0.0719239721361695,-1.9934468705105328,1.9934468705105328,0.6644822901701776,0.0239746573787231,0.6566636099210708,0.654254474690171,0.663891401375885,8.959790483158478,7.765576248823292,5.765834364711497,11.537591866607263,11.83424318194692,8.337635658554868,100,9.77842376734311,6.683003214436972,13.348275920105335,0.87,8.0,21.0,0.8337635658554868,11.000479616091434,12.668006747802409,0.0071923972136169,0.0023974657378723,0.0336303434416004,0.7901947810519012,0.9224290614158576,mean-sliding-FGLS,sliding,mean,FGLS,universal_pareto_additive_ar1_xi3.00_theta1.00,,,,,,
universal,pareto_additive_ar1,3.0,1.0,0.0,sliding_mean_ols,365.0,100,0,1.0065821202301042,0.0719048484791458,-1.9934178797698956,1.9934178797698956,0.6644726265899652,0.0239682828263819,0.6566595223497017,0.6542441270905225,0.6638769664766611,0.0079946183853858,0.00740962067589,0.0047552791629926,0.0076081715497691,79.58481744147349,2.7782692895591925,100,78.7117694522614,78.37159981364026,79.52772813130974,0.0,8.0,21.0,0.2778269289559192,79.30699051251757,79.86264437042941,0.0071904848479145,0.0023968282826381,0.0,0.0,0.0369948074760019,mean-sliding-OLS,sliding,mean,OLS,universal_pareto_additive_ar1_xi3.00_theta1.00,,,,,,
universal,pareto_additive_ar1,3.0,1.0,0.0,disjoint_mean_fgls,365.0,100,97,0.9617690864796918,0.0844072959564747,-2.0382309135203083,2.0382309135203083,0.6794103045067693,0.0281357653188249,0.6697253751848962,0.6694539028145149,0.6741862303211068,21.7265865482777,16.229349869216307,9.324456259696996,26.912923391600778,22.19325221488547,18.056346042403383,100,16.532354659782705,9.929729878007894,26.912923391600778,0.97,8.0,12.0,1.8056346042403384,20.38761761064513,23.998886819125808,0.0084407295956474,0.0028135765318824,0.0170587221092319,0.915479219195973,0.9897456617765852,mean-disjoint-FGLS,disjoint,mean,FGLS,universal_pareto_additive_ar1_xi3.00_theta1.00,,,,,,
universal,pareto_additive_ar1,3.0,1.0,0.0,disjoint_mean_ols,365.0,100,0,0.961681988412646,0.0822738233447889,-2.038318011587354,2.038318011587354,0.6794393371957846,0.0274246077815963,0.6698191805472817,0.6695151244057121,0.6741678342134095,0.0795298048649826,0.0336713977438973,0.0332769466126833,0.053322624903148,80.0216541710595,1.675998585720918,100,79.71954374478372,79.70121011750746,79.93667903572319,0.0,8.0,12.0,0.1675998585720918,79.8540543124874,80.18925402963158,0.0082273823344788,0.0027424607781596,0.0,0.0,0.0369948074760019,mean-disjoint-OLS,disjoint,mean,OLS,universal_pareto_additive_ar1_xi3.00_theta1.00,,,,,,
universal,pareto_additive_ar1,3.0,1.0,0.0,sliding_mode_fgls,365.0,100,85,1.2473488185027937,1.3889554886032258,-1.7526511814972066,1.9797915487821405,0.6599305162607135,0.3452608381718155,0.8056156843123148,0.369180339509306,0.9999999999998151,6.857404820031796,6.835708833937753,4.376283091568551,8.650047397557682,11.144746083081444,13.446963555047082,100,7.963552591268373,5.626018011966195,10.565492380063162,0.85,11.0,17.5,1.3446963555047082,9.800049727576738,12.489442438586153,0.1388955488603225,0.0345260838171815,0.0357071421427142,0.7671626666784216,0.906940968088377,mode-sliding-FGLS,sliding,mode,FGLS,universal_pareto_additive_ar1_xi3.00_theta1.00,,,,,,
universal,pareto_additive_ar1,3.0,1.0,0.0,sliding_mode_ols,365.0,100,11,1.2367939393082057,1.4007069384223862,-1.7632060606917943,2.0167309483161513,0.6722436494387171,0.3323304817757704,0.7869358839289085,0.4107276406525757,0.9999999999999972,0.5256118835292923,0.3883529069279082,6.580055192166689e-14,0.8408230059875763,71.92819817612732,44.203305791092056,100,84.61103482567964,25.315660555745502,119.99999999999842,0.11,11.0,17.5,4.420330579109206,67.50786759701812,76.34852875523653,0.1400706938422386,0.033233048177577,0.031288975694324,0.0625413195522512,0.1863146302790302,mode-sliding-OLS,sliding,mode,OLS,universal_pareto_additive_ar1_xi3.00_theta1.00,,,,,,
universal,pareto_additive_ar1,3.0,1.0,0.0,disjoint_mode_fgls,365.0,100,74,2.1270242521334968,2.2007739489438216,-0.8729757478665031,1.9662404255067591,0.6554134751689198,0.4356397001889712,0.6412965930263563,0.3042650060177957,0.9467680281789892,6.483261223987878,5.464492310993785,3.70516042462622,9.274405152667605,14.177233893200125,18.25251006025984,100,8.445242963091696,4.912429212598682,11.70346760007632,0.74,10.0,16.5,1.825251006025984,12.35198288717414,16.002484899226108,0.2200773948943821,0.0435639700188971,0.0438634243989226,0.6462882736813838,0.8159542187301354,mode-disjoint-FGLS,disjoint,mode,FGLS,universal_pareto_additive_ar1_xi3.00_theta1.00,,,,,,
universal,pareto_additive_ar1,3.0,1.0,0.0,disjoint_mode_ols,365.0,100,40,2.085885469443883,2.0423013517214836,-0.914114530556117,1.881451172567517,0.6271503908558389,0.3999202674952042,0.5963641508501654,0.3298574693112703,0.8976859163286092,2.5135193712911765,2.0851259121292847,0.971603232582894,3.470480801496073,43.458276401968334,49.12352694542167,100,17.05126990324998,3.654835089836347,82.06318159966847,0.4,10.0,16.5,4.912352694542167,38.54592370742617,48.3706290965105,0.2042301351721483,0.0399920267495204,0.0489897948556635,0.3093997461136028,0.4979992153815976,mode-disjoint-OLS,disjoint,mode,OLS,universal_pareto_additive_ar1_xi3.00_theta1.00,,,,,,
universal,pareto_additive_ar1,10.0,1.0,0.0,sliding_median_fgls,365.0,100,95,6.018267586338438,3.625292964537987,-3.9817324136615624,4.658300599956025,0.4658300599956025,0.2690377563978971,0.4772073047823824,0.2218545687520191,0.6768963847391887,29.079600845196765,23.326778246453095,16.153511699437352,36.22921774428642,31.547883986630698,20.167686260710735,100,25.44699782409261,18.462079243378337,38.55016757682855,0.95,10.0,17.0,2.016768626071074,29.53111536055962,33.56465261270177,0.3625292964537987,0.0269037756397897,0.0217944947177033,0.8882480347279118,0.9784566385436864,median-sliding-FGLS,sliding,median,FGLS,universal_pareto_additive_ar1_xi10.00_theta1.00,,,,,,
universal,pareto_additive_ar1,10.0,1.0,0.0,sliding_median_ols,365.0,100,18,6.0047067838908115,3.6959354048885,-3.995293216109189,4.751456778056777,0.4751456778056777,0.2641809431355647,0.5209078534656948,0.248721209567364,0.685553727750195,2.425662748852707,2.0596802881302967,1.3330412568936747,2.864438513040704,152.87753191583454,110.72306993260706,100,166.82064305861252,45.99414368092195,241.73785840979073,0.18,10.0,17.0,11.072306993260709,141.80522492257384,163.94983890909523,0.36959354048885,0.0264180943135564,0.038418745424597,0.1170013165425103,0.2666753602421308,median-sliding-OLS,sliding,median,OLS,universal_pareto_additive_ar1_xi10.00_theta1.00,,,,,,
universal,pareto_additive_ar1,10.0,1.0,0.0,disjoint_median_fgls,365.0,100,97,7.082782969097041,4.19503278399837,-2.9172170309029597,4.169693019718452,0.4169693019718453,0.2938104313069771,0.3850248027575048,0.1615435701461649,0.6093029634389439,30.00280679994202,27.29864565156552,19.332664943239408,35.57511984957816,31.43157687747034,15.98296677185531,100,27.66237341328501,20.11825321398981,36.29689689641313,0.97,9.5,16.0,1.598296677185531,29.83328020028481,33.02987355465587,0.419503278399837,0.0293810431306977,0.0170587221092319,0.915479219195973,0.9897456617765852,median-disjoint-FGLS,disjoint,median,FGLS,universal_pareto_additive_ar1_xi10.00_theta1.00,,,,,,
universal,pareto_additive_ar1,10.0,1.0,0.0,disjoint_median_ols,365.0,100,33,7.174093461332119,4.244448777060907,-2.825906538667881,4.253900957643356,0.4253900957643356,0.2793438628002028,0.375646976878266,0.1994888157908497,0.5957467677112286,4.135150209066152,3.195361996275248,2.1702679790632273,5.584554356826288,114.99139201174152,113.74660157695612,100,83.10942907942925,8.961363145241991,191.36418438103692,0.33,9.5,16.0,11.374660157695612,103.61673185404592,126.36605216943714,0.4244448777060907,0.0279343862800202,0.0470212717820349,0.2456298379389545,0.4269483966028862,median-disjoint-OLS,disjoint,median,OLS,universal_pareto_additive_ar1_xi10.00_theta1.00,,,,,,
universal,pareto_additive_ar1,10.0,1.0,0.0,sliding_mean_fgls,365.0,100,50,1.0158837209106315,0.1257361057325558,-8.984116279089369,8.984116279089369,0.8984116279089368,0.0125736105732555,0.8961945121474941,0.8961935551393424,0.8962732153029584,25.476997582444948,17.88120307326298,12.529039551728088,30.728322188545345,91.19075207038765,79.57068844394026,100,56.85733808566341,30.114108947728816,120.49790542506727,0.5,8.0,21.0,7.957068844394025,83.2336832259936,99.14782091478166,0.0125736105732555,0.0012573610573255,0.05,0.4038298285901471,0.5961701714098528,mean-sliding-FGLS,sliding,mean,FGLS,universal_pareto_additive_ar1_xi10.00_theta1.00,,,,,,
universal,pareto_additive_ar1,10.0,1.0,0.0,sliding_mean_ols,365.0,100,0,1.015885669951723,0.1257327222312214,-8.984114330048277,8.984114330048277,0.8984114330048277,0.0125732722231221,0.896193996356866,0.8961934984338549,0.8962703785797459,0.0076478386305453,0.0074605393476847,0.0074548045389767,0.0074605914075759,359.21926426795073,4.9870531734448695,100,358.33586392471733,358.33564912882764,358.36538971340883,0.0,8.0,21.0,0.498705317344487,358.72055895060623,359.71796958529524,0.0125732722231221,0.0012573272223122,0.0,0.0,0.0369948074760019,mean-sliding-OLS,sliding,mean,OLS,universal_pareto_additive_ar1_xi10.00_theta1.00,,,,,,
universal,pareto_additive_ar1,10.0,1.0,0.0,disjoint_mean_fgls,365.0,100,88,0.988055840228397,0.034862176567538,-9.011944159771604,9.011944159771604,0.9011944159771604,0.0034862176567538,0.9008509950271671,0.9007243045813312,0.9008523701812804,72.29122148193557,51.413785048241365,34.35675022149604,87.2105942730091,83.76010437596773,68.3474137210271,100,58.2498680078865,42.76436125942588,101.27944166440942,0.88,8.0,12.0,6.83474137210271,76.92536300386502,90.59484574807044,0.0034862176567538,0.0003486217656753,0.0324961536185438,0.8018773199709163,0.9300066263473222,mean-disjoint-FGLS,disjoint,mean,FGLS,universal_pareto_additive_ar1_xi10.00_theta1.00,,,,,,
universal,pareto_additive_ar1,10.0,1.0,0.0,disjoint_mean_ols,365.0,100,0,0.9848782382169629,0.0522890115905969,-9.015121761783035,9.015121761783035,0.9015121761783036,0.0052289011590596,0.9008523698091824,0.9008523698091672,0.9008523701199752,0.062477492387239,0.0336707242165267,0.033670722729658,0.0336707257076306,359.41779811596393,2.7029437062913244,100,359.70120416355746,359.7012041633926,359.701204463539,0.0,8.0,12.0,0.2702943706291324,359.1475037453348,359.68809248659306,0.0052289011590596,0.0005228901159059,0.0,0.0,0.0369948074760019,mean-disjoint-OLS,disjoint,mean,OLS,universal_pareto_additive_ar1_xi10.00_theta1.00,,,,,,
universal,pareto_additive_ar1,10.0,1.0,0.0,sliding_mode_fgls,365.0,100,67,2.448582816784506,3.552542302324278,-7.551417183215494,7.813895099421419,0.7813895099421418,0.2923484860435841,0.9475008938567272,0.6432477502705154,0.9999999999999772,20.031628330727127,18.05816352549684,12.36701586218221,27.35380044606948,61.23088789872236,68.3147274165683,100,31.66457565251917,21.328703619362827,86.58969786346535,0.67,11.0,17.0,6.83147274165683,54.399415157065526,68.06236064037918,0.3552542302324278,0.0292348486043584,0.0470212717820349,0.5730516033971139,0.7543701620610456,mode-sliding-FGLS,sliding,mode,FGLS,universal_pareto_additive_ar1_xi10.00_theta1.00,,,,,,
universal,pareto_additive_ar1,10.0,1.0,0.0,sliding_mode_ols,365.0,100,10,2.498355390029136,3.5959450814651595,-7.501644609970864,7.765034334311264,0.7765034334311264,0.2978106384308503,0.9312659438840096,0.6352683183977347,0.9999999999999986,1.806364361099199,0.7082165666794948,8.361689346935686e-14,3.1055054880375077,281.8579460801225,143.9702967037298,100,352.921306971321,171.82278374302032,399.99999999999807,0.1,11.0,17.0,14.397029670372978,267.4609164097495,296.2549757504955,0.3595945081465159,0.029781063843085,0.03,0.0552285416131361,0.1743673043676654,mode-sliding-OLS,sliding,mode,OLS,universal_pareto_additive_ar1_xi10.00_theta1.00,,,,,,
universal,pareto_additive_ar1,10.0,1.0,0.0,disjoint_mode_fgls,365.0,100,76,8.025864595487805,6.723305393089583,-1.9741354045121944,5.7160712861540945,0.5716071286154095,0.4016952297352464,0.5465211998882467,0.2164093030123183,0.9018271471453772,21.828756005060416,17.975250881616,14.09986186573309,26.84285791606569,40.68042685476175,53.70168559760151,100,23.794475405402636,15.80716941449084,39.21248167392087,0.76,10.0,17.0,5.370168559760151,35.310258295001596,46.0505954145219,0.6723305393089583,0.0401695229735246,0.0427083130081252,0.6676748127670786,0.8330878873454004,mode-disjoint-FGLS,disjoint,mode,FGLS,universal_pareto_additive_ar1_xi10.00_theta1.00,,,,,,
universal,pareto_additive_ar1,10.0,1.0,0.0,disjoint_mode_ols,365.0,100,40,7.60403400495995,6.810676089961571,-2.39596599504005,5.8666488113404105,0.586664881134041,0.4173574938322641,0.5669661615398646,0.2429194103198619,0.9069632007347028,8.023022306243886,5.94468006765993,3.640941339932658,9.978948557133164,141.84344422533275,159.88033840652434,100,54.98328605634483,13.12073951006983,317.45545100655295,0.4,10.0,17.0,15.988033840652434,125.85541038468034,157.8314780659852,0.681067608996157,0.0417357493832264,0.0489897948556635,0.3093997461136028,0.4979992153815976,mode-disjoint-OLS,disjoint,mode,OLS,universal_pareto_additive_ar1_xi10.00_theta1.00,,,,,,
universal,frechet_max_ar,0.01,0.01,0.9998995016917585,hill_raw,365.0,100,0,0.0005413474912117,9.989082983370112e-05,-0.0094586525087882,0.0094586525087882,0.945865250878822,0.0099890829833701,0.9459525989390016,0.9447231528057468,0.9497483207324952,0.0006596184791206,0.0006566098768466,0.0006566098768464,0.0006852063058491,0.3658133492482363,0.0041506596556168,100,0.3674237406329015,0.3648703413111656,0.3674237406329159,0.0,,,0.0004150659655616,0.3653982832826746,0.3662284152137979,9.989082983370111e-06,0.000998908298337,0.0,0.0,0.0369948074760019,Hill,,,,universal_frechet_max_ar_xi0.01_theta0.01,asymptotic,k,10.0,9.0,12.0,
universal,frechet_max_ar,0.01,0.01,0.9998995016917585,max_spectrum_raw,365.0,100,0,0.0016513952569749,0.0007626020774923,-0.008348604743025,0.008348604743025,0.8348604743025005,0.076260207749239,0.8527038706874883,0.8046587180209644,0.8815412396856839,0.0015919892265363,0.0014838543587893,0.0011031526108316,0.0019372690897796,0.3036963944168091,0.0390219967239523,100,0.3109466751156713,0.2879241607131927,0.3301362714748128,0.0,,,0.0039021996723952,0.2997941947444139,0.3075985940892043,7.6260207749239e-05,0.0076260207749239,0.0,0.0,0.0369948074760019,Max-spectrum,,,,universal_frechet_max_ar_xi0.01_theta0.01,asymptotic,scale_start,2.0,1.0,3.0,7.0
universal,frechet_max_ar,0.01,0.01,0.9998995016917585,pickands_raw,365.0,100,76,-0.9705422812789776,0.5919528290201522,-0.9805422812789776,1.0433546283980453,104.3354628398045,47.11669963267225,100.78252467027244,100.7825246702314,100.7825246703116,1.9610219111172744,2.189912885531752,1.5467307066087526,2.1899128855318173,8.393650348757605,14.694592063779265,100,2.1899128855318084,2.1899128855317467,2.3224999479145567,0.76,,,1.4694592063779264,6.924191142379678,9.863109555135532,0.0591952829020152,4.711669963267225,0.0427083130081252,0.6676748127670786,0.8330878873454004,Pickands,,,,universal_frechet_max_ar_xi0.01_theta0.01,asymptotic,k,10.0,9.0,12.0,
universal,frechet_max_ar,0.01,0.01,0.9998995016917585,dedh_moment_raw,365.0,100,1,-1.0447511880103353,0.1875786336692011,-1.0547511880103353,1.0587678635806868,105.87678635806868,16.312778045655243,107.92174975409124,107.92174975405736,108.69373012502504,0.9818202522270522,0.8751406340983208,0.8751406340981756,0.9364452146460176,23.714419674598027,5.190834754868256,100,26.54102785375789,21.600823181860264,26.541027853767897,0.01,,,0.5190834754868255,23.1953361991112,24.233503150084857,0.0187578633669201,1.6312778045655243,0.0099498743710662,0.0017673865655472,0.0544875247609346,DEdH,,,,universal_frechet_max_ar_xi0.01_theta0.01,asymptotic,k,43.0,39.0,54.0,
universal,frechet_max_ar,0.03,0.01,0.99969853537399,hill_raw,365.0,100,0,0.0019477892654715,0.0016436964927134,-0.0280522107345284,0.0280522107345284,0.935073691150948,0.0547898830904472,0.9447231528057528,0.9447231528057476,0.9497483207324984,0.0021202199381098,0.0020556189175471,0.0019698296305391,0.0020556189175473,1.0818042505570504,0.0805090985552321,100,1.0946110239335076,1.0946110239334974,1.1022712218987534,0.0,,,0.0080509098555232,1.0737533407015272,1.0898551604125737,0.0001643696492713,0.0054789883090447,0.0,0.0,0.0369948074760019,Hill,,,,universal_frechet_max_ar_xi0.03_theta0.01,asymptotic,k,10.0,9.0,12.0,
universal,frechet_max_ar,0.03,0.01,0.99969853537399,max_spectrum_raw,365.0,100,0,0.0052479443926999,0.0031674394216323,-0.0247520556073,0.0247520556073,0.8250685202433349,0.1055813140544131,0.8564943887495088,0.8038796296483158,0.8834535878968782,0.0043641207025209,0.0039562476139937,0.0028603169917504,0.0054501435950854,0.9071639309441027,0.1551913325099774,100,0.9563451571794414,0.8657937415784199,0.9991235871310148,0.0,,,0.0155191332509977,0.891644797693105,0.9226830641951004,0.0003167439421632,0.0105581314054413,0.0,0.0,0.0369948074760019,Max-spectrum,,,,universal_frechet_max_ar_xi0.03_theta0.01,asymptotic,scale_start,2.0,1.0,3.0,7.0
universal,frechet_max_ar,0.03,0.01,0.99969853537399,pickands_raw,365.0,100,74,-0.8777602334843428,0.8194070653685981,-0.9077602334843428,1.1036845131241175,36.78948377080393,17.42783087074875,34.115894434966144,34.11589443496101,34.11589443497092,2.041311259757191,2.189198383312724,2.0952175167736327,2.189198383312746,8.282520970719107,16.9442955960814,100,2.189198383312743,2.1891983833127213,4.170681873677141,0.74,,,1.69442955960814,6.588091411110967,9.976950530327247,0.0819407065368598,1.742783087074875,0.0438634243989226,0.6462882736813838,0.8159542187301354,Pickands,,,,universal_frechet_max_ar_xi0.03_theta0.01,asymptotic,k,10.0,9.0,12.0,
universal,frechet_max_ar,0.03,0.01,0.99969853537399,dedh_moment_raw,365.0,100,3,-0.996578420102044,0.241535376989772,-1.026578420102044,1.0315277397529732,34.38425799176578,7.306786944924967,36.493178325508225,36.49317832550658,36.56086013504191,0.9242556454529618,0.8732118260486474,0.8732118260486269,0.9206218039507772,24.02449341207953,6.256013640874569,100,27.200789295684316,22.33947496435843,27.20078929568584,0.03,,,0.6256013640874569,23.39889204799207,24.650094776166988,0.0241535376989772,0.7306786944924968,0.0170587221092319,0.0102543382234148,0.0845207808040269,DEdH,,,,universal_frechet_max_ar_xi0.03_theta0.01,asymptotic,k,43.0,39.0,54.0,
universal,frechet_max_ar,0.1,0.01,0.99899547129175,hill_raw,365.0,100,0,0.0070228416673442,0.0078886171677903,-0.0929771583326557,0.0929771583326557,0.9297715833265572,0.0788861716779039,0.9447231528057428,0.944723152805741,0.9497483207324922,0.0074947199172015,0.0068520630584917,0.0065660987684648,0.0068520630584919,3.5766866548794,0.3959708234766154,100,3.648703413111628,3.648703413111616,3.674237406329136,0.0,,,0.0395970823476615,3.5370895725317384,3.6162837372270618,0.000788861716779,0.0078886171677903,0.0,0.0,0.0369948074760019,Hill,,,,universal_frechet_max_ar_xi0.10_theta0.01,asymptotic,k,10.0,9.0,12.0,
universal,frechet_max_ar,0.1,0.01,0.99899547129175,max_spectrum_raw,365.0,100,0,0.0181325860071298,0.0090854501875849,-0.0818674139928701,0.0818674139928701,0.8186741399287014,0.0908545018758493,0.8392121586588099,0.7903872054739671,0.8678615636517741,0.0158105885173588,0.0144093339543649,0.0102177615561381,0.0196573643949684,2.974295377884987,0.5167304617306683,100,3.050830998727467,2.812943623181067,3.309361856800791,0.0,,,0.0516730461730668,2.92262233171192,3.0259684240580538,0.0009085450187584,0.0090854501875849,0.0,0.0,0.0369948074760019,Max-spectrum,,,,universal_frechet_max_ar_xi0.10_theta0.01,asymptotic,scale_start,2.0,1.0,3.0,7.0
universal,frechet_max_ar,0.1,0.01,0.99899547129175,pickands_raw,365.0,100,79,-0.9396436912675517,0.4132356573076031,-1.0396436912675515,1.049046246109848,10.49046246109848,3.8849235877851136,10.782688610737978,10.749778825908423,10.782688610738267,1.957621261849064,2.1867583855014567,1.7429721650831531,2.1867583855014607,6.580834117834086,12.558312436493912,100,2.18675838550146,2.186758385501456,2.2876630536004177,0.79,,,1.2558312436493912,5.325002874184695,7.836665361483477,0.0413235657307603,0.3884923587785113,0.0407308237088326,0.7001985069803768,0.8583445046835422,Pickands,,,,universal_frechet_max_ar_xi0.10_theta0.01,asymptotic,k,10.0,9.0,12.0,
universal,frechet_max_ar,0.1,0.01,0.99899547129175,dedh_moment_raw,365.0,100,5,-0.9641866952903893,0.3115066722643327,-1.0641866952903891,1.0762331409359571,10.76233140935957,2.664423139203359,11.4931783255087,11.49317832550848,11.49317832550901,0.9228999379413984,0.8664906966848924,0.8664906966848823,0.8664906966849043,25.990732189735517,7.37315761811252,100,29.50939006502134,24.924578056618216,29.50939006502194,0.05,,,0.737315761811252,25.253416427924265,26.72804795154677,0.0311506672264332,0.2664423139203359,0.0217944947177033,0.0215433614563135,0.1117519652720881,DEdH,,,,universal_frechet_max_ar_xi0.10_theta0.01,asymptotic,k,43.0,39.0,54.0,
universal,frechet_max_ar,0.3,0.01,0.9969894400953796,hill_raw,365.0,100,0,0.0172729585989537,0.0129334172857979,-0.2827270414010462,0.2827270414010462,0.9424234713368208,0.0431113909526598,0.9447231528057424,0.9447231528057416,0.9497483207324924,0.0202431693246031,0.0205561891754755,0.0196982963053945,0.0205561891754757,10.924461438874392,0.6139757121946496,100,10.946110239334876,10.94611023933486,11.022712218987412,0.0,,,0.0613975712194649,10.863063867654928,10.985859010093856,0.0012933417285797,0.0043111390952659,0.0,0.0,0.0369948074760019,Hill,,,,universal_frechet_max_ar_xi0.30_theta0.01,asymptotic,k,10.0,9.0,12.0,
universal,frechet_max_ar,0.3,0.01,0.9969894400953796,max_spectrum_raw,365.0,100,0,0.0542064307749199,0.0217221057079595,-0.24579356922508,0.24579356922508,0.8193118974169334,0.0724070190265318,0.8390210179716053,0.7990372196818772,0.8621151290160307,0.0478646282512375,0.0458036839341351,0.0350503803105954,0.0560520935576532,8.922314832229686,1.1756719309496428,100,9.091388277218318,8.634558085673572,9.694082962390176,0.0,,,0.1175671930949642,8.804747639134721,9.039882025324651,0.0021722105707959,0.0072407019026531,0.0,0.0,0.0369948074760019,Max-spectrum,,,,universal_frechet_max_ar_xi0.30_theta0.01,asymptotic,scale_start,2.0,1.0,3.0,7.0
universal,frechet_max_ar,0.3,0.01,0.9969894400953796,pickands_raw,365.0,100,5,-0.7154241468246565,0.8807459739875486,-1.0154241468246563,1.2627221557094002,4.209073852364667,1.5152620180776808,4.116386238002761,4.116386238002726,4.1163862380028,1.9735459565272675,2.1803085211135897,1.5849957403034185,2.180308521113591,13.541897172911035,12.726842431580977,100,7.970772954875121,7.970772954874745,11.631408643631476,0.05,,,1.2726842431580976,12.269212929752936,14.814581416069132,0.0880745973987548,0.151526201807768,0.0217944947177033,0.0215433614563135,0.1117519652720881,Pickands,,,,universal_frechet_max_ar_xi0.30_theta0.01,asymptotic,k,10.0,9.0,12.0,
universal,frechet_max_ar,0.3,0.01,0.9969894400953796,dedh_moment_raw,365.0,100,2,-0.9495794671871456,0.2196342609237177,-1.2495794671871456,1.2524319614782655,4.174773204927552,0.6751966348599733,4.0934320401969035,4.093432040196877,4.350321182651548,0.8305365950130801,0.6261725177493879,0.6216748443414744,0.8596634524879534,34.43693301696451,6.053742397363841,100,37.00690777134666,32.309035391960265,37.30936243987455,0.02,,,0.6053742397363842,33.831558777228125,35.042307256700894,0.0219634260923717,0.0675196634859973,0.014,0.0055018522349681,0.0700131629419936,DEdH,,,,universal_frechet_max_ar_xi0.30_theta0.01,asymptotic,k,57.0,51.0,70.0,
universal,frechet_max_ar,1.0,0.01,0.99,hill_raw,365.0,100,0,0.0556806758326697,0.0131192248380618,-0.9443193241673302,0.9443193241673302,0.9443193241673302,0.0131192248380618,0.944723152805742,0.9447231528057416,0.9497483207324926,0.0664958136415824,0.0685206305849188,0.0656609876846481,0.068520630584919,36.509352507503145,0.6979954151893469,100,36.487034131116225,36.48703413111621,36.74237406329139,0.0,,,0.0697995415189347,36.43955296598421,36.57915204902208,0.0013119224838061,0.0013119224838061,0.0,0.0,0.0369948074760019,Hill,,,,universal_frechet_max_ar_xi1.00_theta0.01,asymptotic,k,10.0,9.0,12.0,
universal,frechet_max_ar,1.0,0.01,0.99,max_spectrum_raw,365.0,100,0,0.1465017165530157,0.0441576167764923,-0.8534982834469842,0.8534982834469842,0.8534982834469842,0.0441576167764923,0.8598221327293523,0.8288560359367567,0.8815804911919312,0.1400900073843167,0.1286701139721554,0.1016852335201402,0.1698069061882215,31.47822119757735,2.58202098085771,100,31.89171074441791,29.687159173665748,33.23672716327593,0.0,,,0.258202098085771,31.22001909949158,31.736423295663123,0.0044157616776492,0.0044157616776492,0.0,0.0,0.0369948074760019,Max-spectrum,,,,universal_frechet_max_ar_xi1.00_theta0.01,asymptotic,scale_start,2.0,1.0,3.0,7.0
universal,frechet_max_ar,1.0,0.01,0.99,pickands_raw,365.0,100,2,-0.5134856487988709,0.9098348172737818,-1.5134856487988708,1.7051947290768488,1.7051947290768488,0.4522347940110235,1.7843272577564246,1.6300321412933425,1.7843272577564273,1.9129792828628605,2.163836818707402,1.5677215758683982,2.1638368187074035,31.937730598158304,10.645997484095432,100,30.260190754816417,30.26019075481629,31.023267430137743,0.02,,,1.064599748409543,30.87313084974876,33.002330346567845,0.0909834817273781,0.0452234794011023,0.014,0.0055018522349681,0.0700131629419936,Pickands,,,,universal_frechet_max_ar_xi1.00_theta0.01,asymptotic,k,10.0,9.0,12.0,
universal,frechet_max_ar,1.0,0.01,0.99,dedh_moment_raw,365.0,100,1,-0.8048411685462159,0.2969263870032384,-1.804841168546216,1.8110873265506109,1.8110873265506109,0.2556393565138751,1.7802195376136187,1.780219537613613,2.0661633081316406,0.8797471080265551,0.6765882915796433,0.6765882915796414,1.3145390382616955,55.77939702739178,7.226043138339642,100,58.35360396453129,57.670290598293406,58.35360396453152,0.01,,,0.7226043138339642,55.05679271355782,56.50200134122574,0.0296926387003238,0.0255639356513875,0.0099498743710662,0.0017673865655472,0.0544875247609346,DEdH,,,,universal_frechet_max_ar_xi1.00_theta0.01,asymptotic,k,54.0,48.0,66.0,
universal,frechet_max_ar,3.0,0.01,0.970299,hill_raw,365.0,100,0,0.1699336829032805,0.0835810806710915,-2.83006631709672,2.83006631709672,0.9433554390322398,0.0278603602236971,0.9452056500995196,0.9447231528057424,0.9497483207324928,0.1991193231927208,0.1969829630539457,0.1969829630539443,0.2055618917547553,109.41938554320708,3.908982719255375,100,110.22712218987412,109.46110239334872,110.22712218987417,0.0,,,0.3908982719255375,109.02848727128156,109.81028381513262,0.0083581080671091,0.0027860360223697,0.0,0.0,0.0369948074760019,Hill,,,,universal_frechet_max_ar_xi3.00_theta0.01,asymptotic,k,10.0,9.0,12.0,
universal,frechet_max_ar,3.0,0.01,0.970299,max_spectrum_raw,365.0,100,0,0.4727697537985069,0.161189394277165,-2.5272302462014933,2.5272302462014933,0.8424100820671643,0.0537297980923883,0.8500502386687134,0.8263605737156741,0.8747943700526033,0.4114621196354694,0.3991764080047807,0.2971126749165237,0.539312360918857,93.2714295749858,7.981524308189663,100,94.17754871340142,89.06147752099818,98.11998338674772,0.0,,,0.7981524308189664,92.47327714416684,94.06958200580478,0.0161189394277165,0.0053729798092388,0.0,0.0,0.0369948074760019,Max-spectrum,,,,universal_frechet_max_ar_xi3.00_theta0.01,asymptotic,scale_start,2.0,1.0,3.0,7.0
universal,frechet_max_ar,3.0,0.01,0.970299,pickands_raw,365.0,100,1,-0.0441080056849966,1.0050432323892968,-3.0441080056849965,3.1637680898711205,1.0545893632903731,0.1698932799541332,1.1212839209644407,1.0707167460912417,1.121283920964441,1.969834502473003,2.1686266429280447,1.573364226359232,2.168626642928045,89.35399031970681,19.087989655056216,100,93.35016430010006,93.28436474569584,93.35016430010008,0.01,,,1.9087989655056217,87.44519135420119,91.26278928521243,0.1005043232389296,0.0169893279954133,0.0099498743710662,0.0017673865655472,0.0544875247609346,Pickands,,,,universal_frechet_max_ar_xi3.00_theta0.01,asymptotic,k,10.0,9.0,12.0,
universal,frechet_max_ar,3.0,0.01,0.970299,dedh_moment_raw,365.0,100,0,-0.6599330803661139,0.5146458920333973,-3.659933080366114,3.659933080366114,1.2199776934553714,0.171548630677799,1.2883855303538725,1.288385530353868,1.2883855303538765,1.0977474711143476,1.1891416720468446,1.189141672046837,1.189141672046853,125.54012126347196,18.78677799134533,100,132.01257187357464,132.01257187357425,132.012571873575,0.0,,,1.878677799134533,123.66144346433742,127.4187990626065,0.0514645892033397,0.0171548630677799,0.0,0.0,0.0369948074760019,DEdH,,,,universal_frechet_max_ar_xi3.00_theta0.01,asymptotic,k,19.0,17.0,23.0,
universal,frechet_max_ar,10.0,0.01,0.9043820750088044,hill_raw,365.0,100,0,0.5565085123361441,0.201196282023762,-9.443491487663856,9.443491487663856,0.9443491487663856,0.0201196282023762,0.9497483207324926,0.9447231528057424,0.9497483207324928,0.6664453088928772,0.6566098768464839,0.6566098768464788,0.6852063058491842,365.0771986375896,10.209233307528514,100,367.4237406329138,364.87034131116246,367.4237406329141,0.0,,,1.0209233307528514,364.0562753068367,366.0981219683424,0.0201196282023762,0.0020119628202376,0.0,0.0,0.0369948074760019,Hill,,,,universal_frechet_max_ar_xi10.00_theta0.01,asymptotic,k,10.0,9.0,12.0,
universal,frechet_max_ar,10.0,0.01,0.9043820750088044,max_spectrum_raw,365.0,100,0,1.573423003732814,0.5153796032615483,-8.426576996267185,8.426576996267185,0.8426576996267185,0.0515379603261548,0.8526500331431194,0.8212337786069277,0.8730397725392565,1.4706993946687943,1.4333207698502042,1.1207551287841109,1.7484604244732151,309.1197913519803,27.852094062478542,100,309.71994149826025,296.8715917366621,327.2722767350998,0.0,,,2.7852094062478545,306.33458194573245,311.9050007582282,0.0515379603261548,0.0051537960326154,0.0,0.0,0.0369948074760019,Max-spectrum,,,,universal_frechet_max_ar_xi10.00_theta0.01,asymptotic,scale_start,2.0,1.0,3.0,7.0
universal,frechet_max_ar,10.0,0.01,0.9043820750088044,pickands_raw,365.0,100,2,3.2739797006967932,4.494066749671099,-6.726020299303206,7.473052227660679,0.7473052227660679,0.3079339601948806,0.8681045198528771,0.5568532738428723,0.9000034670809152,2.9699760961538475,2.6825042825778143,2.4554121526995503,2.914924697190319,243.33298472863885,110.10448001562766,100,306.38707051441617,167.88639286929373,309.03380546338764,0.02,,,11.010448001562766,232.32253672707608,254.3434327302016,0.4494066749671098,0.030793396019488,0.014,0.0055018522349681,0.0700131629419936,Pickands,,,,universal_frechet_max_ar_xi10.00_theta0.01,asymptotic,k,19.0,17.0,23.0,
universal,frechet_max_ar,10.0,0.01,0.9043820750088044,dedh_moment_raw,365.0,100,0,-0.5116685779662302,0.5872865794756668,-10.51166857796623,10.51166857796623,1.051166857796623,0.0587286579475667,1.0780564861390751,1.078056486139071,1.0780564861390765,1.415733123829803,1.572512464059575,1.5725124640595411,1.572512464059585,393.567813765883,19.39927548656151,100,401.3448576384982,401.3448576384971,401.34485763849847,0.0,,,1.9399275486561511,391.6278862172268,395.50774131453915,0.0587286579475666,0.0058728657947566,0.0,0.0,0.0369948074760019,DEdH,,,,universal_frechet_max_ar_xi10.00_theta0.01,asymptotic,k,10.0,9.0,12.0,
universal,frechet_max_ar,0.01,0.1,0.9989469496904544,hill_raw,365.0,100,5,0.0056495758355994,0.0010770226881802,-0.0043504241644005,0.0043504241644005,0.4350424164400563,0.1077022688180248,0.4363254187522007,0.3933078255464716,0.4731974217108781,0.0050243497204243,0.004729304849786,0.0037794079186663,0.0068834272027301,0.0804829830138679,0.0508461772254348,100,0.0633530497587097,0.046488790637434,0.1094530801346842,0.05,,,0.0050846177225434,0.0753983652913244,0.0855676007364114,0.000107702268818,0.0107702268818024,0.0217944947177033,0.0215433614563135,0.1117519652720881,Hill,,,,universal_frechet_max_ar_xi0.01_theta0.10,asymptotic,k,19.0,17.0,23.0,
universal,frechet_max_ar,0.01,0.1,0.9989469496904544,max_spectrum_raw,365.0,100,9,0.0062529330544947,0.0016287097706633,-0.0037470669455052,0.0038884565460748,0.3888456546074817,0.1249882800675219,0.3999716420144015,0.3276565251258757,0.4813273323750857,0.0026109490659365,0.0023582182162653,0.0017467082452577,0.0031596661541533,0.1090644236417784,0.0577754668590617,100,0.1129987275731955,0.0744713666504097,0.1472758348531982,0.09,,,0.0057775466859061,0.1032868769558723,0.1148419703276846,0.0001628709770663,0.0124988280067521,0.0286181760425083,0.0480719951638848,0.1622637469664366,Max-spectrum,,,,universal_frechet_max_ar_xi0.01_theta0.10,asymptotic,scale_start,2.0,1.0,3.0,7.0
universal,frechet_max_ar,0.01,0.1,0.9989469496904544,pickands_raw,365.0,100,79,-0.3443835972830782,0.4169207843579485,-0.3543835972830782,0.451055166425531,45.105516642553106,30.8501889864522,40.65748663640901,21.928924547907968,67.10076810885866,1.4197872708531694,1.3111840152257064,1.0757050883813908,1.657720682257046,3.1991730960422604,4.3433481385996755,100,1.4959920860206708,1.1652645696723765,2.2963437259024913,0.79,,,0.4343348138599675,2.7648382821822928,3.633507909902228,0.0416920784357948,3.08501889864522,0.0407308237088326,0.7001985069803768,0.8583445046835422,Pickands,,,,universal_frechet_max_ar_xi0.01_theta0.10,asymptotic,k,28.0,26.0,35.0,
universal,frechet_max_ar,0.01,0.1,0.9989469496904544,dedh_moment_raw,365.0,100,17,-0.706309988395821,0.3994737017897877,-0.716309988395821,0.7175436770066326,71.75436770066325,39.723096746855305,60.39322655209199,40.78472319639096,109.56384023140612,1.0142373134930032,0.773099576470768,0.6027551330920029,1.3000981347371643,10.134584873924092,7.3830301805863074,100,9.96739022970784,2.807452127660638,14.356953983234105,0.17,,,0.7383030180586307,9.396281855865462,10.872887891982725,0.0399473701789787,3.97230967468553,0.0375632799419859,0.1089347605977315,0.2554818123364297,DEdH,,,,universal_frechet_max_ar_xi0.01_theta0.10,asymptotic,k,35.0,32.0,43.0,
universal,frechet_max_ar,0.03,0.1,0.9968441746484832,hill_raw,365.0,100,6,0.0167304665671301,0.00440313375292,-0.0132695334328698,0.0133756852376352,0.4458561745878412,0.1355260479864584,0.4318217412349404,0.417020379672276,0.4731974217108643,0.0152892654054228,0.0151677332442829,0.0106058311271324,0.020650281608191,0.2513253076269993,0.2020148979897867,100,0.1754815554974112,0.0951775318881757,0.325798075992963,0.06,,,0.0202014897989786,0.2311238178280206,0.271526797425978,0.000440313375292,0.0135526047986458,0.0237486841740758,0.0277857452666566,0.124769685312225,Hill,,,,universal_frechet_max_ar_xi0.03_theta0.10,asymptotic,k,19.0,17.0,23.0,
universal,frechet_max_ar,0.03,0.1,0.9968441746484832,max_spectrum_raw,365.0,100,14,0.0189271951822783,0.0051732769539801,-0.0110728048177216,0.011337072109814,0.3779024036604678,0.1519531242563335,0.4001330924451679,0.2808930140210275,0.4973661134135068,0.0078243220996007,0.006791161710822,0.0046597445979212,0.0094319377033295,0.3309904216097902,0.2061621347089729,100,0.3495527322570673,0.1619528961823995,0.4894065848602815,0.14,,,0.0206162134708972,0.3103742081388929,0.3516066350806875,0.000517327695398,0.0151953124256333,0.0346987031457949,0.085262657544649,0.2213736038380723,Max-spectrum,,,,universal_frechet_max_ar_xi0.03_theta0.10,asymptotic,scale_start,2.0,1.0,3.0,7.0
universal,frechet_max_ar,0.03,0.1,0.9968441746484832,pickands_raw,365.0,100,75,-0.2843523523847232,0.3908223063982609,-0.3143523523847232,0.4282012288842878,14.273374296142926,8.65057840189847,12.57781778220022,8.079222567270007,20.24258487399718,1.3449950679117288,1.211378194859687,0.9986129847944144,1.5820057473246356,2.8254833425746613,3.380156890174166,100,1.4984357819911185,1.1613253014379887,2.204800845281736,0.75,,,0.3380156890174166,2.487467653557245,3.1634990315920777,0.039082230639826,0.865057840189847,0.0433012701892219,0.6569535362992417,0.8245490599627573,Pickands,,,,universal_frechet_max_ar_xi0.03_theta0.10,asymptotic,k,33.5,30.0,41.0,
universal,frechet_max_ar,0.03,0.1,0.9968441746484832,dedh_moment_raw,365.0,100,12,-0.6912943466148994,0.3985442891602545,-0.7212943466148993,0.7212943466148993,24.04314488716331,13.284809638675153,21.30986399780012,13.920932893632202,38.17436766109719,1.001695868170862,0.743520245429618,0.535308443979071,1.2813115136886457,10.314452503652292,6.759364157092375,100,9.893245620831298,4.794851072115785,14.911047802132924,0.12,,,0.6759364157092376,9.638516087943056,10.99038891936153,0.0398544289160254,1.328480963867515,0.0324961536185438,0.0699933736526777,0.1981226800290836,DEdH,,,,universal_frechet_max_ar_xi0.03_theta0.10,asymptotic,k,35.0,32.0,43.0,
universal,frechet_max_ar,0.1,0.1,0.9895192582062144,hill_raw,365.0,100,9,0.0582056860622498,0.0157641323983735,-0.0417943139377501,0.0424374978961008,0.424374978961008,0.1392063512339731,0.4224272241775939,0.3541299484776907,0.4874807273805893,0.0499989518549094,0.048322154043821,0.0341608986034558,0.0688342720273023,0.8053328499645069,0.6283130422858145,100,0.5849385183247433,0.3172584396272975,1.2446284758740602,0.09,,,0.0628313042285814,0.7425015457359255,0.8681641541930883,0.0015764132398373,0.0139206351233973,0.0286181760425083,0.0480719951638848,0.1622637469664366,Hill,,,,universal_frechet_max_ar_xi0.10_theta0.10,asymptotic,k,19.0,17.0,23.0,
universal,frechet_max_ar,0.1,0.1,0.9895192582062144,max_spectrum_raw,365.0,100,8,0.0627915723215731,0.0169820643679043,-0.0372084276784268,0.0390899029658843,0.390899029658843,0.1197443326560749,0.388779929935408,0.3258906345581161,0.4770584555619364,0.0244730330446035,0.0218831347938083,0.0149481550720343,0.0294788626498671,1.1287318251900142,0.5917003224534724,100,1.1621056434163903,0.7479345307701275,1.563159470963841,0.08,,,0.0591700322453472,1.069561792944667,1.1879018574353617,0.0016982064367904,0.0119744332656074,0.027129319932501,0.0410929694858109,0.1499826687940307,Max-spectrum,,,,universal_frechet_max_ar_xi0.10_theta0.10,asymptotic,scale_start,2.0,1.0,3.0,7.0
universal,frechet_max_ar,0.1,0.1,0.9895192582062144,pickands_raw,365.0,100,80,-0.2027244989898745,0.3365862777896309,-0.3027244989898746,0.3636048880434697,3.636048880434696,2.6891293858283363,3.065871828080218,1.232570845193412,5.382174011320882,1.3710598879410143,1.1911390607095358,0.9897499001390536,1.7246705505599444,2.9711135566145668,4.766602658446663,100,1.5562733431632547,1.1131348428021637,2.1932930489337124,0.8,,,0.4766602658446663,2.4944532907699006,3.447773822459233,0.0336586277789631,0.2689129385828336,0.04,0.7111690380734977,0.8666340774409013,Pickands,,,,universal_frechet_max_ar_xi0.10_theta0.10,asymptotic,k,35.0,32.0,43.0,
universal,frechet_max_ar,0.1,0.1,0.9895192582062144,dedh_moment_raw,365.0,100,13,-0.5722628911807776,0.4148241037323941,-0.6722628911807775,0.67903876120768,6.7903876120768,4.035223728083191,5.433459847289255,3.853565352991403,9.85489769026528,0.9353554052561538,0.6418107611989359,0.5415798612312936,1.2340384272308405,9.81382015965097,6.745882219231863,100,8.74074572356821,3.3782020803245705,16.844779863019433,0.13,,,0.6745882219231862,9.139231937727784,10.488408381574155,0.0414824103732394,0.4035223728083191,0.0336303434416004,0.0775709385841426,0.2098052189480987,DEdH,,,,universal_frechet_max_ar_xi0.10_theta0.10,asymptotic,k,43.0,39.0,54.0,
universal,frechet_max_ar,0.3,0.1,0.9688861611972632,hill_raw,365.0,100,8,0.1701731029342137,0.0424623296604908,-0.1298268970657863,0.1301154451064548,0.4337181503548495,0.1385354327636698,0.4663107271426546,0.3830055096507493,0.4902967934915844,0.1304895626953612,0.1146959814322943,0.091411088715134,0.1655117884085689,2.821745121895987,1.8236715483975192,100,2.541116789055546,1.754815554974158,3.9055606001799745,0.08,,,0.1823671548397519,2.639377967056235,3.004112276735739,0.004246232966049,0.0138535432763669,0.027129319932501,0.0410929694858109,0.1499826687940307,Hill,,,,universal_frechet_max_ar_xi0.30_theta0.10,asymptotic,k,35.0,32.0,43.0,
universal,frechet_max_ar,0.3,0.1,0.9688861611972632,max_spectrum_raw,365.0,100,7,0.1782985040234209,0.0434350022947162,-0.121701495976579,0.1229721432406187,0.4099071441353958,0.132185273669709,0.427118195100023,0.3567159863640436,0.4864568149659604,0.0684069374211925,0.0554054556939559,0.0406933112998002,0.0863315555979055,3.7732648926101136,1.813218601516224,100,3.9225381526883454,2.7903686193675616,5.194354376603416,0.07,,,0.1813218601516223,3.591943032458491,3.954586752761736,0.0043435002294716,0.0132185273669709,0.0255147016443461,0.034318824364064,0.1374967100652975,Max-spectrum,,,,universal_frechet_max_ar_xi0.30_theta0.10,asymptotic,scale_start,2.0,1.0,3.0,7.0
universal,frechet_max_ar,0.3,0.1,0.9688861611972632,pickands_raw,365.0,100,75,-0.0534852302973342,0.326456801234483,-0.3534852302973342,0.4103150960093506,1.3677169866978354,0.8348580843178669,1.3547061165671446,0.7234070851841509,1.982082310606038,1.3318706367182012,1.153569220932289,0.9456727712343236,1.6352931399014874,3.33381839396849,4.18296943643414,100,1.6422159172755406,1.1344569256018633,2.584545742030976,0.75,,,0.418296943643414,2.915521450325076,3.752115337611904,0.0326456801234483,0.0834858084317866,0.0433012701892219,0.6569535362992417,0.8245490599627573,Pickands,,,,universal_frechet_max_ar_xi0.30_theta0.10,asymptotic,k,39.0,35.0,48.0,
universal,frechet_max_ar,0.3,0.1,0.9688861611972632,dedh_moment_raw,365.0,100,8,-0.3936074315074958,0.3752355908993046,-0.6936074315074958,0.6936074315074958,2.3120247716916524,1.2507853029976823,2.0966602031084074,1.378695351558071,3.084563274710598,0.7886859956762209,0.5999379348287397,0.4953611596232351,0.9043177988404784,13.003318065395614,8.426739815850304,100,12.388019064627064,5.697228889381547,21.98000188088825,0.08,,,0.8426739815850304,12.160644083810585,13.845992046980644,0.0375235590899304,0.1250785302997682,0.027129319932501,0.0410929694858109,0.1499826687940307,DEdH,,,,universal_frechet_max_ar_xi0.30_theta0.10,asymptotic,k,48.0,43.0,60.0,
universal,frechet_max_ar,1.0,0.1,0.9,hill_raw,365.0,100,21,0.6326044140791443,0.1932948920850743,-0.3673955859208558,0.3768325163314028,0.3768325163314028,0.1739791504476775,0.4125309014002714,0.2857420792499927,0.4731974217108687,0.4626496215084609,0.4377244590919502,0.3172049586420265,0.5953413537636071,7.577259058450505,6.675369351880578,100,5.8493851832472625,3.1725843962727747,10.837437535608078,0.21,,,0.6675369351880578,6.909722123262447,8.244795993638562,0.0193294892085074,0.0173979150447677,0.0407308237088326,0.1416554953164578,0.2998014930196232,Hill,,,,universal_frechet_max_ar_xi1.00_theta0.10,asymptotic,k,41.0,37.0,51.0,
universal,frechet_max_ar,1.0,0.1,0.9,max_spectrum_raw,365.0,100,6,0.600354740742185,0.166035290173123,-0.399645259257815,0.4152486276075401,0.4152486276075401,0.1213432851577449,0.4223402742949034,0.3312239193954633,0.4877518108063161,0.2420769330440848,0.2224598418614328,0.1557448117661459,0.3110202433117625,12.25658227129904,5.76807976017609,100,12.81797937093307,8.219738738075279,16.5305906898637,0.06,,,0.576807976017609,11.679774295281431,12.833390247316649,0.0166035290173123,0.0121343285157744,0.0237486841740758,0.0277857452666566,0.124769685312225,Max-spectrum,,,,universal_frechet_max_ar_xi1.00_theta0.10,asymptotic,scale_start,2.0,1.0,3.0,7.0
universal,frechet_max_ar,1.0,0.1,0.9,pickands_raw,365.0,100,76,0.9053475134276262,0.6303770316333778,-0.0946524865723738,0.5144482733228997,0.5144482733228997,0.3729536994041109,0.4295366998496062,0.2525742378145105,0.6830156052806466,1.581101394514545,1.3558042646526292,1.1197600388450435,1.8770064297836129,4.162406563299928,5.804405840070082,100,1.7651988282192432,1.2547860827085602,2.849864739895483,0.76,,,0.5804405840070082,3.58196597929292,4.742847147306937,0.0630377031633377,0.037295369940411,0.0427083130081252,0.6676748127670786,0.8330878873454004,Pickands,,,,universal_frechet_max_ar_xi1.00_theta0.10,asymptotic,k,35.0,32.0,43.0,
universal,frechet_max_ar,1.0,0.1,0.9,dedh_moment_raw,365.0,100,23,0.3712282052267566,0.5075687691837891,-0.6287717947732433,0.6929478882219571,0.6929478882219571,0.4146642660547958,0.6981262317356152,0.379516886960667,0.9901206476779818,0.6712572478434233,0.6245007195750903,0.5309806452521659,0.7617029921911015,16.73076005969046,13.228539283635696,100,15.8426406930038,3.9561745703847544,27.21861622971423,0.23,,,1.3228539283635696,15.407906131326891,18.053613988054032,0.0507568769183789,0.0414664266054795,0.0420832508250016,0.158431547468764,0.3215456485682769,DEdH,,,,universal_frechet_max_ar_xi1.00_theta0.10,asymptotic,k,60.0,54.0,74.0,
universal,frechet_max_ar,3.0,0.1,0.7290000000000001,hill_raw,365.0,100,29,2.033901376138229,0.9141675254344706,-0.9660986238617708,1.182150442233467,0.3940501474111557,0.2019023235269753,0.4148735965687937,0.2424623612432778,0.5001624365840189,1.4362438029166478,1.2951788759639644,0.9691619923463316,2.0289711627405858,25.378958620782523,23.35875062781487,100,19.95881977643101,2.420413268150942,38.91581449971008,0.29,,,2.3358750627814873,23.043083558001037,27.71483368356401,0.091416752543447,0.0201902323526975,0.0453762052181537,0.2101470697398414,0.3853907494000793,Hill,,,,universal_frechet_max_ar_xi3.00_theta0.10,asymptotic,k,35.0,32.0,43.0,
universal,frechet_max_ar,3.0,0.1,0.7290000000000001,max_spectrum_raw,365.0,100,8,1.9082368808397911,0.4269861465705939,-1.0917631191602086,1.102773610654852,0.3675912035516173,0.1324597093396549,0.3677811106196256,0.2800846069356488,0.4653293995340428,0.7839203927456179,0.7692206451183015,0.4503602009405538,1.007603279275732,30.826008460096176,18.901789379483812,100,30.003093134540705,15.584667272179905,43.08833914629051,0.08,,,1.890178937948381,28.935829522147795,32.71618739804456,0.0426986146570593,0.0132459709339654,0.027129319932501,0.0410929694858109,0.1499826687940307,Max-spectrum,,,,universal_frechet_max_ar_xi3.00_theta0.10,asymptotic,scale_start,2.0,1.0,3.0,7.0
universal,frechet_max_ar,3.0,0.1,0.7290000000000001,pickands_raw,365.0,100,71,3.0664183377092935,1.404660357098141,0.0664183377092933,1.0130114010956257,0.3376704670318753,0.3233451885169792,0.2823708074014268,0.1163159240791965,0.4683881087282718,2.8032391914935215,2.4039290633586896,1.797683630849158,3.200470433153513,10.253171612076228,17.476470045770217,100,3.2428547644265855,2.156785167173596,8.805979347525593,0.71,,,1.7476470045770216,8.505524607499206,12.00081861665325,0.1404660357098141,0.0323345188516979,0.0453762052181537,0.6146092505999207,0.7898529302601586,Pickands,,,,universal_frechet_max_ar_xi3.00_theta0.10,asymptotic,k,32.0,28.0,39.0,
universal,frechet_max_ar,3.0,0.1,0.7290000000000001,dedh_moment_raw,365.0,100,25,1.9585256947892185,1.205857018839242,-1.0414743052107815,1.3892484778152925,0.4630828259384308,0.2582440127298147,0.4826794196108077,0.2632346427056656,0.6380211593852969,1.3272381985979809,1.17112543039615,0.9160913932047644,1.6579193587940892,34.77717524258779,30.38215720062567,100,34.67030980315603,2.318914248194706,58.30815797030338,0.25,,,3.038215720062567,31.73895952252522,37.815390962650355,0.1205857018839241,0.0258244012729814,0.0433012701892219,0.1754509400372426,0.3430464637007583,DEdH,,,,universal_frechet_max_ar_xi3.00_theta0.10,asymptotic,k,48.0,43.0,60.0,
universal,frechet_max_ar,10.0,0.1,0.3486784401000001,hill_raw,365.0,100,23,7.342950897846456,4.122517492831943,-2.6570491021535436,4.2051189473131965,0.4205118947313197,0.2502944436588094,0.4019574775008845,0.2343986754414787,0.6130252426057864,4.733380155182859,4.160930700883788,3.3584354947091826,5.359577411839382,95.30123745057224,83.10553581931148,100,72.56505761703067,10.628372004763776,169.91124575173063,0.23,,,8.31055358193115,86.99068386864109,103.61179103250338,0.4122517492831942,0.0250294443658809,0.0420832508250016,0.158431547468764,0.3215456485682769,Hill,,,,universal_frechet_max_ar_xi10.00_theta0.10,asymptotic,k,39.0,35.0,48.0,
universal,frechet_max_ar,10.0,0.1,0.3486784401000001,max_spectrum_raw,365.0,100,17,6.609707337827551,1.80287235495288,-3.3902926621724485,3.503818443121618,0.3503818443121617,0.1568369768614211,0.3799975193645394,0.2489619618840976,0.4706449290466096,2.615574211625257,2.2326333716996336,1.5993924499440952,3.403987341496292,99.1187144785807,63.7343193774427,100,99.5412801862612,57.36141407340019,150.07031081329006,0.17,,,6.37343193774427,92.74528254083644,105.49214641632496,0.180287235495288,0.0156836976861421,0.0375632799419859,0.1089347605977315,0.2554818123364297,Max-spectrum,,,,universal_frechet_max_ar_xi10.00_theta0.10,asymptotic,scale_start,3.0,2.0,4.0,7.0
universal,frechet_max_ar,10.0,0.1,0.3486784401000001,pickands_raw,365.0,100,63,10.200310660825322,4.419687609166308,0.2003106608253214,3.319238622550096,0.3319238622550096,0.2906120588195781,0.2615933047236787,0.1368114989554196,0.4336579764702094,7.980584229493039,6.787757197508486,5.290371764513386,8.478500793864857,39.49505617926174,64.07295704685217,100,10.09595409312057,6.7739003704377865,51.2649827035727,0.63,,,6.407295704685216,33.08776047457652,45.90235188394696,0.4419687609166308,0.0290612058819578,0.0482804308182932,0.5322034757513312,0.7181778743049083,Pickands,,,,universal_frechet_max_ar_xi10.00_theta0.10,asymptotic,k,27.0,24.5,33.5,
universal,frechet_max_ar,10.0,0.1,0.3486784401000001,dedh_moment_raw,365.0,100,20,6.218269372223542,4.585372933212015,-3.781730627776458,5.226534695057885,0.5226534695057885,0.2806955665982927,0.5199688650828567,0.3242743440990457,0.7812307989306408,4.2854687480592935,3.6740987857829976,3.00347001009622,4.821926449829582,141.64996391795276,105.87554605008457,100,149.40119587404513,34.234159794514575,252.02167817910703,0.2,,,10.587554605008457,131.0624093129443,152.2375185229612,0.4585372933212014,0.0280695566598292,0.04,0.1333659225590988,0.2888309619265023,DEdH,,,,universal_frechet_max_ar_xi10.00_theta0.10,asymptotic,k,22.0,20.0,27.0,
universal,frechet_max_ar,0.01,0.5,0.993092495437036,hill_raw,365.0,100,70,0.009831027518008,0.0035048985109712,-0.0001689724819919,0.0025478661556144,0.2547866155614443,0.2399158141328402,0.2055862827839746,0.1310049515130631,0.3542793467781748,0.0069196595449174,0.0063640602923149,0.0050702025487866,0.0076657036553669,0.02361804091373,0.0359346503545345,100,0.0077052979145059,0.0056792889516177,0.0256224938525669,0.7,,,0.0035934650354534,0.0200245758782766,0.0272115059491835,0.0003504898510971,0.023991581413284,0.0458257569495584,0.6041496156718804,0.7810524613377188,Hill,,,,universal_frechet_max_ar_xi0.01_theta0.50,asymptotic,k,39.0,35.0,48.0,
universal,frechet_max_ar,0.01,0.5,0.993092495437036,max_spectrum_raw,365.0,100,41,0.0092184762909877,0.002000459976765,-0.0007815237090122,0.0017278834487483,0.1727883448748393,0.1266116233171807,0.1570977252983182,0.0733680977648041,0.2337113251244171,0.0023516307195729,0.0019313413744951,0.001278136887253,0.0033311035379309,0.0366877163117987,0.043159799578542,100,0.0109231655263777,0.0031224703850874,0.0646683582484647,0.41,,,0.0043159799578542,0.0323717363539445,0.0410036962696529,0.0002000459976765,0.012661162331718,0.0491833305094317,0.3186715709566465,0.5079874943890338,Max-spectrum,,,,universal_frechet_max_ar_xi0.01_theta0.50,asymptotic,scale_start,2.5,1.5,3.5,7.0
universal,frechet_max_ar,0.01,0.5,0.993092495437036,pickands_raw,365.0,100,91,-0.1457061733861097,0.2839722896616728,-0.1557061733861097,0.2627798119494481,26.277981194944815,18.80926097525614,24.114364213181112,9.633310571293675,40.057781996812565,1.3469009652995052,1.2088044061018248,0.9501725949031526,1.646491014736221,1.7111953968412366,1.3831031357567314,100,1.3658428916352587,1.0384299052884072,1.7978903233810206,0.91,,,0.1383103135756731,1.5728850832655634,1.8495057104169097,0.0283972289661672,1.880926097525614,0.0286181760425083,0.8377362530335634,0.9519280048361152,Pickands,,,,universal_frechet_max_ar_xi0.01_theta0.50,asymptotic,k,32.0,28.0,39.0,
universal,frechet_max_ar,0.01,0.5,0.993092495437036,dedh_moment_raw,365.0,100,88,-0.1143520211672629,0.1667867271290795,-0.1243520211672629,0.1615703401352293,16.157034013522935,13.064751166005832,13.09201475849091,5.879402239652427,22.35778024027485,0.6396922025442487,0.5584102761315919,0.500497343423234,0.7411136707893091,1.0324505630589045,1.4017149874059212,100,0.5993806479957624,0.5061312070677704,0.859813722488032,0.88,,,0.1401714987405921,0.8922790643183122,1.1726220617994965,0.0166786727129079,1.3064751166005832,0.0324961536185438,0.8018773199709163,0.9300066263473222,DEdH,,,,universal_frechet_max_ar_xi0.01_theta0.50,asymptotic,k,54.0,48.0,66.0,
universal,frechet_max_ar,0.03,0.5,0.9794202975869268,hill_raw,365.0,100,77,0.0305338198188028,0.0086382139875028,0.0005338198188028,0.0068856197673433,0.2295206589114454,0.1732561259785003,0.2007688600762225,0.0989447979151978,0.3232230603548549,0.022550918299541,0.0204216436458603,0.0167772345430531,0.0268555203922201,0.0542420079577061,0.0931412866417534,100,0.0253654601079913,0.0186406481790432,0.0382347664546376,0.77,,,0.0093141286641753,0.0449278792935308,0.0635561366218815,0.0008638213987502,0.01732561259785,0.0420832508250016,0.6784543514317231,0.841568452531236,Hill,,,,universal_frechet_max_ar_xi0.03_theta0.50,asymptotic,k,28.0,26.0,35.0,
universal,frechet_max_ar,0.03,0.5,0.9794202975869268,max_spectrum_raw,365.0,100,40,0.0286248055941609,0.0061884735263041,-0.001375194405839,0.0047081723109102,0.1569390770303426,0.1406993343134557,0.124748019453424,0.0662196392821089,0.1917359489474045,0.006925491595898,0.0059364876561506,0.0037833605255893,0.0084121215054263,0.0914258581322526,0.1180311580880267,100,0.040235873367868,0.0076432282454057,0.1263050022885957,0.4,,,0.0118031158088026,0.0796227423234499,0.1032289739410553,0.0006188473526304,0.0140699334313455,0.0489897948556635,0.3093997461136028,0.4979992153815976,Max-spectrum,,,,universal_frechet_max_ar_xi0.03_theta0.50,asymptotic,scale_start,2.0,1.0,3.0,7.0
universal,frechet_max_ar,0.03,0.5,0.9794202975869268,pickands_raw,365.0,100,93,-0.1492035640478038,0.2162660346726786,-0.1792035640478038,0.2332619995062091,7.775399983540305,5.190646505399078,7.43018262595861,3.2030449559121195,10.96554427360299,1.2475900429179363,1.1148754154125766,0.9203154234809924,1.4701617933665443,1.5151257427533866,1.1694663810255272,100,1.154892506951263,0.9839726039483092,1.570740184545776,0.93,,,0.1169466381025527,1.3981791046508338,1.6320723808559394,0.0216266034672678,0.5190646505399078,0.0255147016443461,0.8625032899347026,0.965681175635936,Pickands,,,,universal_frechet_max_ar_xi0.03_theta0.50,asymptotic,k,39.0,35.0,48.0,
universal,frechet_max_ar,0.03,0.5,0.9794202975869268,dedh_moment_raw,365.0,100,87,-0.1200433873869821,0.1389943052693889,-0.1500433873869822,0.1669774295712167,5.565914319040558,3.9294820557384726,4.803135301969881,2.6621427394076163,7.8481029582413075,0.6457933168493999,0.5664624865610437,0.4875151349655163,0.7758594111627395,1.0181714587943669,1.1717469643800018,100,0.628110042546739,0.5061345845296379,0.9031447119274014,0.87,,,0.1171746964380001,0.9009967623563664,1.135346155232367,0.0138994305269388,0.3929482055738472,0.0336303434416004,0.7901947810519012,0.9224290614158576,DEdH,,,,universal_frechet_max_ar_xi0.03_theta0.50,asymptotic,k,48.0,43.0,60.0,
universal,frechet_max_ar,0.1,0.5,0.9330329915368074,hill_raw,365.0,100,82,0.0994871444034526,0.0372013826790247,-0.0005128555965473,0.024975199578554,0.2497519957855404,0.2746174329538186,0.1833155365463663,0.1135726769740465,0.2955719980692366,0.0721481305566657,0.0667982776853279,0.0532657044706788,0.0788130537131027,0.2247064842832523,0.5648217774874359,100,0.0765659409271495,0.0576704755039812,0.101991465630604,0.82,,,0.0564821777487435,0.1682243065345087,0.2811886620319959,0.0037201382679024,0.0274617432953818,0.0384187454245971,0.7333246397578691,0.8829986834574896,Hill,,,,universal_frechet_max_ar_xi0.10_theta0.50,asymptotic,k,32.0,28.0,39.0,
universal,frechet_max_ar,0.1,0.5,0.9330329915368074,max_spectrum_raw,365.0,100,34,0.0904386617909291,0.0204645215570308,-0.0095613382090708,0.0184292276943264,0.184292276943264,0.1296426444490713,0.1608280553327049,0.0989779379273061,0.2601292260239699,0.0231824007795223,0.0189332373250229,0.0127432840944971,0.0276619660726772,0.3806471391386016,0.377628194637658,100,0.2389662355855066,0.0365900999784939,0.7038929575193329,0.34,,,0.0377628194637658,0.3428843196748358,0.4184099586023674,0.002046452155703,0.0129642644449071,0.047370877129308,0.25461379497543,0.4372245434168906,Max-spectrum,,,,universal_frechet_max_ar_xi0.10_theta0.50,asymptotic,scale_start,2.0,1.0,3.0,7.0
universal,frechet_max_ar,0.1,0.5,0.9330329915368074,pickands_raw,365.0,100,92,-0.0695029072027733,0.267058033220706,-0.1695029072027734,0.2461891273625198,2.461891273625198,1.9778812839155433,2.325875993418956,0.6748033768672572,3.498986240976475,1.2872848284688865,1.1410983032147684,1.005104334537964,1.49359894679531,1.8601223579842483,2.238271513218359,100,1.2107399053512038,1.0673993324552524,1.6443278675194408,0.92,,,0.2238271513218359,1.6362952066624126,2.0839495093060845,0.0267058033220706,0.1977881283915543,0.027129319932501,0.8500173312059693,0.9589070305141892,Pickands,,,,universal_frechet_max_ar_xi0.10_theta0.50,asymptotic,k,39.0,35.0,48.0,
universal,frechet_max_ar,0.1,0.5,0.9330329915368074,dedh_moment_raw,365.0,100,87,-0.0624954458809412,0.1629912098851684,-0.1624954458809412,0.1900676995830763,1.900676995830763,1.2941013286039666,1.884769958291367,0.7404860900972092,2.8020348421113788,0.6554666389194911,0.5985486077178997,0.4872615641639296,0.7465946095211022,1.0801152394629172,1.5843523311691778,100,0.6369646056428513,0.5106377353538911,0.9162077405608666,0.87,,,0.1584352331169178,0.9216800063459994,1.238550472579835,0.0162991209885168,0.1294101328603966,0.0336303434416004,0.7901947810519012,0.9224290614158576,DEdH,,,,universal_frechet_max_ar_xi0.10_theta0.50,asymptotic,k,43.0,39.0,54.0,
universal,frechet_max_ar,0.3,0.5,0.8122523963562356,hill_raw,365.0,100,79,0.3049466141588903,0.078843668515923,0.0049466141588904,0.0597773802131434,0.1992579340438114,0.1709974248757111,0.1545612860039296,0.0788109232971454,0.2852415477735892,0.196710603261829,0.1857566587325747,0.1459837097991448,0.2357662394226032,0.4869093119498782,0.8459266966552422,100,0.1944368174345495,0.1582689572475565,0.3259447145566129,0.79,,,0.0845926696655242,0.4023166422843539,0.5715019816154024,0.0078843668515923,0.0170997424875711,0.0407308237088326,0.7001985069803768,0.8583445046835422,Hill,,,,universal_frechet_max_ar_xi0.30_theta0.50,asymptotic,k,48.0,43.0,60.0,
universal,frechet_max_ar,0.3,0.5,0.8122523963562356,max_spectrum_raw,365.0,100,34,0.2809171584873542,0.0544844758798297,-0.0190828415126457,0.0482793028807515,0.1609310096025052,0.1044539155562928,0.1527565745889205,0.0942692498397977,0.2168542412212169,0.0718290521119851,0.0627793151152951,0.0467283868022689,0.0941768248387507,0.9397523951332832,0.9395388416121592,100,0.6587790989521776,0.1139837458449779,1.4701919581287,0.34,,,0.0939538841612159,0.8457985109720674,1.033706279294499,0.0054484475879829,0.0104453915556292,0.047370877129308,0.25461379497543,0.4372245434168906,Max-spectrum,,,,universal_frechet_max_ar_xi0.30_theta0.50,asymptotic,scale_start,2.0,1.0,3.0,7.0
universal,frechet_max_ar,0.3,0.5,0.8122523963562356,pickands_raw,365.0,100,95,0.1796138909335315,0.2548952100521557,-0.1203861090664683,0.2192240998470627,0.7307469994902092,0.5875194839175829,0.623018539490696,0.2722722612796472,1.0311506974705296,1.33544125831842,1.2014442726730594,1.0074345549205637,1.5409571988976118,1.4100156063505185,0.6563934304277405,100,1.2637361000835792,1.0331076708706028,1.6117889652602526,0.95,,,0.065639343042774,1.3443762633077443,1.4756549493932924,0.0254895210052155,0.0587519483917582,0.0217944947177033,0.8882480347279118,0.9784566385436864,Pickands,,,,universal_frechet_max_ar_xi0.30_theta0.50,asymptotic,k,35.0,32.0,43.0,
universal,frechet_max_ar,0.3,0.5,0.8122523963562356,dedh_moment_raw,365.0,100,87,0.1785150501669215,0.1618810963527681,-0.1214849498330784,0.1647302272244911,0.5491007574149704,0.3901995192730165,0.4841005227200501,0.2259835701800154,0.7951147055048549,0.6304700159437634,0.5785844650838315,0.5138876505370638,0.6891501528400457,1.0058978290817986,1.4733030009167545,100,0.6007026761513532,0.5348942410305697,0.8357103995174466,0.87,,,0.1473303000916754,0.8585675289901231,1.153228129173474,0.0161881096352768,0.0390199519273016,0.0336303434416004,0.7901947810519012,0.9224290614158576,DEdH,,,,universal_frechet_max_ar_xi0.30_theta0.50,asymptotic,k,48.0,43.0,60.0,
universal,frechet_max_ar,1.0,0.5,0.5,hill_raw,365.0,100,86,0.9615610417164738,0.2327058887669248,-0.0384389582835262,0.1836711111025418,0.1836711111025418,0.1468627711708331,0.1436822990789268,0.0838712832487529,0.2475061112517283,0.6640617196314136,0.6240635666620473,0.5129987584056392,0.7505703594725042,1.4765769078712874,2.6050098155104244,100,0.6557377916534439,0.5516024068852783,0.8862482450725508,0.86,,,0.2605009815510424,1.216075926320245,1.7370778894223298,0.0232705888766924,0.0146862771170833,0.0346987031457949,0.7786263961619276,0.914737342455351,Hill,,,,universal_frechet_max_ar_xi1.00_theta0.50,asymptotic,k,37.0,33.5,45.5,
universal,frechet_max_ar,1.0,0.5,0.5,max_spectrum_raw,365.0,100,41,0.9226018028569208,0.155999236306719,-0.077398197143079,0.1384505405954993,0.1384505405954993,0.1049979934431154,0.1226879468908164,0.0572599948816145,0.208319909781115,0.2236846479495676,0.1875913384177918,0.1415986432903564,0.2852511265098866,2.6192290703641476,3.0708926274805406,100,1.1372240412122825,0.2839629087686582,4.4276072491011895,0.41,,,0.307089262748054,2.3121398076160937,2.9263183331122016,0.0155999236306719,0.0104997993443115,0.0491833305094317,0.3186715709566465,0.5079874943890338,Max-spectrum,,,,universal_frechet_max_ar_xi1.00_theta0.50,asymptotic,scale_start,3.0,2.0,4.0,7.0
universal,frechet_max_ar,1.0,0.5,0.5,pickands_raw,365.0,100,99,0.9817772563638658,0.2400258818950113,-0.0182227436361342,0.1816277137489421,0.1816277137489421,0.1569267400446919,0.134753022296436,0.0643790448462033,0.2539474647568088,1.5385956187909386,1.4512594527631109,1.1092470416262803,1.8663261606435175,1.5433449602374143,0.5071347209135034,100,1.4777349495385734,1.1212608527182857,1.8663261606435175,0.99,,,0.0507134720913503,1.492631488146064,1.5940584323287643,0.0240025881895011,0.0156926740044691,0.0099498743710662,0.9455124752390652,0.9982326134344526,Pickands,,,,universal_frechet_max_ar_xi1.00_theta0.50,asymptotic,k,32.0,28.0,39.0,
universal,frechet_max_ar,1.0,0.5,0.5,dedh_moment_raw,365.0,100,80,0.8797382489898976,0.2793890757687257,-0.1202617510101024,0.2401802672246382,0.2401802672246382,0.1854669267100298,0.2071571335669588,0.0886848009708055,0.3373645496296836,0.8097992797649826,0.7200712626457089,0.6357468082057117,0.867212325314425,1.8410679041424016,2.807581679333413,100,0.8154764070039915,0.6796153213689792,1.1881750291058093,0.8,,,0.2807581679333413,1.5603097362090603,2.121826072075743,0.0279389075768725,0.0185466926710029,0.04,0.7111690380734977,0.8666340774409013,DEdH,,,,universal_frechet_max_ar_xi1.00_theta0.50,asymptotic,k,54.0,48.0,66.0,
universal,frechet_max_ar,3.0,0.5,0.125,hill_raw,365.0,100,81,2.9101188872192916,0.7758467457785091,-0.0898811127807084,0.5858705117154351,0.1952901705718117,0.1710708168294006,0.1610896024648963,0.0681155777797228,0.2815782832050711,1.9787472579516856,1.859089864529205,1.547380940674918,2.2684461291996927,5.357879153093868,10.158158544665849,100,1.9538131574408415,1.6264159604414057,2.831277285601619,0.81,,,1.0158158544665847,4.342063298627283,6.373695007560452,0.0775846745778509,0.01710708168294,0.039230090491866,0.7222097592919214,0.8748534600729574,Hill,,,,universal_frechet_max_ar_xi3.00_theta0.50,asymptotic,k,39.0,35.0,48.0,
universal,frechet_max_ar,3.0,0.5,0.125,max_spectrum_raw,365.0,100,41,2.74244139883002,0.5305310017630445,-0.2575586011699799,0.4483437682957856,0.1494479227652619,0.1271163428941838,0.140860636990018,0.0645748554900637,0.2058246211007602,0.6839120702624171,0.5446484915828127,0.423706521199563,0.8055819921847029,8.800721157883153,10.690656677854095,100,4.014551199118498,0.8389729996723165,13.378756131407185,0.41,,,1.0690656677854096,7.731655490097744,9.869786825668562,0.0530531001763044,0.0127116342894183,0.0491833305094317,0.3186715709566465,0.5079874943890338,Max-spectrum,,,,universal_frechet_max_ar_xi3.00_theta0.50,asymptotic,scale_start,2.0,1.0,3.0,7.0
universal,frechet_max_ar,3.0,0.5,0.125,pickands_raw,365.0,100,90,3.169271834913488,0.6303611984985144,0.1692718349134877,0.449302394307275,0.1497674647690916,0.1571926840694902,0.0885416812225268,0.0272911258869922,0.2284475156338413,2.705727169818228,2.4835741730286376,2.074468935834558,3.086523871309844,3.63544476483697,3.429857557711182,100,2.7094459077437008,2.0885835436867284,3.90021140001902,0.9,,,0.3429857557711182,3.2924590090658516,3.978430520608088,0.0630361198498514,0.015719268406949,0.03,0.8256326956323347,0.944771458386864,Pickands,,,,universal_frechet_max_ar_xi3.00_theta0.50,asymptotic,k,35.0,32.0,43.0,
universal,frechet_max_ar,3.0,0.5,0.125,dedh_moment_raw,365.0,100,68,2.6254324026063194,0.9023739058558315,-0.3745675973936806,0.7625445028213172,0.2541815009404391,0.2023882783477811,0.1978683074961449,0.0859199893859341,0.3840889132838402,2.065818900124693,1.9341177571714112,1.5851247491115068,2.2930340564896863,8.343687786864184,12.85619511976508,100,2.2617538476623307,1.7831765987287214,8.228701421245153,0.68,,,1.285619511976508,7.058068274887676,9.629307298840692,0.0902373905855831,0.0202388278347781,0.0466476151587624,0.5833719774632081,0.7633098918454312,DEdH,,,,universal_frechet_max_ar_xi3.00_theta0.50,asymptotic,k,32.0,28.0,39.0,
universal,frechet_max_ar,10.0,0.5,0.0009765625,hill_raw,365.0,100,76,9.73791662095054,2.5878285731794435,-0.2620833790494584,2.03997320516126,0.2039973205161259,0.16008473692759,0.1776526721382077,0.0820338558742505,0.2844157558187617,6.336695322471758,5.485714619135715,4.701288061085334,7.339450950368575,18.785400613821285,32.60352019390343,100,6.557200222160444,5.075496240525977,11.663768351634216,0.76,,,3.260352019390343,15.525048594430942,22.045752633211627,0.2587828573179443,0.016008473692759,0.0427083130081252,0.6676748127670786,0.8330878873454004,Hill,,,,universal_frechet_max_ar_xi10.00_theta0.50,asymptotic,k,43.0,39.0,54.0,
universal,frechet_max_ar,10.0,0.5,0.0009765625,max_spectrum_raw,365.0,100,37,9.029139609946585,1.7331298174232022,-0.9708603900534172,1.649292408779916,0.1649292408779916,0.1099176009892784,0.1545574614580552,0.0762022303685149,0.2409841394342702,2.0791089724704364,1.887659953123737,1.416821585885685,2.515148021203229,35.87771609411051,37.532569182576424,100,28.0480084412259,2.758187224683267,62.79909949379097,0.37,,,3.7532569182576423,32.12445917585287,39.63097301236815,0.1733129817423202,0.0109917600989278,0.0482804308182932,0.2818221256950916,0.4677965242486688,Max-spectrum,,,,universal_frechet_max_ar_xi10.00_theta0.50,asymptotic,scale_start,2.0,1.0,3.0,7.0
universal,frechet_max_ar,10.0,0.5,0.0009765625,pickands_raw,365.0,100,97,10.497319212799152,1.840381752045072,0.497319212799152,1.274048739286474,0.1274048739286474,0.1413235114036248,0.0910676117702176,0.0205006160120339,0.199791534618499,7.875444555920559,7.014070761112153,6.058892477891682,9.190630640486,9.344861338987128,9.910905368146407,100,7.068946148079771,6.058892477891682,9.399356333836646,0.97,,,0.9910905368146408,8.353770802172487,10.335951875801769,0.1840381752045072,0.0141323511403624,0.0170587221092319,0.915479219195973,0.9897456617765852,Pickands,,,,universal_frechet_max_ar_xi10.00_theta0.50,asymptotic,k,35.0,32.0,43.0,
universal,frechet_max_ar,10.0,0.5,0.0009765625,dedh_moment_raw,365.0,100,72,9.450172511663745,2.836790359725356,-0.5498274883362547,2.2837442377647723,0.2283744237764772,0.1756295536952121,0.1947351396930683,0.0897114750031841,0.3188047259133396,6.488211436432507,5.808240433570489,4.733564757373354,7.585657300622104,24.429269445326085,40.94187626825801,100,7.585721858639622,5.260163772054216,20.214570676618536,0.72,,,4.094187626825801,20.335081818500285,28.523457072151885,0.2836790359725356,0.0175629553695212,0.0448998886412873,0.6251178763865427,0.7986044083240164,DEdH,,,,universal_frechet_max_ar_xi10.00_theta0.50,asymptotic,k,39.0,35.0,48.0,
universal,frechet_max_ar,0.01,1.0,0.0,hill_raw,365.0,100,97,0.0102306909390254,0.0018410987782661,0.0002306909390254,0.0013814210320452,0.1381421032045215,0.1231178504888909,0.1081238153246803,0.0398377895887455,0.1973184367524184,0.0073153284992827,0.0066554141133669,0.0052951857099093,0.0087779574797478,0.0089110360109052,0.010371016275323,100,0.0069017471221495,0.0053993074673628,0.0094234566402939,0.97,,,0.0010371016275323,0.0078739343833729,0.0099481376384375,0.0001841098778266,0.012311785048889,0.0170587221092319,0.915479219195973,0.9897456617765852,Hill,,,,universal_frechet_max_ar_xi0.01_theta1.00,asymptotic,k,35.0,32.0,43.0,
universal,frechet_max_ar,0.01,1.0,0.0,max_spectrum_raw,365.0,100,39,0.0097744323760959,0.0018813777609809,-0.000225567623904,0.0014492166925956,0.1449216692595694,0.1212243178080367,0.11174136464656,0.0535820066394776,0.204546299664493,0.0021343262903362,0.0018302199958186,0.0012957497477713,0.0027555462928914,0.0296159636736449,0.0376572561769435,100,0.0117165856035634,0.0032938774918004,0.0430815261943929,0.39,,,0.0037657256176943,0.0258502380559506,0.0333816892913393,0.000188137776098,0.0121224317808036,0.0487749935930287,0.300167219319702,0.4879716383250184,Max-spectrum,,,,universal_frechet_max_ar_xi0.01_theta1.00,asymptotic,scale_start,2.0,1.0,3.0,7.0
universal,frechet_max_ar,0.01,1.0,0.0,pickands_raw,365.0,100,87,-0.1215323918753067,0.3344402420952166,-0.1315323918753067,0.2906977553556324,29.06977553556325,20.968316146759765,25.374158542481368,11.965269037656968,43.81030484886102,1.3129881994461643,1.1494964871223008,0.9521404904846552,1.553733376238875,1.8754554701103685,1.8317595897117456,100,1.4118408682381618,1.0083438192514795,1.8380995674046856,0.87,,,0.1831759589711745,1.6922795111391935,2.058631429081543,0.0334440242095216,2.0968316146759767,0.0336303434416004,0.7901947810519012,0.9224290614158576,Pickands,,,,universal_frechet_max_ar_xi0.01_theta1.00,asymptotic,k,37.0,33.5,45.5,
universal,frechet_max_ar,0.01,1.0,0.0,dedh_moment_raw,365.0,100,94,-0.0297951329146627,0.1617538731353352,-0.0397951329146627,0.1225110162868387,12.251101628683877,11.22649095252296,10.64267934906534,3.292640205169276,17.27689096696521,0.7026942269004148,0.5741994259398735,0.5042638002507935,0.8343893893653285,0.8235853392818707,0.571839203240065,100,0.6355007181413719,0.5063894547909513,0.8998266198262697,0.94,,,0.0571839203240065,0.7664014189578642,0.8807692596058773,0.0161753873135335,1.122649095252296,0.0237486841740758,0.8752303146877748,0.9722142547333432,DEdH,,,,universal_frechet_max_ar_xi0.01_theta1.00,asymptotic,k,48.0,43.0,60.0,
universal,frechet_max_ar,0.03,1.0,0.0,hill_raw,365.0,100,94,0.0299027628731302,0.0060297655047785,-9.723712686979248e-05,0.0043906856860724,0.1463561895357476,0.1370108402862722,0.1075417171305629,0.0488490368650067,0.1982897638485205,0.0224668329739768,0.0201303881776866,0.0164723553010979,0.0264180176288441,0.029906433617277,0.0379934994840538,100,0.0210122265827491,0.0167005726493973,0.0280954436051139,0.94,,,0.0037993499484053,0.0261070836688716,0.0337057835656824,0.0006029765504778,0.0137010840286272,0.0237486841740758,0.8752303146877748,0.9722142547333432,Hill,,,,universal_frechet_max_ar_xi0.03_theta1.00,asymptotic,k,30.0,27.0,37.0,
universal,frechet_max_ar,0.03,1.0,0.0,max_spectrum_raw,365.0,100,31,0.0294152302853348,0.0059761323588595,-0.0005847697146651,0.004750439209807,0.1583479736602365,0.1214035914357121,0.1400529939844348,0.0669622780165713,0.2265932875349925,0.0061529666048321,0.0050221379847259,0.0033592497017406,0.0074957806080421,0.0946970024080859,0.1056254399165883,100,0.0634771782438209,0.0095934784913217,0.1450549251931143,0.31,,,0.0105625439916588,0.084134458416427,0.1052595463997447,0.0005976132358859,0.0121403591435712,0.0462493243193887,0.2277956320613237,0.4062623947795569,Max-spectrum,,,,universal_frechet_max_ar_xi0.03_theta1.00,asymptotic,scale_start,2.0,1.0,3.0,7.0
universal,frechet_max_ar,0.03,1.0,0.0,pickands_raw,365.0,100,89,-0.1670289728932322,0.3333772189955335,-0.1970289728932322,0.3028552915710255,10.095176385700851,8.007295703214357,8.302105118692385,3.865206821058385,14.656363862143682,1.2920489861323627,1.1582935206844895,0.995160209802692,1.462555398103001,2.361749335759204,4.257981354539841,100,1.2487510302137426,1.069917595734175,1.7816431269053288,0.89,,,0.4257981354539841,1.93595120030522,2.787547471213188,0.0333377218995533,0.8007295703214357,0.031288975694324,0.8136853697209698,0.9374586804477488,Pickands,,,,universal_frechet_max_ar_xi0.03_theta1.00,asymptotic,k,37.0,33.5,45.5,
universal,frechet_max_ar,0.03,1.0,0.0,dedh_moment_raw,365.0,100,94,-0.0378338113888709,0.1443244915981444,-0.0678338113888709,0.1262100306921135,4.207001023070452,3.229653118619608,3.3911114108187137,1.489266120473325,6.329780818065814,0.6952852198404911,0.6300279981649414,0.5096021788515629,0.8239856594875743,0.789803520314371,0.5295213156221356,100,0.6500739041077085,0.5190680651625944,0.8568204193117808,0.94,,,0.0529521315622135,0.7368513887521574,0.8427556518765845,0.0144324491598144,0.3229653118619607,0.0237486841740758,0.8752303146877748,0.9722142547333432,DEdH,,,,universal_frechet_max_ar_xi0.03_theta1.00,asymptotic,k,39.0,35.0,48.0,
universal,frechet_max_ar,0.1,1.0,0.0,hill_raw,365.0,100,95,0.1021713611774736,0.0179330896300357,0.0021713611774736,0.0141382474379776,0.141382474379777,0.1115567144738874,0.1137451459716318,0.0638671438713726,0.18298955261376,0.0725848830396256,0.0644501329845536,0.0525412459953091,0.0834207638698146,0.0927246782949669,0.1023970504311154,100,0.0658803049136931,0.0552845842072897,0.089084759334082,0.95,,,0.0102397050431115,0.0824849732518553,0.1029643833380784,0.0017933089630035,0.0111556714473887,0.0217944947177033,0.8882480347279118,0.9784566385436864,Hill,,,,universal_frechet_max_ar_xi0.10_theta1.00,asymptotic,k,35.0,32.0,43.0,
universal,frechet_max_ar,0.1,1.0,0.0,max_spectrum_raw,365.0,100,42,0.0987776331401511,0.0188067123372984,-0.0012223668598488,0.0145088133350653,0.1450881333506539,0.1194025620238471,0.1235195370073483,0.0606569362891022,0.2012323959145627,0.0208714285576281,0.019845632995533,0.01320978720204,0.0268051820734621,0.2808498365960308,0.3469725893006314,100,0.1141863014838924,0.0228187491514416,0.4373966770886177,0.42,,,0.0346972589300631,0.2461525776659677,0.315547095526094,0.0018806712337298,0.0119402562023847,0.0493558507170122,0.327982249185113,0.5179369200110473,Max-spectrum,,,,universal_frechet_max_ar_xi0.10_theta1.00,asymptotic,scale_start,2.0,1.0,3.0,7.0
universal,frechet_max_ar,0.1,1.0,0.0,pickands_raw,365.0,100,93,-0.0560575147497282,0.2971277640673324,-0.1560575147497282,0.2795523240566672,2.795523240566672,1.8424430729315069,2.5256200991241737,1.3380976303054095,3.771819648478236,1.2745047502436877,1.1085394775164843,0.95096151190154,1.467475278311122,1.809941569417428,2.2749845324016937,100,1.1912903624447175,0.9959868908746072,1.611188656681363,0.93,,,0.2274984532401693,1.5824431161772587,2.0374400226575977,0.0297127764067332,0.1842443072931507,0.0255147016443461,0.8625032899347026,0.965681175635936,Pickands,,,,universal_frechet_max_ar_xi0.10_theta1.00,asymptotic,k,43.0,39.0,54.0,
universal,frechet_max_ar,0.1,1.0,0.0,dedh_moment_raw,365.0,100,91,0.0468825652642991,0.1807766037377069,-0.0531174347357009,0.1353216688641174,1.3532166886411738,1.3051137364068268,1.0275813626833386,0.46323564838568,1.770376177998248,0.6909943138598997,0.6317501896428459,0.5132132219645752,0.843412119744932,1.0522773751279917,1.4887528722593792,100,0.6640448307167783,0.5351581971824623,0.912870835180665,0.91,,,0.1488752872259379,0.9034020879020536,1.2011526623539297,0.0180776603737706,0.1305113736406827,0.0286181760425083,0.8377362530335634,0.9519280048361152,DEdH,,,,universal_frechet_max_ar_xi0.10_theta1.00,asymptotic,k,39.0,35.0,48.0,
universal,frechet_max_ar,0.3,1.0,0.0,hill_raw,365.0,100,88,0.3119394404073488,0.0658856872075337,0.0119394404073487,0.0489705145777755,0.1632350485925852,0.1513854268995084,0.116731540121432,0.0531142745856844,0.2309465296484363,0.2274508705115505,0.1973060976517031,0.1726008800843235,0.2713740550915224,0.3852377942819824,0.6514245948839047,100,0.2108049484755687,0.178233788803949,0.2874070932364843,0.88,,,0.0651424594883904,0.3200953347935919,0.4503802537703729,0.0065885687207533,0.0151385426899508,0.0324961536185438,0.8018773199709163,0.9300066263473222,Hill,,,,universal_frechet_max_ar_xi0.30_theta1.00,asymptotic,k,33.5,30.0,41.0,
universal,frechet_max_ar,0.3,1.0,0.0,max_spectrum_raw,365.0,100,36,0.3107813825365495,0.0592780511789842,0.0107813825365495,0.0473743816688507,0.1579146055628358,0.1231213324420735,0.1371878014397006,0.0681552203901327,0.2146690868841088,0.0638095678197088,0.058668817838044,0.0351492640166233,0.0787511898112568,0.8993286076372834,1.0328006077654768,100,0.5696613160906276,0.0751548915118487,1.3375580243696104,0.36,,,0.1032800607765476,0.7960485468607357,1.0026086684138311,0.0059278051178984,0.0123121332442073,0.048,0.2727107459049014,0.4576478001883791,Max-spectrum,,,,universal_frechet_max_ar_xi0.30_theta1.00,asymptotic,scale_start,2.0,1.0,3.0,7.0
universal,frechet_max_ar,0.3,1.0,0.0,pickands_raw,365.0,100,93,0.1666734492982135,0.302452801262868,-0.1333265507017864,0.265988016265431,0.8866267208847701,0.6495207967409884,0.7766758918125158,0.3490212198743643,1.3031820897132884,1.278837495767081,1.1609418796349882,0.9586288075302548,1.5339659946938422,1.4647785679654388,0.927580919851984,100,1.2100856893144358,0.9891401433465472,1.5834496901604136,0.93,,,0.0927580919851984,1.3720204759802404,1.5575366599506373,0.0302452801262868,0.0649520796740988,0.0255147016443461,0.8625032899347026,0.965681175635936,Pickands,,,,universal_frechet_max_ar_xi0.30_theta1.00,asymptotic,k,39.0,35.0,48.0,
universal,frechet_max_ar,0.3,1.0,0.0,dedh_moment_raw,365.0,100,97,0.2772898786425092,0.1563782689304254,-0.0227101213574907,0.1210019828344338,0.4033399427814461,0.3364148994597745,0.3039558611124147,0.185558770406883,0.525145535948392,0.7441950198725792,0.6441417955549633,0.522236585392843,0.8450572098618436,0.8078025180186695,0.446465571807053,100,0.6617979771201665,0.5273392574225717,0.8719496896893079,0.97,,,0.0446465571807053,0.7631559608379642,0.8524490751993749,0.0156378268930425,0.0336414899459774,0.0170587221092319,0.915479219195973,0.9897456617765852,DEdH,,,,universal_frechet_max_ar_xi0.30_theta1.00,asymptotic,k,39.0,35.0,48.0,
universal,frechet_max_ar,1.0,1.0,0.0,hill_raw,365.0,100,94,0.9761747695308342,0.1968983993676362,-0.0238252304691658,0.1479771299926291,0.1479771299926291,0.1312400086927456,0.1124511581884161,0.0550412272187271,0.1979117801306695,0.6940508692144989,0.6195142439750437,0.5266153106943109,0.7895400016515839,1.239707418066955,2.653502212870732,100,0.6378795193966843,0.5403190764797032,0.8498817299833197,0.94,,,0.2653502212870732,0.9743571967798818,1.5050576393540285,0.0196898399367636,0.0131240008692745,0.0237486841740758,0.8752303146877748,0.9722142547333432,Hill,,,,universal_frechet_max_ar_xi1.00_theta1.00,asymptotic,k,39.0,35.0,48.0,
universal,frechet_max_ar,1.0,1.0,0.0,max_spectrum_raw,365.0,100,35,0.9801495641524236,0.1906680618530703,-0.0198504358475762,0.1512039634883258,0.1512039634883258,0.1168706785144254,0.1241015380421437,0.0551898778559769,0.2126036417598884,0.2046456605995036,0.1702892598897005,0.1243461196774714,0.2421053959730499,2.881407627949049,3.4345330519156163,100,1.193470240528895,0.202640836203095,4.487532687801012,0.35,,,0.3434533051915616,2.537954322757487,3.2248609331406106,0.019066806185307,0.0116870678514425,0.0476969600708472,0.2636410465347802,0.4474573957080203,Max-spectrum,,,,universal_frechet_max_ar_xi1.00_theta1.00,asymptotic,scale_start,2.5,1.5,3.5,7.0
universal,frechet_max_ar,1.0,1.0,0.0,pickands_raw,365.0,100,93,0.9647477265689288,0.3569032085949538,-0.035252273431071,0.2709406952150428,0.2709406952150428,0.2334198189519546,0.2186593034032369,0.0920996808908451,0.3471153663923875,1.4134251893752796,1.2401731055352831,1.034754225886237,1.6696203920821793,1.699756044381609,1.3464638595444611,100,1.3217242689860929,1.05266904985599,1.814544567002984,0.93,,,0.1346463859544461,1.565109658427163,1.8344024303360555,0.0356903208594953,0.0233419818951954,0.0255147016443461,0.8625032899347026,0.965681175635936,Pickands,,,,universal_frechet_max_ar_xi1.00_theta1.00,asymptotic,k,48.0,43.0,60.0,
universal,frechet_max_ar,1.0,1.0,0.0,dedh_moment_raw,365.0,100,92,0.941825234784488,0.1859212318057185,-0.0581747652155119,0.1429614982349667,0.1429614982349667,0.1316843130564119,0.0993537602081223,0.0502294841186992,0.1963911144907038,0.8892235633040303,0.7801734194901122,0.6922565088194791,1.0616408780443454,1.339481933962042,1.8299510272521344,100,0.8370471432947044,0.7071323903922851,1.222403976171912,0.92,,,0.1829951027252134,1.1564868312368286,1.5224770366872555,0.0185921231805718,0.0131684313056411,0.027129319932501,0.8500173312059693,0.9589070305141892,DEdH,,,,universal_frechet_max_ar_xi1.00_theta1.00,asymptotic,k,48.0,43.0,60.0,
universal,frechet_max_ar,3.0,1.0,0.0,hill_raw,365.0,100,95,3.1690815085755157,0.5398593800914412,0.1690815085755153,0.4677138807034059,0.1559046269011353,0.1050711645480088,0.138981021914394,0.0740640622703255,0.2114208087914946,2.1226379261713344,1.8641899557648296,1.6357557788429626,2.4208211501045493,2.4860020248302432,2.5011105487772376,100,1.945604617982008,1.6502862438481412,2.539568351583512,0.95,,,0.2501110548777238,2.2358909699525196,2.736113079707967,0.0539859380091441,0.0105071164548008,0.0217944947177033,0.8882480347279118,0.9784566385436864,Hill,,,,universal_frechet_max_ar_xi3.00_theta1.00,asymptotic,k,41.0,37.0,51.0,
universal,frechet_max_ar,3.0,1.0,0.0,max_spectrum_raw,365.0,100,47,3.08080557960318,0.5180689921144228,0.0808055796031797,0.4070784335464611,0.1356928111821537,0.1093436270616754,0.1152017888161965,0.0551009442124318,0.1834629897957193,0.6427629271252933,0.6140288027839804,0.3893627007063907,0.8224949461364118,7.351363072812775,10.176291706026104,100,1.8449507237968263,0.7453775933761551,10.02534184845046,0.47,,,1.0176291706026104,6.333733902210164,8.368992243415384,0.0518068992114422,0.0109343627061675,0.0499099188538711,0.3751065198210374,0.5671131686275227,Max-spectrum,,,,universal_frechet_max_ar_xi3.00_theta1.00,asymptotic,scale_start,2.0,1.0,3.0,7.0
universal,frechet_max_ar,3.0,1.0,0.0,pickands_raw,365.0,100,96,3.298865201284423,0.7124386216345913,0.2988652012844231,0.5705606575012,0.1901868858337333,0.1728723624151766,0.1658944716255129,0.0598865101217259,0.2655839570304252,2.484396694658507,2.1100584549277737,1.8623622990343276,2.732081732106376,2.907827121739629,2.5354983243053355,100,2.1333380115947462,1.8731677856434448,2.7915982512396753,0.96,,,0.2535498324305335,2.654277289309096,3.161376954170162,0.0712438621634591,0.0172872362415176,0.0195959179422654,0.9016278276739262,0.984336949448152,Pickands,,,,universal_frechet_max_ar_xi3.00_theta1.00,asymptotic,k,48.0,43.0,60.0,
universal,frechet_max_ar,3.0,1.0,0.0,dedh_moment_raw,365.0,100,93,3.0655356744450284,0.6363725155952077,0.0655356744450286,0.4979451540824077,0.1659817180274692,0.1328551302386259,0.1257173158765614,0.0765226546816461,0.2267552050935586,2.2570981441007554,2.0347634715214906,1.7489827929371853,2.50005110203007,3.228521259408866,5.391027400392324,100,2.151337822995777,1.760774637851647,2.810372684097593,0.93,,,0.5391027400392324,2.689418519369634,3.7676239994480984,0.0636372515595207,0.0132855130238625,0.0255147016443461,0.8625032899347026,0.965681175635936,DEdH,,,,universal_frechet_max_ar_xi3.00_theta1.00,asymptotic,k,39.0,35.0,48.0,
universal,frechet_max_ar,10.0,1.0,0.0,hill_raw,365.0,100,95,10.297149486984669,1.6585039043349727,0.2971494869846683,1.3643458755607376,0.1364345875560737,0.0979582985972669,0.1251496224937257,0.0515663694159448,0.1961159672885955,6.636354693050453,6.146608544565725,5.25167315820995,7.513954881789448,7.648227300126975,5.695361181853311,100,6.311676361458618,5.3042460516387,7.673177120242958,0.95,,,0.5695361181853311,7.078691181941644,8.217763418312305,0.1658503904334972,0.0097958298597266,0.0217944947177033,0.8882480347279118,0.9784566385436864,Hill,,,,universal_frechet_max_ar_xi10.00_theta1.00,asymptotic,k,48.0,43.0,60.0,
universal,frechet_max_ar,10.0,1.0,0.0,max_spectrum_raw,365.0,100,43,9.915293996590592,1.4592276948341465,-0.0847060034094091,1.1878928868691083,0.1187892886869108,0.0843356453783343,0.1121860857157074,0.0424564017252521,0.1695608544949767,1.802315320723804,1.69230713024281,1.0651266002193385,2.310658589303012,22.73650170107198,26.05417091732104,100,11.174947678979803,2.012588738096097,42.869929183250264,0.43,,,2.605417091732104,20.131084609339876,25.341918792804083,0.1459227694834146,0.0084335645378334,0.0495075751779462,0.3373313900052838,0.5278478830413564,Max-spectrum,,,,universal_frechet_max_ar_xi10.00_theta1.00,asymptotic,scale_start,2.0,1.0,3.0,7.0
universal,frechet_max_ar,10.0,1.0,0.0,pickands_raw,365.0,100,93,11.171582907795743,1.799960620630684,1.171582907795747,1.7432368856428666,0.1743236885642866,0.1247701451856951,0.1566147878083088,0.0693461905661067,0.2613325356477219,7.6063412410122195,6.94485248794209,6.1136936064107905,8.773077407886838,9.043522991960254,7.497530482727353,100,7.193848322120479,6.127707117249495,9.061013212085577,0.93,,,0.7497530482727353,8.293769943687519,9.793276040232987,0.1799960620630684,0.0124770145185695,0.0255147016443461,0.8625032899347026,0.965681175635936,Pickands,,,,universal_frechet_max_ar_xi10.00_theta1.00,asymptotic,k,41.0,37.0,51.0,
universal,frechet_max_ar,10.0,1.0,0.0,dedh_moment_raw,365.0,100,97,10.20843585396798,1.6698816367875005,0.2084358539679799,1.3469127657685525,0.1346912765768552,0.0999945019044289,0.1239209145611775,0.0476667258693049,0.2003304316040345,6.695778044776557,6.215949566723898,5.243598769634376,7.628431161835984,7.785734574269113,6.42789535491124,100,6.389257251920012,5.292690700965377,7.689464314707533,0.97,,,0.642789535491124,7.142945038777989,8.428524109760238,0.16698816367875,0.0099994501904429,0.0170587221092319,0.915479219195973,0.9897456617765852,DEdH,,,,universal_frechet_max_ar_xi10.00_theta1.00,asymptotic,k,48.0,43.0,60.0,
universal,moving_maxima_q99,0.01,0.01,1.0,hill_raw,365.0,100,0,7.415851106260679e-05,0.0003050996982584,-0.0099258414889373,0.0099258414889373,0.9925841488937394,0.0305099698258482,1.0,1.0,1.0,4.433072770447233e-05,0.0,0.0,0.0,0.3961913757311107,0.0156692751589502,100,0.4,0.4,0.4,0.0,,,0.001566927515895,0.3946244482152157,0.3977583032470058,3.050996982584827e-05,0.0030509969825848,0.0,0.0,0.0369948074760019,Hill,,,,universal_moving_maxima_q99_xi0.01_theta0.01,asymptotic,k,9.0,8.0,11.0,
universal,moving_maxima_q99,0.01,0.01,1.0,max_spectrum_raw,365.0,100,1,0.0014514325398319,0.0012169889180381,-0.008548567460168,0.008548567460168,0.8548567460168063,0.1216988918038103,0.8676922900123554,0.8022289665258105,0.9240387844497312,0.0015036691297683,0.0012324608880078,0.0006847514988758,0.0021176782770919,0.3135782751817564,0.062256180361321,100,0.3241373735307256,0.2825533739006809,0.35810071488903,0.01,,,0.0062256180361321,0.3073526571456243,0.3198038932178885,0.0001216988918038,0.012169889180381,0.0099498743710662,0.0017673865655472,0.0544875247609346,Max-spectrum,,,,universal_moving_maxima_q99_xi0.01_theta0.01,asymptotic,scale_start,2.0,1.0,3.0,7.0
universal,moving_maxima_q99,0.01,0.01,1.0,pickands_raw,365.0,100,19,0.1185185706560923,2.3223534243579698,0.1085185706560923,1.7258077657764217,172.58077657764213,154.81354080083716,130.4516520082986,60.52545929149974,243.00065981370437,1.2456098960444224,1.0499772183979104,0.922210740026652,1.3773410163797384,47.191882503246326,52.51505530534163,100,31.07792202189136,7.08684017707039,69.27719068259127,0.19,,,5.251505530534163,41.940376972712166,52.44338803378049,0.2322353424357969,15.481354080083715,0.039230090491866,0.1251465399270426,0.2777902407080785,Pickands,,,,universal_moving_maxima_q99_xi0.01_theta0.01,asymptotic,k,66.0,54.0,82.0,
universal,moving_maxima_q99,0.01,0.01,1.0,dedh_moment_raw,365.0,100,11,-3.110450913959613,7.418211003397443,-3.120450913959613,3.343564612689447,334.3564612689447,731.8168825453862,43.74499597659391,33.70719368310047,209.51347561900752,1.688639447414252,0.5440231955500997,0.4977468883082014,1.2364693347401725,102.7995727739672,235.24067029887505,46,7.604207300612064,2.7613150887932476,64.78237126397421,0.11,,,34.68434459605534,68.11522817791187,137.48391737002254,0.7418211003397442,73.18168825453861,0.031288975694324,0.0625413195522512,0.1863146302790302,DEdH,,,,universal_moving_maxima_q99_xi0.01_theta0.01,asymptotic,k,74.0,66.0,91.0,
universal,moving_maxima_q99,0.03,0.01,1.0,hill_raw,365.0,100,0,0.0002786431421168,0.0015780510068811,-0.0297213568578831,0.0297213568578831,0.9907118952627724,0.0526017002293706,1.0,1.0,1.0,0.0001665682479718,0.0,0.0,0.0,1.1856894776038618,0.0810453618368705,100,1.2,1.2,1.2,0.0,,,0.008104536183687,1.177584941420175,1.193794013787549,0.0001578051006881,0.005260170022937,0.0,0.0,0.0369948074760019,Hill,,,,universal_moving_maxima_q99_xi0.03_theta0.01,asymptotic,k,9.0,8.0,11.0,
universal,moving_maxima_q99,0.03,0.01,1.0,max_spectrum_raw,365.0,100,0,0.0054888214716194,0.0037517526461519,-0.0245111785283805,0.0245111785283805,0.8170392842793519,0.1250584215383968,0.837122516583247,0.7426526976504987,0.9040257758061754,0.0051283361214159,0.0044002136460626,0.0025731800869844,0.0072059999439694,0.8830087548283185,0.1988499396696662,100,0.9203145693776298,0.7670284715426583,1.0322235123333403,0.0,,,0.0198849939669666,0.8631237608613519,0.9028937487952852,0.0003751752646151,0.0125058421538396,0.0,0.0,0.0369948074760019,Max-spectrum,,,,universal_moving_maxima_q99_xi0.03_theta0.01,asymptotic,scale_start,2.0,1.0,3.0,7.0
universal,moving_maxima_q99,0.03,0.01,1.0,pickands_raw,365.0,100,17,-0.0069326257004912,2.561213035970612,-0.0369326257004912,1.967635457654069,65.58784858846897,54.26779027962099,49.91288802281004,27.37893405872523,94.77487367115636,1.3273100010561338,1.0548948193888177,0.8917178240575804,1.4377400934830822,55.22461489992838,53.456449463040485,100,37.03867434631365,13.457701193978757,88.53717730226592,0.17,,,5.3456449463040485,49.878969953624335,60.57025984623243,0.2561213035970612,5.4267790279621,0.0375632799419859,0.1089347605977315,0.2554818123364297,Pickands,,,,universal_moving_maxima_q99_xi0.03_theta0.01,asymptotic,k,60.0,54.0,74.0,
universal,moving_maxima_q99,0.03,0.01,1.0,dedh_moment_raw,365.0,100,12,-3.2571095214397943,5.787152034221517,-3.287109521439794,3.485263641516916,116.17545471723054,188.89957779382013,13.17076104007013,6.943240974193955,90.11305692963234,1.7303687975555353,0.6053680460034794,0.4665801071059948,1.2592586317546457,107.82873514245044,183.11141525720328,40,4.691162441316546,0.4870386588114219,84.20975431222054,0.12,,,28.95245688948346,78.87627825296697,136.7811920319339,0.5787152034221517,18.889957779382012,0.0324961536185438,0.0699933736526777,0.1981226800290836,DEdH,,,,universal_moving_maxima_q99_xi0.03_theta0.01,asymptotic,k,74.0,66.0,91.0,
universal,moving_maxima_q99,0.1,0.01,1.0,hill_raw,365.0,100,1,0.0020932658569107,0.0112745329180894,-0.0979067341430892,0.0980112763777266,0.980112763777266,0.1031632201756175,1.0,1.0,1.0,0.0012658958022448,0.0,0.0,0.0,3.9068887945317408,0.4471325240467234,100,4.0,4.0,4.0,0.01,,,0.0447132524046723,3.862175542127068,3.9516020469364137,0.0011274532918089,0.0103163220175617,0.0099498743710662,0.0017673865655472,0.0544875247609346,Hill,,,,universal_moving_maxima_q99_xi0.10_theta0.01,asymptotic,k,9.0,8.0,11.0,
universal,moving_maxima_q99,0.1,0.01,1.0,max_spectrum_raw,365.0,100,0,0.0180769538993456,0.0127074294647328,-0.0819230461006543,0.0819230461006543,0.8192304610065433,0.1270742946473288,0.8407697361023194,0.7600076876392949,0.9075344159869284,0.0173219358351086,0.0139352095810879,0.0069411002898129,0.0223130728057152,2.9478050631591093,0.7419023006571953,100,3.0802851367438295,2.745010466246504,3.4664112088569894,0.0,,,0.0741902300657195,2.8736148330933897,3.021995293224829,0.0012707429464732,0.0127074294647328,0.0,0.0,0.0369948074760019,Max-spectrum,,,,universal_moving_maxima_q99_xi0.10_theta0.01,asymptotic,scale_start,2.0,1.0,3.0,7.0
universal,moving_maxima_q99,0.1,0.01,1.0,pickands_raw,365.0,100,14,0.2951786767681079,2.043837649588295,0.1951786767681079,1.658008161975748,16.58008161975748,11.995804254630666,14.114207501836532,7.412876909800526,22.37700980291415,1.2199900530852643,1.076888325355401,0.9290041518168942,1.368982430215775,44.52054076589028,40.64388229756021,100,33.55031623022158,12.95595030395225,63.52286409135161,0.14,,,4.0643882297560205,40.45615253613426,48.5849289956463,0.2043837649588295,1.1995804254630666,0.0346987031457949,0.085262657544649,0.2213736038380723,Pickands,,,,universal_moving_maxima_q99_xi0.10_theta0.01,asymptotic,k,60.0,54.0,78.0,
universal,moving_maxima_q99,0.1,0.01,1.0,dedh_moment_raw,365.0,100,9,-5.327603095928763,11.648373332797725,-5.427603095928763,5.6861388329167815,56.8613883291678,115.20915239948089,3.944275877122705,3.4377816498382052,46.325399534733165,2.68917611340066,0.666859116090279,0.5654676966076768,1.9073032050007832,177.31479620493482,370.0668994681282,37,6.746723833490827,0.9494529831497478,149.06283724391778,0.09,,,60.83862350779376,116.47617269714108,238.15341971272855,1.1648373332797726,11.520915239948089,0.0286181760425083,0.0480719951638848,0.1622637469664366,DEdH,,,,universal_moving_maxima_q99_xi0.10_theta0.01,asymptotic,k,74.0,66.0,91.0,
universal,moving_maxima_q99,0.3,0.01,1.0,hill_raw,365.0,100,0,0.0003667969858668,0.0024939923182242,-0.2996332030141331,0.2996332030141331,0.998777343380444,0.0083133077274141,1.0,1.0,1.0,0.0002192651533895,0.0,0.0,0.0,11.981162082650924,0.1280861701982271,100,12.0,12.0,12.0,0.0,,,0.0128086170198227,11.9683534656311,11.993970699670747,0.0002493992318224,0.0008313307727414,0.0,0.0,0.0369948074760019,Hill,,,,universal_moving_maxima_q99_xi0.30_theta0.01,asymptotic,k,9.0,8.0,11.0,
universal,moving_maxima_q99,0.3,0.01,1.0,max_spectrum_raw,365.0,100,1,0.0516915788029467,0.0391363517577555,-0.2483084211970532,0.2483084211970532,0.8276947373235111,0.130454505859185,0.8508852890478,0.7736564933109449,0.9268714110660152,0.0504489020691837,0.0376271407668116,0.0189272476589963,0.0641816579186246,9.019253401540384,2.1350099998914738,100,9.445670985484714,7.9396460305071965,10.734376699552287,0.01,,,0.2135009999891473,8.805752401551237,9.232754401529531,0.0039136351757755,0.0130454505859185,0.0099498743710662,0.0017673865655472,0.0544875247609346,Max-spectrum,,,,universal_moving_maxima_q99_xi0.30_theta0.01,asymptotic,scale_start,2.0,1.0,3.0,7.0
universal,moving_maxima_q99,0.3,0.01,1.0,pickands_raw,365.0,100,17,0.5900177431317103,2.4581240948134524,0.2900177431317103,1.8988299771385315,6.329433257128438,5.255007055003241,5.471897628340147,2.371097921748926,8.75509031241333,1.3798233214895936,1.1639005687603508,0.9372965137332456,1.5775633829803453,51.40952117592304,51.67890267029575,100,42.615292820781264,8.637190112475537,71.97019388659888,0.17,,,5.167890267029575,46.24163090889346,56.57741144295262,0.2458124094813452,0.5255007055003241,0.0375632799419859,0.1089347605977315,0.2554818123364297,Pickands,,,,universal_moving_maxima_q99_xi0.30_theta0.01,asymptotic,k,60.0,54.0,74.0,
universal,moving_maxima_q99,0.3,0.01,1.0,dedh_moment_raw,365.0,100,11,-4.771010329648738,10.490303016034932,-5.071010329648738,5.132622548431882,17.10874182810627,34.8647907320278,2.1470668845421494,0.6552035408832695,12.124191187988824,2.341590815333473,0.6516066843098246,0.4822435748423818,1.4845492429117826,162.2038138176379,337.1454416586455,36,16.60847146590143,0.6518121978622196,117.283858640542,0.11,,,56.190906943107585,106.0129068745303,218.39472076074549,1.0490303016034932,3.48647907320278,0.031288975694324,0.0625413195522512,0.1863146302790302,DEdH,,,,universal_moving_maxima_q99_xi0.30_theta0.01,asymptotic,k,74.0,66.0,91.0,
universal,moving_maxima_q99,1.0,0.01,1.0,hill_raw,365.0,100,0,0.0025927032433993,0.0175403224555361,-0.9974072967566008,0.9974072967566008,0.9974072967566008,0.0175403224555361,1.0,1.0,1.0,0.0015498749887873,0.0,0.0,0.0,39.86684424547706,0.9008338602146354,100,40.0,40.0,40.0,0.0,,,0.0900833860214635,39.7767608594556,39.95692763149852,0.0017540322455536,0.0017540322455536,0.0,0.0,0.0369948074760019,Hill,,,,universal_moving_maxima_q99_xi1.00_theta0.01,asymptotic,k,9.0,8.0,11.0,
universal,moving_maxima_q99,1.0,0.01,1.0,max_spectrum_raw,365.0,100,1,0.1561742368001788,0.0998944623070902,-0.8438257631998212,0.8438257631998212,0.8438257631998212,0.0998944623070902,0.860767912749818,0.8151370062691141,0.9035170337483508,0.162512348267129,0.1251964790928074,0.0758367171465075,0.18241460240655,30.6737724460258,6.102690771534196,100,32.27250344347442,29.024851580025995,34.19727918471542,0.01,,,0.6102690771534196,30.063503368872382,31.28404152317922,0.009989446230709,0.009989446230709,0.0099498743710662,0.0017673865655472,0.0544875247609346,Max-spectrum,,,,universal_moving_maxima_q99_xi1.00_theta0.01,asymptotic,scale_start,2.0,1.0,3.0,7.0
universal,moving_maxima_q99,1.0,0.01,1.0,pickands_raw,365.0,100,13,1.4031987389887055,2.9342542472550805,0.4031987389887055,2.417889072077101,2.417889072077101,1.693758943742119,2.0816377711093548,1.2620255022907176,3.311284647672314,1.648597037897313,1.3407337936696706,0.9433939176566716,1.9691839209623576,66.59724182095711,54.80485127116125,100,58.99848949398914,27.11614071244695,94.65823956946878,0.13,,,5.480485127116125,61.11675669384098,72.07772694807323,0.293425424725508,0.1693758943742119,0.0336303434416004,0.0775709385841426,0.2098052189480987,Pickands,,,,universal_moving_maxima_q99_xi1.00_theta0.01,asymptotic,k,66.0,57.0,82.0,
universal,moving_maxima_q99,1.0,0.01,1.0,dedh_moment_raw,365.0,100,2,-3.604080580782706,8.812386847550076,-4.604080580782706,4.721557611272317,4.721557611272317,8.748109237764226,1.4219767751817072,0.5688020965343009,4.115007206506146,1.9669611096110664,0.6892971026296275,0.5159981653797383,1.4321558472531482,151.757854228031,284.48990909773187,34,43.529058713666934,13.185263278899749,137.38932716243602,0.02,,,48.789616897581965,102.96823733044904,200.54747112561296,0.8812386847550077,0.8748109237764226,0.014,0.0055018522349681,0.0700131629419936,DEdH,,,,universal_moving_maxima_q99_xi1.00_theta0.01,asymptotic,k,74.0,66.0,91.0,
universal,moving_maxima_q99,3.0,0.01,1.0,hill_raw,365.0,100,0,0.0167544439615678,0.072555769060924,-2.9832455560384323,2.9832455560384323,0.994415185346144,0.0241852563536413,1.0,1.0,1.0,0.0084197109960942,0.0,0.0,0.0,119.16984773261149,3.566765382949275,100,120.0,120.0,120.0,0.0,,,0.3566765382949275,118.81317119431657,119.52652427090642,0.0072555769060924,0.0024185256353641,0.0,0.0,0.0369948074760019,Hill,,,,universal_moving_maxima_q99_xi3.00_theta0.01,asymptotic,k,9.0,8.0,11.0,
universal,moving_maxima_q99,3.0,0.01,1.0,max_spectrum_raw,365.0,100,0,0.4195039546952373,0.2616256419277234,-2.5804960453047623,2.5804960453047623,0.8601653484349208,0.0872085473092411,0.8755655333393655,0.8131972463417494,0.9132002922018524,0.4170052484254084,0.3290062010584165,0.2038005097299055,0.5402170245008433,95.29674209210776,14.53599921572124,100,97.7470274755322,87.95542597683844,105.02808073794728,0.0,,,1.453599921572124,93.84314217053564,96.75034201367988,0.0261625641927723,0.0087208547309241,0.0,0.0,0.0369948074760019,Max-spectrum,,,,universal_moving_maxima_q99_xi3.00_theta0.01,asymptotic,scale_start,2.0,1.0,3.0,7.0
universal,moving_maxima_q99,3.0,0.01,1.0,pickands_raw,365.0,100,22,4.252813712415351,5.90416613509477,1.252813712415351,4.258095758541485,1.4193652528471616,1.4193131818727702,1.174277899451335,0.3845610935671385,1.8750969507908797,2.871303696569918,2.0576224119404647,1.2983876864744897,3.613437870931815,120.16981686522682,132.18034763577944,100,93.46331183243518,9.36700941615383,169.00179437693205,0.22,,,13.218034763577943,106.95178210164887,133.38785162880475,0.590416613509477,0.141931318187277,0.0414246303544159,0.150011745036558,0.3107053471500031,Pickands,,,,universal_moving_maxima_q99_xi3.00_theta0.01,asymptotic,k,66.0,60.0,82.0,
universal,moving_maxima_q99,3.0,0.01,1.0,dedh_moment_raw,365.0,100,1,-0.1582755070588272,2.372605496943041,-3.1582755070588275,3.305964071480646,1.101988023826882,0.7186440391920027,0.8312830903263627,0.7392464702530432,1.3111806896721852,0.9345863935579608,0.6699945592381118,0.540412121658171,1.1073784673062992,114.74696620346468,78.71932549220789,37,87.98966815947786,77.71726216087097,144.18788772400697,0.01,,,12.941377392279774,101.8055888111849,127.68834359574446,0.2372605496943041,0.0718644039192002,0.0099498743710662,0.0017673865655472,0.0544875247609346,DEdH,,,,universal_moving_maxima_q99_xi3.00_theta0.01,asymptotic,k,74.0,66.0,91.0,
universal,moving_maxima_q99,10.0,0.01,1.0,hill_raw,365.0,100,0,0.0351424996108152,0.1590531724541354,-9.964857500389185,9.964857500389185,0.9964857500389184,0.0159053172454135,1.0,1.0,1.0,0.019892874068432,0.0,0.0,0.0,398.2163354082672,7.901713420333125,100,400.0,400.0,400.0,0.0,,,0.7901713420333125,397.42616406623387,399.0065067503005,0.0159053172454135,0.0015905317245413,0.0,0.0,0.0369948074760019,Hill,,,,universal_moving_maxima_q99_xi10.00_theta0.01,asymptotic,k,9.0,8.0,11.0,
universal,moving_maxima_q99,10.0,0.01,1.0,max_spectrum_raw,365.0,100,1,1.6279105596222028,1.1921843006640636,-8.372089440377797,8.372089440377797,0.8372089440377798,0.1192184300664063,0.8719361873074731,0.7950454989308284,0.9051356478639428,1.6951586163438728,1.2976016828842645,0.7420007435060594,2.102373494521127,302.71736002017815,68.52819373803965,100,320.29094738118584,273.104506665804,344.13058744196474,0.01,,,6.852819373803965,295.86454064637417,309.57017939398213,0.1192184300664063,0.0119218430066406,0.0099498743710662,0.0017673865655472,0.0544875247609346,Max-spectrum,,,,universal_moving_maxima_q99_xi10.00_theta0.01,asymptotic,scale_start,2.0,1.0,3.0,7.0
universal,moving_maxima_q99,10.0,0.01,1.0,pickands_raw,365.0,100,19,14.367042685536468,15.55185657860638,4.36704268553647,10.240010283039789,1.0240010283039789,1.2458208596990397,0.7177105677242128,0.3378493618610229,1.0036432530753814,7.834843017356855,5.268891053426355,2.4334350006685312,9.725474499988902,271.73771652678306,372.6522539150064,100,167.78539322485636,40.27257451005842,337.84281406491885,0.19,,,37.26522539150064,234.4724911352824,309.0029419182837,1.5551856578606382,0.1245820859699039,0.039230090491866,0.1251465399270426,0.2777902407080785,Pickands,,,,universal_moving_maxima_q99_xi10.00_theta0.01,asymptotic,k,60.0,54.0,82.0,
universal,moving_maxima_q99,10.0,0.01,1.0,dedh_moment_raw,365.0,100,10,4.594233772972468,6.026356126254767,-5.405766227027532,6.932947413808333,0.6932947413808332,0.4132909981616247,0.7599809743170312,0.455186073712676,0.9237986390915668,2.69666059501649,1.6084095916765868,0.7726765791466964,4.342553619777277,238.47149128293609,165.4768732088599,49,272.3675865468746,65.57144209111634,347.02255130884794,0.1,,,23.639553315551417,214.83193796738468,262.1110445984875,0.6026356126254767,0.0413290998161624,0.03,0.0552285416131361,0.1743673043676654,DEdH,,,,universal_moving_maxima_q99_xi10.00_theta0.01,asymptotic,k,74.0,66.0,91.0,
universal,moving_maxima_q99,0.01,0.1,0.9989469791807266,hill_raw,365.0,100,5,0.0056826825220685,0.0012421591071051,-0.0043173174779314,0.0043462588550077,0.4346258855007799,0.1135645513677958,0.4205334006295588,0.3958121579027429,0.4732121823905083,0.0052663997586837,0.0053966148832196,0.0036270273880259,0.0068832343333938,0.0752022917780471,0.0556086310734064,100,0.0585034206217207,0.0317361627748572,0.0995027217625064,0.05,,,0.0055608631073406,0.0696414286707065,0.0807631548853878,0.0001242159107105,0.0113564551367795,0.0217944947177033,0.0215433614563135,0.1117519652720881,Hill,,,,universal_moving_maxima_q99_xi0.01_theta0.10,asymptotic,k,17.0,15.0,21.0,
universal,moving_maxima_q99,0.01,0.1,0.9989469791807266,max_spectrum_raw,365.0,100,9,0.006062339497158,0.0014017935648848,-0.0039376605028419,0.0039567332134461,0.3956733213446143,0.1346453425894013,0.4186275892906146,0.3230694556142456,0.486141548127192,0.0025069272253981,0.0021752814837082,0.0016778833845939,0.0030458095483767,0.1151852849539647,0.0612322622414456,100,0.1292448498521624,0.069555111168278,0.1609189940507747,0.09,,,0.0061232262241445,0.1090620587298201,0.1213085111781093,0.0001401793564884,0.0134645342589401,0.0286181760425083,0.0480719951638848,0.1622637469664366,Max-spectrum,,,,universal_moving_maxima_q99_xi0.01_theta0.10,asymptotic,scale_start,2.0,1.0,3.0,7.0
universal,moving_maxima_q99,0.01,0.1,0.9989469791807266,pickands_raw,365.0,100,81,-0.2996775410478356,0.3505032388693682,-0.3096775410478357,0.3957946088744702,39.57946088744702,24.79630191323896,36.387513598603135,20.982727129183868,56.13891178977706,1.3315974882082957,1.1754553602907836,1.0075384671905954,1.549520213801928,2.8128474463614004,4.151223843239203,100,1.430411435291299,1.0992872810481753,2.0619603595756235,0.81,,,0.4151223843239203,2.39772506203748,3.227969830685321,0.0350503238869368,2.479630191323896,0.039230090491866,0.7222097592919214,0.8748534600729574,Pickands,,,,universal_moving_maxima_q99_xi0.01_theta0.10,asymptotic,k,35.0,32.0,43.0,
universal,moving_maxima_q99,0.01,0.1,0.9989469791807266,dedh_moment_raw,365.0,100,21,-0.6921958946786273,0.4311782334700216,-0.7021958946786273,0.7034218039139353,70.34218039139351,42.91551044163339,61.3829957144714,35.13117079897826,116.61309103144713,1.0311202439446254,0.8262540212912741,0.5175410199321993,1.374665607179197,9.245264048268856,7.011691022731613,100,8.839485136281091,1.8286420949010576,14.356957423449284,0.21,,,0.7011691022731613,8.544094945995695,9.946433150542015,0.0431178233470021,4.291551044163339,0.0407308237088326,0.1416554953164578,0.2998014930196232,DEdH,,,,universal_moving_maxima_q99_xi0.01_theta0.10,asymptotic,k,27.5,24.5,33.5,
universal,moving_maxima_q99,0.03,0.1,0.9968442629330724,hill_raw,365.0,100,10,0.017362567317749,0.0048847393052567,-0.0126374326822509,0.0128382702843771,0.4279423428125717,0.1441161467435603,0.4356986399513169,0.3897490701133205,0.4732121823905221,0.0145998417734833,0.0143464848616116,0.010013598779207,0.0206497030001806,0.2501963647463235,0.19107511257712,100,0.1755102618651948,0.1384316735157341,0.3274364804233698,0.1,,,0.019107511257712,0.2310888534886115,0.2693038760040355,0.0004884739305256,0.014411614674356,0.03,0.0552285416131361,0.1743673043676654,Hill,,,,universal_moving_maxima_q99_xi0.03_theta0.10,asymptotic,k,19.0,17.0,23.0,
universal,moving_maxima_q99,0.03,0.1,0.9968442629330724,max_spectrum_raw,365.0,100,14,0.0192236568521697,0.0051566536889279,-0.0107763431478302,0.0112683576745199,0.3756119224839974,0.1318045923530668,0.3973512180873773,0.3216105758629869,0.4659143339431992,0.0081079257182236,0.0063810654854633,0.0051346687066083,0.0094695876777706,0.3163197241666683,0.1752057463565322,100,0.3380693860316704,0.2037738727790921,0.4528954803807061,0.14,,,0.0175205746356532,0.2987991495310151,0.3338402988023215,0.0005156653688927,0.0131804592353066,0.0346987031457949,0.085262657544649,0.2213736038380723,Max-spectrum,,,,universal_moving_maxima_q99_xi0.03_theta0.10,asymptotic,scale_start,2.0,1.0,3.0,7.0
universal,moving_maxima_q99,0.03,0.1,0.9968442629330724,pickands_raw,365.0,100,80,-0.2384125062344083,0.400011156011788,-0.2684125062344084,0.4033383733192389,13.444612443974634,8.72141898094992,11.881621983659471,7.628700311927632,18.38104744525542,1.286462903260318,1.1777745381460063,0.9334593472522188,1.5049697675763178,2.824248428246914,3.868138774004685,100,1.363638489437421,1.0793448098757568,2.0575272060829644,0.8,,,0.3868138774004684,2.437434550846445,3.2110623056473817,0.0400011156011788,0.872141898094992,0.04,0.7111690380734977,0.8666340774409013,Pickands,,,,universal_moving_maxima_q99_xi0.03_theta0.10,asymptotic,k,35.0,32.0,43.0,
universal,moving_maxima_q99,0.03,0.1,0.9968442629330724,dedh_moment_raw,365.0,100,17,-0.6682785829264529,0.4077291011123007,-0.6982785829264528,0.6987963653619229,23.29321217873077,13.56106895766614,19.62444174469669,13.111638834686854,34.80209091466173,0.9716999470953246,0.6931634490359764,0.5600055624861024,1.217214526236902,10.284927841823515,7.709947078969857,100,10.174054913579642,3.734793038080631,14.911058151981637,0.17,,,0.7709947078969857,9.513933133926532,11.055922549720504,0.04077291011123,1.3561068957666138,0.0375632799419859,0.1089347605977315,0.2554818123364297,DEdH,,,,universal_moving_maxima_q99_xi0.03_theta0.10,asymptotic,k,41.0,37.0,51.0,
universal,moving_maxima_q99,0.1,0.1,0.9895195503257932,hill_raw,365.0,100,9,0.0580689011736044,0.0150150814049366,-0.0419310988263955,0.0428497347768587,0.4284973477685872,0.121154138922501,0.4431200059389305,0.3886143714967502,0.4872634962481927,0.0485639981389178,0.0459586347145248,0.0359765939929232,0.0688323433339349,0.8165295204309594,0.553775227393657,100,0.6006274914298433,0.391176602757164,1.1952568146190727,0.09,,,0.0553775227393657,0.7611519976915937,0.8719070431703251,0.0015015081404936,0.0121154138922501,0.0286181760425083,0.0480719951638848,0.1622637469664366,Hill,,,,universal_moving_maxima_q99_xi0.10_theta0.10,asymptotic,k,23.0,21.0,28.0,
universal,moving_maxima_q99,0.1,0.1,0.9895195503257932,max_spectrum_raw,365.0,100,11,0.0627289127891695,0.0158328997007806,-0.0372710872108304,0.0381432099775277,0.3814320997752773,0.1357371867543982,0.3887869486689613,0.2790103167743554,0.4922525476388975,0.024846365489535,0.0206586595519624,0.0155544696394441,0.0288887826267595,1.1115437373990926,0.6261647841418689,100,1.1609571929364368,0.6632640433446491,1.6385296948817862,0.11,,,0.0626164784141869,1.0489272589849057,1.1741602158132796,0.001583289970078,0.0135737186754398,0.031288975694324,0.0625413195522512,0.1863146302790302,Max-spectrum,,,,universal_moving_maxima_q99_xi0.10_theta0.10,asymptotic,scale_start,2.0,1.0,3.0,7.0
universal,moving_maxima_q99,0.1,0.1,0.9895195503257932,pickands_raw,365.0,100,77,-0.1825580474653395,0.4043401105954245,-0.2825580474653396,0.4026986693173584,4.026986693173584,2.83429302291391,3.542965990393881,2.041763236169457,6.024126822067434,1.371142193582143,1.2065917284564134,1.0340783508195277,1.63802776599881,2.985051322117219,4.293709886764653,100,1.5569510341126345,1.157906332320818,2.158927398011556,0.77,,,0.4293709886764653,2.555680333440754,3.414422310793684,0.0404340110595424,0.283429302291391,0.0420832508250016,0.6784543514317231,0.841568452531236,Pickands,,,,universal_moving_maxima_q99_xi0.10_theta0.10,asymptotic,k,35.0,32.0,43.0,
universal,moving_maxima_q99,0.1,0.1,0.9895195503257932,dedh_moment_raw,365.0,100,14,-0.5921306639873374,0.3839165484099728,-0.6921306639873375,0.6973668827111803,6.973668827111802,3.742228093276128,5.92155765253153,4.064437172619481,9.845547502840711,0.9264094599391212,0.7287054359662731,0.5433827021593632,1.2682877416840226,10.7772058473666,7.412054024027036,100,9.525567494206868,4.623043687544191,16.84481471637827,0.14,,,0.7412054024027036,10.036000444963896,11.518411249769304,0.0383916548409972,0.3742228093276127,0.0346987031457949,0.085262657544649,0.2213736038380723,DEdH,,,,universal_moving_maxima_q99_xi0.10_theta0.10,asymptotic,k,35.0,32.0,43.0,
universal,moving_maxima_q99,0.3,0.1,0.968887019282738,hill_raw,365.0,100,5,0.1660018693915927,0.0406408066143822,-0.1339981306084072,0.1339981306084072,0.4466604353613574,0.135469355381274,0.4496430048252413,0.3929997525449443,0.482353882324801,0.1452926931231689,0.1399724033352632,0.0975424496715545,0.206497030001806,2.691638777372241,1.9707388150838332,100,2.1621364887736307,0.9520848832461424,3.6783800347201834,0.05,,,0.1970738815083833,2.4945648958638578,2.888712658880624,0.0040640806614382,0.0135469355381274,0.0217944947177033,0.0215433614563135,0.1117519652720881,Hill,,,,universal_moving_maxima_q99_xi0.30_theta0.10,asymptotic,k,19.0,17.0,23.0,
universal,moving_maxima_q99,0.3,0.1,0.968887019282738,max_spectrum_raw,365.0,100,15,0.1900424162848121,0.0516034875242625,-0.1099575837151878,0.1130423693614938,0.376807897871646,0.1478762363218369,0.3989417811260881,0.3042812485783329,0.4703545559876885,0.0829053357643718,0.0673290059429548,0.0482893181462157,0.1022343623103638,3.2255453826133187,1.9797318471860168,100,3.3121306134501984,1.8445883666823568,4.7061843083431985,0.15,,,0.1979731847186016,3.027572197894717,3.42351856733192,0.0051603487524262,0.0147876236321836,0.0357071421427142,0.0930590319116229,0.2328373333215783,Max-spectrum,,,,universal_moving_maxima_q99_xi0.30_theta0.10,asymptotic,scale_start,2.0,1.0,3.0,7.0
universal,moving_maxima_q99,0.3,0.1,0.968887019282738,pickands_raw,365.0,100,80,0.0340163355234293,0.4099959321433764,-0.2659836644765707,0.4113520327339575,1.3711734424465252,0.8733009006777628,1.3550185967941526,0.7266430238162939,1.7850494887611523,1.3754589486426674,1.2368130439285323,0.996394929437494,1.634804024534305,2.568815858842173,4.059239690235587,100,1.4659996193870484,1.121706089490475,2.2125244825151342,0.8,,,0.4059239690235586,2.162891889818614,2.9747398278657315,0.0409995932143376,0.0873300900677762,0.04,0.7111690380734977,0.8666340774409013,Pickands,,,,universal_moving_maxima_q99_xi0.30_theta0.10,asymptotic,k,35.0,32.0,43.0,
universal,moving_maxima_q99,0.3,0.1,0.968887019282738,dedh_moment_raw,365.0,100,17,-0.3602597942292381,0.4173709534549973,-0.6602597942292381,0.6618026973392507,2.206008991130836,1.382984270308682,1.9779419676110277,1.1499303960275205,2.9070202388991637,0.8020830128772163,0.603251841128953,0.5061547889650531,1.0559479094528756,12.011643197056896,8.979684721066532,100,11.52661787431548,2.8410885397621826,20.51282800085658,0.17,,,0.8979684721066532,11.113674724950243,12.90961166916355,0.0417370953454997,0.1382984270308682,0.0375632799419859,0.1089347605977315,0.2554818123364297,DEdH,,,,universal_moving_maxima_q99_xi0.30_theta0.10,asymptotic,k,48.0,43.0,60.0,
universal,moving_maxima_q99,1.0,0.1,0.9000026569262596,hill_raw,365.0,100,23,0.6564191446478614,0.1821149908198262,-0.3435808553521386,0.3528317450124586,0.3528317450124586,0.1632738761863394,0.3965157522427125,0.2467726863778496,0.4532829548671468,0.4645203579242959,0.4344177814753006,0.3574834928136672,0.5507438559249964,6.297629247565214,6.030382388680626,100,4.755455825545424,0.8307460057618608,9.47731620512571,0.23,,,0.6030382388680626,5.694591008697151,6.900667486433277,0.0182114990819826,0.0163273876186339,0.0420832508250016,0.158431547468764,0.3215456485682769,Hill,,,,universal_moving_maxima_q99_xi1.00_theta0.10,asymptotic,k,41.0,37.0,51.0,
universal,moving_maxima_q99,1.0,0.1,0.9000026569262596,max_spectrum_raw,365.0,100,7,0.6055199079699989,0.1247921195080971,-0.3944800920300011,0.3955170388702539,0.3955170388702539,0.1214315175989245,0.4144053838667005,0.3359584586557109,0.4605355958534343,0.2458979438905165,0.2220381182419944,0.1571105882463858,0.3049090590273312,11.424314972358266,5.681287919916135,100,11.411813715739608,7.489468209174611,15.268432874952904,0.07,,,0.5681287919916135,10.856186180366652,11.99244376434988,0.0124792119508097,0.0121431517598924,0.0255147016443461,0.034318824364064,0.1374967100652975,Max-spectrum,,,,universal_moving_maxima_q99_xi1.00_theta0.10,asymptotic,scale_start,2.0,1.0,3.0,7.0
universal,moving_maxima_q99,1.0,0.1,0.9000026569262596,pickands_raw,365.0,100,80,0.7910760723421788,0.4482600718342098,-0.2089239276578212,0.4034416373159695,0.4034416373159695,0.2839330087239122,0.3848636110014895,0.1930578944312615,0.5728386186202958,1.5163960943725587,1.3503053947030188,1.0591804836382717,1.9305405855420776,3.046696209517026,4.490896781266775,100,1.6725643994426649,1.226295782849292,2.549341249947531,0.8,,,0.4490896781266775,2.597606531390348,3.4957858876437027,0.0448260071834209,0.0283933008723912,0.04,0.7111690380734977,0.8666340774409013,Pickands,,,,universal_moving_maxima_q99_xi1.00_theta0.10,asymptotic,k,39.0,35.0,48.0,
universal,moving_maxima_q99,1.0,0.1,0.9000026569262596,dedh_moment_raw,365.0,100,18,0.2984930862709773,0.476996668251642,-0.7015069137290227,0.7294582345682242,0.7294582345682242,0.432578827216174,0.7246106385936101,0.4042233297760478,0.9793508170953452,0.6915803547029641,0.6287400429005658,0.5470933240563101,0.7952080956361323,17.26487693264388,13.514028978351568,100,19.2453058986534,4.112719513340136,25.63930394642719,0.18,,,1.3514028978351569,15.913474034808722,18.616279830479037,0.0476996668251642,0.0432578827216174,0.038418745424597,0.1170013165425103,0.2666753602421308,DEdH,,,,universal_moving_maxima_q99_xi1.00_theta0.10,asymptotic,k,54.0,48.0,66.0,
universal,moving_maxima_q99,3.0,0.1,0.7290064563498708,hill_raw,365.0,100,28,2.110692166692694,1.0432357376409993,-0.8893078333073062,1.2125670251180865,0.4041890083726955,0.2113520762558279,0.400769820019298,0.2616851445522306,0.5096462083546597,1.4065914245873323,1.2371093536655398,1.0011472682778606,1.5552592190696268,25.792164037564163,23.396015777984335,100,21.273235008714252,2.591796778057512,41.36930589440412,0.28,,,2.3396015777984336,23.45256245976573,28.131765615362596,0.1043235737640999,0.0211352076255827,0.0448998886412873,0.2013955916759837,0.3748821236134572,Hill,,,,universal_moving_maxima_q99_xi3.00_theta0.10,asymptotic,k,37.0,33.5,45.5,
universal,moving_maxima_q99,3.0,0.1,0.7290064563498708,max_spectrum_raw,365.0,100,9,1.8987895415910423,0.4274855043182294,-1.1012104584089577,1.1140810292746903,0.3713603430915635,0.1307855707528097,0.3907808341093476,0.3044753801131291,0.4537481695131881,0.7758078978890767,0.6948264989058308,0.4853061186740316,1.0419887426596284,31.300947548787935,17.425338912415985,100,32.48973594941128,16.896784415036294,44.61126055449183,0.09,,,1.7425338912415984,29.558413657546335,33.04348144002953,0.0427485504318229,0.0130785570752809,0.0286181760425083,0.0480719951638848,0.1622637469664366,Max-spectrum,,,,universal_moving_maxima_q99_xi3.00_theta0.10,asymptotic,scale_start,2.0,1.0,3.0,7.0
universal,moving_maxima_q99,3.0,0.1,0.7290064563498708,pickands_raw,365.0,100,72,2.9271478871260217,1.2494233550007592,-0.0728521128739782,0.8808422440685658,0.2936140813561886,0.2949010190306562,0.1924528180726108,0.1104331857299901,0.3847429300965198,2.552877838498344,2.1550370297831583,1.8449001386454176,2.856996872209802,9.369797965846322,16.392697928153382,100,2.8339165213228847,2.001876733247516,5.7411702758556915,0.72,,,1.639269792815338,7.730528173030984,11.00906775866166,0.1249423355000759,0.0294901019030656,0.0448998886412873,0.6251178763865427,0.7986044083240164,Pickands,,,,universal_moving_maxima_q99_xi3.00_theta0.10,asymptotic,k,35.0,32.0,43.0,
universal,moving_maxima_q99,3.0,0.1,0.7290064563498708,dedh_moment_raw,365.0,100,16,1.9007650291710108,1.2851208911476228,-1.0992349708289892,1.5193425150825777,0.5064475050275259,0.245025981986889,0.5334913917205166,0.3220750764595455,0.6688362231689132,1.30019134984095,1.118622788147995,0.9131027693217256,1.4449619730311405,39.4801941713859,26.64712671597582,100,40.83794596368496,15.493750816702091,60.81389036754447,0.16,,,2.6647126715975817,36.81548149978831,42.14490684298348,0.1285120891147622,0.0245025981986889,0.0366606055596467,0.1009520234947371,0.2442044455889441,DEdH,,,,universal_moving_maxima_q99_xi3.00_theta0.10,asymptotic,k,48.0,43.0,60.0,
universal,moving_maxima_q99,10.0,0.1,0.3486887337134534,hill_raw,365.0,100,29,7.359374783768136,4.207544900089428,-2.640625216231864,4.2911266264255,0.42911266264255,0.2479315145334778,0.4087567123545771,0.2326446728086567,0.6450879482074857,4.750015252883186,4.079514984447643,3.2620421922480514,5.524088012646394,96.62267228776346,93.21174507459068,100,70.53909945580776,7.380365451667053,176.04258572478088,0.29,,,9.321174507459068,87.3014977803044,105.94384679522253,0.4207544900089428,0.0247931514533477,0.0453762052181537,0.2101470697398414,0.3853907494000793,Hill,,,,universal_moving_maxima_q99_xi10.00_theta0.10,asymptotic,k,37.0,33.5,45.5,
universal,moving_maxima_q99,10.0,0.1,0.3486887337134534,max_spectrum_raw,365.0,100,13,6.339419829824565,1.6702231554199891,-3.660580170175435,3.7156110574654337,0.3715611057465434,0.1542603920482897,0.3910135882599228,0.2836261404028079,0.492811869406643,2.4887339522902705,2.348006937538228,1.5645101045038232,3.193866587563015,106.688943972598,64.87128187468106,100,119.8934723384608,63.807211070629904,153.2413266805045,0.13,,,6.487128187468106,100.2018157851299,113.1760721600661,0.1670223155419989,0.0154260392048289,0.0336303434416004,0.0775709385841426,0.2098052189480987,Max-spectrum,,,,universal_moving_maxima_q99_xi10.00_theta0.10,asymptotic,scale_start,3.0,2.0,4.0,7.0
universal,moving_maxima_q99,10.0,0.1,0.3486887337134534,pickands_raw,365.0,100,61,10.639538505901106,5.765542393342849,0.6395385059011055,3.83369764583865,0.383369764583865,0.4336925802166278,0.2981785310396568,0.1337211027203511,0.5177374952090421,8.582673053468097,6.698461384917511,4.980328534464638,9.656996360213189,50.57968966118632,90.1074212478569,100,13.38695705889118,6.879993638283141,71.00817453619635,0.61,,,9.01074212478569,41.56894753640063,59.590431785972015,0.5765542393342848,0.0433692580216627,0.0487749935930287,0.5120283616749817,0.699832780680298,Pickands,,,,universal_moving_maxima_q99_xi10.00_theta0.10,asymptotic,k,27.0,24.5,33.5,
universal,moving_maxima_q99,10.0,0.1,0.3486887337134534,dedh_moment_raw,365.0,100,20,6.110352716601093,4.617977793143595,-3.889647283398907,5.387925750498758,0.5387925750498759,0.2699059657678893,0.5484031916320201,0.337512818649508,0.7819847138113066,4.352137905647081,3.6938132631890417,2.7228345572048545,5.272462596846275,143.91414129871595,113.0057942022079,100,128.9385743600323,19.60520452572655,251.6619985382035,0.2,,,11.300579420220789,132.61356187849515,155.21472071893675,0.4617977793143595,0.0269905965767889,0.04,0.1333659225590988,0.2888309619265023,DEdH,,,,universal_moving_maxima_q99_xi10.00_theta0.10,asymptotic,k,21.0,19.0,26.0,
universal,moving_maxima_q99,0.01,0.5,0.993092495437036,hill_raw,365.0,100,76,0.010138805370891,0.00297459388872,0.000138805370891,0.0022286524098301,0.2228652409830117,0.1962296655341656,0.1743317141535592,0.0779521016099946,0.2903758545696729,0.0071925759754463,0.0062479109504741,0.0051577021632478,0.0082439876257875,0.0168107143203608,0.0222650022368829,100,0.0075727967508142,0.0055877070065891,0.0123109437394326,0.76,,,0.0022265002236882,0.0145842140966725,0.0190372145440491,0.000297459388872,0.0196229665534165,0.0427083130081252,0.6676748127670786,0.8330878873454004,Hill,,,,universal_moving_maxima_q99_xi0.01_theta0.50,asymptotic,k,35.0,32.0,43.0,
universal,moving_maxima_q99,0.01,0.5,0.993092495437036,max_spectrum_raw,365.0,100,46,0.0093935899210572,0.0018319748737423,-0.0006064100789427,0.00153405509336,0.1534055093360091,0.1162103097454636,0.1406464559506326,0.0494171764083158,0.2329992727358927,0.0023823288457482,0.0019636218262605,0.0010962182565903,0.0033752221908767,0.0294976314372006,0.0339450466623676,100,0.0078277124326346,0.0028504008851482,0.0578877696849943,0.46,,,0.0033945046662367,0.0261031267709638,0.0328921361034374,0.0001831974873742,0.0116210309745463,0.0498397431775084,0.3656064385333186,0.5573531460647615,Max-spectrum,,,,universal_moving_maxima_q99_xi0.01_theta0.50,asymptotic,scale_start,2.0,1.0,3.0,7.0
universal,moving_maxima_q99,0.01,0.5,0.993092495437036,pickands_raw,365.0,100,98,-0.1198611676830352,0.2511428771065409,-0.1298611676830352,0.2250915041589225,22.509150415892258,17.008540606167355,20.4060756302672,7.424344523639521,32.65333152550017,1.382914678370366,1.2403727999828056,1.0486268014239863,1.668271382008829,1.5693798057134092,1.310443165201629,100,1.3007462670528285,1.0536336490353064,1.6803883131657402,0.98,,,0.1310443165201629,1.4383354891932465,1.700424122233572,0.025114287710654,1.7008540606167355,0.014,0.9299868370580064,0.9944981477650318,Pickands,,,,universal_moving_maxima_q99_xi0.01_theta0.50,asymptotic,k,32.0,28.0,39.0,
universal,moving_maxima_q99,0.01,0.5,0.993092495437036,dedh_moment_raw,365.0,100,92,-0.1293252735846733,0.1312023679403097,-0.1393252735846734,0.1557480252243746,15.574802522437464,11.099187902663529,13.59305379122302,6.318899054173376,22.332563787013633,0.6146487378920745,0.5508768535799913,0.4953288194834996,0.6930144130716427,0.7371281180963573,0.5538132830970911,100,0.5681248211729668,0.5060955121227613,0.7451519145719074,0.92,,,0.0553813283097091,0.6817467897866482,0.7925094464060664,0.0131202367940309,1.1099187902663528,0.027129319932501,0.8500173312059693,0.9589070305141892,DEdH,,,,universal_moving_maxima_q99_xi0.01_theta0.50,asymptotic,k,54.0,48.0,66.0,
universal,moving_maxima_q99,0.03,0.5,0.9794202975869268,hill_raw,365.0,100,75,0.028560702308901,0.0086241518535672,-0.0014392976910989,0.0069615112754898,0.2320503758496626,0.1748533900744301,0.2067012270084813,0.0871108085683012,0.3194234019951074,0.0218563997218898,0.0202588131981668,0.0153862485610983,0.0262783403581226,0.0654015054489665,0.0995249147159696,100,0.0253414254583203,0.0181275364695109,0.036802580037893,0.75,,,0.0099524914715969,0.0554490139773695,0.0753539969205634,0.0008624151853567,0.017485339007443,0.0433012701892219,0.6569535362992417,0.8245490599627573,Hill,,,,universal_moving_maxima_q99_xi0.03_theta0.50,asymptotic,k,27.0,24.5,33.5,
universal,moving_maxima_q99,0.03,0.5,0.9794202975869268,max_spectrum_raw,365.0,100,48,0.0277819716132111,0.0054002640031378,-0.0022180283867888,0.0046758377652794,0.1558612588426469,0.115700248901591,0.1278452141353775,0.0706854228470476,0.2186852593399143,0.0070756311737445,0.0056083061649807,0.004148211874183,0.0096121168776269,0.0990284400655393,0.1193737448835469,100,0.0234115310927563,0.0091298262372327,0.1712434522022749,0.48,,,0.0119373744883546,0.0870910655771846,0.110965814553894,0.0005400264003137,0.0115700248901591,0.0499599839871871,0.3846438432008054,0.5768359490982345,Max-spectrum,,,,universal_moving_maxima_q99_xi0.03_theta0.50,asymptotic,scale_start,2.0,1.0,3.0,7.0
universal,moving_maxima_q99,0.03,0.5,0.9794202975869268,pickands_raw,365.0,100,95,-0.1223940401783388,0.2139910741771153,-0.1523940401783388,0.2130626603442035,7.102088678140118,5.098634781085657,6.2834029165990595,3.300398298831996,10.023382876456123,1.3177518912342534,1.1609692220615762,0.9901321710430316,1.5892398862930404,1.5319931562552158,1.3767700912718308,100,1.226767029633642,1.0185199502680706,1.684818349653708,0.95,,,0.1376770091271831,1.3943161471280328,1.6696701653823989,0.0213991074177115,0.5098634781085657,0.0217944947177033,0.8882480347279118,0.9784566385436864,Pickands,,,,universal_moving_maxima_q99_xi0.03_theta0.50,asymptotic,k,35.0,32.0,43.0,
universal,moving_maxima_q99,0.03,0.5,0.9794202975869268,dedh_moment_raw,365.0,100,92,-0.1168334648257116,0.1399461911049545,-0.1468334648257116,0.1626574326647109,5.421914422157032,4.032933034144724,4.589365977443856,2.2616826351189103,7.376599623800592,0.6755035013550814,0.6197170017821639,0.4864429416049267,0.7691179424225968,0.7774417088822949,0.6005733038813466,100,0.6284103766211089,0.4888658153194692,0.7977940791452229,0.92,,,0.0600573303881346,0.7173843784941603,0.8374990392704296,0.0139946191104954,0.4032933034144724,0.027129319932501,0.8500173312059693,0.9589070305141892,DEdH,,,,universal_moving_maxima_q99_xi0.03_theta0.50,asymptotic,k,43.0,39.0,54.0,
universal,moving_maxima_q99,0.1,0.5,0.9330329915368074,hill_raw,365.0,100,83,0.1031230767170724,0.0352980900374828,0.0031230767170724,0.0216293643515004,0.2162936435150045,0.2798664570830321,0.1500871607424803,0.0602484657440538,0.2903638484634624,0.0742865169570581,0.0617671155458387,0.0518969257150085,0.0849031936065327,0.1666532126797865,0.2571228372166729,100,0.0738419252087595,0.0534603110863542,0.1102964742257366,0.83,,,0.0257122837216672,0.1409409289581192,0.1923654964014538,0.0035298090037482,0.0279866457083032,0.0375632799419859,0.7445181876635703,0.8910652394022684,Hill,,,,universal_moving_maxima_q99_xi0.10_theta0.50,asymptotic,k,39.0,35.0,48.0,
universal,moving_maxima_q99,0.1,0.5,0.9330329915368074,max_spectrum_raw,365.0,100,37,0.093268894401955,0.022356298197979,-0.0067311055980449,0.0179041947205216,0.1790419472052165,0.1489198897948551,0.1462870671546162,0.0728808104850323,0.2485984192717591,0.0227627818867307,0.0188580307891297,0.0116348261547161,0.0289872667973871,0.3992997448588352,0.4691730696061925,100,0.1884253379857503,0.031659296491836,0.6599035630437258,0.37,,,0.0469173069606192,0.3523824378982159,0.4462170518194544,0.0022356298197979,0.0148919889794855,0.0482804308182932,0.2818221256950916,0.4677965242486688,Max-spectrum,,,,universal_moving_maxima_q99_xi0.10_theta0.50,asymptotic,scale_start,2.0,1.0,3.0,7.0
universal,moving_maxima_q99,0.1,0.5,0.9330329915368074,pickands_raw,365.0,100,89,-0.0684051268400687,0.2632343347971507,-0.1684051268400687,0.2541578117618974,2.541578117618974,1.8080483739271764,2.1030632733194228,1.2063924754079134,3.637836847456463,1.2566576473709106,1.1219686655151877,0.9265506065284856,1.535512285067225,1.7847560830504057,1.743275366084945,100,1.2191138605340732,1.002438558008334,1.772566527150925,0.89,,,0.1743275366084944,1.610428546441911,1.9590836196589,0.026323433479715,0.1808048373927176,0.031288975694324,0.8136853697209698,0.9374586804477488,Pickands,,,,universal_moving_maxima_q99_xi0.10_theta0.50,asymptotic,k,39.0,35.0,48.0,
universal,moving_maxima_q99,0.1,0.5,0.9330329915368074,dedh_moment_raw,365.0,100,88,-0.0343579635892464,0.1554571513159001,-0.1343579635892464,0.1711660792962626,1.7116607929626264,1.1317052617374077,1.655121983784969,0.6992619181473961,2.410573042626879,0.6231892724645595,0.5401798481205276,0.4846771692310032,0.6670792742899004,0.8222013860303605,0.6511505187265754,100,0.5955653193166,0.4861789004008623,0.7678982241121489,0.88,,,0.0651150518726575,0.757086334157703,0.8873164379030181,0.01554571513159,0.1131705261737407,0.0324961536185438,0.8018773199709163,0.9300066263473222,DEdH,,,,universal_moving_maxima_q99_xi0.10_theta0.50,asymptotic,k,54.0,48.0,66.0,
universal,moving_maxima_q99,0.3,0.5,0.8122523963562355,hill_raw,365.0,100,76,0.2826006961472311,0.0712044382362654,-0.0173993038527688,0.0583263763983625,0.1944212546612084,0.1468005547094781,0.1676764892280758,0.0669583779614615,0.2862105477168986,0.2058634376291602,0.1881073415588282,0.1472405634230224,0.2475394753982103,0.518485322885764,0.7604357439085163,100,0.2453195148772585,0.166068009453182,0.3922705460576543,0.76,,,0.0760435743908516,0.4424417484949123,0.5945288972766156,0.0071204438236265,0.0146800554709478,0.0427083130081252,0.6676748127670786,0.8330878873454004,Hill,,,,universal_moving_maxima_q99_xi0.30_theta0.50,asymptotic,k,33.5,30.0,41.0,
universal,moving_maxima_q99,0.3,0.5,0.8122523963562355,max_spectrum_raw,365.0,100,28,0.2745166173623247,0.058597050485006,-0.0254833826376752,0.0517703077037195,0.1725676923457317,0.1239327599637215,0.1455628179139088,0.0931234796333129,0.2317221660093403,0.0602599271936993,0.048021523596522,0.0329397548116209,0.0771341139092006,1.1913755112063134,1.3194619389337,100,0.6595700171208747,0.1252252917910919,1.9733048389783392,0.28,,,0.13194619389337,1.0594293173129434,1.3233217050996833,0.0058597050485006,0.0123932759963721,0.0448998886412873,0.2013955916759837,0.3748821236134572,Max-spectrum,,,,universal_moving_maxima_q99_xi0.30_theta0.50,asymptotic,scale_start,2.0,1.0,3.0,7.0
universal,moving_maxima_q99,0.3,0.5,0.8122523963562355,pickands_raw,365.0,100,92,0.1271655542110925,0.2203926003438993,-0.1728344457889074,0.2316844676150785,0.7722815587169286,0.5220311537478033,0.7272008906116121,0.3624077138242693,1.0940029004689855,1.345943983772583,1.181794874801028,0.9870738929280246,1.5495178935324163,1.7119033301406612,1.4431169134622182,100,1.3349330879277992,1.046915471312729,1.7957760258956097,0.92,,,0.1443116913462218,1.5675916387944393,1.856215021486883,0.0220392600343899,0.0522031153747803,0.027129319932501,0.8500173312059693,0.9589070305141892,Pickands,,,,universal_moving_maxima_q99_xi0.30_theta0.50,asymptotic,k,37.0,33.5,45.5,
universal,moving_maxima_q99,0.3,0.5,0.8122523963562355,dedh_moment_raw,365.0,100,78,0.1497557402721398,0.1549796833558558,-0.1502442597278601,0.1770239631474073,0.5900798771580245,0.4105014491664716,0.4774394320113708,0.2651405652115133,0.9316385491703328,0.5970255165795406,0.5571470426650771,0.4985133997939049,0.6831195272359893,1.2537602041671554,1.4988256200471473,100,0.6285633950395391,0.5152328219561693,0.861467018592204,0.78,,,0.1498825620047147,1.1038776421624408,1.40364276617187,0.0154979683355855,0.0410501449166471,0.0414246303544159,0.6892946528499969,0.849988254963442,DEdH,,,,universal_moving_maxima_q99_xi0.30_theta0.50,asymptotic,k,54.0,48.0,66.0,
universal,moving_maxima_q99,1.0,0.5,0.4999999999999999,hill_raw,365.0,100,87,1.003141663833957,0.2277288112676172,0.0031416638339569,0.1816692961760873,0.1816692961760873,0.1361369788677249,0.1582260439250535,0.0917664536447093,0.2354764498092701,0.6461046991371658,0.5762040672983368,0.4980852406124411,0.7320552800193445,1.2970211401831164,2.293785252625786,100,0.609426778666633,0.5172563009344003,0.8436996044392557,0.87,,,0.2293785252625785,1.0676426149205378,1.526399665445695,0.0227728811267617,0.0136136978867724,0.0336303434416004,0.7901947810519012,0.9224290614158576,Hill,,,,universal_moving_maxima_q99_xi1.00_theta0.50,asymptotic,k,48.0,43.0,60.0,
universal,moving_maxima_q99,1.0,0.5,0.4999999999999999,max_spectrum_raw,365.0,100,43,0.9139805871786906,0.1510377744488639,-0.0860194128213094,0.142838586311962,0.142838586311962,0.0983744796291565,0.1357148381131088,0.061121686557052,0.211605192506707,0.2241275241934396,0.1974334684297489,0.1327588090444029,0.2710365556983756,2.7930517414107587,3.074194261089351,100,0.9708042854875604,0.2729306649332227,4.993185767311367,0.43,,,0.3074194261089351,2.4856323153018236,3.100471167519694,0.0151037774448863,0.0098374479629156,0.0495075751779462,0.3373313900052838,0.5278478830413564,Max-spectrum,,,,universal_moving_maxima_q99_xi1.00_theta0.50,asymptotic,scale_start,2.0,1.0,3.0,7.0
universal,moving_maxima_q99,1.0,0.5,0.4999999999999999,pickands_raw,365.0,100,99,0.9800764801325472,0.3344056548645538,-0.0199235198674526,0.2214439961591229,0.2214439961591229,0.250390349384664,0.17718473445097,0.0908400924965099,0.2977934977478632,1.5387426133814055,1.3984234015172738,1.0930319452223975,1.858491990295924,1.6068919479205894,1.06584168570604,100,1.3984234015172738,1.0930319452223975,1.858491990295924,0.99,,,0.106584168570604,1.5003077793499855,1.7134761164911934,0.0334405654864553,0.0250390349384664,0.0099498743710662,0.9455124752390652,0.9982326134344526,Pickands,,,,universal_moving_maxima_q99_xi1.00_theta0.50,asymptotic,k,35.0,32.0,43.0,
universal,moving_maxima_q99,1.0,0.5,0.4999999999999999,dedh_moment_raw,365.0,100,72,0.8892268229287912,0.3501047378215302,-0.1107731770712087,0.2888541993645452,0.2888541993645452,0.2251409041147442,0.2505725228742796,0.1297929289508584,0.3765805437454945,0.8378862564947709,0.7171257864884722,0.6386036756243503,0.9010277449726222,2.471923115789567,3.6652949694521006,100,0.8385790584320876,0.6828785617504666,1.7707926813546175,0.72,,,0.3665294969452101,2.105393618844357,2.8384526127347773,0.035010473782153,0.0225140904114744,0.0448998886412873,0.6251178763865427,0.7986044083240164,DEdH,,,,universal_moving_maxima_q99_xi1.00_theta0.50,asymptotic,k,54.0,48.0,66.0,
universal,moving_maxima_q99,3.0,0.5,0.1249999999999999,hill_raw,365.0,100,76,2.930525282185879,0.8359506609781303,-0.0694747178141207,0.6141253787020851,0.2047084595673617,0.1893642646057588,0.1614373878586793,0.0690997663930681,0.3016729771345885,1.892704533690696,1.7270013657545675,1.4749533445360947,2.206676511855808,6.077451216145658,12.610076299818983,100,2.1141454335941523,1.5730181574769255,2.9335932492816705,0.76,,,1.2610076299818984,4.816443586163759,7.338458846127557,0.083595066097813,0.0189364264605758,0.0427083130081252,0.6676748127670786,0.8330878873454004,Hill,,,,universal_moving_maxima_q99_xi3.00_theta0.50,asymptotic,k,48.0,43.0,60.0,
universal,moving_maxima_q99,3.0,0.5,0.1249999999999999,max_spectrum_raw,365.0,100,37,2.741777668330191,0.5307620104818186,-0.2582223316698085,0.4693524966773462,0.156450832225782,0.1185765911912341,0.1322079978888926,0.0819804676810408,0.205028423842885,0.7141084817288694,0.5514427075469475,0.4005149756389587,0.8665385229559595,9.354155883971549,10.536713519462367,100,5.415508724881791,0.9415263291904394,15.267974757316455,0.37,,,1.0536713519462366,8.30048453202531,10.407827235917784,0.0530762010481818,0.0118576591191234,0.0482804308182932,0.2818221256950916,0.4677965242486688,Max-spectrum,,,,universal_moving_maxima_q99_xi3.00_theta0.50,asymptotic,scale_start,2.0,1.0,3.0,7.0
universal,moving_maxima_q99,3.0,0.5,0.1249999999999999,pickands_raw,365.0,100,96,3.16951411382011,0.4466291418447995,0.1695141138201102,0.3100788020044686,0.1033596006681561,0.1208225576401592,0.0610818740582312,0.0289266358284412,0.1449313205023646,2.492563349282852,2.222352108804274,1.8897403415150655,2.738752939513798,2.8932723993682243,3.0602459718618973,100,2.304749279830199,1.8897403415150655,2.804196718266433,0.96,,,0.3060245971861897,2.5872478021820347,3.199296996554414,0.0446629141844799,0.0120822557640159,0.0195959179422654,0.9016278276739262,0.984336949448152,Pickands,,,,universal_moving_maxima_q99_xi3.00_theta0.50,asymptotic,k,39.0,35.0,48.0,
universal,moving_maxima_q99,3.0,0.5,0.1249999999999999,dedh_moment_raw,365.0,100,60,2.7099980078623505,1.0743749977415655,-0.2900019921376497,0.8657212113674914,0.2885737371224971,0.2314660151444584,0.2672678348339788,0.0977148551425497,0.4133301242820325,2.116785255898615,1.862931404932116,1.5802703312976951,2.351118475855845,9.976582825696786,14.100242153278112,100,2.7189416847514796,1.8126219497955247,15.519184052069576,0.6,,,1.410024215327811,8.566558610368975,11.386607041024597,0.1074374997741565,0.0231466015144458,0.0489897948556635,0.5020007846184025,0.6906002538863971,DEdH,,,,universal_moving_maxima_q99_xi3.00_theta0.50,asymptotic,k,32.0,28.0,39.0,
universal,moving_maxima_q99,10.0,0.5,0.0009765624999999,hill_raw,365.0,100,82,9.598833981836396,2.404531034381882,-0.4011660181636037,1.8798519600239212,0.1879851960023921,0.154103552449434,0.1418162218321283,0.0788233627101065,0.2533769508119975,6.077026828880657,5.790004421527213,4.99800551555293,6.735402658420717,16.644449215499357,28.88580035653445,100,6.1841006646464525,5.321718691346971,8.47258743736681,0.82,,,2.888580035653445,13.755869179845911,19.5330292511528,0.2404531034381882,0.0154103552449434,0.0384187454245971,0.7333246397578691,0.8829986834574896,Hill,,,,universal_moving_maxima_q99_xi10.00_theta0.50,asymptotic,k,43.0,39.0,54.0,
universal,moving_maxima_q99,10.0,0.5,0.0009765624999999,max_spectrum_raw,365.0,100,36,9.169811496815448,1.670592158332695,-0.8301885031845516,1.5334014986003617,0.1533401498600361,0.1054505567896674,0.1391243099826908,0.0754845787447845,0.2190127818878501,1.9482696930143744,1.742813381325234,1.0623627422352475,2.529563486682532,32.70441301024827,34.85798847623619,100,20.91074653497205,2.7565176723477016,56.41405778151328,0.36,,,3.485798847623619,29.218614162624647,36.19021185787189,0.1670592158332695,0.0105450556789667,0.048,0.2727107459049014,0.4576478001883791,Max-spectrum,,,,universal_moving_maxima_q99_xi10.00_theta0.50,asymptotic,scale_start,2.0,1.0,3.0,7.0
universal,moving_maxima_q99,10.0,0.5,0.0009765624999999,pickands_raw,365.0,100,93,10.625645242520935,1.791863813336574,0.6256452425209356,1.2604352411177333,0.1260435241117733,0.1414714569037038,0.0771413267655177,0.0229858461217915,0.1663084761730141,8.212190224191962,7.724913744463706,6.540059258826425,9.493599060207105,9.963575396113187,7.950850392361803,100,7.849314820655859,6.604454719822545,10.447372935779663,0.93,,,0.7950850392361802,9.168490356877008,10.75866043534937,0.1791863813336574,0.0141471456903703,0.0255147016443461,0.8625032899347026,0.965681175635936,Pickands,,,,universal_moving_maxima_q99_xi10.00_theta0.50,asymptotic,k,27.0,24.5,33.5,
universal,moving_maxima_q99,10.0,0.5,0.0009765624999999,dedh_moment_raw,365.0,100,71,9.131956382451952,2.772649668875229,-0.8680436175480492,2.2285421079280625,0.2228542107928062,0.1852601261455823,0.1681016359401606,0.075686883357852,0.3327032691343226,6.24185195316894,5.924460259601913,4.98572433763562,7.075168404121462,26.32268075034229,44.51773908963508,100,6.7865552550924875,5.429140161662692,13.30656800052982,0.71,,,4.451773908963508,21.870906841378776,30.774454659305796,0.2772649668875229,0.0185260126145582,0.0453762052181537,0.6146092505999207,0.7898529302601586,DEdH,,,,universal_moving_maxima_q99_xi10.00_theta0.50,asymptotic,k,39.0,35.0,48.0,
universal,moving_maxima_q99,0.01,1.0,0.0,hill_raw,365.0,100,96,0.0103074557746255,0.0017996554783476,0.0003074557746255,0.0013654420466992,0.1365442046699266,0.1204565940010665,0.1106957397907349,0.0381711826004077,0.2101221990773633,0.0072873851438039,0.0065350916791801,0.0055167025123567,0.0084009289512354,0.0084550334823068,0.0080801718013495,100,0.0067094923206186,0.0055922533301197,0.0087085222917162,0.96,,,0.0008080171801349,0.0076470163021718,0.0092630506624418,0.0001799655478347,0.0120456594001066,0.0195959179422654,0.9016278276739262,0.984336949448152,Hill,,,,universal_moving_maxima_q99_xi0.01_theta1.00,asymptotic,k,35.0,32.0,43.0,
universal,moving_maxima_q99,0.01,1.0,0.0,max_spectrum_raw,365.0,100,38,0.009970841936644,0.0021762644144708,-2.915806335592082e-05,0.0016069258162744,0.1606925816274459,0.1459003793005537,0.1219115184635015,0.0664528492675358,0.2104126970419383,0.0022983799960346,0.0018706448842589,0.0012214059261631,0.0028351693446936,0.030940854427981,0.0378421695434066,100,0.0142683858211076,0.0025037739710259,0.0472937498930591,0.38,,,0.0037842169543406,0.0271566374736403,0.0347250713823217,0.000217626441447,0.0145900379300553,0.0485386443980463,0.2909744920013438,0.4779042617928966,Max-spectrum,,,,universal_moving_maxima_q99_xi0.01_theta1.00,asymptotic,scale_start,2.0,1.0,3.0,7.0
universal,moving_maxima_q99,0.01,1.0,0.0,pickands_raw,365.0,100,87,-0.1326484467661434,0.3245929101463105,-0.1426484467661435,0.2886412316736551,28.864123167365506,20.4351080564962,27.575199445953757,13.52931098989612,39.95142203700296,1.2836797738859227,1.1617426402345048,0.9378109465789064,1.5150419705583664,1.8096832327844148,1.872969526438742,100,1.2897854346205797,0.9927569929760762,1.803100433050434,0.87,,,0.1872969526438742,1.6223862801405406,1.996980185428289,0.032459291014631,2.04351080564962,0.0336303434416004,0.7901947810519012,0.9224290614158576,Pickands,,,,universal_moving_maxima_q99_xi0.01_theta1.00,asymptotic,k,35.0,32.0,43.0,
universal,moving_maxima_q99,0.01,1.0,0.0,dedh_moment_raw,365.0,100,94,-0.0527181508602122,0.1655692446140188,-0.0627181508602122,0.1273534852517636,12.735348525176368,12.248974088555952,10.32179645664094,5.447058979081421,16.04904852451397,0.67652166983174,0.6282691586967979,0.5068799641298757,0.7549943400826241,0.96404598935833,1.3562289885594656,100,0.633016527448389,0.5070678362229183,0.7715070627160314,0.94,,,0.1356228988559465,0.8284230905023834,1.0996688882142764,0.0165569244614018,1.2248974088555953,0.0237486841740758,0.8752303146877748,0.9722142547333432,DEdH,,,,universal_moving_maxima_q99_xi0.01_theta1.00,asymptotic,k,39.0,35.0,48.0,
universal,moving_maxima_q99,0.03,1.0,0.0,hill_raw,365.0,100,96,0.0303713475407285,0.0058438830139861,0.0003713475407285,0.0043853110463279,0.1461770348775977,0.1285174245559035,0.1172730453761084,0.0717509496810294,0.1972698787133604,0.0229659822763649,0.0203074440509953,0.0165991492625616,0.0264419903274375,0.0311182901448479,0.056833649947363,100,0.0212090992270228,0.016957750066242,0.0283269004670428,0.96,,,0.0056833649947363,0.0254349251501116,0.0368016551395842,0.0005843883013986,0.0128517424555903,0.0195959179422654,0.9016278276739262,0.984336949448152,Hill,,,,universal_moving_maxima_q99_xi0.03_theta1.00,asymptotic,k,32.0,28.0,39.0,
universal,moving_maxima_q99,0.03,1.0,0.0,max_spectrum_raw,365.0,100,34,0.0299244213033073,0.0069545767444371,-7.557869669266248e-05,0.0052324372167559,0.1744145738918656,0.1517196201243148,0.1372186163368714,0.068945994979723,0.2199891267861094,0.0065832856167387,0.0054572858661689,0.0037770897646962,0.0086454924340362,0.1085516551972324,0.1366782140833493,100,0.0556064115777072,0.008510553439194,0.1607296535614263,0.34,,,0.0136678214083349,0.0948838337888975,0.1222194766055674,0.0006954576744437,0.0151719620124314,0.047370877129308,0.25461379497543,0.4372245434168906,Max-spectrum,,,,universal_moving_maxima_q99_xi0.03_theta1.00,asymptotic,scale_start,2.0,1.0,3.0,7.0
universal,moving_maxima_q99,0.03,1.0,0.0,pickands_raw,365.0,100,86,-0.1304402156560846,0.3057837917168199,-0.1604402156560846,0.2755820689508378,9.186068965027928,6.895425057969444,7.579211417848775,3.4239274446745083,13.85749991561509,1.2833408776596549,1.1438214646466234,0.9488590689474729,1.5489199837246992,2.064268716938191,2.5441659907864205,100,1.3312992945023858,1.0566979899983386,1.8145701174909077,0.86,,,0.254416599078642,1.8098521178595488,2.318685316016833,0.0305783791716819,0.6895425057969444,0.0346987031457949,0.7786263961619276,0.914737342455351,Pickands,,,,universal_moving_maxima_q99_xi0.03_theta1.00,asymptotic,k,37.0,33.5,45.5,
universal,moving_maxima_q99,0.03,1.0,0.0,dedh_moment_raw,365.0,100,96,-0.0055866333190434,0.1426489304890252,-0.0355866333190434,0.1118911656474547,3.7297055215818258,3.159082840982266,2.9599565575486957,1.4038108595438643,5.191847403469829,0.68531355803333,0.6518784107489903,0.5336418647987622,0.7466699979585768,0.7698153426743933,0.6560825975750206,100,0.6627932256363336,0.5340464612861153,0.7599001360639132,0.96,,,0.065608259757502,0.7042070829168913,0.8354236024318954,0.0142648930489025,0.3159082840982266,0.0195959179422654,0.9016278276739262,0.984336949448152,DEdH,,,,universal_moving_maxima_q99_xi0.03_theta1.00,asymptotic,k,37.0,33.5,45.5,
universal,moving_maxima_q99,0.1,1.0,0.0,hill_raw,365.0,100,98,0.1046213087805419,0.0187257877833132,0.0046213087805419,0.0143804074589803,0.143804074589803,0.1278054680954429,0.1095863076295027,0.0497409523549297,0.2080111753792338,0.0779640450538278,0.068377860011851,0.0538358202005241,0.0983072034718379,0.0866600198702343,0.0829949019868276,100,0.0693224952934313,0.0539054170739464,0.0997589808993256,0.98,,,0.0082994901986827,0.0783605296715515,0.0949595100689171,0.0018725787783313,0.0127805468095442,0.014,0.9299868370580064,0.9944981477650318,Hill,,,,universal_moving_maxima_q99_xi0.10_theta1.00,asymptotic,k,35.0,32.0,43.0,
universal,moving_maxima_q99,0.1,1.0,0.0,max_spectrum_raw,365.0,100,34,0.098393994864733,0.0188947116065019,-0.0016060051352669,0.0148741389943112,0.1487413899431125,0.1166793357183398,0.1216869715942922,0.0587345818858758,0.1866551728507687,0.0229333554126258,0.0186296972850611,0.0125488925863062,0.0284738475412768,0.2509734411456195,0.3239154482599554,100,0.1124212929243136,0.0338798630819233,0.2921587443198687,0.34,,,0.0323915448259955,0.2185818963196239,0.283364985971615,0.0018894711606501,0.0116679335718339,0.047370877129308,0.25461379497543,0.4372245434168906,Max-spectrum,,,,universal_moving_maxima_q99_xi0.10_theta1.00,asymptotic,scale_start,2.0,1.0,3.0,7.0
universal,moving_maxima_q99,0.1,1.0,0.0,pickands_raw,365.0,100,86,-0.0600819530884849,0.3232721628158534,-0.160081953088485,0.3065743545148995,3.0657435451489956,1.8828905137097496,2.7437414584138526,1.938717025432324,4.1817415061566985,1.2170013894407852,1.10922870602032,0.9410107330859296,1.407585169808362,1.856059123600614,2.338318818532742,100,1.2349848126407843,0.992721534718192,1.6586680219299863,0.86,,,0.2338318818532742,1.6222272417473398,2.089891005453888,0.0323272162815853,0.1882890513709749,0.0346987031457949,0.7786263961619276,0.914737342455351,Pickands,,,,universal_moving_maxima_q99_xi0.10_theta1.00,asymptotic,k,43.0,39.0,54.0,
universal,moving_maxima_q99,0.1,1.0,0.0,dedh_moment_raw,365.0,100,97,0.0614943212455847,0.1549738901570174,-0.0385056787544152,0.1172120890256206,1.1721208902562064,1.078754942949384,0.9981497839889564,0.3845816792217328,1.5058063586098682,0.6581495597072718,0.587766900554463,0.4900118067331374,0.7576372696058334,0.7423891009582106,0.8082974077539626,100,0.5994318578227458,0.5022653816106257,0.7842782672848572,0.97,,,0.0808297407753962,0.6615593601828144,0.8232188417336069,0.0154973890157017,0.1078754942949384,0.0170587221092319,0.915479219195973,0.9897456617765852,DEdH,,,,universal_moving_maxima_q99_xi0.10_theta1.00,asymptotic,k,45.5,41.0,57.0,
universal,moving_maxima_q99,0.3,1.0,0.0,hill_raw,365.0,100,93,0.3172133796498173,0.0554285625370515,0.0172133796498173,0.044057689742021,0.1468589658067367,0.1252079170052699,0.123540678035868,0.0543608881926599,0.2069612650867632,0.2073795523185263,0.1889422119509814,0.1638473710183557,0.241745369763179,0.3237783311618606,0.6934582027346368,100,0.2006867428375008,0.1670765223591272,0.2640483772540581,0.93,,,0.0693458202734636,0.254432510888397,0.3931241514353243,0.0055428562537051,0.0125207917005269,0.0255147016443461,0.8625032899347026,0.965681175635936,Hill,,,,universal_moving_maxima_q99_xi0.30_theta1.00,asymptotic,k,43.0,39.0,54.0,
universal,moving_maxima_q99,0.3,1.0,0.0,max_spectrum_raw,365.0,100,43,0.3081025571292533,0.0704177332541782,0.0081025571292533,0.0512309695748924,0.1707698985829749,0.1624071788266999,0.1332425031818734,0.063752257805428,0.2219516533310837,0.0681928970990192,0.057777869548964,0.0400116416035385,0.0809415090186833,1.0306602803349938,1.4103411839301725,100,0.3773630814233515,0.0689274776644053,1.551843956586202,0.43,,,0.1410341183930172,0.8896261619419765,1.171694398728011,0.0070417733254178,0.0162407178826699,0.0495075751779462,0.3373313900052838,0.5278478830413564,Max-spectrum,,,,universal_moving_maxima_q99_xi0.30_theta1.00,asymptotic,scale_start,2.0,1.0,3.0,7.0
universal,moving_maxima_q99,0.3,1.0,0.0,pickands_raw,365.0,100,92,0.1631393534017977,0.321398708780945,-0.1368606465982022,0.2787358864981655,0.9291196216605516,0.6971265447762165,0.8429986349795549,0.3445294144566594,1.354138753269205,1.2495538720253672,1.0873935539499544,0.9489145375289836,1.408413263209746,1.64193543316126,1.6931784645437078,100,1.1243553575950556,0.9598850118325516,1.5814625985654172,0.92,,,0.1693178464543707,1.4726175867068894,1.8112532796156309,0.0321398708780945,0.0697126544776216,0.027129319932501,0.8500173312059693,0.9589070305141892,Pickands,,,,universal_moving_maxima_q99_xi0.30_theta1.00,asymptotic,k,43.0,39.0,54.0,
universal,moving_maxima_q99,0.3,1.0,0.0,dedh_moment_raw,365.0,100,96,0.2782881676447208,0.1539506041111826,-0.0217118323552791,0.1204876778237659,0.4016255927458864,0.3251159471666841,0.2993167356326767,0.1517104101431193,0.5798320304397652,0.6740739421607457,0.603436847586734,0.5154622927969758,0.7848642655075784,0.7837312152762833,0.6462852671880871,100,0.6242379863289143,0.5256228767675102,0.8053889210832195,0.96,,,0.0646285267188087,0.7191026885574746,0.848359741995092,0.0153950604111182,0.0325115947166684,0.0195959179422654,0.9016278276739262,0.984336949448152,DEdH,,,,universal_moving_maxima_q99_xi0.30_theta1.00,asymptotic,k,48.0,43.0,60.0,
universal,moving_maxima_q99,1.0,1.0,0.0,hill_raw,365.0,100,95,1.0079886624841454,0.1826058048849396,0.0079886624841454,0.1356267054823055,0.1356267054823055,0.1217741188695942,0.1016484655156267,0.0422601814060601,0.1895096068455685,0.7035289293665337,0.6534767068861813,0.5287291938549447,0.7789687697018602,0.9902030302250544,1.4455407998009733,100,0.6663514267657136,0.5287291938549447,0.8030546848019984,0.95,,,0.1445540799800973,0.8456489502449569,1.1347571102051517,0.0182605804884939,0.0121774118869594,0.0217944947177033,0.8882480347279118,0.9784566385436864,Hill,,,,universal_moving_maxima_q99_xi1.00_theta1.00,asymptotic,k,39.0,35.0,48.0,
universal,moving_maxima_q99,1.0,1.0,0.0,max_spectrum_raw,365.0,100,42,0.9945778282875888,0.2158632782103796,-0.0054221717124113,0.1537158401927508,0.1537158401927508,0.1508622548895298,0.1061765467057078,0.050535100590578,0.2180152798538408,0.2274696752525243,0.1831658216661157,0.1426565711160126,0.2573042958267401,3.097283259809708,4.5242413471647,100,1.0686608374099906,0.2140178386045605,4.482774914753582,0.42,,,0.45242413471647,2.644859125093238,3.549707394526178,0.0215863278210379,0.0150862254889529,0.0493558507170122,0.327982249185113,0.5179369200110473,Max-spectrum,,,,universal_moving_maxima_q99_xi1.00_theta1.00,asymptotic,scale_start,2.0,1.0,3.0,7.0
universal,moving_maxima_q99,1.0,1.0,0.0,pickands_raw,365.0,100,96,0.9804416265715338,0.3309557537915421,-0.0195583734284662,0.2516276255147477,0.2516276255147477,0.2143876925907161,0.1945042751038596,0.0952042616548468,0.3646674085666697,1.4203097829362898,1.2787835643631775,1.0849458451885785,1.572798874489311,1.568612527054965,1.026795534199165,100,1.337161071259179,1.0888988428457715,1.6407551156166194,0.96,,,0.1026795534199165,1.4659329736350484,1.6712920804748814,0.0330955753791542,0.0214387692590716,0.0195959179422654,0.9016278276739262,0.984336949448152,Pickands,,,,universal_moving_maxima_q99_xi1.00_theta1.00,asymptotic,k,43.0,39.0,54.0,
universal,moving_maxima_q99,1.0,1.0,0.0,dedh_moment_raw,365.0,100,93,0.9627981951526452,0.1827603757416054,-0.037201804847355,0.1411915671645522,0.1411915671645522,0.1210904038158346,0.1105585653475691,0.0424733660082957,0.1964504078456781,0.8284927953237361,0.7628276736775284,0.6762937242922599,0.9131493015844252,1.0954509917528936,1.2585724959877165,100,0.7838006894636071,0.687393505023737,0.9624862006273956,0.93,,,0.1258572495987716,0.969593742154122,1.2213082413516652,0.0182760375741605,0.0121090403815834,0.0255147016443461,0.8625032899347026,0.965681175635936,DEdH,,,,universal_moving_maxima_q99_xi1.00_theta1.00,asymptotic,k,54.0,48.0,66.0,
universal,moving_maxima_q99,3.0,1.0,0.0,hill_raw,365.0,100,93,3.0594963423008465,0.5181379613657086,0.0594963423008465,0.4190552780225028,0.1396850926741676,0.1025569652259797,0.1222760671888916,0.0590092866629361,0.1907387558505064,2.0400844386680443,1.853449733168272,1.6091112777260106,2.197742229013349,2.764156582005051,3.1645847087071775,100,1.90441626252339,1.631510021793804,2.337555586058717,0.93,,,0.3164584708707177,2.447698111134333,3.080615052875769,0.0518137961365708,0.0102556965225979,0.0255147016443461,0.8625032899347026,0.965681175635936,Hill,,,,universal_moving_maxima_q99_xi3.00_theta1.00,asymptotic,k,39.0,35.0,48.0,
universal,moving_maxima_q99,3.0,1.0,0.0,max_spectrum_raw,365.0,100,38,2.9738990570916304,0.5529773878743683,-0.0261009429083697,0.4466117506707034,0.1488705835569011,0.1080099316675223,0.1246372630090082,0.0684975260858265,0.22879856694201,0.6345065548347709,0.5841488378193227,0.382605232443536,0.7903739323194301,9.095167659068473,10.260690026277672,100,4.060244305649238,0.8990268632046676,14.38094515500218,0.38,,,1.0260690026277672,8.069098656440705,10.12123666169624,0.0552977387874368,0.0108009931667522,0.0485386443980463,0.2909744920013438,0.4779042617928966,Max-spectrum,,,,universal_moving_maxima_q99_xi3.00_theta1.00,asymptotic,scale_start,2.0,1.0,3.0,7.0
universal,moving_maxima_q99,3.0,1.0,0.0,pickands_raw,365.0,100,93,3.2375670790392648,0.6658033014851295,0.2375670790392652,0.5716384957468749,0.1905461652489583,0.1375301795792353,0.1693828304612769,0.0795131837321382,0.2781300307902231,2.5202183981619335,2.296922696367779,1.98906964493397,2.849545571035732,3.0856482144934256,3.574027507112973,100,2.3628860399764484,1.9940218166828203,2.9506566400459535,0.93,,,0.3574027507112972,2.7282454637821285,3.4430509652047228,0.0665803301485129,0.0137530179579235,0.0255147016443461,0.8625032899347026,0.965681175635936,Pickands,,,,universal_moving_maxima_q99_xi3.00_theta1.00,asymptotic,k,39.0,35.0,48.0,
universal,moving_maxima_q99,3.0,1.0,0.0,dedh_moment_raw,365.0,100,84,2.8765280527927923,0.6985049755276038,-0.123471947207208,0.5410142166776251,0.180338072225875,0.1518974814976517,0.1421717615293606,0.0763079703521637,0.2209546520014629,2.2112898029721615,1.97374472026832,1.7332444765035837,2.3745269648720138,5.179041587327253,8.672956836173162,100,2.1645793890072493,1.7874085149882009,3.36506030023718,0.84,,,0.8672956836173162,4.311745903709937,6.046337270944569,0.0698504975527603,0.0151897481497651,0.0366606055596467,0.7557955544110557,0.8990479765052628,DEdH,,,,universal_moving_maxima_q99_xi3.00_theta1.00,asymptotic,k,35.0,32.0,43.0,
universal,moving_maxima_q99,10.0,1.0,0.0,hill_raw,365.0,100,93,9.935651653839324,1.937630745496241,-0.0643483461606766,1.5123001164757537,0.1512300116475753,0.1203512470588927,0.1392788953853512,0.0495450186822313,0.2269144937709297,6.687629416880399,6.333913776368136,5.31893187466015,7.548339711909684,10.151217085369538,18.471548330202214,100,6.491083343643844,5.341242117994549,7.924670173563646,0.93,,,1.847154833020222,8.304062252349317,11.99837191838976,0.1937630745496241,0.0120351247058892,0.0255147016443461,0.8625032899347026,0.965681175635936,Hill,,,,universal_moving_maxima_q99_xi10.00_theta1.00,asymptotic,k,39.0,35.0,48.0,
universal,moving_maxima_q99,10.0,1.0,0.0,max_spectrum_raw,365.0,100,33,9.94210257385508,1.93800962153377,-0.0578974261449187,1.5767137920241685,0.1576713792024168,0.1117197164905822,0.1390697197754136,0.0679943629998053,0.219296176679218,2.0120301693502425,1.5482301804767982,1.213374799784769,2.448059974282626,33.930832876237645,35.36956226392713,100,27.04556623970401,3.2415184939707045,49.31450676720428,0.33,,,3.536956226392713,30.39387664984493,37.46778910263035,0.193800962153377,0.0111719716490582,0.0470212717820349,0.2456298379389545,0.4269483966028862,Max-spectrum,,,,universal_moving_maxima_q99_xi10.00_theta1.00,asymptotic,scale_start,2.0,1.0,3.0,7.0
universal,moving_maxima_q99,10.0,1.0,0.0,pickands_raw,365.0,100,90,11.00636495138468,1.9498259612703828,1.0063649513846809,1.7704197469222336,0.1770419746922233,0.1287934452161869,0.1470394994226969,0.083224855473196,0.2471027477631134,7.256373820185429,6.582999415329679,5.802189754472678,7.685321579483815,9.699666243362772,9.01713859507674,100,6.907584375485084,5.904840298945254,8.713429774628791,0.9,,,0.901713859507674,8.797952383855097,10.601380102870449,0.1949825961270382,0.0128793445216186,0.03,0.8256326956323347,0.944771458386864,Pickands,,,,universal_moving_maxima_q99_xi10.00_theta1.00,asymptotic,k,48.0,43.0,60.0,
universal,moving_maxima_q99,10.0,1.0,0.0,dedh_moment_raw,365.0,100,90,9.849887389900266,2.013390477154771,-0.1501126100997353,1.583020144855789,0.1583020144855789,0.1243075697596003,0.143717852378918,0.0571607829671535,0.2343257674685496,6.711631754368714,6.258959954511962,5.342430511503215,7.543070357001264,11.19442151888446,19.734890239446113,100,6.7568563221878,5.468648400874541,8.287841333425803,0.9,,,1.9734890239446112,9.22093249493985,13.167910542829071,0.2013390477154771,0.01243075697596,0.03,0.8256326956323347,0.944771458386864,DEdH,,,,universal_moving_maxima_q99_xi10.00_theta1.00,asymptotic,k,37.0,33.5,45.5,
universal,pareto_additive_ar1,0.01,0.01,0.9998995016917585,hill_raw,365.0,100,0,0.0024795754010156,0.0007769685490276,-0.0075204245989843,0.0075204245989843,0.7520424598984377,0.0776968549027655,0.7933084616822974,0.6616500465250847,0.8118693144144982,0.0027593047031719,0.0025621277733739,0.0024581957875627,0.0032167680539704,0.2483901945991088,0.038383908139667,100,0.2686429569788129,0.2035414255845953,0.278042005802107,0.0,,,0.0038383908139667,0.2445518037851421,0.2522285854130756,7.769685490276557e-05,0.0077696854902765,0.0,0.0,0.0369948074760019,Hill,,,,universal_pareto_additive_ar1_xi0.01_theta0.01,asymptotic,k,10.0,9.0,12.0,
universal,pareto_additive_ar1,0.01,0.01,0.9998995016917585,max_spectrum_raw,365.0,100,0,0.001750881960894,2.856666798474796e-06,-0.0082491180391059,0.0082491180391059,0.8249118039105952,0.0002856666798474,0.8249067126099732,0.824759763774118,0.8251210379835996,0.001440789030279,0.0014404844224104,0.0014387927008975,0.0014430888928933,0.3025897299889363,9.482441384259709e-05,100,0.3025958659951901,0.3025295786072012,0.3026592576755267,0.0,,,9.482441384259706e-06,0.3025802475475521,0.3025992124303206,2.856666798474796e-07,2.856666798474696e-05,0.0,0.0,0.0369948074760019,Max-spectrum,,,,universal_pareto_additive_ar1_xi0.01_theta0.01,asymptotic,scale_start,3.0,2.0,4.0,7.0
universal,pareto_additive_ar1,0.01,0.01,0.9998995016917585,pickands_raw,365.0,100,5,-1.0076646533574636,0.0059999259701554,-1.0176646533574636,1.0176646533574636,101.76646533574636,0.599992597015547,101.75636447838455,101.35440425634069,102.21329967306572,1.249917686733368,1.1713860335216737,0.943241645646497,1.4444374167565996,17.172262204343397,6.875009166150963,100,18.319927839971776,12.852377795683418,22.942352426910656,0.05,,,0.6875009166150963,16.4847612877283,17.859763120958494,0.0005999925970155,0.0599992597015546,0.0217944947177033,0.0215433614563135,0.1117519652720881,Pickands,,,,universal_pareto_additive_ar1_xi0.01_theta0.01,asymptotic,k,35.0,32.0,43.0,
universal,pareto_additive_ar1,0.01,0.01,0.9998995016917585,dedh_moment_raw,365.0,100,0,-1.0739555463521462,0.0371621972678404,-1.0839555463521462,1.0839555463521462,108.3955546352146,3.7162197267840495,107.0690841848832,105.82587152866948,109.44051205688028,0.8545201910658803,0.7776198264451566,0.6882814049196293,0.9387872814362682,27.12233822383412,2.6766078797637856,100,27.9298240810962,25.83318324108831,29.267095711598405,0.0,,,0.2676607879763785,26.85467743585774,27.3899990118105,0.003716219726784,0.3716219726784049,0.0,0.0,0.0369948074760019,DEdH,,,,universal_pareto_additive_ar1_xi0.01_theta0.01,asymptotic,k,54.0,48.0,66.0,
universal,pareto_additive_ar1,0.03,0.01,0.99969853537399,hill_raw,365.0,100,0,0.0024259947572681,0.0016912214728405,-0.0275740052427318,0.0275740052427318,0.9191335080910602,0.0563740490946846,0.9455323587425326,0.9104883309862806,0.9490168269781244,0.0023316806301245,0.0020255264083635,0.0019362128631361,0.0025530218732149,1.0586582777369065,0.079614803063858,100,1.0961538287321324,1.044078581592452,1.1023197019779745,0.0,,,0.0079614803063858,1.0506967974305206,1.0666197580432923,0.000169122147284,0.0056374049094684,0.0,0.0,0.0369948074760019,Hill,,,,universal_pareto_additive_ar1_xi0.03_theta0.01,asymptotic,k,10.0,9.0,12.0,
universal,pareto_additive_ar1,0.03,0.01,0.99969853537399,max_spectrum_raw,365.0,100,0,0.0014074599732376,1.1042560330302208e-05,-0.0285925400267623,0.0285925400267623,0.953084667558746,0.0003680853443434,0.9530800893841348,0.9528787235641758,0.9533371651228464,0.0011190980752718,0.0011175668956301,0.0011112666705666,0.0011265928365297,1.1224387376403302,0.0004074249088996,100,1.122449073971897,1.1221412290533208,1.122705449591357,0.0,,,4.074249088996434e-05,1.1223979951494405,1.12247948013122,1.1042560330302209e-06,3.6808534434340726e-05,0.0,0.0,0.0369948074760019,Max-spectrum,,,,universal_pareto_additive_ar1_xi0.03_theta0.01,asymptotic,scale_start,3.0,2.0,4.0,7.0
universal,pareto_additive_ar1,0.03,0.01,0.99969853537399,pickands_raw,365.0,100,6,-1.029625530836931,0.0231650999051043,-1.0596255308369311,1.0596255308369311,35.32085102789771,0.7721699968368123,35.41694131452638,35.06715207809265,35.77702445608638,1.181588182151068,1.0592349420320728,0.856282857473625,1.3634467731766986,19.992056842041755,7.78893905953053,100,21.84252345434666,16.942507828159357,26.30895310875385,0.06,,,0.778893905953053,19.213162936088704,20.770950747994807,0.0023165099905104,0.0772169996836812,0.0237486841740758,0.0277857452666566,0.124769685312225,Pickands,,,,universal_pareto_additive_ar1_xi0.03_theta0.01,asymptotic,k,43.0,39.0,54.0,
universal,pareto_additive_ar1,0.03,0.01,0.99969853537399,dedh_moment_raw,365.0,100,0,-1.0877181762107428,0.0530965562215093,-1.1177181762107429,1.1177181762107429,37.2572725403581,1.7698852073836444,36.74705234415272,36.25254533278587,37.63109240920405,0.9246271301260504,0.7836732061001777,0.7117805050430903,1.0271642264794,27.140811576034757,3.7169428165232783,100,28.502015233001472,25.258882118923715,29.845442061393523,0.0,,,0.3716942816523279,26.76911729438243,27.512505857687085,0.0053096556221509,0.1769885207383644,0.0,0.0,0.0369948074760019,DEdH,,,,universal_pareto_additive_ar1_xi0.03_theta0.01,asymptotic,k,54.0,48.0,66.0,
universal,pareto_additive_ar1,0.1,0.01,0.99899547129175,hill_raw,365.0,100,0,0.00103685829305,0.0007922464479594,-0.09896314170695,0.09896314170695,0.9896314170695,0.0079224644795943,0.9923286413360304,0.9866353594080046,0.9946101045879232,0.0009019331679575,0.0007816774909083,0.0006054817255018,0.0011736227277503,3.9413889380868063,0.0388371983302618,100,3.954873733804031,3.923404337862448,3.9665788549482457,0.0,,,0.0038837198330261,3.93750521825378,3.945272657919833,7.922464479594369e-05,0.0007922464479594,0.0,0.0,0.0369948074760019,Hill,,,,universal_pareto_additive_ar1_xi0.10_theta0.01,asymptotic,k,14.0,12.0,17.0,
universal,pareto_additive_ar1,0.1,0.01,0.99899547129175,max_spectrum_raw,365.0,100,0,0.0005900164352941,7.060302860690733e-05,-0.0994099835647058,0.0994099835647058,0.9940998356470588,0.000706030286069,0.99415771464907,0.9936583504364762,0.9945624526085908,0.0004443260685684,0.000429531862902,0.0004022750255485,0.0004761688293518,3.9679571472854342,0.0026804127472855,100,3.968081304839517,3.9664426029696846,3.9696562811673295,0.0,,,0.0002680412747285,3.9676891060107056,3.968225188560163,7.060302860690733e-06,7.060302860690683e-05,0.0,0.0,0.0369948074760019,Max-spectrum,,,,universal_pareto_additive_ar1_xi0.10_theta0.01,asymptotic,scale_start,3.0,2.0,4.0,7.0
universal,pareto_additive_ar1,0.1,0.01,0.99899547129175,pickands_raw,365.0,100,8,-1.0927120091856173,0.2995412329450594,-1.1927120091856174,1.1927120091856174,11.927120091856173,2.9954123294505934,11.945629340837469,10.359561551186731,14.101955321940082,1.1338548708681069,1.0029424585873012,0.8966385385970645,1.2194729790756096,26.827573511936848,12.081958769603588,100,27.830288401309243,19.935032097189463,35.17152756318586,0.08,,,1.208195876960359,25.619377634976487,28.035769388897208,0.0299541232945059,0.2995412329450593,0.027129319932501,0.0410929694858109,0.1499826687940307,Pickands,,,,universal_pareto_additive_ar1_xi0.10_theta0.01,asymptotic,k,48.0,43.0,60.0,
universal,pareto_additive_ar1,0.1,0.01,0.99899547129175,dedh_moment_raw,365.0,100,14,-0.849074622511001,0.3531654277687589,-0.9490746225110008,0.9490746225110008,9.49074622511001,3.531654277687589,9.342465246164192,7.327936395109617,11.784243236462473,0.972778597362302,0.8734212040954883,0.7245201469307989,1.1699872252844772,20.42414061418689,13.468493794998077,100,20.888766523597432,8.60486352710462,31.215791476390383,0.14,,,1.3468493794998078,19.07729123468708,21.770989993686698,0.0353165427768758,0.3531654277687588,0.0346987031457949,0.085262657544649,0.2213736038380723,DEdH,,,,universal_pareto_additive_ar1_xi0.10_theta0.01,asymptotic,k,35.0,32.0,43.0,
universal,pareto_additive_ar1,0.3,0.01,0.9969894400953796,hill_raw,365.0,100,0,0.0022380503942817,0.0018562212308984,-0.2977619496057182,0.2977619496057182,0.9925398320190608,0.0061874041029948,0.9944185962770824,0.9911942577765588,0.9963430613512548,0.0016445849911887,0.001373229128055,0.0010358805134853,0.001890005473433,11.879230869396144,0.0913425929396414,100,11.908521158054327,11.862285537468969,11.933718150290968,0.0,,,0.0091342592939641,11.87009661010218,11.888365128690108,0.0001856221230898,0.0006187404102994,0.0,0.0,0.0369948074760019,Hill,,,,universal_pareto_additive_ar1_xi0.30_theta0.01,asymptotic,k,23.0,21.0,28.0,
universal,pareto_additive_ar1,0.3,0.01,0.9969894400953796,max_spectrum_raw,365.0,100,0,0.0022732730895667,0.000842381035648,-0.2977267269104333,0.2977267269104333,0.9924224230347776,0.0028079367854934,0.992711970614246,0.9910960075070884,0.9942754258863756,0.0013654761274596,0.001186369823746,0.0007650051984478,0.0017960486550653,11.883125029995597,0.0448687017794211,100,11.8890470318543,11.858222225555142,11.91897104332672,0.0,,,0.0044868701779421,11.878638159817656,11.88761190017354,8.423810356480281e-05,0.0002807936785493,0.0,0.0,0.0369948074760019,Max-spectrum,,,,universal_pareto_additive_ar1_xi0.30_theta0.01,asymptotic,scale_start,2.0,1.0,3.0,7.0
universal,pareto_additive_ar1,0.3,0.01,0.9969894400953796,pickands_raw,365.0,100,42,-0.4993118240332508,0.8525354297467982,-0.7993118240332509,0.9656360586660712,3.2187868622202376,2.186569777527854,2.674296334263648,1.4902671692600915,4.442580475294653,1.4170854617227049,1.2943550055629056,0.971933326787268,1.74324832925427,18.871777760817515,22.09085623051789,100,7.115151721400066,1.6138845270754798,30.96947795338121,0.42,,,2.209085623051789,16.662692137765728,21.080863383869303,0.0852535429746798,0.2186569777527854,0.0493558507170122,0.327982249185113,0.5179369200110473,Pickands,,,,universal_pareto_additive_ar1_xi0.30_theta0.01,asymptotic,k,30.0,27.0,37.0,
universal,pareto_additive_ar1,0.3,0.01,0.9969894400953796,dedh_moment_raw,365.0,100,15,-0.3841000748019866,0.2781317874648017,-0.6841000748019865,0.6857207220110888,2.2857357400369627,0.9135697427763588,2.3546544931068247,1.7413326881844942,2.8533194856536688,0.7226320431558328,0.6434868685621054,0.5412126862450684,0.8604535033662841,14.715604502758838,9.34166447405248,100,14.1337383190436,8.694170018340236,21.34261708308671,0.15,,,0.934166447405248,13.78143805535359,15.649770950164086,0.0278131787464801,0.0913569742776358,0.0357071421427142,0.0930590319116229,0.2328373333215783,DEdH,,,,universal_pareto_additive_ar1_xi0.30_theta0.01,asymptotic,k,48.0,43.0,60.0,
universal,pareto_additive_ar1,1.0,0.01,0.99,hill_raw,365.0,100,0,0.0515718857497549,0.0296645366097897,-0.9484281142502452,0.9484281142502452,0.9484281142502452,0.0296645366097898,0.9542757345248348,0.938313689398056,0.9638925890851312,0.0446043091219702,0.0425440427069051,0.0295987867906205,0.0560661916934537,37.089642696692366,1.4986312771559631,100,37.29045123476225,36.563383650785795,37.91003320331619,0.0,,,0.1498631277155963,36.93977956897677,37.23950582440796,0.0029664536609789,0.0029664536609789,0.0,0.0,0.0369948074760019,Hill,,,,universal_pareto_additive_ar1_xi1.00_theta0.01,asymptotic,k,17.0,15.0,21.0,
universal,pareto_additive_ar1,1.0,0.01,0.99,max_spectrum_raw,365.0,100,0,0.06927833077941,0.0443027995179424,-0.93072166922059,0.93072166922059,0.93072166922059,0.0443027995179424,0.940974792536542,0.918521536823426,0.958900694424706,0.0615933869423022,0.0520328117874334,0.0301957968931475,0.0772003484951081,36.05859241691986,2.339869714098659,100,36.67015356584896,35.229491806539,37.67267677722278,0.0,,,0.2339869714098659,35.824605445509995,36.29257938832972,0.0044302799517942,0.0044302799517942,0.0,0.0,0.0369948074760019,Max-spectrum,,,,universal_pareto_additive_ar1_xi1.00_theta0.01,asymptotic,scale_start,2.0,1.0,3.0,7.0
universal,pareto_additive_ar1,1.0,0.01,0.99,pickands_raw,365.0,100,12,-0.3819909196523551,0.9791082551124656,-1.3819909196523552,1.559881993899026,1.559881993899026,0.6557696631434219,1.6123343672912216,1.0579749658948088,1.921778237719582,1.5947195694117189,1.4882089282594035,1.1929616295440792,1.973028639558292,33.322635222765115,23.514047394955817,100,32.204988028621514,15.829577196592185,49.35274809068252,0.12,,,2.3514047394955817,30.971230483269533,35.67403996226069,0.0979108255112465,0.0655769663143421,0.0324961536185438,0.0699933736526777,0.1981226800290836,Pickands,,,,universal_pareto_additive_ar1_xi1.00_theta0.01,asymptotic,k,23.0,21.0,28.0,
universal,pareto_additive_ar1,1.0,0.01,0.99,dedh_moment_raw,365.0,100,0,-0.6564244036683549,0.4155943689956652,-1.6564244036683546,1.6564244036683546,1.6564244036683546,0.4155943689956654,1.599404678218117,1.3212303862862609,1.9605900581275812,0.9038671372496614,0.7685843160469965,0.5942540911485676,1.0738263371724526,49.08350053899063,12.211687119812597,100,49.54380028463716,40.73867375335166,58.27760958489901,0.0,,,1.2211687119812595,47.86233182700937,50.30466925097189,0.0415594368995665,0.0415594368995665,0.0,0.0,0.0369948074760019,DEdH,,,,universal_pareto_additive_ar1_xi1.00_theta0.01,asymptotic,k,39.0,35.0,48.0,
universal,pareto_additive_ar1,3.0,0.01,0.970299,hill_raw,365.0,100,0,0.1839095048793759,0.1342225763292646,-2.8160904951206245,2.8160904951206245,0.9386968317068748,0.0447408587764215,0.9448536421942912,0.9447235462215868,0.9497488609080894,0.2054132277533175,0.203766435127116,0.1969723058348913,0.2055588146191797,108.74076847751192,6.376155845488274,100,109.52136127174688,109.4612446363602,110.22747465527294,0.0,,,0.6376155845488274,108.1031528929631,109.37838406206076,0.0134222576329264,0.0044740858776421,0.0,0.0,0.0369948074760019,Hill,,,,universal_pareto_additive_ar1_xi3.00_theta0.01,asymptotic,k,10.0,9.0,12.0,
universal,pareto_additive_ar1,3.0,0.01,0.970299,max_spectrum_raw,365.0,100,0,0.4233816161301564,0.1914245362686157,-2.576618383869844,2.576618383869844,0.8588727946232813,0.0638081787562052,0.8675438619049263,0.8365007140884385,0.8937077068519279,0.4225547174459984,0.3769290111645759,0.2594074474799616,0.5667585114968767,95.03619572331978,10.996065888463992,100,96.6551495646017,89.78074729320511,101.70640122574588,0.0,,,1.0996065888463993,93.93658913447338,96.13580231216618,0.0191424536268615,0.0063808178756205,0.0,0.0,0.0369948074760019,Max-spectrum,,,,universal_pareto_additive_ar1_xi3.00_theta0.01,asymptotic,scale_start,2.0,1.0,3.0,7.0
universal,pareto_additive_ar1,3.0,0.01,0.970299,pickands_raw,365.0,100,3,0.0411428036129099,1.0595260243643798,-2.95885719638709,3.0556469302686486,1.018548976756216,0.2437149787195635,1.1212838715607194,0.9715291115889828,1.141448429626588,1.952035453403251,2.1685552516126982,1.5836978925225922,2.1689319606545103,85.96672896206023,26.640108337744508,100,93.3501642872699,82.76410801030055,94.03544170114972,0.03,,,2.6640108337744506,83.30271812828578,88.63073979583469,0.1059526024364379,0.0243714978719563,0.0170587221092319,0.0102543382234148,0.0845207808040269,Pickands,,,,universal_pareto_additive_ar1_xi3.00_theta0.01,asymptotic,k,10.0,9.0,12.0,
universal,pareto_additive_ar1,3.0,0.01,0.970299,dedh_moment_raw,365.0,100,1,-0.635966468398245,0.6081627806377755,-3.635966468398245,3.635966468398245,1.211988822799415,0.2027209268792584,1.2883855303946832,1.1886185018568356,1.2884327547536878,1.1274387037523133,1.1891416806351771,0.9522978232910528,1.189264842744392,124.22926356808097,20.12277891215508,100,132.01218442616994,127.84887377678064,132.01273833001684,0.01,,,2.012277891215508,122.21698567686543,126.24154145929646,0.0608162780637775,0.0202720926879258,0.0099498743710662,0.0017673865655472,0.0544875247609346,DEdH,,,,universal_pareto_additive_ar1_xi3.00_theta0.01,asymptotic,k,19.0,17.0,23.0,
universal,pareto_additive_ar1,10.0,0.01,0.9043820750088044,hill_raw,365.0,100,0,0.5420047680883101,0.068477601169486,-9.45799523191169,9.45799523191169,0.945799523191169,0.0068477601169485,0.9447231790775404,0.9447231528057424,0.9497483207324928,0.6525171259949378,0.6566098768464839,0.6566098768464769,0.6852063058491773,365.9219838825638,4.123248464259669,100,364.87234258286514,364.87034131116263,367.4237406329141,0.0,,,0.4123248464259669,365.5096590361378,366.33430872898975,0.0068477601169486,0.0006847760116948,0.0,0.0,0.0369948074760019,Hill,,,,universal_pareto_additive_ar1_xi10.00_theta0.01,asymptotic,k,10.0,9.0,12.0,
universal,pareto_additive_ar1,10.0,0.01,0.9043820750088044,max_spectrum_raw,365.0,100,0,1.5201140762185403,0.5990486439207209,-8.47988592378146,8.47988592378146,0.8479885923781459,0.0599048643920721,0.8595689319774251,0.8228290062913232,0.8876973144555222,1.4029379456382742,1.2581731957102988,0.9408143194672784,1.720754988484473,312.53961598413116,32.21155295402336,100,317.4598142105833,298.97192599718477,337.3122734026587,0.0,,,3.221155295402336,309.3184606887288,315.7607712795335,0.059904864392072,0.0059904864392072,0.0,0.0,0.0369948074760019,Max-spectrum,,,,universal_pareto_additive_ar1_xi10.00_theta0.01,asymptotic,scale_start,2.0,1.0,3.0,7.0
universal,pareto_additive_ar1,10.0,0.01,0.9043820750088044,pickands_raw,365.0,100,4,2.383224473628699,2.6408476499141615,-7.616775526371302,7.73565571421708,0.773565571421708,0.2265069766621473,0.900003467080644,0.7248750723266479,0.9000034670809152,2.7356690031981934,2.6825042825778147,2.466026703713804,2.7081045784830993,258.86642827753263,96.6401863511894,100,309.0338054633244,249.149206689775,309.03380546338764,0.04,,,9.66401863511894,249.2024096424137,268.5304469126516,0.2640847649914161,0.0226506976662147,0.0195959179422654,0.015663050551848,0.0983721723260737,Pickands,,,,universal_pareto_additive_ar1_xi10.00_theta0.01,asymptotic,k,12.0,11.0,15.0,
universal,pareto_additive_ar1,10.0,0.01,0.9043820750088044,dedh_moment_raw,365.0,100,0,-0.5608012933737438,0.4952098674149338,-10.560801293373745,10.560801293373745,1.0560801293373745,0.0495209867414934,1.0780564861390751,1.078056481132902,1.078056486139078,1.4201470303580173,1.5725124640595751,1.5725124640594772,1.572512464059599,395.4492581581474,15.788444897108365,100,401.3448576384982,401.3448576384968,401.3448576384992,0.0,,,1.5788444897108362,393.8704136684366,397.02810264785825,0.0495209867414933,0.0049520986741493,0.0,0.0,0.0369948074760019,DEdH,,,,universal_pareto_additive_ar1_xi10.00_theta0.01,asymptotic,k,10.0,9.0,12.0,
universal,pareto_additive_ar1,0.01,0.1,0.9989469496904544,hill_raw,365.0,100,0,0.0008360363243529,0.0006160205165558,-0.009163963675647,0.009163963675647,0.9163963675647012,0.0616020516555871,0.9467336001856532,0.913525608518984,0.9510472515529544,0.0007783562385519,0.0006711784368927,0.0006251816123981,0.0008289527121792,0.3517697784933931,0.0290944348389888,100,0.3658386930392276,0.349789750229537,0.3686962802920438,0.0,,,0.0029094434838988,0.3488603350094942,0.3546792219772919,6.160205165558717e-05,0.0061602051655587,0.0,0.0,0.0369948074760019,Hill,,,,universal_pareto_additive_ar1_xi0.01_theta0.10,asymptotic,k,10.0,9.0,12.0,
universal,pareto_additive_ar1,0.01,0.1,0.9989469496904544,max_spectrum_raw,365.0,100,0,0.0005535004294706,5.284512886970418e-06,-0.0094464995705293,0.0094464995705293,0.9446499570529312,0.000528451288697,0.9445788041494864,0.944236745130688,0.9450956194484874,0.0003790700339781,0.0003786750427655,0.0003756087267795,0.0003820069262559,0.3706576521755876,0.0002041209434129,100,0.3706684815224,0.3705049068006655,0.3708017265411928,0.0,,,2.04120943412995e-05,0.3706372400812463,0.3706780642699289,5.284512886970418e-07,5.284512886970443e-05,0.0,0.0,0.0369948074760019,Max-spectrum,,,,universal_pareto_additive_ar1_xi0.01_theta0.10,asymptotic,scale_start,3.0,2.0,4.0,7.0
universal,pareto_additive_ar1,0.01,0.1,0.9989469496904544,pickands_raw,365.0,100,3,-1.1011247570666214,0.0512260304202755,-1.1111247570666214,1.1111247570666214,111.11247570666214,5.122603042027562,111.25372266169322,107.48826149966956,115.50499988198386,1.2453056596390633,1.122049332281279,0.905878746640176,1.5135149574063418,20.874372144380917,8.964617691990764,100,22.477661673401816,14.483062629299344,28.39886781353946,0.03,,,0.8964617691990764,19.977910375181843,21.77083391357999,0.0051226030420275,0.5122603042027561,0.0170587221092319,0.0102543382234148,0.0845207808040269,Pickands,,,,universal_pareto_additive_ar1_xi0.01_theta0.10,asymptotic,k,39.0,35.0,48.0,
universal,pareto_additive_ar1,0.01,0.1,0.9989469496904544,dedh_moment_raw,365.0,100,0,-1.1048327175936976,0.0639083008060462,-1.1148327175936976,1.1148327175936976,111.48327175936976,6.390830080604626,110.22638083513252,107.48082837318005,113.43852408138194,0.9668024483665192,0.8506227972065661,0.723886450005875,1.1270253920301627,26.22406218478405,4.692826415280552,100,27.31447999980684,24.763791762001148,29.433804912709444,0.0,,,0.4692826415280552,25.754779543255992,26.6933448263121,0.0063908300806046,0.6390830080604626,0.0,0.0,0.0369948074760019,DEdH,,,,universal_pareto_additive_ar1_xi0.01_theta0.10,asymptotic,k,45.5,41.0,57.0,
universal,pareto_additive_ar1,0.03,0.1,0.9968441746484832,hill_raw,365.0,100,0,0.0001580035194056,0.0001041124386898,-0.0298419964805943,0.0298419964805943,0.9947332160198116,0.0034704146229947,0.9957786152949358,0.992680140117306,0.9973827029419728,0.0001201965307801,0.0001067982712454,8.17048068625374e-05,0.000145933587501,1.1913961251389509,0.0052042688766151,100,1.1931544852809255,1.1884129674287591,1.195263027396931,0.0,,,0.0005204268876615,1.1908756982512894,1.1919165520266124,1.041124386898403e-05,0.0003470414622994,0.0,0.0,0.0369948074760019,Hill,,,,universal_pareto_additive_ar1_xi0.03_theta0.10,asymptotic,k,23.0,21.0,28.0,
universal,pareto_additive_ar1,0.03,0.1,0.9968441746484832,max_spectrum_raw,365.0,100,0,0.0001509593870522,6.379395132741438e-05,-0.0298490406129477,0.0298490406129477,0.99496802043159,0.0021264650442471,0.9953503457432428,0.9936901058225304,0.9965012866396386,8.687551978755973e-05,7.361578847270544e-05,4.914447019476148e-05,0.0001165631401175,1.1923109896419444,0.0033034187196032,100,1.19315069214211,1.190352611486004,1.1947093605733723,0.0,,,0.0003303418719603,1.191980647769984,1.1926413315139046,6.3793951327414376e-06,0.0002126465044247,0.0,0.0,0.0369948074760019,Max-spectrum,,,,universal_pareto_additive_ar1_xi0.03_theta0.10,asymptotic,scale_start,2.0,1.0,3.0,7.0
universal,pareto_additive_ar1,0.03,0.1,0.9968441746484832,pickands_raw,365.0,100,43,-0.7760157366232895,0.8681587818316809,-0.8060157366232894,0.9670580562369498,32.23526854123166,22.73703568196801,26.82190783711539,14.807184498347398,45.53562288390718,1.417942396391294,1.3382409175160652,1.0546189986855938,1.6607135738356882,18.22860441240937,21.641179504234547,100,7.223057702517563,1.6577227697592842,29.631499496760796,0.43,,,2.1641179504234547,16.064486461985915,20.392722362832828,0.086815878183168,2.2737035681968005,0.0495075751779462,0.3373313900052838,0.5278478830413564,Pickands,,,,universal_pareto_additive_ar1_xi0.03_theta0.10,asymptotic,k,30.0,27.0,37.0,
universal,pareto_additive_ar1,0.03,0.1,0.9968441746484832,dedh_moment_raw,365.0,100,41,-0.4215812447954126,0.3221356762462938,-0.4515812447954126,0.4654478981695742,15.514929938985809,10.051358279769689,13.935522342687822,7.916356523208789,23.031793082637243,0.7442268335809434,0.6768636066575782,0.572546521958417,0.8313953616064323,7.65134414023153,8.908335183088353,100,2.8189245673902574,0.7994390297921377,13.534605165904688,0.41,,,0.8908335183088353,6.760510621922695,8.542177658540366,0.0322135676246293,1.0051358279769689,0.0491833305094317,0.3186715709566465,0.5079874943890338,DEdH,,,,universal_pareto_additive_ar1_xi0.03_theta0.10,asymptotic,k,43.0,39.0,54.0,
universal,pareto_additive_ar1,0.1,0.1,0.9895192582062144,hill_raw,365.0,100,0,0.0018635607761732,0.0011658477386067,-0.0981364392238268,0.0981364392238268,0.981364392238268,0.0116584773860672,0.983769560775876,0.9775897885663908,0.9894826399576954,0.0014456583118262,0.0013284524543778,0.000979916876637,0.0017432070489925,3.897990061028374,0.0565026008439206,100,3.910292511668565,3.8747219418950505,3.9373346110002334,0.0,,,0.005650260084392,3.892339800943982,3.903640321112766,0.0001165847738606,0.0011658477386067,0.0,0.0,0.0369948074760019,Hill,,,,universal_pareto_additive_ar1_xi0.10_theta0.10,asymptotic,k,21.0,19.0,26.0,
universal,pareto_additive_ar1,0.1,0.1,0.9895192582062144,max_spectrum_raw,365.0,100,0,0.0019173021381521,0.0005614939314188,-0.0980826978618479,0.0980826978618479,0.9808269786184788,0.0056149393141889,0.9814312472701072,0.9789399044428828,0.9847435341325186,0.0009984602597784,0.0008253915905204,0.0006164360806455,0.0013194162471081,3.904337169538125,0.0298730210128199,100,3.9077593351275066,3.887339840017456,3.9248708947279702,0.0,,,0.0029873021012819,3.9013498674368425,3.907324471639406,5.614939314188944e-05,0.0005614939314188,0.0,0.0,0.0369948074760019,Max-spectrum,,,,universal_pareto_additive_ar1_xi0.10_theta0.10,asymptotic,scale_start,2.0,1.0,3.0,7.0
universal,pareto_additive_ar1,0.1,0.1,0.9895192582062144,pickands_raw,365.0,100,45,-0.6494641822098596,0.6918211789818247,-0.7494641822098597,0.8259718842314324,8.259718842314323,5.973826626053095,7.433655723058338,3.0646854244576343,12.414614466674012,1.255741043270652,1.158093678530017,0.9994363059937732,1.4017117174404847,16.16098351908639,18.11612605701738,100,7.8184675004326,1.3351250804443475,29.700844439259836,0.45,,,1.811612605701738,14.349370913384652,17.972596124788126,0.0691821178981824,0.5973826626053095,0.049749371855331,0.3561437510640346,0.5475557296835656,Pickands,,,,universal_pareto_additive_ar1_xi0.10_theta0.10,asymptotic,k,35.0,32.0,43.0,
universal,pareto_additive_ar1,0.1,0.1,0.9895192582062144,dedh_moment_raw,365.0,100,41,-0.3407645707972471,0.2283326032942431,-0.4407645707972471,0.4416871695395868,4.4168716953958675,2.265246236844876,4.092249175332892,2.9081276457833187,5.759250039043222,0.7919866390848468,0.7458893937059944,0.5633240601901911,0.9661094840500004,5.742792988410963,6.705653352005102,100,2.505127445639861,0.984303000213024,7.682050317238381,0.41,,,0.6705653352005102,5.0722276532104535,6.413358323611473,0.0228332603294243,0.2265246236844876,0.0491833305094317,0.3186715709566465,0.5079874943890338,DEdH,,,,universal_pareto_additive_ar1_xi0.10_theta0.10,asymptotic,k,35.0,32.0,43.0,
universal,pareto_additive_ar1,0.3,0.1,0.9688861611972632,hill_raw,365.0,100,0,0.0244535072788533,0.0155403312284645,-0.2755464927211466,0.2755464927211466,0.9184883090704888,0.0518011040948817,0.9332710942387276,0.893197379895143,0.9581096512117764,0.0172289157652203,0.0143976751487446,0.0114137451095434,0.0191059730316647,10.694510309306676,0.778666545327215,100,10.964816266729583,10.36407600299301,11.26154300152697,0.0,,,0.0778666545327215,10.616643654773956,10.7723769638394,0.0015540331228464,0.0051801104094881,0.0,0.0,0.0369948074760019,Hill,,,,universal_pareto_additive_ar1_xi0.30_theta0.10,asymptotic,k,28.0,26.0,35.0,
universal,pareto_additive_ar1,0.3,0.1,0.9688861611972632,max_spectrum_raw,365.0,100,0,0.0207890510162443,0.0068415170724687,-0.2792109489837557,0.2792109489837557,0.9307031632791856,0.0228050569082291,0.9371773540624572,0.918689122202989,0.9476479285413404,0.0098231801030812,0.0086424812549222,0.0055938120053876,0.0129707864980015,10.981797537391683,0.3583824832614959,100,11.096050804285523,10.754001302543468,11.255993132640535,0.0,,,0.0358382483261495,10.945959289065534,11.017635785717832,0.0006841517072468,0.0022805056908229,0.0,0.0,0.0369948074760019,Max-spectrum,,,,universal_pareto_additive_ar1_xi0.30_theta0.10,asymptotic,scale_start,2.0,1.0,3.0,7.0
universal,pareto_additive_ar1,0.3,0.1,0.9688861611972632,pickands_raw,365.0,100,41,-0.3942461807781861,0.6095958149629822,-0.6942461807781861,0.7765021060688533,2.588340353562844,1.6646898237215706,2.58566983153011,1.2869695220156925,3.7001185963949688,1.2786286781233225,1.130995919841573,0.9375157524801204,1.4943964336897264,14.117280497178044,15.076784197645775,100,8.437111580330544,1.594278702801502,24.445717453992383,0.41,,,1.5076784197645776,12.609602077413468,15.62495891694262,0.0609595814962982,0.166468982372157,0.0491833305094317,0.3186715709566465,0.5079874943890338,Pickands,,,,universal_pareto_additive_ar1_xi0.30_theta0.10,asymptotic,k,39.0,35.0,48.0,
universal,pareto_additive_ar1,0.3,0.1,0.9688861611972632,dedh_moment_raw,365.0,100,24,-0.224528986165185,0.2466651047899366,-0.5245289861651851,0.5256454636253778,1.752151545417926,0.8141753457305717,1.7806341927404965,1.1870139470818932,2.1794244184896687,0.728608430730194,0.6451742504589493,0.5342028510093737,0.8412801983929146,8.559877021724358,7.928429462771665,100,7.035327238015308,1.315737898755338,12.556732251521373,0.24,,,0.7928429462771664,7.767034075447191,9.352719968001525,0.0246665104789936,0.0814175345730571,0.0427083130081252,0.1669121126545996,0.3323251872329213,DEdH,,,,universal_pareto_additive_ar1_xi0.30_theta0.10,asymptotic,k,39.0,35.0,48.0,
universal,pareto_additive_ar1,1.0,0.1,0.9,hill_raw,365.0,100,10,0.4817283135280755,0.1944615369652945,-0.5182716864719246,0.5199806543185119,0.5199806543185119,0.1897973310321564,0.5190063486028493,0.4458443726230274,0.6235992293629594,0.3774915883419594,0.3090294432983436,0.215906520872301,0.5085015007488032,14.399140421356355,9.043899942300673,100,15.015679376542742,6.311222135784946,20.038541301982804,0.1,,,0.9043899942300672,13.494750427126288,15.303530415586422,0.0194461536965294,0.0189797331032156,0.03,0.0552285416131361,0.1743673043676654,Hill,,,,universal_pareto_additive_ar1_xi1.00_theta0.10,asymptotic,k,28.0,26.0,35.0,
universal,pareto_additive_ar1,1.0,0.1,0.9,max_spectrum_raw,365.0,100,4,0.3851302710208314,0.153807467753712,-0.6148697289791686,0.6148697289791686,0.6148697289791686,0.153807467753712,0.6718748244833117,0.5447486572599392,0.7195183071213522,0.2187893120974622,0.1536774729789674,0.1203173279626781,0.2984527200033454,20.61762872182051,8.020033205736064,100,23.56959490381763,15.344681720244468,26.318894236725345,0.04,,,0.8020033205736065,19.8156254012469,21.419632042394117,0.0153807467753712,0.0153807467753712,0.0195959179422654,0.015663050551848,0.0983721723260737,Max-spectrum,,,,universal_pareto_additive_ar1_xi1.00_theta0.10,asymptotic,scale_start,2.0,1.0,3.0,7.0
universal,pareto_additive_ar1,1.0,0.1,0.9,pickands_raw,365.0,100,61,0.7109443642674728,0.6740032672004457,-0.2890556357325271,0.597505622084945,0.597505622084945,0.4219696387667415,0.5673921112595737,0.2536311724340885,0.849901903309795,1.5387691960249694,1.3556267466602576,1.072510781005844,1.84776418516751,6.844984866291444,8.371260716201604,100,2.22520479294059,1.3935290503720623,10.798645150406566,0.61,,,0.8371260716201604,6.007858794671284,7.682110937911604,0.0674003267200445,0.0421969638766741,0.0487749935930287,0.5120283616749817,0.699832780680298,Pickands,,,,universal_pareto_additive_ar1_xi1.00_theta0.10,asymptotic,k,35.0,32.0,43.0,
universal,pareto_additive_ar1,1.0,0.1,0.9,dedh_moment_raw,365.0,100,13,0.3177175073899839,0.4698485703817763,-0.6822824926100161,0.739582600507608,0.739582600507608,0.3721044154636123,0.7348366410725191,0.5010576222423024,0.9352954703633758,0.6436719078426179,0.5694002252646981,0.5043452750917153,0.7065963047167415,18.27879024241429,12.273380481429683,100,17.664721095606915,8.531203438124278,26.666687213678507,0.13,,,1.2273380481429683,17.05145219427132,19.506128290557257,0.0469848570381776,0.0372104415463612,0.0336303434416004,0.0775709385841426,0.2098052189480987,DEdH,,,,universal_pareto_additive_ar1_xi1.00_theta0.10,asymptotic,k,63.0,57.0,78.0,
universal,pareto_additive_ar1,3.0,0.1,0.7290000000000001,hill_raw,365.0,100,29,2.048063741466427,0.932735093078957,-0.9519362585335732,1.1674490140290998,0.3891496713430332,0.2130796698654385,0.3929936213288881,0.2221693494343348,0.5626073790390632,1.4121728885415732,1.3095172400946655,0.9465121003453412,1.7686057267384023,26.07244382352317,23.87942398690192,100,18.801214226030837,2.578165216786012,45.29694044423208,0.29,,,2.387942398690192,23.684501424832973,28.46038622221336,0.0932735093078957,0.0213079669865438,0.0453762052181537,0.2101470697398414,0.3853907494000793,Hill,,,,universal_pareto_additive_ar1_xi3.00_theta0.10,asymptotic,k,39.0,35.0,48.0,
universal,pareto_additive_ar1,3.0,0.1,0.7290000000000001,max_spectrum_raw,365.0,100,5,1.7419655490527444,0.4620638170134816,-1.2580344509472556,1.2947987284621527,0.4315995761540509,0.1148438034673516,0.448205355476477,0.3691362432911553,0.4993616894042206,0.7566792803200001,0.6934081517100391,0.5034930692060577,0.9526469181766838,37.91706978589735,17.311094405864687,100,39.90790247032967,30.688643483601584,49.35332864095709,0.05,,,1.7311094405864689,36.185960345310875,39.64817922648382,0.0462063817013481,0.0114843803467351,0.0217944947177033,0.0215433614563135,0.1117519652720881,Max-spectrum,,,,universal_pareto_additive_ar1_xi3.00_theta0.10,asymptotic,scale_start,2.0,1.0,3.0,7.0
universal,pareto_additive_ar1,3.0,0.1,0.7290000000000001,pickands_raw,365.0,100,64,2.9193657727472235,1.453245427281266,-0.0806342272527763,1.0030057857025685,0.3343352619008561,0.3499694265380943,0.2662045129829966,0.116422795705073,0.4419083121130467,2.610583376999663,2.176284796886462,1.812887461076142,2.89449730882876,11.26128781021395,18.988528583196956,100,3.2558781566138046,2.1527659220446203,10.850677040120544,0.64,,,1.8988528583196955,9.362434951894254,13.160140668533646,0.1453245427281266,0.0349969426538094,0.048,0.542352199811621,0.7272892540950986,Pickands,,,,universal_pareto_additive_ar1_xi3.00_theta0.10,asymptotic,k,33.5,30.0,41.0,
universal,pareto_additive_ar1,3.0,0.1,0.7290000000000001,dedh_moment_raw,365.0,100,22,1.9259431214005491,1.321756665235853,-1.0740568785994509,1.503594399597224,0.5011981331990747,0.2642933816983543,0.5214743412908567,0.3110637229811522,0.6880976738233489,1.2955832680307302,1.1365894977772362,0.8904737766253993,1.519296978050788,39.19942468440899,30.07902529090438,100,40.3743201768636,8.082885007955246,65.61954820205796,0.22,,,3.0079025290904378,36.19152215531855,42.207327213499426,0.1321756665235853,0.0264293381698354,0.0414246303544159,0.150011745036558,0.3107053471500031,DEdH,,,,universal_pareto_additive_ar1_xi3.00_theta0.10,asymptotic,k,51.0,45.5,63.0,
universal,pareto_additive_ar1,10.0,0.1,0.3486784401000001,hill_raw,365.0,100,37,7.491743216466003,3.977686726133243,-2.508256783533996,3.8416368586380463,0.3841636858638047,0.2696228213380355,0.3376355971892927,0.1606411403417012,0.6187584322310484,4.754941367311745,4.423176432217786,3.5453923735329775,5.437767030742928,88.8002786328454,94.06055641999929,100,40.70353490812942,6.391219688410562,169.19739584642676,0.37,,,9.406055641999927,79.39422299084548,98.20633427484532,0.3977686726133243,0.0269622821338035,0.0482804308182932,0.2818221256950916,0.4677965242486688,Hill,,,,universal_pareto_additive_ar1_xi10.00_theta0.10,asymptotic,k,43.0,39.0,54.0,
universal,pareto_additive_ar1,10.0,0.1,0.3486784401000001,max_spectrum_raw,365.0,100,16,6.3330631662939245,1.6380544486974735,-3.666936833706076,3.7111824746511775,0.3711182474651177,0.1534104066953525,0.4007466399268239,0.2709685026379617,0.4862495154984607,2.81376426797922,2.396879687739097,1.48875511591989,3.639464427966733,103.5567737459965,67.08503805994418,100,112.88364785976222,37.691816262024176,161.84314063852227,0.16,,,6.708503805994418,96.84826994000208,110.26527755199092,0.1638054448697473,0.0153410406695352,0.0366606055596467,0.1009520234947371,0.2442044455889441,Max-spectrum,,,,universal_pareto_additive_ar1_xi10.00_theta0.10,asymptotic,scale_start,2.0,1.0,3.0,7.0
universal,pareto_additive_ar1,10.0,0.1,0.3486784401000001,pickands_raw,365.0,100,61,10.156247757961696,4.652203297570318,0.1562477579616962,3.58501541795101,0.3585015417951009,0.2947116958194787,0.3035528702183993,0.1703212248328183,0.4461162426192101,8.580974984709423,7.074769761626493,5.499465249018831,10.453937569137636,40.99292287250494,64.60618162001062,100,12.842074898932273,7.505960586457023,42.794314660239166,0.61,,,6.460618162001062,34.53230471050388,47.453541034506,0.4652203297570317,0.0294711695819478,0.0487749935930287,0.5120283616749817,0.699832780680298,Pickands,,,,universal_pareto_additive_ar1_xi10.00_theta0.10,asymptotic,k,23.0,21.0,28.0,
universal,pareto_additive_ar1,10.0,0.1,0.3486784401000001,dedh_moment_raw,365.0,100,28,6.17312219646537,4.450397723839914,-3.826877803534629,5.010038082323028,0.5010038082323027,0.3040549464932603,0.4866617634524329,0.2048191690046988,0.7939265560737165,4.241152819605657,3.7226285310095726,2.851017683754539,5.006703129983062,138.40159059959385,119.10282763220462,100,129.06567450979682,8.015081933904865,258.751075206077,0.28,,,11.910282763220462,126.49130783637338,150.3118733628143,0.4450397723839914,0.030405494649326,0.0448998886412873,0.2013955916759837,0.3748821236134572,DEdH,,,,universal_pareto_additive_ar1_xi10.00_theta0.10,asymptotic,k,26.0,23.0,32.0,
universal,pareto_additive_ar1,0.01,0.5,0.993092495437036,hill_raw,365.0,100,0,0.0001093768731555,7.701953640327626e-05,-0.0098906231268444,0.0098906231268444,0.9890623126844426,0.0077019536403276,0.9909114637366728,0.9870202508556624,0.9940571012368752,8.569220902340082e-05,7.694612396934173e-05,5.907365829421507e-05,0.0001072862162412,0.3939967731023324,0.0037790828882544,100,0.3949324888830383,0.3927645853043854,0.3965494228241259,0.0,,,0.0003779082888254,0.393618864813507,0.3943746813911579,7.701953640327626e-06,0.0007701953640327,0.0,0.0,0.0369948074760019,Hill,,,,universal_pareto_additive_ar1_xi0.01_theta0.50,asymptotic,k,21.0,19.0,26.0,
universal,pareto_additive_ar1,0.01,0.5,0.993092495437036,max_spectrum_raw,365.0,100,0,0.0001191684637402,3.80160163530671e-05,-0.0098808315362597,0.0098808315362597,0.988083153625972,0.0038016016353067,0.9882653984339952,0.9864328378145206,0.9904826405625612,6.400898105028028e-05,5.811281509229954e-05,4.040524563037519e-05,7.936660147837106e-05,0.3940170908104335,0.001978467343688,100,0.3941523941984129,0.3931270915633586,0.3952878974837127,0.0,,,0.0001978467343688,0.3938192440760647,0.3942149375448023,3.8016016353067096e-06,0.0003801601635306,0.0,0.0,0.0369948074760019,Max-spectrum,,,,universal_pareto_additive_ar1_xi0.01_theta0.50,asymptotic,scale_start,2.0,1.0,3.0,7.0
universal,pareto_additive_ar1,0.01,0.5,0.993092495437036,pickands_raw,365.0,100,46,-0.634351502463361,0.676720693675603,-0.644351502463361,0.76184540499422,76.184540499422,53.95020392883123,65.84887607684996,35.20623284143437,117.7229505980762,1.294930171029226,1.1678219258935738,0.988905203482305,1.4522350025219817,12.998855673972262,15.94612832345375,100,4.556000593388259,1.375559269561736,24.135856645298404,0.46,,,1.594612832345375,11.404242841626887,14.593468506317636,0.0676720693675602,5.395020392883123,0.0498397431775084,0.3656064385333186,0.5573531460647615,Pickands,,,,universal_pareto_additive_ar1_xi0.01_theta0.50,asymptotic,k,35.0,32.0,43.0,
universal,pareto_additive_ar1,0.01,0.5,0.993092495437036,dedh_moment_raw,365.0,100,47,-0.3855236908416393,0.2433904812588925,-0.3955236908416393,0.4013748833614177,40.13748833614177,23.35144970460479,37.433436857606736,24.63938345690361,52.72260451968533,0.7802262813030003,0.6749423076404046,0.5448279745243793,0.9352325299165518,5.157480269110646,6.178440349172921,100,2.2883507303916764,0.915422549865031,7.389333798556246,0.47,,,0.6178440349172921,4.539636234193354,5.775324304027938,0.0243390481258892,2.3351449704604788,0.0499099188538711,0.3751065198210374,0.5671131686275227,DEdH,,,,universal_pareto_additive_ar1_xi0.01_theta0.50,asymptotic,k,43.0,39.0,54.0,
universal,pareto_additive_ar1,0.03,0.5,0.9794202975869268,hill_raw,365.0,100,0,0.0009493591116153,0.0006048816907906,-0.0290506408883846,0.0290506408883846,0.9683546962794892,0.0201627230263561,0.9741063486131064,0.9602256305539544,0.9832188841847936,0.0007357341665515,0.0006582517664879,0.0005029320908968,0.0009168195762609,1.148046686370907,0.0291582330710943,100,1.1563392370009886,1.1378268081176128,1.1681483997108142,0.0,,,0.0029158233071094,1.1451308630637973,1.150962509678016,6.048816907906836e-05,0.0020162723026356,0.0,0.0,0.0369948074760019,Hill,,,,universal_pareto_additive_ar1_xi0.03_theta0.50,asymptotic,k,20.0,18.0,24.5,
universal,pareto_additive_ar1,0.03,0.5,0.9794202975869268,max_spectrum_raw,365.0,100,0,0.0011208796228138,0.0003306828914423,-0.0288791203771861,0.0288791203771861,0.9626373459062034,0.0110227630480777,0.9655448554354584,0.9575450707206472,0.9696154645876688,0.0005485981424293,0.000451147626549,0.0003203054759791,0.0006886124220731,1.1447414503812867,0.0183428734719381,100,1.1486240537831285,1.1355766605623483,1.1567240569675628,0.0,,,0.0018342873471938,1.142907163034093,1.1465757377284804,3.306828914423315e-05,0.0011022763048077,0.0,0.0,0.0369948074760019,Max-spectrum,,,,universal_pareto_additive_ar1_xi0.03_theta0.50,asymptotic,scale_start,2.0,1.0,3.0,7.0
universal,pareto_additive_ar1,0.03,0.5,0.9794202975869268,pickands_raw,365.0,100,49,-0.6000076866775316,0.6685179279737745,-0.6300076866775316,0.7432845588011077,24.776151960036923,17.94382078982371,20.850546641028355,10.11922882103764,34.38409663836504,1.2828097457175864,1.1924204215147371,0.9496928598346792,1.474809753811856,12.652662884706285,16.014610238242305,100,2.175902576551895,1.324013059439155,19.846040908112982,0.49,,,1.6014610238242306,11.051201860882054,14.254123908530516,0.0668517927973774,1.794382078982371,0.0499899989997999,0.3942183009238614,0.5865215952256586,Pickands,,,,universal_pareto_additive_ar1_xi0.03_theta0.50,asymptotic,k,35.0,32.0,43.0,
universal,pareto_additive_ar1,0.03,0.5,0.9794202975869268,dedh_moment_raw,365.0,100,45,-0.3847193693307897,0.265028465149452,-0.4147193693307898,0.416947685704832,13.898256190161067,8.715768000593572,12.052948875047363,7.531271918287976,19.17490180246637,0.754865748461648,0.6982199222167055,0.5481897969160083,0.9039768659499412,6.192245542774929,7.124031809631676,100,2.1439905586630026,0.8904793838564276,10.801281205744704,0.45,,,0.7124031809631676,5.4798423618117615,6.904648723738096,0.0265028465149452,0.8715768000593572,0.049749371855331,0.3561437510640346,0.5475557296835656,DEdH,,,,universal_pareto_additive_ar1_xi0.03_theta0.50,asymptotic,k,39.0,35.0,48.0,
universal,pareto_additive_ar1,0.1,0.5,0.9330329915368074,hill_raw,365.0,100,0,0.0117519363216714,0.0055751122639732,-0.0882480636783285,0.0882480636783285,0.8824806367832853,0.0557511226397324,0.8956296749069289,0.8554390118852725,0.9217917538411462,0.0084880182584396,0.0075851051402982,0.0059897267887713,0.0098015123319046,3.3686502002227883,0.2875452497189337,100,3.4404623838539936,3.249917039481602,3.5542793897046376,0.0,,,0.0287545249718933,3.339895675250895,3.3974047251946815,0.0005575112263973,0.0055751122639732,0.0,0.0,0.0369948074760019,Hill,,,,universal_pareto_additive_ar1_xi0.10_theta0.50,asymptotic,k,30.0,27.0,37.0,
universal,pareto_additive_ar1,0.1,0.5,0.9330329915368074,max_spectrum_raw,365.0,100,0,0.010968231480335,0.002794241007114,-0.0890317685196649,0.0890317685196649,0.8903176851966492,0.0279424100711407,0.8944767728372973,0.8803468844351761,0.9072155584471312,0.0043771217138829,0.0037238404562273,0.0026212534991233,0.0056239922064934,3.478105428222821,0.1491575788046007,100,3.5135992151824715,3.418889971032886,3.5684376858799456,0.0,,,0.01491575788046,3.463189670342361,3.493021186103281,0.0002794241007114,0.002794241007114,0.0,0.0,0.0369948074760019,Max-spectrum,,,,universal_pareto_additive_ar1_xi0.10_theta0.50,asymptotic,scale_start,2.0,1.0,3.0,7.0
universal,pareto_additive_ar1,0.1,0.5,0.9330329915368074,pickands_raw,365.0,100,74,-0.2629514088197504,0.4477971614648947,-0.3629514088197504,0.4689075710667626,4.689075710667626,3.339032851541514,4.3830319983831245,2.0828195314515856,6.116011304856894,1.3076058123846663,1.2037664762268852,1.0444951556565836,1.4437271476320377,4.68888281177139,7.202324228926398,100,1.455801551178617,1.1813552011937425,2.709607491079134,0.74,,,0.7202324228926398,3.9686503888787503,5.40911523466403,0.0447797161464894,0.3339032851541514,0.0438634243989226,0.6462882736813838,0.8159542187301354,Pickands,,,,universal_pareto_additive_ar1_xi0.10_theta0.50,asymptotic,k,33.5,30.0,41.0,
universal,pareto_additive_ar1,0.1,0.5,0.9330329915368074,dedh_moment_raw,365.0,100,50,-0.2200390304018486,0.2076550397729146,-0.3200390304018486,0.3245987203570344,3.245987203570345,2.0037858388457286,3.0800689366460285,1.760617787384803,4.328507334141653,0.6964403940166618,0.6333019076101079,0.5260355705587088,0.7855874619523011,3.462064180853889,4.2889880219351575,100,1.0350389618842335,0.6578290474281456,4.893396026752209,0.5,,,0.4288988021935157,3.0331653786603727,3.890962983047405,0.0207655039772914,0.2003785838845728,0.05,0.4038298285901471,0.5961701714098528,DEdH,,,,universal_pareto_additive_ar1_xi0.10_theta0.50,asymptotic,k,43.0,39.0,54.0,
universal,pareto_additive_ar1,0.3,0.5,0.8122523963562356,hill_raw,365.0,100,1,0.1088555028391309,0.0365552010109617,-0.191144497160869,0.191144497160869,0.6371483238695635,0.1218506700365391,0.6624979969543914,0.5873886272243822,0.7190690728901511,0.0752025409889594,0.0652499114102307,0.0518528922097199,0.0890987581979347,6.248561856588297,1.8436070058983456,100,6.540423794681055,5.252371630532757,7.40322200391173,0.01,,,0.1843607005898345,6.064201155998462,6.432922557178132,0.0036555201010961,0.0121850670036539,0.0099498743710662,0.0017673865655472,0.0544875247609346,Hill,,,,universal_pareto_additive_ar1_xi0.30_theta0.50,asymptotic,k,39.0,35.0,48.0,
universal,pareto_additive_ar1,0.3,0.5,0.8122523963562356,max_spectrum_raw,365.0,100,1,0.0979508578492204,0.0281179188699146,-0.2020491421507795,0.2020491421507795,0.6734971405025987,0.0937263962330487,0.6865116440304517,0.6322770740050275,0.7307341205501293,0.0348388996342657,0.0290152494850623,0.0176573976007385,0.040435108568116,7.438036425928775,1.4113881936090806,100,7.739723605849486,6.828141361537309,8.338865183320472,0.01,,,0.141138819360908,7.2968976065678675,7.579175245289683,0.0028117918869914,0.0093726396233048,0.0099498743710662,0.0017673865655472,0.0544875247609346,Max-spectrum,,,,universal_pareto_additive_ar1_xi0.30_theta0.50,asymptotic,scale_start,2.0,1.0,3.0,7.0
universal,pareto_additive_ar1,0.3,0.5,0.8122523963562356,pickands_raw,365.0,100,69,-0.0401777315824994,0.3660250802489682,-0.3401777315824994,0.4121479294689874,1.3738264315632915,0.9385710960383664,1.1952845243521986,0.6675750125943054,1.9830500108755176,1.2591550826064142,1.1260934596154906,0.9297412426844976,1.5448468563126287,4.274408198863258,5.862204488698888,100,1.586080834688544,1.126370981864006,4.18347937754879,0.69,,,0.5862204488698888,3.688187749993369,4.860628647733146,0.0366025080248968,0.0938571096038366,0.0462493243193887,0.5937376052204429,0.7722043679386762,Pickands,,,,universal_pareto_additive_ar1_xi0.30_theta0.50,asymptotic,k,39.0,35.0,48.0,
universal,pareto_additive_ar1,0.3,0.5,0.8122523963562356,dedh_moment_raw,365.0,100,47,-0.0047206965716016,0.2052662814813876,-0.3047206965716016,0.3137175854987215,1.0457252849957386,0.6369547651262573,0.9710851331620076,0.5351055627793931,1.343800198780139,0.6451672757379909,0.5672940649444376,0.4910055054784106,0.7425274469823255,3.654776434376384,4.408870359269197,100,1.1611328317229213,0.6336547502115052,5.790510464595419,0.47,,,0.4408870359269197,3.213889398449464,4.095663470303304,0.0205266281481387,0.0636954765126257,0.0499099188538711,0.3751065198210374,0.5671131686275227,DEdH,,,,universal_pareto_additive_ar1_xi0.30_theta0.50,asymptotic,k,48.0,43.0,60.0,
universal,pareto_additive_ar1,1.0,0.5,0.5,hill_raw,365.0,100,53,0.8163644702897315,0.2293632680889824,-0.1836355297102684,0.2606462948255297,0.2606462948255297,0.1343407037103861,0.256749217657849,0.1621822721022363,0.3479107765368716,0.5609916144423905,0.5084149011804757,0.4089282573896152,0.658830142271378,3.2344970805278184,3.828210273246353,100,0.917216008723335,0.5635690001525958,5.895822414372032,0.53,,,0.3828210273246353,2.851676053203183,3.6173181078524537,0.0229363268088982,0.0134340703710386,0.0499099188538711,0.4328868313724773,0.6248934801789626,Hill,,,,universal_pareto_additive_ar1_xi1.00_theta0.50,asymptotic,k,39.0,35.0,48.0,
universal,pareto_additive_ar1,1.0,0.5,0.5,max_spectrum_raw,365.0,100,20,0.7604602529768184,0.1580769371219909,-0.2395397470231816,0.2575433285487955,0.2575433285487955,0.1262879473655591,0.2620110702722771,0.1809376385882051,0.3386710234172327,0.2142058591785079,0.1825550220993014,0.1196610773773121,0.2473658931036129,7.268944247018035,5.2685132835305835,100,7.321789654975205,1.9366906933372472,11.163469981592192,0.2,,,0.5268513283530584,6.7420929186649765,7.795795575371093,0.015807693712199,0.0126287947365559,0.04,0.1333659225590988,0.2888309619265023,Max-spectrum,,,,universal_pareto_additive_ar1_xi1.00_theta0.50,asymptotic,scale_start,2.0,1.0,3.0,7.0
universal,pareto_additive_ar1,1.0,0.5,0.5,pickands_raw,365.0,100,88,0.7941137740074232,0.3109715439138282,-0.2058862259925767,0.2978887208876683,0.2978887208876683,0.2233530433054852,0.2522063693952373,0.1445713334289943,0.4214652527105342,1.436061080138328,1.278842120277003,1.0221419006488754,1.6818230935220295,1.7732577984443605,1.1655543278782434,100,1.4270069033663375,1.1162571145310287,1.8614196749915677,0.88,,,0.1165554327878243,1.656702365656536,1.889813231232185,0.0310971543913828,0.0223353043305485,0.0324961536185438,0.8018773199709163,0.9300066263473222,Pickands,,,,universal_pareto_additive_ar1_xi1.00_theta0.50,asymptotic,k,43.0,39.0,54.0,
universal,pareto_additive_ar1,1.0,0.5,0.5,dedh_moment_raw,365.0,100,58,0.7378171513821513,0.3111909156713759,-0.2621828486178486,0.3502167383676139,0.3502167383676139,0.205872056013971,0.3073291032898302,0.2183411542975911,0.4802117506975994,0.748118267705509,0.6845879915018338,0.5641954961517143,0.834138340179926,3.996508875109365,5.548193247283133,100,1.0593971321598032,0.7347780964562055,6.196041967074583,0.58,,,0.5548193247283133,3.441689550381051,4.551328199837678,0.0311190915671375,0.0205872056013971,0.0493558507170122,0.4820630799889527,0.672017750814887,DEdH,,,,universal_pareto_additive_ar1_xi1.00_theta0.50,asymptotic,k,54.0,48.0,66.0,
universal,pareto_additive_ar1,3.0,0.5,0.125,hill_raw,365.0,100,75,2.955869961688846,0.9594778211726658,-0.0441300383111534,0.6183326604793138,0.2061108868264379,0.2441237321498236,0.1321871705401818,0.0736483641107786,0.2780662081931287,1.9267902955037388,1.7275545550159173,1.4656687321513613,2.0460742777607375,4.803501412641038,6.886861025406658,100,1.8071780665572377,1.5341613529023956,3.0551721325941896,0.75,,,0.6886861025406658,4.114815310100372,5.492187515181703,0.0959477821172665,0.0244123732149823,0.0433012701892219,0.6569535362992417,0.8245490599627573,Hill,,,,universal_pareto_additive_ar1_xi3.00_theta0.50,asymptotic,k,48.0,43.0,60.0,
universal,pareto_additive_ar1,3.0,0.5,0.125,max_spectrum_raw,365.0,100,40,2.632430229213129,0.4593379466945245,-0.3675697707868709,0.4841764714792136,0.1613921571597378,0.1108897373720384,0.1382971467444307,0.0787137629806039,0.225720508397722,0.6959472236365876,0.6245705564645938,0.4209738648399359,0.909106659441167,10.440845882938644,11.839373746337836,100,4.536796416837339,1.0309910936993587,18.178923160527415,0.4,,,1.1839373746337836,9.25690850830486,11.624783257572426,0.0459337946694524,0.0110889737372038,0.0489897948556635,0.3093997461136028,0.4979992153815976,Max-spectrum,,,,universal_pareto_additive_ar1_xi3.00_theta0.50,asymptotic,scale_start,2.0,1.0,3.0,7.0
universal,pareto_additive_ar1,3.0,0.5,0.125,pickands_raw,365.0,100,97,3.101178785378184,0.474099861094285,0.1011787853781839,0.3484436569520833,0.1161478856506944,0.1117894124350278,0.0792275281706026,0.022130110448679,0.1722576351740855,2.3771216415617213,2.1240283127656445,1.7830694244894814,2.666871332352822,2.4897774248068787,1.1031286733377064,100,2.141829523197152,1.7830694244894814,2.774196221708913,0.97,,,0.1103128673337706,2.379464557473108,2.6000902921406492,0.0474099861094285,0.0111789412435027,0.0170587221092319,0.915479219195973,0.9897456617765852,Pickands,,,,universal_pareto_additive_ar1_xi3.00_theta0.50,asymptotic,k,43.0,39.0,54.0,
universal,pareto_additive_ar1,3.0,0.5,0.125,dedh_moment_raw,365.0,100,70,2.707832539533054,1.0051064823206055,-0.2921674604669458,0.7695088831671734,0.2565029610557244,0.2353101814417872,0.1996846971138781,0.091834483230847,0.3666257876559354,2.094069618274662,1.8302157698805208,1.5679713989640622,2.380380787391194,6.822228350999009,9.448673272844047,100,2.3997505490520465,1.7209071523328574,6.605016460825395,0.7,,,0.9448673272844048,5.877361023714605,7.767095678283414,0.1005106482320605,0.0235310181441787,0.0458257569495584,0.6041496156718804,0.7810524613377188,DEdH,,,,universal_pareto_additive_ar1_xi3.00_theta0.50,asymptotic,k,35.0,32.0,43.0,
universal,pareto_additive_ar1,10.0,0.5,0.0009765625,hill_raw,365.0,100,81,9.39372141264817,2.4211689888444563,-0.6062785873518322,1.8026866304714444,0.1802686630471444,0.1717801424777374,0.1170742710622277,0.0611797428293989,0.2610897061577434,6.235451633569621,5.646544009190716,4.783358921187942,7.209627168219101,18.1679029127066,35.06836955009906,100,6.1642952351038165,5.038332460791674,9.674535088436834,0.81,,,3.5068369550099057,14.661065957696696,21.674739867716507,0.2421168988844456,0.0171780142477737,0.039230090491866,0.7222097592919214,0.8748534600729574,Hill,,,,universal_pareto_additive_ar1_xi10.00_theta0.50,asymptotic,k,43.0,39.0,54.0,
universal,pareto_additive_ar1,10.0,0.5,0.0009765625,max_spectrum_raw,365.0,100,31,9.00632223348282,1.6421441075972052,-0.9936777665171804,1.5928398083477782,0.1592839808347778,0.1063597737635463,0.1487366076265516,0.0879159627584012,0.2201623813397333,2.127246379766427,1.7706922461199943,1.3343056021407749,2.5170029722296636,32.562868661706645,34.56960594670479,100,19.908930148488807,3.9926804805845455,51.29244012549323,0.31,,,3.456960594670479,29.105908067036165,36.01982925637712,0.1642144107597205,0.0106359773763546,0.0462493243193887,0.2277956320613237,0.4062623947795569,Max-spectrum,,,,universal_pareto_additive_ar1_xi10.00_theta0.50,asymptotic,scale_start,2.0,1.0,3.0,7.0
universal,pareto_additive_ar1,10.0,0.5,0.0009765625,pickands_raw,365.0,100,98,10.546807647370398,1.3667378252140163,0.546807647370399,1.0409354200121788,0.1040935420012178,0.1037062973370572,0.0834844067132949,0.0157243026520836,0.1557868279050228,7.680165780162096,7.049182610305886,5.5560110496712465,9.237516018819068,8.055956934372803,4.281823921865784,100,7.057829281089148,5.6495403269281805,9.463125217409114,0.98,,,0.4281823921865784,7.627774542186225,8.484139326559381,0.1366737825214016,0.0103706297337057,0.014,0.9299868370580064,0.9944981477650318,Pickands,,,,universal_pareto_additive_ar1_xi10.00_theta0.50,asymptotic,k,35.0,32.0,43.0,
universal,pareto_additive_ar1,10.0,0.5,0.0009765625,dedh_moment_raw,365.0,100,81,9.172863779527884,2.5539716111196,-0.8271362204721139,1.9746612062836275,0.1974661206283627,0.1809740962577933,0.135226310863616,0.0681282357422011,0.304555110769107,6.261464096715074,5.6448130402906855,4.758564507555764,7.179615692149323,20.81237038632288,40.17186199211418,100,6.225322597139126,5.082903414371689,9.867443629949072,0.81,,,4.017186199211418,16.79518418711146,24.8295565855343,0.25539716111196,0.0180974096257793,0.039230090491866,0.7222097592919214,0.8748534600729574,DEdH,,,,universal_pareto_additive_ar1_xi10.00_theta0.50,asymptotic,k,43.0,39.0,54.0,
universal,pareto_additive_ar1,0.01,1.0,0.0,hill_raw,365.0,100,95,0.010093519504416,0.0017708939880826,9.351950441605094e-05,0.0013580356507093,0.1358035650709361,0.1132258818150032,0.113634782710392,0.0440236284310318,0.2227654633451188,0.0071877401848553,0.0065587118853717,0.0053758351366561,0.0083723622535447,0.0107721515916738,0.0185657473409529,100,0.006828644988236,0.0056715115341655,0.0092664172521963,0.95,,,0.0018565747340952,0.0089155768575785,0.0126287263257691,0.0001770893988082,0.0113225881815003,0.0217944947177033,0.8882480347279118,0.9784566385436864,Hill,,,,universal_pareto_additive_ar1_xi0.01_theta1.00,asymptotic,k,35.0,32.0,43.0,
universal,pareto_additive_ar1,0.01,1.0,0.0,max_spectrum_raw,365.0,100,35,0.0096561935856001,0.0018051922184581,-0.0003438064143998,0.001510255456781,0.1510255456781096,0.1036438668278246,0.1485542899266625,0.0661560074538177,0.2037399115841925,0.002205311330863,0.0018558842565055,0.0012855183693452,0.0028889697640739,0.0320372116548472,0.0351605664819937,100,0.021754754055423,0.0035764722380923,0.0517999032345837,0.35,,,0.0035160566481993,0.0285211550066478,0.0355532683030465,0.0001805192218458,0.0103643866827824,0.0476969600708472,0.2636410465347802,0.4474573957080203,Max-spectrum,,,,universal_pareto_additive_ar1_xi0.01_theta1.00,asymptotic,scale_start,2.0,1.0,3.0,7.0
universal,pareto_additive_ar1,0.01,1.0,0.0,pickands_raw,365.0,100,98,0.0715508683856819,0.2972925638093291,0.0615508683856819,0.2315858804154489,23.15858804154489,19.502791616439957,17.82116793714866,8.038111175160932,31.85532414194291,1.2544642894675215,1.120025816965761,0.9331761954186328,1.390965910890115,1.3088937588564946,0.5794336397790253,100,1.1221875382697002,0.9384197213713792,1.4307588291250777,0.98,,,0.0579433639779025,1.250950394878592,1.3668371228343972,0.0297292563809329,1.9502791616439956,0.014,0.9299868370580064,0.9944981477650318,Pickands,,,,universal_pareto_additive_ar1_xi0.01_theta1.00,asymptotic,k,41.0,37.0,51.0,
universal,pareto_additive_ar1,0.01,1.0,0.0,dedh_moment_raw,365.0,100,95,-0.0330716967411308,0.1488000452771979,-0.0430716967411308,0.1263457299890737,12.634572998907377,8.883059870393888,11.095016920257835,6.590126814175954,17.616636224569405,0.6879366384044657,0.6224043447464276,0.5093198444226686,0.8231021908051683,0.8305980373721195,0.9849065185237356,100,0.6654877199981553,0.5101236169649169,0.8575090144170763,0.95,,,0.0984906518523735,0.7321073855197459,0.9290886892244932,0.0148800045277197,0.8883059870393888,0.0217944947177033,0.8882480347279118,0.9784566385436864,DEdH,,,,universal_pareto_additive_ar1_xi0.01_theta1.00,asymptotic,k,41.0,37.0,51.0,
universal,pareto_additive_ar1,0.03,1.0,0.0,hill_raw,365.0,100,97,0.0295265940201616,0.0053987674264825,-0.0004734059798383,0.0042964347475444,0.1432144915848153,0.1091749721046295,0.1278138816757609,0.0569703584542201,0.2031391759687964,0.0229255575733457,0.0210516195055951,0.0158830018508073,0.0277178046221101,0.0287407563351851,0.0362063109893485,100,0.0214624892929005,0.0161984206202815,0.0295388092097247,0.97,,,0.0036206310989348,0.0251201252362503,0.03236138743412,0.0005398767426482,0.0109174972104629,0.0170587221092319,0.915479219195973,0.9897456617765852,Hill,,,,universal_pareto_additive_ar1_xi0.03_theta1.00,asymptotic,k,26.0,23.0,32.0,
universal,pareto_additive_ar1,0.03,1.0,0.0,max_spectrum_raw,365.0,100,34,0.0282553378958704,0.0052863500819911,-0.0017446621041295,0.0045009349150657,0.1500311638355248,0.1083053471512403,0.1244293118855659,0.0641277198031871,0.2208328956871295,0.005793879200536,0.0051403289003766,0.0036732462486683,0.0065333878095301,0.0923530518194689,0.0970511461238477,100,0.0584222087147648,0.0069699903395335,0.1564989575159245,0.34,,,0.0097051146123847,0.0826479372070841,0.1020581664318536,0.0005286350081991,0.010830534715124,0.047370877129308,0.25461379497543,0.4372245434168906,Max-spectrum,,,,universal_pareto_additive_ar1_xi0.03_theta1.00,asymptotic,scale_start,2.0,1.0,3.0,7.0
universal,pareto_additive_ar1,0.03,1.0,0.0,pickands_raw,365.0,100,97,0.0284667703792136,0.314270069899711,-0.0015332296207863,0.2269497210533423,7.56499070177808,7.206602765993541,5.008136606081887,2.7876046411452555,9.501004067744912,1.19522139374791,1.1013331802486426,0.924869517126178,1.3967158354140916,1.349248827795524,1.4377940086134622,100,1.1013331802486426,0.924869517126178,1.4087381556619134,0.97,,,0.1437794008613462,1.205469426934178,1.4930282286568703,0.0314270069899711,0.720660276599354,0.0170587221092319,0.915479219195973,0.9897456617765852,Pickands,,,,universal_pareto_additive_ar1_xi0.03_theta1.00,asymptotic,k,43.0,39.0,54.0,
universal,pareto_additive_ar1,0.03,1.0,0.0,dedh_moment_raw,365.0,100,96,-0.0075461490087019,0.1350471219934383,-0.037546149008702,0.1102452077617733,3.6748402587257782,2.8645155538247495,2.6653675602803917,1.427352827185358,5.643482311518314,0.6861647416371071,0.6039430225104188,0.5033046251488945,0.7703647995077334,0.7305896851891336,0.3400242132536443,100,0.6278616945489148,0.5033046251488945,0.8213793947200589,0.96,,,0.0340024213253644,0.6965872638637691,0.764592106514498,0.0135047121993438,0.2864515553824749,0.0195959179422654,0.9016278276739262,0.984336949448152,DEdH,,,,universal_pareto_additive_ar1_xi0.03_theta1.00,asymptotic,k,43.0,39.0,54.0,
universal,pareto_additive_ar1,0.1,1.0,0.0,hill_raw,365.0,100,91,0.0993456526522135,0.0185987933124381,-0.0006543473477864,0.0140467369591218,0.1404673695912183,0.1212615975104571,0.1043584961889789,0.0602090477419946,0.185971638512526,0.0687267571362755,0.0598569035734294,0.0486059456479494,0.0744778422714689,0.0989863447041416,0.1455241031726784,100,0.0628283393895867,0.051449298006186,0.0875860072462097,0.91,,,0.0145524103172678,0.0844339343868738,0.1135387550214095,0.0018598793312438,0.0121261597510457,0.0286181760425083,0.8377362530335634,0.9519280048361152,Hill,,,,universal_pareto_additive_ar1_xi0.10_theta1.00,asymptotic,k,41.0,37.0,51.0,
universal,pareto_additive_ar1,0.1,1.0,0.0,max_spectrum_raw,365.0,100,39,0.0940257253917915,0.0160937477466341,-0.0059742746082084,0.0139093823425639,0.1390938234256391,0.0998178489077388,0.1154798789703906,0.0570863903214932,0.1945943918783854,0.0198429936947882,0.0155623374537973,0.0108491843993436,0.0238829895383797,0.2828655949939444,0.3211267168292862,100,0.1469477076021318,0.0243882481755935,0.460322212207178,0.39,,,0.0321126716829286,0.2507529233110158,0.314978266676873,0.0016093747746634,0.0099817848907738,0.0487749935930287,0.300167219319702,0.4879716383250184,Max-spectrum,,,,universal_pareto_additive_ar1_xi0.10_theta1.00,asymptotic,scale_start,2.0,1.0,3.0,7.0
universal,pareto_additive_ar1,0.1,1.0,0.0,pickands_raw,365.0,100,96,0.1146215509719229,0.3088431632315069,0.0146215509719229,0.2387109587730551,2.3871095877305515,1.950424102924669,1.830634491651952,0.9083995790713432,3.587766921478349,1.2604317060248835,1.1200865558027082,0.9553985701370916,1.4655424248674769,1.4600799204460833,1.1606541083246391,100,1.139076683198984,0.9584306798269324,1.5361027508667195,0.96,,,0.1160654108324639,1.3440145096136191,1.5761453312785472,0.0308843163231506,0.1950424102924668,0.0195959179422654,0.9016278276739262,0.984336949448152,Pickands,,,,universal_pareto_additive_ar1_xi0.10_theta1.00,asymptotic,k,43.0,39.0,54.0,
universal,pareto_additive_ar1,0.1,1.0,0.0,dedh_moment_raw,365.0,100,96,0.0427977852379913,0.1377174760854994,-0.0572022147620086,0.112819331246157,1.1281933124615704,0.9702823736665606,0.8225084670944349,0.4624056991850257,1.622688794537578,0.6427405227072361,0.5783529090680046,0.5013065143327398,0.7027433714652354,0.7832701172124394,0.8087223301426463,100,0.5912390363199949,0.5065001116833057,0.742677504058986,0.96,,,0.0808722330142646,0.7023978841981748,0.864142350226704,0.0137717476085499,0.097028237366656,0.0195959179422654,0.9016278276739262,0.984336949448152,DEdH,,,,universal_pareto_additive_ar1_xi0.10_theta1.00,asymptotic,k,48.0,43.0,60.0,
universal,pareto_additive_ar1,0.3,1.0,0.0,hill_raw,365.0,100,93,0.3125651476689154,0.0585208486304378,0.0125651476689154,0.0459906596247678,0.1533021987492263,0.1268271617625704,0.1296542092735794,0.0533310458188077,0.2039768199897098,0.2165026609620089,0.1841014668033615,0.1588442762697483,0.258220682072829,0.2703867587452684,0.309718903317206,100,0.1901254006589831,0.1592293844932851,0.275458115189911,0.93,,,0.0309718903317206,0.2394148684135478,0.301358649076989,0.0058520848630437,0.012682716176257,0.0255147016443461,0.8625032899347026,0.965681175635936,Hill,,,,universal_pareto_additive_ar1_xi0.30_theta1.00,asymptotic,k,43.0,39.0,54.0,
universal,pareto_additive_ar1,0.3,1.0,0.0,max_spectrum_raw,365.0,100,38,0.302939642009749,0.0645295743009318,0.002939642009749,0.0497357641335996,0.1657858804453322,0.1363884233799503,0.1309551678963746,0.071901329534043,0.2255908732773628,0.0685933966314321,0.0583513205792795,0.0380563756052277,0.0843410106665831,0.926379548380902,1.1222902510156796,100,0.3688170170055697,0.0810268309489939,1.3828609405259489,0.38,,,0.1122290251015679,0.8141505232793339,1.03860857348247,0.0064529574300931,0.013638842337995,0.0485386443980463,0.2909744920013438,0.4779042617928966,Max-spectrum,,,,universal_pareto_additive_ar1_xi0.30_theta1.00,asymptotic,scale_start,2.0,1.0,3.0,7.0
universal,pareto_additive_ar1,0.3,1.0,0.0,pickands_raw,365.0,100,99,0.3021329946081383,0.2587228199491323,0.0021329946081382,0.2013930315791162,0.6713101052637209,0.5372073011849754,0.4955535185580442,0.2754646098204222,0.895571526502309,1.2350074873020045,1.09927689916505,0.9547680216825544,1.3692598453730314,1.2916041255182975,0.6817642269089578,100,1.1068978512982517,0.9547680216825544,1.398032909427315,0.99,,,0.0681764226908957,1.2234277028274017,1.3597805482091934,0.0258722819949132,0.0537207301184975,0.0099498743710662,0.9455124752390652,0.9982326134344526,Pickands,,,,universal_pareto_additive_ar1_xi0.30_theta1.00,asymptotic,k,43.0,39.0,54.0,
universal,pareto_additive_ar1,0.3,1.0,0.0,dedh_moment_raw,365.0,100,99,0.3062228101337507,0.1574568097128272,0.0062228101337507,0.1213518288794183,0.4045060962647279,0.3326116336953772,0.3146273470296405,0.154913370585973,0.5888778351660311,0.7134167513810031,0.6230203378522808,0.5289621397646758,0.8424593614500491,0.7773906849091965,0.6890966898668215,100,0.6230203378522808,0.5289621397646758,0.8469473253017831,0.99,,,0.0689096689866821,0.7084810159225143,0.8463003538958787,0.0157456809712827,0.0332611633695377,0.0099498743710662,0.9455124752390652,0.9982326134344526,DEdH,,,,universal_pareto_additive_ar1_xi0.30_theta1.00,asymptotic,k,43.0,39.0,54.0,
universal,pareto_additive_ar1,1.0,1.0,0.0,hill_raw,365.0,100,94,0.976420364717486,0.1609854066483041,-0.0235796352825139,0.1236265043496539,0.1236265043496539,0.1050715233289722,0.0919175581579105,0.0401605193573693,0.1844016875398001,0.6459421701421157,0.604448443386701,0.4924032431725955,0.757568798411251,0.912437491264122,1.466982905080588,100,0.6260115869975507,0.510240768200539,0.7873150141338229,0.94,,,0.1466982905080588,0.765739200756063,1.0591357817721807,0.0160985406648304,0.0105071523328972,0.0237486841740758,0.8752303146877748,0.9722142547333432,Hill,,,,universal_pareto_additive_ar1_xi1.00_theta1.00,asymptotic,k,39.0,35.0,48.0,
universal,pareto_additive_ar1,1.0,1.0,0.0,max_spectrum_raw,365.0,100,42,0.9502966608471316,0.1997787714650204,-0.0497033391528682,0.1548681576857481,0.1548681576857481,0.1348351691479302,0.1229652737271411,0.0572668168228958,0.2178824972141937,0.2046472912912134,0.1614266928137467,0.1118798341519261,0.2622749425632165,3.309893799663852,4.3290431845317405,100,1.2162036017120514,0.2132259333248251,5.229969543464617,0.42,,,0.432904318453174,2.8769894812106775,3.742798118117026,0.019977877146502,0.013483516914793,0.0493558507170122,0.327982249185113,0.5179369200110473,Max-spectrum,,,,universal_pareto_additive_ar1_xi1.00_theta1.00,asymptotic,scale_start,2.0,1.0,3.0,7.0
universal,pareto_additive_ar1,1.0,1.0,0.0,pickands_raw,365.0,100,97,0.951353249082006,0.3374022668831938,-0.0486467509179939,0.2557272467961528,0.2557272467961528,0.2239948782375216,0.1952584190706176,0.0973894201612275,0.3366826551061012,1.4224128709620285,1.2917989350203278,1.0812036009341877,1.5732711359144964,1.543282842482592,0.8611068271495929,100,1.3011979533990572,1.0982969172246777,1.5961666483880697,0.97,,,0.0861106827149592,1.4571721597676326,1.629393525197551,0.0337402266883193,0.0223994878237521,0.0170587221092319,0.915479219195973,0.9897456617765852,Pickands,,,,universal_pareto_additive_ar1_xi1.00_theta1.00,asymptotic,k,45.5,41.0,57.0,
universal,pareto_additive_ar1,1.0,1.0,0.0,dedh_moment_raw,365.0,100,95,0.9443980151044704,0.1895606603079573,-0.0556019848955298,0.1503497125773806,0.1503497125773806,0.127368296600987,0.1239373830197538,0.0483542740141809,0.2238992623276857,0.8435356383645565,0.7458999960497761,0.6536467907161223,0.9152196321992956,1.1453952121354047,1.7021194172790295,100,0.7778541829305612,0.6721818066624045,1.0022625104528535,0.95,,,0.1702119417279029,0.9751832704075016,1.3156071538633076,0.0189560660307957,0.0127368296600987,0.0217944947177033,0.8882480347279118,0.9784566385436864,DEdH,,,,universal_pareto_additive_ar1_xi1.00_theta1.00,asymptotic,k,54.0,48.0,66.0,
universal,pareto_additive_ar1,3.0,1.0,0.0,hill_raw,365.0,100,90,2.920976381631179,0.5468893029535767,-0.079023618368821,0.4126710683587377,0.1375570227862459,0.1217365705681236,0.1090944004291674,0.0490607850131074,0.1789663714741423,1.90944191672148,1.7319366608538034,1.4579285634528736,2.225018480208221,3.1608870202317108,4.564896443609494,100,1.7823238135228006,1.5152962593132868,2.45943387757107,0.9,,,0.4564896443609494,2.7043973758707613,3.61737666459266,0.0546889302953576,0.0121736570568123,0.03,0.8256326956323347,0.944771458386864,Hill,,,,universal_pareto_additive_ar1_xi3.00_theta1.00,asymptotic,k,43.0,39.0,54.0,
universal,pareto_additive_ar1,3.0,1.0,0.0,max_spectrum_raw,365.0,100,41,2.8450731073517463,0.5823176532026736,-0.1549268926482535,0.4576867667458944,0.1525622555819648,0.1298484294463521,0.1254680657080958,0.0508958326216255,0.2173033260258983,0.6443181049436564,0.5669164857578441,0.3733243555435817,0.8514440787428403,9.49081289768262,12.7136695978018,100,2.152430650718644,0.7433041648517231,13.119742388332668,0.41,,,1.2713669597801798,8.21944593790244,10.7621798574628,0.0582317653202673,0.0129848429446352,0.0491833305094317,0.3186715709566465,0.5079874943890338,Max-spectrum,,,,universal_pareto_additive_ar1_xi3.00_theta1.00,asymptotic,scale_start,2.0,1.0,3.0,7.0
universal,pareto_additive_ar1,3.0,1.0,0.0,pickands_raw,365.0,100,96,3.011973080244776,0.6470183003530474,0.0119730802447756,0.4767360457680176,0.1589120152560058,0.1449921440256816,0.1148694714272021,0.0523047811772527,0.2141486855591422,2.3733813296449835,2.13977429527442,1.813555885946717,2.5840714545099717,3.0165186974382583,3.634991821572199,100,2.1588479928399,1.818212973316517,2.707076827035018,0.96,,,0.3634991821572199,2.6530195152810383,3.3800178795954783,0.0647018300353047,0.0144992144025681,0.0195959179422654,0.9016278276739262,0.984336949448152,Pickands,,,,universal_pareto_additive_ar1_xi3.00_theta1.00,asymptotic,k,43.0,39.0,54.0,
universal,pareto_additive_ar1,3.0,1.0,0.0,dedh_moment_raw,365.0,100,89,2.85985464002031,0.6184701369606536,-0.1401453599796902,0.4785839146564136,0.1595279715521378,0.1378357713418048,0.1237906883957529,0.0630035602697662,0.226195667789171,2.0965659169530024,1.863491431508686,1.596532953256515,2.4794223193237377,3.764448339668001,6.204303731235137,100,1.9930467054542509,1.6826289354389496,2.8691851210846924,0.89,,,0.6204303731235137,3.1440179665444874,4.384878712791515,0.0618470136960653,0.0137835771341804,0.031288975694324,0.8136853697209698,0.9374586804477488,DEdH,,,,universal_pareto_additive_ar1_xi3.00_theta1.00,asymptotic,k,35.0,32.0,43.0,
universal,pareto_additive_ar1,10.0,1.0,0.0,hill_raw,365.0,100,94,9.93997073461305,1.467360990869424,-0.0600292653869496,1.1090124628922626,0.1109012462892262,0.0956272046475945,0.092083805661545,0.0331377268250923,0.1596953739853759,5.996013840699109,5.654206845673592,4.8316571287867776,6.670415717916495,7.656071984297588,8.549667108729905,100,5.758667098563622,4.9213689459888235,6.754771372102232,0.94,,,0.8549667108729905,6.801105273424597,8.511038695170578,0.1467360990869424,0.0095627204647594,0.0237486841740758,0.8752303146877748,0.9722142547333432,Hill,,,,universal_pareto_additive_ar1_xi10.00_theta1.00,asymptotic,k,48.0,43.0,60.0,
universal,pareto_additive_ar1,10.0,1.0,0.0,max_spectrum_raw,365.0,100,34,9.764761379496534,2.044345207156598,-0.2352386205034656,1.56964868078858,0.1569648680788579,0.1321574695962754,0.1385028461154348,0.0654821650474826,0.2043685752261822,2.1653786975466396,1.6742920574055145,1.2055223338963,2.5761401985756427,32.097057296608654,40.867048024418985,100,18.461062132042848,2.8302426434592416,46.484065415217664,0.34,,,4.086704802441899,28.010352494166753,36.183762099050554,0.2044345207156598,0.0132157469596275,0.047370877129308,0.25461379497543,0.4372245434168906,Max-spectrum,,,,universal_pareto_additive_ar1_xi10.00_theta1.00,asymptotic,scale_start,2.0,1.0,3.0,7.0
universal,pareto_additive_ar1,10.0,1.0,0.0,pickands_raw,365.0,100,94,9.936834565822368,1.500199204118689,-0.0631654341776325,1.206308736817472,0.1206308736817472,0.0885860181793674,0.1063840167472261,0.0512585373084364,0.166403494291363,6.271727327183331,5.898958631112041,5.12258368594123,7.082850623522962,7.574100585351044,6.04363530416292,100,6.000230546979239,5.343751296484824,7.680005757461615,0.94,,,0.604363530416292,6.969737054934752,8.178464115767335,0.1500199204118688,0.0088586018179367,0.0237486841740758,0.8752303146877748,0.9722142547333432,Pickands,,,,universal_pareto_additive_ar1_xi10.00_theta1.00,asymptotic,k,54.0,48.0,66.0,
universal,pareto_additive_ar1,10.0,1.0,0.0,dedh_moment_raw,365.0,100,92,9.747562743905403,1.7321914052238905,-0.2524372560945959,1.2852216147379067,0.1285221614737906,0.1181683511852944,0.0974018641056664,0.0429368281845217,0.1767825687806649,6.136965818603271,5.743849135518062,4.884244419004199,6.72346067773708,10.4339842472648,23.716143360303207,100,5.887179152904354,4.999788086376372,7.106933602915229,0.92,,,2.371614336030321,8.062369911234478,12.80559858329512,0.173219140522389,0.0118168351185294,0.027129319932501,0.8500173312059693,0.9589070305141892,DEdH,,,,universal_pareto_additive_ar1_xi10.00_theta1.00,asymptotic,k,48.0,43.0,60.0,
